ISO-10303-21;
HEADER;
/* Generated by software containing ST-Developer
 * from STEP Tools, Inc. (www.steptools.com) 
 */

FILE_DESCRIPTION(
/* description */ ('Alibre Inc.'),
/* implementation_level */ '2;1');

FILE_NAME(
/* name */ 'export-62165F73-DE86-49C6-92E0-140DEFC0C900',
/* time_stamp */ '2026-10-02T12:36:17+02:00',
/* author */ (''),
/* organization */ (''),
/* preprocessor_version */ 'ST-DEVELOPER v17',
/* originating_system */ 'Alibre',
/* authorisation */ '');

FILE_SCHEMA (('CONFIG_CONTROL_DESIGN'));
ENDSEC;

DATA;
#10=MECHANICAL_CONTEXT('detailed design',#18,'mechanical');
#11=PRODUCT_RELATED_PRODUCT_CATEGORY('detail','',(#98));
#12=CC_DESIGN_SECURITY_CLASSIFICATION(#14,(#97));
#13=SECURITY_CLASSIFICATION_LEVEL('unclassified');
#14=SECURITY_CLASSIFICATION('name','Security for version',#13);
#15=SHAPE_DEFINITION_REPRESENTATION(#16,#10317);
#16=PRODUCT_DEFINITION_SHAPE('','DefinitionDesc',#96);
#17=APPLICATION_PROTOCOL_DEFINITION('AP definition status',
'config_control_design',1994,#18);
#18=APPLICATION_CONTEXT(
'control the configuration of three dimensional design');
#19=DESIGN_CONTEXT('detailed design',#18,'design');
#20=PERSON_AND_ORGANIZATION_ROLE('creator');
#21=PERSON_AND_ORGANIZATION_ROLE('classification_officer');
#22=PERSON_AND_ORGANIZATION_ROLE('creator');
#23=PERSON_AND_ORGANIZATION_ROLE('design_supplier');
#24=PERSON_AND_ORGANIZATION_ROLE('design_owner');
#25=CC_DESIGN_PERSON_AND_ORGANIZATION_ASSIGNMENT(#57,#20,(#96));
#26=CC_DESIGN_PERSON_AND_ORGANIZATION_ASSIGNMENT(#60,#21,(#14));
#27=CC_DESIGN_PERSON_AND_ORGANIZATION_ASSIGNMENT(#61,#22,(#97));
#28=CC_DESIGN_PERSON_AND_ORGANIZATION_ASSIGNMENT(#62,#23,(#97));
#29=CC_DESIGN_PERSON_AND_ORGANIZATION_ASSIGNMENT(#63,#24,(#98));
#30=DATE_TIME_ROLE('creation_date');
#31=DATE_TIME_ROLE('classification_date');
#32=CC_DESIGN_DATE_AND_TIME_ASSIGNMENT(#86,#30,(#96));
#33=CC_DESIGN_DATE_AND_TIME_ASSIGNMENT(#89,#31,(#14));
#34=CC_DESIGN_APPROVAL(#93,(#96));
#35=CC_DESIGN_APPROVAL(#94,(#97));
#36=CC_DESIGN_APPROVAL(#95,(#14));
#37=APPROVAL_PERSON_ORGANIZATION(#56,#93,#64);
#38=APPROVAL_PERSON_ORGANIZATION(#58,#94,#65);
#39=APPROVAL_PERSON_ORGANIZATION(#59,#95,#66);
#40=ORGANIZATION('DEFINITION_APPROVEDBY_ORG_ID',
'DEFINITION_APPROVEDBY_ORG_NAME','DEFINITION_APPROVEDBY_ORG_DESCR');
#41=ORGANIZATION('DEF_CREATOR_ORG_ID','DEF_CREATOR_ORG_NAME',
'DEF_CREATOR_ORG_DESCR');
#42=ORGANIZATION('APPROVEDBY_ORG_ID','APPROVEDBY_ORG_NAME',
'APPROVEDBY_ORG_DESCR');
#43=ORGANIZATION('SECURITY_APPROVEDBY_ORG_ID',
'SECURITY_APPROVEDBY_ORG_NAME','SECURITY_APPROVEDBY_ORG_DESCR');
#44=ORGANIZATION('CLASSOFFICER_ORG_ID','CLASSOFFICER_ORG_NAME',
'CLASSOFFICER_ORG_DESCR');
#45=ORGANIZATION('CREATOR_ORG_ID','CREATOR_ORG_NAME',
'CREATOR_ORG_DESCR');
#46=ORGANIZATION('SUPPLIER_ORG_ID','SUPPLIER_ORG_NAME',
'SUPPLIER_ORG_DESCR');
#47=ORGANIZATION('OWNER_ORG_ID','OWNER_ORG_NAME','OWNER_ORG_DESCR');
#48=PERSON('DEFINITION_approverID','DEFINITION_APPROVEDBY_LASTNAME',
'DEFINITION_APPROVEDBY_FIRSTNAME',$,$,$);
#49=PERSON('DEF_createrID','DEF_CREATOR_LASTNAME',
'DEF_CREATOR_FIRSTNAME',$,$,$);
#50=PERSON('approverID','APPROVEDBY_LASTNAME','APPROVEDBY_FIRSTNAME',$,
$,$);
#51=PERSON('SECURITY_approverID','SECURITY_LASTNAME',
'SECURITY_APPROVEDBY_FIRSTNAME',$,$,$);
#52=PERSON('classifierID','CLASSOFFICER_LASTNAME',
'CLASSOFFICER_FIRSTNAME',$,$,$);
#53=PERSON('createrID','CREATOR_LASTNAME','CREATOR_FIRSTNAME',$,$,$);
#54=PERSON('supplierID','SUPPLIER_LASTNAME','SUPPLIER_FIRSTNAME',$,$,$);
#55=PERSON('ownerID','OWNER_LASTNAME','OWNER_FIRSTNAME',$,$,$);
#56=PERSON_AND_ORGANIZATION(#48,#40);
#57=PERSON_AND_ORGANIZATION(#49,#41);
#58=PERSON_AND_ORGANIZATION(#50,#42);
#59=PERSON_AND_ORGANIZATION(#51,#43);
#60=PERSON_AND_ORGANIZATION(#52,#44);
#61=PERSON_AND_ORGANIZATION(#53,#45);
#62=PERSON_AND_ORGANIZATION(#54,#46);
#63=PERSON_AND_ORGANIZATION(#55,#47);
#64=APPROVAL_ROLE('definition_approval');
#65=APPROVAL_ROLE('version_approval');
#66=APPROVAL_ROLE('security_approval');
#67=APPROVAL_DATE_TIME(#85,#93);
#68=APPROVAL_DATE_TIME(#87,#94);
#69=APPROVAL_DATE_TIME(#88,#95);
#70=COORDINATED_UNIVERSAL_TIME_OFFSET(2,0,.AHEAD.);
#71=COORDINATED_UNIVERSAL_TIME_OFFSET(2,0,.AHEAD.);
#72=COORDINATED_UNIVERSAL_TIME_OFFSET(2,0,.AHEAD.);
#73=COORDINATED_UNIVERSAL_TIME_OFFSET(2,0,.AHEAD.);
#74=COORDINATED_UNIVERSAL_TIME_OFFSET(2,0,.AHEAD.);
#75=LOCAL_TIME(10,17,15.,#70);
#76=LOCAL_TIME(10,17,15.,#71);
#77=LOCAL_TIME(10,17,15.,#72);
#78=LOCAL_TIME(10,17,15.,#73);
#79=LOCAL_TIME(10,17,15.,#74);
#80=CALENDAR_DATE(2026,2,4);
#81=CALENDAR_DATE(2026,2,4);
#82=CALENDAR_DATE(2026,2,4);
#83=CALENDAR_DATE(2026,2,4);
#84=CALENDAR_DATE(2026,2,4);
#85=DATE_AND_TIME(#80,#75);
#86=DATE_AND_TIME(#81,#76);
#87=DATE_AND_TIME(#82,#77);
#88=DATE_AND_TIME(#83,#78);
#89=DATE_AND_TIME(#84,#79);
#90=APPROVAL_STATUS('not_yet_approved');
#91=APPROVAL_STATUS('not_yet_approved');
#92=APPROVAL_STATUS('not_yet_approved');
#93=APPROVAL(#90,'defintion approval');
#94=APPROVAL(#91,'version approval');
#95=APPROVAL(#92,'security approval');
#96=PRODUCT_DEFINITION('DefinitionID','DefinitionDesc',#97,#19);
#97=PRODUCT_DEFINITION_FORMATION_WITH_SPECIFIED_SOURCE(
'PRODUCT_VERSION_ID','PRODUCT_VERSION_DESCR',#98,.NOT_KNOWN.);
#98=PRODUCT('MOD-H075LA-7.6','MOD-H075LA-7.6','',(#10));
#99=(
LENGTH_UNIT()
NAMED_UNIT(*)
SI_UNIT(.MILLI.,.METRE.)
);
#100=(
NAMED_UNIT(*)
PLANE_ANGLE_UNIT()
SI_UNIT($,.RADIAN.)
);
#101=(
NAMED_UNIT(*)
SI_UNIT($,.STERADIAN.)
SOLID_ANGLE_UNIT()
);
#102=UNCERTAINTY_MEASURE_WITH_UNIT(LENGTH_MEASURE(1.E-6),#99,
'DISTANCE_ACCURACY_VALUE',
'Maximum model space distance between geometric entities at asserted c
onnectivities');
#103=(
GEOMETRIC_REPRESENTATION_CONTEXT(3)
GLOBAL_UNCERTAINTY_ASSIGNED_CONTEXT((#102))
GLOBAL_UNIT_ASSIGNED_CONTEXT((#101,#100,#99))
REPRESENTATION_CONTEXT('ID1','3D')
);
#104=B_SPLINE_SURFACE_WITH_KNOTS('',1,3,((#7750,#7751,#7752,#7753,#7754,
#7755),(#7756,#7757,#7758,#7759,#7760,#7761)),.UNSPECIFIED.,.F.,.F.,.U.,
(2,2),(4,2,4),(0.,1.),(0.,0.5,1.),.UNSPECIFIED.);
#105=B_SPLINE_SURFACE_WITH_KNOTS('',1,3,((#7766,#7767,#7768,#7769,#7770,
#7771,#7772,#7773,#7774,#7775,#7776,#7777,#7778,#7779,#7780,#7781,#7782,
#7783,#7784,#7785,#7786,#7787),(#7788,#7789,#7790,#7791,#7792,#7793,#7794,
#7795,#7796,#7797,#7798,#7799,#7800,#7801,#7802,#7803,#7804,#7805,#7806,
#7807,#7808,#7809)),.UNSPECIFIED.,.F.,.F.,.U.,(2,2),(4,2,2,2,2,2,2,2,2,
2,4),(0.,1.),(0.,0.125,0.1875,0.25,0.375,0.5,0.625,0.6875,0.71875,0.75,
1.),.UNSPECIFIED.);
#106=B_SPLINE_SURFACE_WITH_KNOTS('',1,3,((#7812,#7813,#7814,#7815,#7816,
#7817,#7818,#7819,#7820,#7821,#7822,#7823,#7824,#7825,#7826,#7827,#7828,
#7829,#7830,#7831,#7832,#7833,#7834,#7835,#7836,#7837),(#7838,#7839,#7840,
#7841,#7842,#7843,#7844,#7845,#7846,#7847,#7848,#7849,#7850,#7851,#7852,
#7853,#7854,#7855,#7856,#7857,#7858,#7859,#7860,#7861,#7862,#7863)),
 .UNSPECIFIED.,.F.,.F.,.U.,(2,2),(4,2,2,2,2,2,2,2,2,2,2,2,4),(0.,1.),(0.,
0.125,0.1875,0.25,0.375,0.4375,0.5,0.75,0.8125,0.84375,0.859375,0.875,1.),
 .UNSPECIFIED.);
#107=B_SPLINE_SURFACE_WITH_KNOTS('',1,3,((#7887,#7888,#7889,#7890,#7891,
#7892,#7893,#7894,#7895,#7896,#7897,#7898,#7899,#7900,#7901,#7902,#7903,
#7904,#7905,#7906,#7907,#7908,#7909,#7910),(#7911,#7912,#7913,#7914,#7915,
#7916,#7917,#7918,#7919,#7920,#7921,#7922,#7923,#7924,#7925,#7926,#7927,
#7928,#7929,#7930,#7931,#7932,#7933,#7934)),.UNSPECIFIED.,.F.,.F.,.U.,(2,
2),(4,2,2,2,2,2,2,2,2,2,2,4),(0.,1.),(0.,0.125,0.1875,0.25,0.375,0.5,0.625,
0.6875,0.75,0.8125,0.875,1.),.UNSPECIFIED.);
#108=B_SPLINE_SURFACE_WITH_KNOTS('',1,3,((#7953,#7954,#7955,#7956),(#7957,
#7958,#7959,#7960)),.UNSPECIFIED.,.F.,.F.,.U.,(2,2),(4,4),(0.,1.),(0.,1.),
 .UNSPECIFIED.);
#109=B_SPLINE_SURFACE_WITH_KNOTS('',1,3,((#7968,#7969,#7970,#7971,#7972,
#7973,#7974,#7975,#7976,#7977,#7978,#7979,#7980,#7981,#7982,#7983,#7984,
#7985,#7986,#7987,#7988,#7989),(#7990,#7991,#7992,#7993,#7994,#7995,#7996,
#7997,#7998,#7999,#8000,#8001,#8002,#8003,#8004,#8005,#8006,#8007,#8008,
#8009,#8010,#8011)),.UNSPECIFIED.,.F.,.F.,.U.,(2,2),(4,2,2,2,2,2,2,2,2,
2,4),(0.,1.),(0.,0.125,0.1875,0.21875,0.25,0.375,0.5,0.625,0.6875,0.75,
1.),.UNSPECIFIED.);
#110=B_SPLINE_SURFACE_WITH_KNOTS('',1,3,((#8014,#8015,#8016,#8017,#8018,
#8019,#8020,#8021,#8022,#8023,#8024,#8025,#8026,#8027,#8028,#8029,#8030,
#8031,#8032,#8033),(#8034,#8035,#8036,#8037,#8038,#8039,#8040,#8041,#8042,
#8043,#8044,#8045,#8046,#8047,#8048,#8049,#8050,#8051,#8052,#8053)),
 .UNSPECIFIED.,.F.,.F.,.U.,(2,2),(4,2,2,2,2,2,2,2,2,4),(0.,1.),(0.,0.125,
0.1875,0.21875,0.25,0.5,0.625,0.6875,0.75,1.),.UNSPECIFIED.);
#111=B_SPLINE_SURFACE_WITH_KNOTS('',1,3,((#8087,#8088,#8089,#8090),(#8091,
#8092,#8093,#8094)),.UNSPECIFIED.,.F.,.F.,.U.,(2,2),(4,4),(0.,1.),(0.,1.),
 .UNSPECIFIED.);
#112=B_SPLINE_SURFACE_WITH_KNOTS('',1,3,((#8095,#8096,#8097,#8098,#8099,
#8100,#8101,#8102,#8103,#8104,#8105,#8106),(#8107,#8108,#8109,#8110,#8111,
#8112,#8113,#8114,#8115,#8116,#8117,#8118)),.UNSPECIFIED.,.F.,.F.,.U.,(2,
2),(4,2,2,2,2,4),(0.,1.),(0.,0.25,0.375,0.5,0.75,1.),.UNSPECIFIED.);
#113=B_SPLINE_SURFACE_WITH_KNOTS('',1,3,((#8130,#8131,#8132,#8133,#8134,
#8135,#8136,#8137),(#8138,#8139,#8140,#8141,#8142,#8143,#8144,#8145)),
 .UNSPECIFIED.,.F.,.F.,.U.,(2,2),(4,2,2,4),(0.,1.),(0.,0.25,0.5,1.),
 .UNSPECIFIED.);
#114=B_SPLINE_SURFACE_WITH_KNOTS('',1,3,((#8155,#8156,#8157,#8158,#8159,
#8160,#8161,#8162,#8163,#8164,#8165,#8166,#8167,#8168,#8169,#8170,#8171,
#8172),(#8173,#8174,#8175,#8176,#8177,#8178,#8179,#8180,#8181,#8182,#8183,
#8184,#8185,#8186,#8187,#8188,#8189,#8190)),.UNSPECIFIED.,.F.,.F.,.U.,(2,
2),(4,2,2,2,2,2,2,2,4),(0.,1.),(0.,0.125,0.1875,0.25,0.375,0.5,0.625,0.75,
1.),.UNSPECIFIED.);
#115=B_SPLINE_SURFACE_WITH_KNOTS('',1,3,((#8243,#8244,#8245,#8246,#8247,
#8248,#8249,#8250,#8251,#8252,#8253,#8254,#8255,#8256,#8257,#8258,#8259,
#8260,#8261,#8262),(#8263,#8264,#8265,#8266,#8267,#8268,#8269,#8270,#8271,
#8272,#8273,#8274,#8275,#8276,#8277,#8278,#8279,#8280,#8281,#8282)),
 .UNSPECIFIED.,.F.,.F.,.U.,(2,2),(4,2,2,2,2,2,2,2,2,4),(0.,1.),(0.,0.125,
0.1875,0.25,0.5,0.625,0.6875,0.71875,0.75,1.),.UNSPECIFIED.);
#116=B_SPLINE_SURFACE_WITH_KNOTS('',1,3,((#8306,#8307,#8308,#8309,#8310,
#8311,#8312,#8313,#8314,#8315,#8316,#8317,#8318,#8319),(#8320,#8321,#8322,
#8323,#8324,#8325,#8326,#8327,#8328,#8329,#8330,#8331,#8332,#8333)),
 .UNSPECIFIED.,.F.,.F.,.U.,(2,2),(4,2,2,2,2,2,4),(0.,1.),(0.,0.125,0.1875,
0.25,0.5,0.75,1.),.UNSPECIFIED.);
#117=B_SPLINE_SURFACE_WITH_KNOTS('',1,3,((#8351,#8352,#8353,#8354,#8355,
#8356),(#8357,#8358,#8359,#8360,#8361,#8362)),.UNSPECIFIED.,.F.,.F.,.U.,
(2,2),(4,2,4),(0.,1.),(0.,0.5,1.),.UNSPECIFIED.);
#118=B_SPLINE_SURFACE_WITH_KNOTS('',1,3,((#8378,#8379,#8380,#8381,#8382,
#8383,#8384,#8385,#8386,#8387,#8388,#8389,#8390,#8391,#8392,#8393,#8394,
#8395),(#8396,#8397,#8398,#8399,#8400,#8401,#8402,#8403,#8404,#8405,#8406,
#8407,#8408,#8409,#8410,#8411,#8412,#8413)),.UNSPECIFIED.,.F.,.F.,.U.,(2,
2),(4,2,2,2,2,2,2,2,4),(0.,1.),(0.,0.25,0.375,0.40625,0.4375,0.5,0.75,0.875,
1.),.UNSPECIFIED.);
#119=B_SPLINE_SURFACE_WITH_KNOTS('',1,3,((#8429,#8430,#8431,#8432,#8433,
#8434,#8435,#8436,#8437,#8438,#8439,#8440,#8441,#8442,#8443,#8444,#8445,
#8446,#8447,#8448,#8449,#8450,#8451,#8452),(#8453,#8454,#8455,#8456,#8457,
#8458,#8459,#8460,#8461,#8462,#8463,#8464,#8465,#8466,#8467,#8468,#8469,
#8470,#8471,#8472,#8473,#8474,#8475,#8476)),.UNSPECIFIED.,.F.,.F.,.U.,(2,
2),(4,2,2,2,2,2,2,2,2,2,2,4),(0.,1.),(0.,0.125,0.1875,0.21875,0.25,0.375,
0.5,0.53125,0.5625,0.625,0.75,1.),.UNSPECIFIED.);
#120=B_SPLINE_SURFACE_WITH_KNOTS('',1,3,((#8517,#8518,#8519,#8520,#8521,
#8522,#8523,#8524,#8525,#8526,#8527,#8528,#8529,#8530,#8531,#8532),(#8533,
#8534,#8535,#8536,#8537,#8538,#8539,#8540,#8541,#8542,#8543,#8544,#8545,
#8546,#8547,#8548)),.UNSPECIFIED.,.F.,.F.,.U.,(2,2),(4,2,2,2,2,2,2,4),(0.,
1.),(0.,0.25,0.375,0.5,0.625,0.6875,0.75,1.),.UNSPECIFIED.);
#121=B_SPLINE_SURFACE_WITH_KNOTS('',1,3,((#8568,#8569,#8570,#8571,#8572,
#8573,#8574,#8575,#8576,#8577,#8578,#8579,#8580,#8581,#8582,#8583,#8584,
#8585,#8586,#8587),(#8588,#8589,#8590,#8591,#8592,#8593,#8594,#8595,#8596,
#8597,#8598,#8599,#8600,#8601,#8602,#8603,#8604,#8605,#8606,#8607)),
 .UNSPECIFIED.,.F.,.F.,.U.,(2,2),(4,2,2,2,2,2,2,2,2,4),(0.,1.),(0.,0.125,
0.1875,0.21875,0.25,0.5,0.625,0.6875,0.75,1.),.UNSPECIFIED.);
#122=B_SPLINE_SURFACE_WITH_KNOTS('',1,3,((#8631,#8632,#8633,#8634,#8635,
#8636,#8637,#8638,#8639,#8640,#8641,#8642,#8643,#8644,#8645,#8646),(#8647,
#8648,#8649,#8650,#8651,#8652,#8653,#8654,#8655,#8656,#8657,#8658,#8659,
#8660,#8661,#8662)),.UNSPECIFIED.,.F.,.F.,.U.,(2,2),(4,2,2,2,2,2,2,4),(0.,
1.),(0.,0.25,0.375,0.5,0.625,0.6875,0.75,1.),.UNSPECIFIED.);
#123=B_SPLINE_SURFACE_WITH_KNOTS('',1,3,((#8682,#8683,#8684,#8685,#8686,
#8687,#8688,#8689,#8690,#8691,#8692,#8693,#8694,#8695,#8696,#8697,#8698,
#8699,#8700,#8701,#8702,#8703,#8704,#8705,#8706,#8707),(#8708,#8709,#8710,
#8711,#8712,#8713,#8714,#8715,#8716,#8717,#8718,#8719,#8720,#8721,#8722,
#8723,#8724,#8725,#8726,#8727,#8728,#8729,#8730,#8731,#8732,#8733)),
 .UNSPECIFIED.,.F.,.F.,.U.,(2,2),(4,2,2,2,2,2,2,2,2,2,2,2,4),(0.,1.),(0.,
0.125,0.1875,0.21875,0.25,0.375,0.4375,0.5,0.75,0.8125,0.84375,0.875,1.),
 .UNSPECIFIED.);
#124=B_SPLINE_SURFACE_WITH_KNOTS('',1,3,((#8769,#8770,#8771,#8772,#8773,
#8774,#8775,#8776,#8777,#8778,#8779,#8780,#8781,#8782,#8783,#8784),(#8785,
#8786,#8787,#8788,#8789,#8790,#8791,#8792,#8793,#8794,#8795,#8796,#8797,
#8798,#8799,#8800)),.UNSPECIFIED.,.F.,.F.,.U.,(2,2),(4,2,2,2,2,2,2,4),(0.,
1.),(0.,0.25,0.375,0.4375,0.5,0.75,0.875,1.),.UNSPECIFIED.);
#125=B_SPLINE_SURFACE_WITH_KNOTS('',1,3,((#8816,#8817,#8818,#8819,#8820,
#8821,#8822,#8823,#8824,#8825,#8826,#8827,#8828,#8829,#8830,#8831),(#8832,
#8833,#8834,#8835,#8836,#8837,#8838,#8839,#8840,#8841,#8842,#8843,#8844,
#8845,#8846,#8847)),.UNSPECIFIED.,.F.,.F.,.U.,(2,2),(4,2,2,2,2,2,2,4),(0.,
1.),(0.,0.5,0.625,0.75,0.78125,0.8125,0.875,1.),.UNSPECIFIED.);
#126=B_SPLINE_SURFACE_WITH_KNOTS('',1,3,((#8865,#8866,#8867,#8868,#8869,
#8870,#8871,#8872,#8873,#8874),(#8875,#8876,#8877,#8878,#8879,#8880,#8881,
#8882,#8883,#8884)),.UNSPECIFIED.,.F.,.F.,.U.,(2,2),(4,2,2,2,4),(0.,1.),
(0.,0.25,0.375,0.5,1.),.UNSPECIFIED.);
#127=B_SPLINE_SURFACE_WITH_KNOTS('',1,3,((#8896,#8897,#8898,#8899,#8900,
#8901,#8902,#8903,#8904,#8905,#8906,#8907,#8908,#8909,#8910,#8911),(#8912,
#8913,#8914,#8915,#8916,#8917,#8918,#8919,#8920,#8921,#8922,#8923,#8924,
#8925,#8926,#8927)),.UNSPECIFIED.,.F.,.F.,.U.,(2,2),(4,2,2,2,2,2,2,4),(0.,
1.),(0.,0.125,0.25,0.375,0.4375,0.46875,0.5,1.),.UNSPECIFIED.);
#128=B_SPLINE_SURFACE_WITH_KNOTS('',1,3,((#8953,#8954,#8955,#8956,#8957,
#8958),(#8959,#8960,#8961,#8962,#8963,#8964)),.UNSPECIFIED.,.F.,.F.,.U.,
(2,2),(4,2,4),(0.,1.),(0.,0.5,1.),.UNSPECIFIED.);
#129=B_SPLINE_SURFACE_WITH_KNOTS('',1,3,((#8969,#8970,#8971,#8972,#8973,
#8974,#8975,#8976,#8977,#8978,#8979,#8980,#8981,#8982,#8983,#8984,#8985,
#8986,#8987,#8988,#8989,#8990),(#8991,#8992,#8993,#8994,#8995,#8996,#8997,
#8998,#8999,#9000,#9001,#9002,#9003,#9004,#9005,#9006,#9007,#9008,#9009,
#9010,#9011,#9012)),.UNSPECIFIED.,.F.,.F.,.U.,(2,2),(4,2,2,2,2,2,2,2,2,
2,4),(0.,1.),(0.,0.125,0.1875,0.25,0.375,0.5,0.625,0.6875,0.71875,0.75,
1.),.UNSPECIFIED.);
#130=B_SPLINE_SURFACE_WITH_KNOTS('',1,3,((#9015,#9016,#9017,#9018,#9019,
#9020,#9021,#9022,#9023,#9024,#9025,#9026,#9027,#9028,#9029,#9030,#9031,
#9032,#9033,#9034,#9035,#9036,#9037,#9038,#9039,#9040),(#9041,#9042,#9043,
#9044,#9045,#9046,#9047,#9048,#9049,#9050,#9051,#9052,#9053,#9054,#9055,
#9056,#9057,#9058,#9059,#9060,#9061,#9062,#9063,#9064,#9065,#9066)),
 .UNSPECIFIED.,.F.,.F.,.U.,(2,2),(4,2,2,2,2,2,2,2,2,2,2,2,4),(0.,1.),(0.,
0.125,0.1875,0.25,0.375,0.4375,0.5,0.75,0.8125,0.84375,0.859375,0.875,1.),
 .UNSPECIFIED.);
#131=B_SPLINE_SURFACE_WITH_KNOTS('',1,3,((#9090,#9091,#9092,#9093,#9094,
#9095,#9096,#9097,#9098,#9099,#9100,#9101,#9102,#9103,#9104,#9105,#9106,
#9107,#9108,#9109,#9110,#9111,#9112,#9113),(#9114,#9115,#9116,#9117,#9118,
#9119,#9120,#9121,#9122,#9123,#9124,#9125,#9126,#9127,#9128,#9129,#9130,
#9131,#9132,#9133,#9134,#9135,#9136,#9137)),.UNSPECIFIED.,.F.,.F.,.U.,(2,
2),(4,2,2,2,2,2,2,2,2,2,2,4),(0.,1.),(0.,0.125,0.1875,0.25,0.375,0.5,0.625,
0.6875,0.75,0.8125,0.875,1.),.UNSPECIFIED.);
#132=B_SPLINE_SURFACE_WITH_KNOTS('',1,3,((#9156,#9157,#9158,#9159),(#9160,
#9161,#9162,#9163)),.UNSPECIFIED.,.F.,.F.,.U.,(2,2),(4,4),(0.,1.),(0.,1.),
 .UNSPECIFIED.);
#133=B_SPLINE_SURFACE_WITH_KNOTS('',1,3,((#9171,#9172,#9173,#9174,#9175,
#9176,#9177,#9178,#9179,#9180,#9181,#9182,#9183,#9184,#9185,#9186,#9187,
#9188,#9189,#9190,#9191,#9192),(#9193,#9194,#9195,#9196,#9197,#9198,#9199,
#9200,#9201,#9202,#9203,#9204,#9205,#9206,#9207,#9208,#9209,#9210,#9211,
#9212,#9213,#9214)),.UNSPECIFIED.,.F.,.F.,.U.,(2,2),(4,2,2,2,2,2,2,2,2,
2,4),(0.,1.),(0.,0.125,0.1875,0.21875,0.25,0.375,0.5,0.625,0.6875,0.75,
1.),.UNSPECIFIED.);
#134=B_SPLINE_SURFACE_WITH_KNOTS('',1,3,((#9217,#9218,#9219,#9220,#9221,
#9222,#9223,#9224,#9225,#9226,#9227,#9228,#9229,#9230,#9231,#9232,#9233,
#9234,#9235,#9236),(#9237,#9238,#9239,#9240,#9241,#9242,#9243,#9244,#9245,
#9246,#9247,#9248,#9249,#9250,#9251,#9252,#9253,#9254,#9255,#9256)),
 .UNSPECIFIED.,.F.,.F.,.U.,(2,2),(4,2,2,2,2,2,2,2,2,4),(0.,1.),(0.,0.125,
0.1875,0.21875,0.25,0.5,0.625,0.6875,0.75,1.),.UNSPECIFIED.);
#135=B_SPLINE_SURFACE_WITH_KNOTS('',1,3,((#9290,#9291,#9292,#9293),(#9294,
#9295,#9296,#9297)),.UNSPECIFIED.,.F.,.F.,.U.,(2,2),(4,4),(0.,1.),(0.,1.),
 .UNSPECIFIED.);
#136=B_SPLINE_SURFACE_WITH_KNOTS('',1,3,((#9298,#9299,#9300,#9301,#9302,
#9303,#9304,#9305,#9306,#9307,#9308,#9309),(#9310,#9311,#9312,#9313,#9314,
#9315,#9316,#9317,#9318,#9319,#9320,#9321)),.UNSPECIFIED.,.F.,.F.,.U.,(2,
2),(4,2,2,2,2,4),(0.,1.),(0.,0.25,0.375,0.5,0.75,1.),.UNSPECIFIED.);
#137=B_SPLINE_SURFACE_WITH_KNOTS('',1,3,((#9333,#9334,#9335,#9336,#9337,
#9338,#9339,#9340),(#9341,#9342,#9343,#9344,#9345,#9346,#9347,#9348)),
 .UNSPECIFIED.,.F.,.F.,.U.,(2,2),(4,2,2,4),(0.,1.),(0.,0.25,0.5,1.),
 .UNSPECIFIED.);
#138=B_SPLINE_SURFACE_WITH_KNOTS('',1,3,((#9358,#9359,#9360,#9361,#9362,
#9363,#9364,#9365,#9366,#9367,#9368,#9369,#9370,#9371,#9372,#9373,#9374,
#9375),(#9376,#9377,#9378,#9379,#9380,#9381,#9382,#9383,#9384,#9385,#9386,
#9387,#9388,#9389,#9390,#9391,#9392,#9393)),.UNSPECIFIED.,.F.,.F.,.U.,(2,
2),(4,2,2,2,2,2,2,2,4),(0.,1.),(0.,0.125,0.1875,0.25,0.375,0.5,0.625,0.75,
1.),.UNSPECIFIED.);
#139=B_SPLINE_SURFACE_WITH_KNOTS('',1,3,((#9404,#9405,#9406,#9407),(#9408,
#9409,#9410,#9411)),.UNSPECIFIED.,.F.,.F.,.U.,(2,2),(4,4),(0.,1.),(0.,1.),
 .UNSPECIFIED.);
#140=B_SPLINE_SURFACE_WITH_KNOTS('',1,3,((#9416,#9417,#9418,#9419,#9420,
#9421,#9422,#9423,#9424,#9425,#9426,#9427,#9428,#9429,#9430,#9431,#9432,
#9433,#9434,#9435,#9436,#9437,#9438,#9439),(#9440,#9441,#9442,#9443,#9444,
#9445,#9446,#9447,#9448,#9449,#9450,#9451,#9452,#9453,#9454,#9455,#9456,
#9457,#9458,#9459,#9460,#9461,#9462,#9463)),.UNSPECIFIED.,.F.,.F.,.U.,(2,
2),(4,2,2,2,2,2,2,2,2,2,2,4),(0.,1.),(0.,0.125,0.1875,0.21875,0.25,0.375,
0.5,0.625,0.6875,0.71875,0.75,1.),.UNSPECIFIED.);
#141=B_SPLINE_SURFACE_WITH_KNOTS('',1,3,((#9489,#9490,#9491,#9492),(#9493,
#9494,#9495,#9496)),.UNSPECIFIED.,.F.,.F.,.U.,(2,2),(4,4),(0.,1.),(0.,1.),
 .UNSPECIFIED.);
#142=B_SPLINE_SURFACE_WITH_KNOTS('',1,3,((#9526,#9527,#9528,#9529,#9530,
#9531,#9532,#9533,#9534,#9535,#9536,#9537,#9538,#9539,#9540,#9541,#9542,
#9543,#9544,#9545),(#9546,#9547,#9548,#9549,#9550,#9551,#9552,#9553,#9554,
#9555,#9556,#9557,#9558,#9559,#9560,#9561,#9562,#9563,#9564,#9565)),
 .UNSPECIFIED.,.F.,.F.,.U.,(2,2),(4,2,2,2,2,2,2,2,2,4),(0.,1.),(0.,0.25,
0.375,0.4375,0.46875,0.5,0.625,0.6875,0.75,1.),.UNSPECIFIED.);
#143=B_SPLINE_SURFACE_WITH_KNOTS('',1,3,((#9568,#9569,#9570,#9571),(#9572,
#9573,#9574,#9575)),.UNSPECIFIED.,.F.,.F.,.U.,(2,2),(4,4),(0.,1.),(0.,1.),
 .UNSPECIFIED.);
#144=B_SPLINE_SURFACE_WITH_KNOTS('',1,3,((#9579,#9580,#9581,#9582),(#9583,
#9584,#9585,#9586)),.UNSPECIFIED.,.F.,.F.,.U.,(2,2),(4,4),(0.,1.),(0.,1.),
 .UNSPECIFIED.);
#145=B_SPLINE_SURFACE_WITH_KNOTS('',1,3,((#9587,#9588,#9589,#9590,#9591,
#9592,#9593,#9594,#9595,#9596,#9597,#9598,#9599,#9600,#9601,#9602,#9603,
#9604,#9605,#9606,#9607,#9608),(#9609,#9610,#9611,#9612,#9613,#9614,#9615,
#9616,#9617,#9618,#9619,#9620,#9621,#9622,#9623,#9624,#9625,#9626,#9627,
#9628,#9629,#9630)),.UNSPECIFIED.,.F.,.F.,.U.,(2,2),(4,2,2,2,2,2,2,2,2,
2,4),(0.,1.),(0.,0.125,0.1875,0.21875,0.25,0.375,0.5,0.625,0.6875,0.75,
1.),.UNSPECIFIED.);
#146=B_SPLINE_SURFACE_WITH_KNOTS('',1,3,((#9635,#9636,#9637,#9638,#9639,
#9640,#9641,#9642,#9643,#9644),(#9645,#9646,#9647,#9648,#9649,#9650,#9651,
#9652,#9653,#9654)),.UNSPECIFIED.,.F.,.F.,.U.,(2,2),(4,2,2,2,4),(0.,1.),
(0.,0.25,0.5,0.75,1.),.UNSPECIFIED.);
#147=B_SPLINE_SURFACE_WITH_KNOTS('',1,3,((#9657,#9658,#9659,#9660),(#9661,
#9662,#9663,#9664)),.UNSPECIFIED.,.F.,.F.,.U.,(2,2),(4,4),(0.,1.),(0.,1.),
 .UNSPECIFIED.);
#148=B_SPLINE_SURFACE_WITH_KNOTS('',1,3,((#9667,#9668,#9669,#9670,#9671,
#9672,#9673,#9674,#9675,#9676,#9677,#9678,#9679,#9680),(#9681,#9682,#9683,
#9684,#9685,#9686,#9687,#9688,#9689,#9690,#9691,#9692,#9693,#9694)),
 .UNSPECIFIED.,.F.,.F.,.U.,(2,2),(4,2,2,2,2,2,4),(0.,1.),(0.,0.25,0.375,
0.4375,0.46875,0.5,1.),.UNSPECIFIED.);
#149=B_SPLINE_SURFACE_WITH_KNOTS('',1,3,((#9697,#9698,#9699,#9700),(#9701,
#9702,#9703,#9704)),.UNSPECIFIED.,.F.,.F.,.U.,(2,2),(4,4),(0.,1.),(0.,1.),
 .UNSPECIFIED.);
#150=B_SPLINE_SURFACE_WITH_KNOTS('',1,3,((#9707,#9708,#9709,#9710,#9711,
#9712,#9713,#9714,#9715,#9716),(#9717,#9718,#9719,#9720,#9721,#9722,#9723,
#9724,#9725,#9726)),.UNSPECIFIED.,.F.,.F.,.U.,(2,2),(4,2,2,2,4),(0.,1.),
(0.,0.25,0.375,0.5,1.),.UNSPECIFIED.);
#151=B_SPLINE_SURFACE_WITH_KNOTS('',1,3,((#9734,#9735,#9736,#9737,#9738,
#9739,#9740,#9741,#9742,#9743),(#9744,#9745,#9746,#9747,#9748,#9749,#9750,
#9751,#9752,#9753)),.UNSPECIFIED.,.F.,.F.,.U.,(2,2),(4,2,2,2,4),(0.,1.),
(0.,0.25,0.375,0.5,1.),.UNSPECIFIED.);
#152=B_SPLINE_SURFACE_WITH_KNOTS('',1,3,((#9767,#9768,#9769,#9770,#9771,
#9772,#9773,#9774,#9775,#9776,#9777,#9778,#9779,#9780,#9781,#9782,#9783,
#9784,#9785,#9786),(#9787,#9788,#9789,#9790,#9791,#9792,#9793,#9794,#9795,
#9796,#9797,#9798,#9799,#9800,#9801,#9802,#9803,#9804,#9805,#9806)),
 .UNSPECIFIED.,.F.,.F.,.U.,(2,2),(4,2,2,2,2,2,2,2,2,4),(0.,1.),(0.,0.25,
0.375,0.4375,0.5,0.75,0.8125,0.84375,0.875,1.),.UNSPECIFIED.);
#153=B_SPLINE_SURFACE_WITH_KNOTS('',1,3,((#9825,#9826,#9827,#9828),(#9829,
#9830,#9831,#9832)),.UNSPECIFIED.,.F.,.F.,.U.,(2,2),(4,4),(0.,1.),(0.,1.),
 .UNSPECIFIED.);
#154=B_SPLINE_SURFACE_WITH_KNOTS('',1,3,((#9835,#9836,#9837,#9838,#9839,
#9840,#9841,#9842,#9843,#9844,#9845,#9846,#9847,#9848,#9849,#9850,#9851,
#9852,#9853,#9854),(#9855,#9856,#9857,#9858,#9859,#9860,#9861,#9862,#9863,
#9864,#9865,#9866,#9867,#9868,#9869,#9870,#9871,#9872,#9873,#9874)),
 .UNSPECIFIED.,.F.,.F.,.U.,(2,2),(4,2,2,2,2,2,2,2,2,4),(0.,1.),(0.,0.0625,
0.125,0.25,0.5,0.625,0.75,0.8125,0.875,1.),.UNSPECIFIED.);
#155=B_SPLINE_SURFACE_WITH_KNOTS('',1,3,((#9898,#9899,#9900,#9901,#9902,
#9903,#9904,#9905,#9906,#9907,#9908,#9909,#9910,#9911,#9912,#9913,#9914,
#9915,#9916,#9917,#9918,#9919),(#9920,#9921,#9922,#9923,#9924,#9925,#9926,
#9927,#9928,#9929,#9930,#9931,#9932,#9933,#9934,#9935,#9936,#9937,#9938,
#9939,#9940,#9941)),.UNSPECIFIED.,.F.,.F.,.U.,(2,2),(4,2,2,2,2,2,2,2,2,
2,4),(0.,1.),(0.,0.125,0.1875,0.21875,0.25,0.375,0.4375,0.46875,0.5,0.75,
1.),.UNSPECIFIED.);
#156=B_SPLINE_SURFACE_WITH_KNOTS('',1,3,((#9967,#9968,#9969,#9970),(#9971,
#9972,#9973,#9974)),.UNSPECIFIED.,.F.,.F.,.U.,(2,2),(4,4),(0.,1.),(0.,1.),
 .UNSPECIFIED.);
#157=B_SPLINE_SURFACE_WITH_KNOTS('',1,3,((#9986,#9987,#9988,#9989,#9990,
#9991,#9992,#9993,#9994,#9995,#9996,#9997,#9998,#9999,#10000,#10001,#10002,
#10003,#10004,#10005,#10006,#10007),(#10008,#10009,#10010,#10011,#10012,
#10013,#10014,#10015,#10016,#10017,#10018,#10019,#10020,#10021,#10022,#10023,
#10024,#10025,#10026,#10027,#10028,#10029)),.UNSPECIFIED.,.F.,.F.,.U.,(2,
2),(4,2,2,2,2,2,2,2,2,2,4),(0.,1.),(0.,0.25,0.375,0.4375,0.46875,0.484375,
0.5,0.625,0.6875,0.75,1.),.UNSPECIFIED.);
#158=B_SPLINE_SURFACE_WITH_KNOTS('',1,3,((#10037,#10038,#10039,#10040),
(#10041,#10042,#10043,#10044)),.UNSPECIFIED.,.F.,.F.,.U.,(2,2),(4,4),(0.,
1.),(0.,1.),.UNSPECIFIED.);
#159=B_SPLINE_SURFACE_WITH_KNOTS('',1,3,((#10048,#10049,#10050,#10051,#10052,
#10053,#10054,#10055,#10056,#10057,#10058,#10059,#10060,#10061),(#10062,
#10063,#10064,#10065,#10066,#10067,#10068,#10069,#10070,#10071,#10072,#10073,
#10074,#10075)),.UNSPECIFIED.,.F.,.F.,.U.,(2,2),(4,2,2,2,2,2,4),(0.,1.),
(0.,0.25,0.375,0.4375,0.5,0.75,1.),.UNSPECIFIED.);
#160=B_SPLINE_SURFACE_WITH_KNOTS('',1,3,((#10076,#10077,#10078,#10079,#10080,
#10081,#10082,#10083,#10084,#10085,#10086,#10087,#10088,#10089),(#10090,
#10091,#10092,#10093,#10094,#10095,#10096,#10097,#10098,#10099,#10100,#10101,
#10102,#10103)),.UNSPECIFIED.,.F.,.F.,.U.,(2,2),(4,2,2,2,2,2,4),(0.,1.),
(0.,0.25,0.375,0.4375,0.46875,0.5,1.),.UNSPECIFIED.);
#161=B_SPLINE_SURFACE_WITH_KNOTS('',1,3,((#10120,#10121,#10122,#10123,#10124,
#10125,#10126,#10127,#10128,#10129),(#10130,#10131,#10132,#10133,#10134,
#10135,#10136,#10137,#10138,#10139)),.UNSPECIFIED.,.F.,.F.,.U.,(2,2),(4,
2,2,2,4),(0.,1.),(0.,0.25,0.5,0.75,1.),.UNSPECIFIED.);
#162=B_SPLINE_SURFACE_WITH_KNOTS('',1,3,((#10155,#10156,#10157,#10158),
(#10159,#10160,#10161,#10162)),.UNSPECIFIED.,.F.,.F.,.U.,(2,2),(4,4),(0.,
1.),(0.,1.),.UNSPECIFIED.);
#163=B_SPLINE_SURFACE_WITH_KNOTS('',1,3,((#10170,#10171,#10172,#10173,#10174,
#10175,#10176,#10177,#10178,#10179),(#10180,#10181,#10182,#10183,#10184,
#10185,#10186,#10187,#10188,#10189)),.UNSPECIFIED.,.F.,.F.,.U.,(2,2),(4,
2,2,2,4),(0.,1.),(0.,0.25,0.375,0.5,1.),.UNSPECIFIED.);
#164=B_SPLINE_SURFACE_WITH_KNOTS('',1,3,((#10201,#10202,#10203,#10204),
(#10205,#10206,#10207,#10208)),.UNSPECIFIED.,.F.,.F.,.U.,(2,2),(4,4),(0.,
1.),(0.,1.),.UNSPECIFIED.);
#165=B_SPLINE_SURFACE_WITH_KNOTS('',1,3,((#10216,#10217,#10218,#10219),
(#10220,#10221,#10222,#10223)),.UNSPECIFIED.,.F.,.F.,.U.,(2,2),(4,4),(0.,
1.),(0.,1.),.UNSPECIFIED.);
#166=(
BOUNDED_SURFACE()
B_SPLINE_SURFACE(3,2,((#7566,#7567,#7568),(#7569,#7570,#7571),(#7572,#7573,
#7574),(#7575,#7576,#7577),(#7578,#7579,#7580),(#7581,#7582,#7583),(#7584,
#7585,#7586),(#7587,#7588,#7589),(#7590,#7591,#7592),(#7593,#7594,#7595),
(#7596,#7597,#7598),(#7599,#7600,#7601),(#7602,#7603,#7604),(#7605,#7606,
#7607),(#7608,#7609,#7610),(#7611,#7612,#7613)),.UNSPECIFIED.,.F.,.F.,.U.)
B_SPLINE_SURFACE_WITH_KNOTS((4,2,2,2,2,2,2,4),(3,3),(0.,7.15754029046005E-5,
0.000143150805809201,0.000286301611618402,0.000429452417427603,0.000572603223236804,
0.000858904834855206,0.00114520644647361),(0.,1.),.UNSPECIFIED.)
GEOMETRIC_REPRESENTATION_ITEM()
RATIONAL_B_SPLINE_SURFACE(((1.,0.104257207028538,1.),(1.,0.115922679924538,
1.),(1.,0.128334124190625,1.),(1.,0.154377318528727,1.),(1.,0.168014267869298,
1.),(1.,0.210613503356176,1.),(1.,0.24133397161367,1.),(1.,0.306447179588014,
1.),(1.,0.340523090024498,1.),(1.,0.4108929571655,1.),(1.,0.447187430859162,
1.),(1.,0.558051512123059,1.),(1.,0.636653252128995,1.),(1.,0.777785006618877,
1.),(1.,0.840909112308101,1.),(1.,0.851183619178143,1.)))
REPRESENTATION_ITEM('')
SURFACE()
);
#167=(
BOUNDED_SURFACE()
B_SPLINE_SURFACE(3,2,((#7615,#7616,#7617),(#7618,#7619,#7620),(#7621,#7622,
#7623),(#7624,#7625,#7626)),.UNSPECIFIED.,.F.,.F.,.U.)
B_SPLINE_SURFACE_WITH_KNOTS((4,4),(3,3),(0.,0.000100000000000001),(0.,1.),
 .UNSPECIFIED.)
GEOMETRIC_REPRESENTATION_ITEM()
RATIONAL_B_SPLINE_SURFACE(((1.,0.851183619178143,1.),(1.,0.851565282370623,
1.),(1.,0.851565282370622,1.),(1.,0.851183619178143,1.)))
REPRESENTATION_ITEM('')
SURFACE()
);
#168=(
BOUNDED_SURFACE()
B_SPLINE_SURFACE(3,2,((#7630,#7631,#7632),(#7633,#7634,#7635),(#7636,#7637,
#7638),(#7639,#7640,#7641),(#7642,#7643,#7644),(#7645,#7646,#7647),(#7648,
#7649,#7650),(#7651,#7652,#7653),(#7654,#7655,#7656),(#7657,#7658,#7659),
(#7660,#7661,#7662),(#7663,#7664,#7665),(#7666,#7667,#7668),(#7669,#7670,
#7671),(#7672,#7673,#7674),(#7675,#7676,#7677)),.UNSPECIFIED.,.F.,.F.,.U.)
B_SPLINE_SURFACE_WITH_KNOTS((4,2,2,2,2,2,2,4),(3,3),(-6.09863722023096E-20,
0.000288202641355844,0.000576405282711688,0.00072050660338961,0.000864607924067532,
0.00100870924474545,0.00108075990508442,0.00115281056542338),(0.,1.),
 .UNSPECIFIED.)
GEOMETRIC_REPRESENTATION_ITEM()
RATIONAL_B_SPLINE_SURFACE(((1.,0.851183619178143,1.),(1.,0.841410592282866,
1.),(1.,0.77800097399183,1.),(1.,0.638416662152571,1.),(1.,0.560376240362986,
1.),(1.,0.448388849702735,1.),(1.,0.411403323772269,1.),(1.,0.340549069645898,
1.),(1.,0.306488897077951,1.),(1.,0.241783516671702,1.),(1.,0.211138381068339,
1.),(1.,0.168194626942922,1.),(1.,0.154432909682375,1.),(1.,0.128284347492205,
1.),(1.,0.115868348288667,1.),(1.,0.104257207028538,1.)))
REPRESENTATION_ITEM('')
SURFACE()
);
#169=TOROIDAL_SURFACE('',#4457,1.2,0.3);
#170=TOROIDAL_SURFACE('',#4462,1.2,0.3);
#171=PLANE('',#4401);
#172=PLANE('',#4415);
#173=PLANE('',#4425);
#174=PLANE('',#4433);
#175=PLANE('',#4452);
#176=PLANE('',#4454);
#177=PLANE('',#4456);
#178=PLANE('',#4471);
#179=PLANE('',#4473);
#180=PLANE('',#4476);
#181=PLANE('',#4477);
#182=PLANE('',#4478);
#183=PLANE('',#4479);
#184=PLANE('',#4480);
#185=PLANE('',#4481);
#186=PLANE('',#4486);
#187=PLANE('',#4487);
#188=PLANE('',#4488);
#189=PLANE('',#4489);
#190=PLANE('',#4491);
#191=PLANE('',#4492);
#192=PLANE('',#4494);
#193=PLANE('',#4495);
#194=PLANE('',#4497);
#195=PLANE('',#4498);
#196=PLANE('',#4499);
#197=PLANE('',#4502);
#198=PLANE('',#4503);
#199=PLANE('',#4505);
#200=PLANE('',#4507);
#201=PLANE('',#4508);
#202=PLANE('',#4510);
#203=PLANE('',#4513);
#204=PLANE('',#4514);
#205=PLANE('',#4515);
#206=PLANE('',#4517);
#207=PLANE('',#4520);
#208=PLANE('',#4521);
#209=PLANE('',#4522);
#210=PLANE('',#4524);
#211=PLANE('',#4525);
#212=PLANE('',#4526);
#213=PLANE('',#4527);
#214=PLANE('',#4528);
#215=PLANE('',#4531);
#216=PLANE('',#4532);
#217=PLANE('',#4533);
#218=PLANE('',#4535);
#219=PLANE('',#4536);
#220=PLANE('',#4537);
#221=PLANE('',#4538);
#222=PLANE('',#4539);
#223=PLANE('',#4540);
#224=PLANE('',#4541);
#225=PLANE('',#4542);
#226=PLANE('',#4545);
#227=PLANE('',#4546);
#228=PLANE('',#4548);
#229=PLANE('',#4550);
#230=PLANE('',#4552);
#231=PLANE('',#4553);
#232=PLANE('',#4555);
#233=PLANE('',#4556);
#234=PLANE('',#4558);
#235=PLANE('',#4560);
#236=PLANE('',#4561);
#237=PLANE('',#4563);
#238=PLANE('',#4564);
#239=PLANE('',#4567);
#240=PLANE('',#4568);
#241=PLANE('',#4571);
#242=PLANE('',#4572);
#243=PLANE('',#4574);
#244=PLANE('',#4577);
#245=PLANE('',#4578);
#246=PLANE('',#4579);
#247=PLANE('',#4581);
#248=PLANE('',#4584);
#249=CONICAL_SURFACE('',#4323,0.515000000000002,0.349065850398867);
#250=CONICAL_SURFACE('',#4329,0.56,0.349065850398868);
#251=CONICAL_SURFACE('',#4432,0.56,0.349065850398868);
#252=CONICAL_SURFACE('',#4435,0.515000000000002,0.349065850398867);
#253=DEGENERATE_TOROIDAL_SURFACE('',#4319,0.1475,0.507500000000001,.T.);
#254=DEGENERATE_TOROIDAL_SURFACE('',#4386,0.028088235294118,0.763088235294118,
 .F.);
#255=DEGENERATE_TOROIDAL_SURFACE('',#4430,0.028088235294118,0.763088235294118,
 .F.);
#256=DEGENERATE_TOROIDAL_SURFACE('',#4438,0.1475,0.507500000000001,.T.);
#257=SPHERICAL_SURFACE('',#4292,1.1);
#258=SPHERICAL_SURFACE('',#4295,1.1);
#259=SPHERICAL_SURFACE('',#4298,1.1);
#260=SPHERICAL_SURFACE('',#4301,1.1);
#261=SPHERICAL_SURFACE('',#4304,1.1);
#262=SPHERICAL_SURFACE('',#4307,1.2);
#263=SPHERICAL_SURFACE('',#4310,1.1);
#264=SPHERICAL_SURFACE('',#4313,1.2);
#265=SPHERICAL_SURFACE('',#4441,1.2);
#266=SPHERICAL_SURFACE('',#4442,1.1);
#267=SPHERICAL_SURFACE('',#4443,1.2);
#268=SPHERICAL_SURFACE('',#4444,1.1);
#269=SPHERICAL_SURFACE('',#4445,1.1);
#270=SPHERICAL_SURFACE('',#4446,1.1);
#271=SPHERICAL_SURFACE('',#4447,1.1);
#272=SPHERICAL_SURFACE('',#4448,1.1);
#273=B_SPLINE_CURVE_WITH_KNOTS('',3,(#5390,#5391,#5392,#5393),
 .UNSPECIFIED.,.F.,.U.,(4,4),(0.327147201556232,1.),.UNSPECIFIED.);
#274=B_SPLINE_CURVE_WITH_KNOTS('',3,(#5398,#5399,#5400,#5401,#5402,#5403,
#5404,#5405,#5406,#5407),.UNSPECIFIED.,.F.,.U.,(4,2,2,2,4),(0.,0.250000000000002,
0.375000000000003,0.500000000000004,0.535457322314308),.UNSPECIFIED.);
#275=B_SPLINE_CURVE_WITH_KNOTS('',3,(#5409,#5410,#5411,#5412),
 .UNSPECIFIED.,.F.,.U.,(4,4),(0.,1.),.UNSPECIFIED.);
#276=B_SPLINE_CURVE_WITH_KNOTS('',3,(#5414,#5415,#5416,#5417,#5418,#5419,
#5420,#5421,#5422,#5423,#5424,#5425,#5426,#5427),.UNSPECIFIED.,.F.,.U.,
(4,2,2,2,2,2,4),(0.,0.25,0.375,0.4375,0.46875,0.5,1.),.UNSPECIFIED.);
#277=B_SPLINE_CURVE_WITH_KNOTS('',3,(#5429,#5430,#5431,#5432),
 .UNSPECIFIED.,.F.,.U.,(4,4),(0.,1.),.UNSPECIFIED.);
#278=B_SPLINE_CURVE_WITH_KNOTS('',3,(#5434,#5435,#5436,#5437,#5438,#5439,
#5440,#5441,#5442,#5443),.UNSPECIFIED.,.F.,.U.,(4,2,2,2,4),(0.,0.25,0.5,
0.75,1.),.UNSPECIFIED.);
#279=B_SPLINE_CURVE_WITH_KNOTS('',3,(#5445,#5446,#5447,#5448,#5449,#5450,
#5451,#5452,#5453,#5454,#5455,#5456,#5457,#5458,#5459,#5460,#5461,#5462,
#5463,#5464,#5465,#5466),.UNSPECIFIED.,.F.,.U.,(4,2,2,2,2,2,2,2,2,2,4),
(0.,0.125,0.1875,0.21875,0.25,0.375,0.5,0.625,0.6875,0.75,1.),
 .UNSPECIFIED.);
#280=B_SPLINE_CURVE_WITH_KNOTS('',3,(#5468,#5469,#5470,#5471,#5472,#5473,
#5474,#5475,#5476,#5477,#5478,#5479,#5480,#5481),.UNSPECIFIED.,.F.,.U.,
(4,2,2,2,2,2,4),(0.,0.25,0.375,0.4375,0.5,0.75,1.),.UNSPECIFIED.);
#281=B_SPLINE_CURVE_WITH_KNOTS('',3,(#5483,#5484,#5485,#5486),
 .UNSPECIFIED.,.F.,.U.,(4,4),(0.,1.),.UNSPECIFIED.);
#282=B_SPLINE_CURVE_WITH_KNOTS('',3,(#5490,#5491,#5492,#5493,#5494,#5495,
#5496,#5497,#5498,#5499,#5500,#5501,#5502,#5503,#5504,#5505,#5506,#5507,
#5508,#5509,#5510,#5511),.UNSPECIFIED.,.F.,.U.,(4,2,2,2,2,2,2,2,2,2,4),
(0.,0.25,0.375,0.4375,0.46875,0.484375,0.5,0.625,0.6875,0.75,1.),
 .UNSPECIFIED.);
#283=B_SPLINE_CURVE_WITH_KNOTS('',3,(#5512,#5513,#5514,#5515,#5516,#5517,
#5518,#5519,#5520,#5521),.UNSPECIFIED.,.F.,.U.,(4,2,2,2,4),(0.,0.25,0.5,
0.75,1.),.UNSPECIFIED.);
#284=B_SPLINE_CURVE_WITH_KNOTS('',3,(#5524,#5525,#5526,#5527,#5528,#5529,
#5530,#5531,#5532,#5533,#5534,#5535,#5536,#5537),.UNSPECIFIED.,.F.,.U.,
(4,2,2,2,2,2,4),(0.,0.25,0.375,0.4375,0.46875,0.5,1.),.UNSPECIFIED.);
#285=B_SPLINE_CURVE_WITH_KNOTS('',3,(#5539,#5540,#5541,#5542),
 .UNSPECIFIED.,.F.,.U.,(4,4),(0.,1.),.UNSPECIFIED.);
#286=B_SPLINE_CURVE_WITH_KNOTS('',3,(#5544,#5545,#5546,#5547),
 .UNSPECIFIED.,.F.,.U.,(4,4),(0.,1.),.UNSPECIFIED.);
#287=B_SPLINE_CURVE_WITH_KNOTS('',3,(#5549,#5550,#5551,#5552,#5553,#5554,
#5555,#5556,#5557,#5558),.UNSPECIFIED.,.F.,.U.,(4,2,2,2,4),(0.,0.25,0.375,
0.5,1.),.UNSPECIFIED.);
#288=B_SPLINE_CURVE_WITH_KNOTS('',3,(#5560,#5561,#5562,#5563),
 .UNSPECIFIED.,.F.,.U.,(4,4),(0.,1.),.UNSPECIFIED.);
#289=B_SPLINE_CURVE_WITH_KNOTS('',3,(#5565,#5566,#5567,#5568,#5569,#5570,
#5571,#5572),.UNSPECIFIED.,.F.,.U.,(4,2,2,4),(0.841118062514034,0.843750000002502,
0.875000000002002,1.),.UNSPECIFIED.);
#290=B_SPLINE_CURVE_WITH_KNOTS('',3,(#5578,#5579,#5580,#5581),
 .UNSPECIFIED.,.F.,.U.,(4,4),(0.,0.0517879114361378),.UNSPECIFIED.);
#291=B_SPLINE_CURVE_WITH_KNOTS('',3,(#5583,#5584,#5585,#5586),
 .UNSPECIFIED.,.F.,.U.,(4,4),(0.,1.),.UNSPECIFIED.);
#292=B_SPLINE_CURVE_WITH_KNOTS('',3,(#5595,#5596,#5597,#5598,#5599,#5600,
#5601,#5602,#5603,#5604,#5605,#5606,#5607,#5608,#5609,#5610,#5611,#5612,
#5613,#5614,#5615,#5616,#5617,#5618),.UNSPECIFIED.,.F.,.U.,(4,2,2,2,2,2,
2,2,2,2,2,4),(0.,0.125,0.1875,0.21875,0.25,0.375,0.5,0.625,0.6875,0.71875,
0.75,1.),.UNSPECIFIED.);
#293=B_SPLINE_CURVE_WITH_KNOTS('',3,(#5620,#5621,#5622,#5623),
 .UNSPECIFIED.,.F.,.U.,(4,4),(0.,1.),.UNSPECIFIED.);
#294=B_SPLINE_CURVE_WITH_KNOTS('',3,(#5625,#5626,#5627,#5628),
 .UNSPECIFIED.,.F.,.U.,(4,4),(0.,1.),.UNSPECIFIED.);
#295=B_SPLINE_CURVE_WITH_KNOTS('',3,(#5630,#5631,#5632,#5633),
 .UNSPECIFIED.,.F.,.U.,(4,4),(0.,1.),.UNSPECIFIED.);
#296=B_SPLINE_CURVE_WITH_KNOTS('',3,(#5635,#5636,#5637,#5638,#5639,#5640,
#5641,#5642,#5643,#5644,#5645,#5646,#5647,#5648,#5649,#5650,#5651,#5652,
#5653,#5654),.UNSPECIFIED.,.F.,.U.,(4,2,2,2,2,2,2,2,2,4),(0.,0.25,0.375,
0.4375,0.46875,0.5,0.625,0.6875,0.75,1.),.UNSPECIFIED.);
#297=B_SPLINE_CURVE_WITH_KNOTS('',3,(#5656,#5657,#5658,#5659,#5660,#5661),
 .UNSPECIFIED.,.F.,.U.,(4,2,4),(0.,0.406739104760307,0.813478209520614),
 .UNSPECIFIED.);
#298=B_SPLINE_CURVE_WITH_KNOTS('',3,(#5667,#5668,#5669,#5670,#5671,#5672),
 .UNSPECIFIED.,.F.,.U.,(4,2,4),(0.649902257034301,0.82495112851715,1.),
 .UNSPECIFIED.);
#299=B_SPLINE_CURVE_WITH_KNOTS('',3,(#5676,#5677,#5678,#5679),
 .UNSPECIFIED.,.F.,.U.,(4,4),(0.,1.),.UNSPECIFIED.);
#300=B_SPLINE_CURVE_WITH_KNOTS('',3,(#5682,#5683,#5684,#5685,#5686,#5687,
#5688,#5689,#5690,#5691,#5692,#5693),.UNSPECIFIED.,.F.,.U.,(4,2,2,2,2,4),
(0.672172169536396,0.687500000000001,0.750000000000001,0.8125,0.875,1.),
 .UNSPECIFIED.);
#301=B_SPLINE_CURVE_WITH_KNOTS('',3,(#5698,#5699,#5700,#5701,#5702,#5703,
#5704,#5705,#5706,#5707,#5708,#5709),.UNSPECIFIED.,.F.,.U.,(4,2,2,2,2,4),
(0.,0.250000000018899,0.375000000028348,0.500000000037797,0.750000000056696,
0.814218194965513),.UNSPECIFIED.);
#302=B_SPLINE_CURVE_WITH_KNOTS('',3,(#5713,#5714,#5715,#5716,#5717,#5718),
 .UNSPECIFIED.,.F.,.U.,(4,2,4),(0.650665054630082,0.749999999999682,1.),
 .UNSPECIFIED.);
#303=B_SPLINE_CURVE_WITH_KNOTS('',3,(#5723,#5724,#5725,#5726,#5727,#5728,
#5729,#5730,#5731,#5732),.UNSPECIFIED.,.F.,.U.,(4,2,2,2,4),(0.,0.124999999997292,
0.187499999995938,0.249999999994585,0.333018235561322),.UNSPECIFIED.);
#304=B_SPLINE_CURVE_WITH_KNOTS('',3,(#5734,#5735,#5736,#5737,#5738,#5739,
#5740,#5741,#5742,#5743,#5744,#5745,#5746,#5747,#5748,#5749,#5750,#5751,
#5752,#5753,#5754,#5755),.UNSPECIFIED.,.F.,.U.,(4,2,2,2,2,2,2,2,2,2,4),
(0.,0.125,0.1875,0.25,0.375,0.5,0.625,0.6875,0.71875,0.75,1.),
 .UNSPECIFIED.);
#305=B_SPLINE_CURVE_WITH_KNOTS('',3,(#5757,#5758,#5759,#5760,#5761,#5762),
 .UNSPECIFIED.,.F.,.U.,(4,2,4),(0.,0.5,1.),.UNSPECIFIED.);
#306=B_SPLINE_CURVE_WITH_KNOTS('',3,(#5764,#5765,#5766,#5767),
 .UNSPECIFIED.,.F.,.U.,(4,4),(0.,1.),.UNSPECIFIED.);
#307=B_SPLINE_CURVE_WITH_KNOTS('',3,(#5769,#5770,#5771,#5772,#5773,#5774,
#5775,#5776,#5777,#5778,#5779,#5780,#5781,#5782,#5783,#5784,#5785,#5786,
#5787,#5788),.UNSPECIFIED.,.F.,.U.,(4,2,2,2,2,2,2,2,2,4),(0.,0.125,0.1875,
0.21875,0.25,0.5,0.625,0.6875,0.75,1.),.UNSPECIFIED.);
#308=B_SPLINE_CURVE_WITH_KNOTS('',3,(#5790,#5791,#5792,#5793,#5794,#5795,
#5796,#5797,#5798,#5799,#5800,#5801,#5802,#5803,#5804,#5805,#5806,#5807,
#5808,#5809,#5810,#5811),.UNSPECIFIED.,.F.,.U.,(4,2,2,2,2,2,2,2,2,2,4),
(0.,0.125,0.1875,0.21875,0.25,0.375,0.5,0.625,0.6875,0.75,1.),
 .UNSPECIFIED.);
#309=B_SPLINE_CURVE_WITH_KNOTS('',3,(#5818,#5819,#5820,#5821,#5822,#5823),
 .UNSPECIFIED.,.F.,.U.,(4,2,4),(0.871197587838977,0.874999999999999,1.),
 .UNSPECIFIED.);
#310=B_SPLINE_CURVE_WITH_KNOTS('',3,(#5828,#5829,#5830,#5831,#5832,#5833,
#5834,#5835),.UNSPECIFIED.,.F.,.U.,(4,2,2,4),(0.,0.249999999953914,0.374999999930871,
0.387613156649391),.UNSPECIFIED.);
#311=B_SPLINE_CURVE_WITH_KNOTS('',3,(#5844,#5845,#5846,#5847,#5848,#5849,
#5850,#5851,#5852,#5853,#5854,#5855,#5856,#5857),.UNSPECIFIED.,.F.,.U.,
(4,2,2,2,2,2,4),(0.563744678025615,0.625000000000001,0.750000000000001,
0.781250000000001,0.812500000000001,0.875,1.),.UNSPECIFIED.);
#312=B_SPLINE_CURVE_WITH_KNOTS('',3,(#5862,#5863,#5864,#5865,#5866,#5867),
 .UNSPECIFIED.,.F.,.U.,(4,2,4),(0.,0.249999999997952,0.352796580961064),
 .UNSPECIFIED.);
#313=B_SPLINE_CURVE_WITH_KNOTS('',3,(#5873,#5874,#5875,#5876,#5877,#5878),
 .UNSPECIFIED.,.F.,.U.,(4,2,4),(0.485165004096498,0.500000000017709,1.),
 .UNSPECIFIED.);
#314=B_SPLINE_CURVE_WITH_KNOTS('',3,(#5889,#5890,#5891,#5892,#5893,#5894),
 .UNSPECIFIED.,.F.,.U.,(4,2,4),(0.170701728282416,0.500000000000002,1.),
 .UNSPECIFIED.);
#315=B_SPLINE_CURVE_WITH_KNOTS('',3,(#5900,#5901,#5902,#5903,#5904,#5905,
#5906,#5907,#5908,#5909),.UNSPECIFIED.,.F.,.U.,(4,2,2,2,4),(0.,0.249999999977129,
0.374999999965694,0.406249999962835,0.407175759177569),.UNSPECIFIED.);
#316=B_SPLINE_CURVE_WITH_KNOTS('',3,(#5917,#5918,#5919,#5920,#5921,#5922,
#5923,#5924,#5925,#5926),.UNSPECIFIED.,.F.,.U.,(4,2,2,2,4),(0.533543085725007,
0.562500000000008,0.625000000000007,0.750000000000005,1.),.UNSPECIFIED.);
#317=B_SPLINE_CURVE_WITH_KNOTS('',3,(#5946,#5947,#5948,#5949,#5950,#5951),
 .UNSPECIFIED.,.F.,.U.,(4,2,4),(0.,0.406739104760317,0.813478209520633),
 .UNSPECIFIED.);
#318=B_SPLINE_CURVE_WITH_KNOTS('',3,(#5957,#5958,#5959,#5960,#5961,#5962),
 .UNSPECIFIED.,.F.,.U.,(4,2,4),(0.649902257034315,0.824951128517157,1.),
 .UNSPECIFIED.);
#319=B_SPLINE_CURVE_WITH_KNOTS('',3,(#5966,#5967,#5968,#5969),
 .UNSPECIFIED.,.F.,.U.,(4,4),(0.,1.),.UNSPECIFIED.);
#320=B_SPLINE_CURVE_WITH_KNOTS('',3,(#5972,#5973,#5974,#5975,#5976,#5977,
#5978,#5979,#5980,#5981,#5982,#5983),.UNSPECIFIED.,.F.,.U.,(4,2,2,2,2,4),
(0.672172169532476,0.6875,0.75,0.8125,0.875,1.),.UNSPECIFIED.);
#321=B_SPLINE_CURVE_WITH_KNOTS('',3,(#5988,#5989,#5990,#5991,#5992,#5993,
#5994,#5995,#5996,#5997,#5998,#5999),.UNSPECIFIED.,.F.,.U.,(4,2,2,2,2,4),
(0.,0.250000000018895,0.375000000028343,0.50000000003779,0.750000000056686,
0.81421819495179),.UNSPECIFIED.);
#322=B_SPLINE_CURVE_WITH_KNOTS('',3,(#6003,#6004,#6005,#6006,#6007,#6008),
 .UNSPECIFIED.,.F.,.U.,(4,2,4),(0.650665054639707,0.749999999999678,1.),
 .UNSPECIFIED.);
#323=B_SPLINE_CURVE_WITH_KNOTS('',3,(#6013,#6014,#6015,#6016,#6017,#6018,
#6019,#6020,#6021,#6022),.UNSPECIFIED.,.F.,.U.,(4,2,2,2,4),(0.,0.124999999997292,
0.187499999995938,0.249999999994583,0.333018235558494),.UNSPECIFIED.);
#324=B_SPLINE_CURVE_WITH_KNOTS('',3,(#6024,#6025,#6026,#6027,#6028,#6029,
#6030,#6031,#6032,#6033,#6034,#6035,#6036,#6037,#6038,#6039,#6040,#6041,
#6042,#6043,#6044,#6045),.UNSPECIFIED.,.F.,.U.,(4,2,2,2,2,2,2,2,2,2,4),
(0.,0.125,0.1875,0.25,0.375,0.5,0.625,0.6875,0.71875,0.75,1.),
 .UNSPECIFIED.);
#325=B_SPLINE_CURVE_WITH_KNOTS('',3,(#6047,#6048,#6049,#6050,#6051,#6052),
 .UNSPECIFIED.,.F.,.U.,(4,2,4),(0.,0.5,1.),.UNSPECIFIED.);
#326=B_SPLINE_CURVE_WITH_KNOTS('',3,(#6054,#6055,#6056,#6057),
 .UNSPECIFIED.,.F.,.U.,(4,4),(0.,1.),.UNSPECIFIED.);
#327=B_SPLINE_CURVE_WITH_KNOTS('',3,(#6059,#6060,#6061,#6062,#6063,#6064,
#6065,#6066,#6067,#6068,#6069,#6070,#6071,#6072,#6073,#6074,#6075,#6076,
#6077,#6078),.UNSPECIFIED.,.F.,.U.,(4,2,2,2,2,2,2,2,2,4),(0.,0.125,0.1875,
0.21875,0.25,0.5,0.625,0.6875,0.75,1.),.UNSPECIFIED.);
#328=B_SPLINE_CURVE_WITH_KNOTS('',3,(#6080,#6081,#6082,#6083,#6084,#6085,
#6086,#6087,#6088,#6089,#6090,#6091,#6092,#6093,#6094,#6095,#6096,#6097,
#6098,#6099,#6100,#6101),.UNSPECIFIED.,.F.,.U.,(4,2,2,2,2,2,2,2,2,2,4),
(0.,0.125,0.1875,0.21875,0.25,0.375,0.5,0.625,0.6875,0.75,1.),
 .UNSPECIFIED.);
#329=B_SPLINE_CURVE_WITH_KNOTS('',3,(#6123,#6124,#6125,#6126,#6127,#6128,
#6129,#6130,#6131,#6132,#6133,#6134,#6135,#6136),.UNSPECIFIED.,.F.,.U.,
(4,2,2,2,2,2,4),(0.00123311825054553,0.00133586952487581,0.0014386207992061,
0.00164412334786667,0.00184962589652724,0.00195237717085753,0.00205512844518782),
 .UNSPECIFIED.);
#330=B_SPLINE_CURVE_WITH_KNOTS('',3,(#6138,#6139,#6140,#6141,#6142,#6143,
#6144,#6145,#6146,#6147,#6148,#6149,#6150,#6151),.UNSPECIFIED.,.F.,.U.,
(4,2,2,2,2,2,4),(0.00177228793971662,0.00191996126082151,0.0020676345819264,
0.00236298122413619,0.00265832786634599,0.00280600118745088,0.00295367450855577),
 .UNSPECIFIED.);
#331=B_SPLINE_CURVE_WITH_KNOTS('',3,(#6163,#6164,#6165,#6166,#6167,#6168,
#6169,#6170,#6171,#6172,#6173,#6174,#6175,#6176),.UNSPECIFIED.,.F.,.U.,
(4,2,2,2,2,2,4),(0.000410606461640952,0.000513420435254029,0.000616234408867106,
0.00082186235609325,0.00102749030331939,0.00113030427693246,0.00123311825054553),
 .UNSPECIFIED.);
#332=B_SPLINE_CURVE_WITH_KNOTS('',3,(#6178,#6179,#6180,#6181,#6182,#6183,
#6184,#6185,#6186,#6187,#6188,#6189,#6190,#6191),.UNSPECIFIED.,.F.,.U.,
(4,2,2,2,2,2,4),(0.00177228793971662,0.00191996126082152,0.00206763458192642,
0.00236298122413621,0.002658327866346,0.00280600118745089,0.00295367450855578),
 .UNSPECIFIED.);
#333=B_SPLINE_CURVE_WITH_KNOTS('',3,(#6198,#6199,#6200,#6201,#6202,#6203,
#6204,#6205,#6206,#6207,#6208,#6209,#6210,#6211),.UNSPECIFIED.,.F.,.U.,
(4,2,2,2,2,2,4),(0.00123311825049594,0.00133586952483243,0.00143862079916891,
0.00164412334784189,0.00184962589651487,0.00195237717085136,0.00205512844518785),
 .UNSPECIFIED.);
#334=B_SPLINE_CURVE_WITH_KNOTS('',3,(#6218,#6219,#6220,#6221,#6222,#6223,
#6224,#6225,#6226,#6227,#6228,#6229,#6230,#6231),.UNSPECIFIED.,.F.,.U.,
(4,2,2,2,2,2,4),(0.00183625592408155,0.00198925721036665,0.00214225849665174,
0.00244826106922193,0.00275426364179212,0.00290726492807722,0.00306026621436231),
 .UNSPECIFIED.);
#335=B_SPLINE_CURVE_WITH_KNOTS('',3,(#6238,#6239,#6240,#6241,#6242,#6243,
#6244,#6245,#6246,#6247,#6248,#6249,#6250,#6251),.UNSPECIFIED.,.F.,.U.,
(4,2,2,2,2,2,4),(0.000410606461640515,0.000513420435253644,0.000616234408866773,
0.000821862356093031,0.00102749030331929,0.00113030427693242,0.00123311825054556),
 .UNSPECIFIED.);
#336=B_SPLINE_CURVE_WITH_KNOTS('',3,(#6258,#6259,#6260,#6261,#6262,#6263,
#6264,#6265,#6266,#6267,#6268,#6269,#6270,#6271),.UNSPECIFIED.,.F.,.U.,
(4,2,2,2,2,2,4),(0.00183625592408156,0.00198925721036665,0.00214225849665175,
0.00244826106922194,0.00275426364179213,0.00290726492807722,0.00306026621436232),
 .UNSPECIFIED.);
#337=B_SPLINE_CURVE_WITH_KNOTS('',3,(#6319,#6320,#6321,#6322),
 .UNSPECIFIED.,.F.,.U.,(4,4),(0.00041924351602542,0.000425986963394358),
 .UNSPECIFIED.);
#338=B_SPLINE_CURVE_WITH_KNOTS('',3,(#6324,#6325,#6326,#6327),
 .UNSPECIFIED.,.F.,.U.,(4,4),(0.000589804992930856,0.000596893375242191),
 .UNSPECIFIED.);
#339=B_SPLINE_CURVE_WITH_KNOTS('',3,(#6331,#6332,#6333,#6334),
 .UNSPECIFIED.,.F.,.U.,(4,4),(0.00158899247885379,0.00159610188565349),
 .UNSPECIFIED.);
#340=B_SPLINE_CURVE_WITH_KNOTS('',3,(#6336,#6337,#6338,#6339),
 .UNSPECIFIED.,.F.,.U.,(4,4),(0.000419243516025443,0.000425986963394358),
 .UNSPECIFIED.);
#341=B_SPLINE_CURVE_WITH_KNOTS('',3,(#6341,#6342,#6343,#6344,#6345,#6346,
#6347,#6348,#6349,#6350,#6351,#6352,#6353,#6354),.UNSPECIFIED.,.F.,.U.,
(4,2,2,2,2,2,4),(0.000611668789291074,0.000764742181139881,0.000917815572988687,
0.00122396235668631,0.00153010914038393,0.00168318253223274,0.00183625592408156),
 .UNSPECIFIED.);
#342=B_SPLINE_CURVE_WITH_KNOTS('',3,(#6386,#6387,#6388,#6389,#6390,#6391,
#6392,#6393),.UNSPECIFIED.,.F.,.U.,(4,2,2,4),(0.334106345671655,0.667053172835832,
0.833526586417916,1.),.UNSPECIFIED.);
#343=B_SPLINE_CURVE_WITH_KNOTS('',3,(#6395,#6396,#6397,#6398,#6399,#6400,
#6401,#6402),.UNSPECIFIED.,.F.,.U.,(4,2,2,4),(0.,0.168055858437315,0.336111716874629,
0.672223433749269),.UNSPECIFIED.);
#344=B_SPLINE_CURVE_WITH_KNOTS('',3,(#6420,#6421,#6422,#6423,#6424,#6425,
#6426,#6427,#6428,#6429,#6430,#6431,#6432,#6433,#6434),.UNSPECIFIED.,.F.,
 .U.,(4,2,2,2,1,2,2,4),(0.,0.125,0.25,0.5,0.625,0.6875,0.75,1.),
 .UNSPECIFIED.);
#345=B_SPLINE_CURVE_WITH_KNOTS('',3,(#6436,#6437,#6438,#6439,#6440,#6441,
#6442,#6443,#6444,#6445,#6446,#6447,#6448,#6449),.UNSPECIFIED.,.F.,.U.,
(4,2,2,2,2,2,4),(0.,0.125000000000001,0.250000000000003,0.500000000000006,
0.625000000000007,0.750000000000009,1.),.UNSPECIFIED.);
#346=B_SPLINE_CURVE_WITH_KNOTS('',3,(#6451,#6452,#6453,#6454),
 .UNSPECIFIED.,.F.,.U.,(4,4),(0.,0.160322790697709),.UNSPECIFIED.);
#347=B_SPLINE_CURVE_WITH_KNOTS('',3,(#6464,#6465,#6466,#6467,#6468,#6469,
#6470,#6471,#6472,#6473),.UNSPECIFIED.,.F.,.U.,(4,2,2,2,4),(0.,0.5,0.625,
0.75,1.),.UNSPECIFIED.);
#348=B_SPLINE_CURVE_WITH_KNOTS('',3,(#6475,#6476,#6477,#6478,#6479,#6480,
#6481,#6482,#6483,#6484,#6485,#6486,#6487,#6488,#6489),.UNSPECIFIED.,.F.,
 .U.,(4,1,2,2,2,2,2,4),(0.,0.12499999999997,0.187499999999968,0.249999999999967,
0.499999999999984,0.624999999999993,0.750000000000002,1.),.UNSPECIFIED.);
#349=B_SPLINE_CURVE_WITH_KNOTS('',3,(#6491,#6492,#6493,#6494,#6495,#6496,
#6497,#6498,#6499,#6500,#6501,#6502,#6503,#6504),.UNSPECIFIED.,.F.,.U.,
(4,2,2,2,2,2,4),(0.,0.125000000000015,0.25000000000003,0.500000000000043,
0.62500000000004,0.750000000000037,1.),.UNSPECIFIED.);
#350=B_SPLINE_CURVE_WITH_KNOTS('',3,(#6506,#6507,#6508,#6509,#6510,#6511,
#6512,#6513),.UNSPECIFIED.,.F.,.U.,(4,2,2,4),(0.,0.217830588752414,0.435661177504829,
0.871322355009658),.UNSPECIFIED.);
#351=B_SPLINE_CURVE_WITH_KNOTS('',3,(#6518,#6519,#6520,#6521,#6522,#6523,
#6524,#6525),.UNSPECIFIED.,.F.,.U.,(4,2,2,4),(0.334106345671647,0.667053172835823,
0.833526586417912,1.),.UNSPECIFIED.);
#352=B_SPLINE_CURVE_WITH_KNOTS('',3,(#6527,#6528,#6529,#6530,#6531,#6532,
#6533,#6534),.UNSPECIFIED.,.F.,.U.,(4,2,2,4),(0.,0.168055858437264,0.336111716874528,
0.672223433749046),.UNSPECIFIED.);
#353=B_SPLINE_CURVE_WITH_KNOTS('',3,(#6548,#6549,#6550,#6551),
 .UNSPECIFIED.,.F.,.U.,(4,4),(0.,1.),.UNSPECIFIED.);
#354=B_SPLINE_CURVE_WITH_KNOTS('',3,(#6565,#6566,#6567,#6568,#6569,#6570,
#6571,#6572,#6573,#6574,#6575,#6576,#6577,#6578,#6579,#6580,#6581,#6582,
#6583),.UNSPECIFIED.,.F.,.U.,(4,2,1,1,2,2,2,2,2,1,4),(0.0520011407862741,
0.0816261051367037,0.111251069487133,0.170500998187987,0.289000855589702,
0.52600057039313,0.644500427794845,0.763000285196559,0.822250213897423,
0.881500142598287,1.),.UNSPECIFIED.);
#355=B_SPLINE_CURVE_WITH_KNOTS('',3,(#6585,#6586,#6587,#6588,#6589,#6590,
#6591,#6592,#6593,#6594,#6595,#6596,#6597,#6598),.UNSPECIFIED.,.F.,.U.,
(4,1,2,2,1,2,2,4),(0.,0.12500000000003,0.187500000000035,0.250000000000041,
0.375000000000051,0.437500000000057,0.500000000000062,1.),.UNSPECIFIED.);
#356=B_SPLINE_CURVE_WITH_KNOTS('',3,(#6600,#6601,#6602,#6603),
 .UNSPECIFIED.,.F.,.U.,(4,4),(0.,0.325164877133802),.UNSPECIFIED.);
#357=B_SPLINE_CURVE_WITH_KNOTS('',3,(#6622,#6623,#6624,#6625,#6626,#6627,
#6628,#6629,#6630,#6631,#6632,#6633,#6634,#6635),.UNSPECIFIED.,.F.,.U.,
(4,2,2,2,2,2,4),(0.000590414063628539,0.000738148298139554,0.000885882532650569,
0.00118135100167259,0.00147681947069461,0.00162455370520562,0.00177228793971662),
 .UNSPECIFIED.);
#358=B_SPLINE_CURVE_WITH_KNOTS('',3,(#6638,#6639,#6640,#6641,#6642,#6643,
#6644,#6645,#6646,#6647,#6648,#6649,#6650,#6651),.UNSPECIFIED.,.F.,.U.,
(4,2,2,2,2,2,4),(0.000590414063628544,0.00073814829813955,0.000885882532650555,
0.00118135100167257,0.00147681947069459,0.00162455370520561,0.00177228793971662),
 .UNSPECIFIED.);
#359=B_SPLINE_CURVE_WITH_KNOTS('',3,(#6663,#6664,#6665,#6666,#6667,#6668,
#6669,#6670),.UNSPECIFIED.,.F.,.U.,(4,2,2,4),(0.325164877133802,0.493873657850351,
0.6625824385669,1.),.UNSPECIFIED.);
#360=B_SPLINE_CURVE_WITH_KNOTS('',3,(#6674,#6675,#6676,#6677,#6678,#6679,
#6680,#6681,#6682,#6683,#6684,#6685,#6686,#6687,#6688,#6689,#6690),
 .UNSPECIFIED.,.F.,.U.,(4,2,2,1,2,2,2,2,4),(0.,0.250000000000004,0.375000000000007,
0.437500000000008,0.468750000000009,0.500000000000009,0.625000000000007,
0.750000000000005,1.),.UNSPECIFIED.);
#361=B_SPLINE_CURVE_WITH_KNOTS('',3,(#6694,#6695,#6696,#6697),
 .UNSPECIFIED.,.F.,.U.,(4,4),(0.,1.),.UNSPECIFIED.);
#362=B_SPLINE_CURVE_WITH_KNOTS('',3,(#6699,#6700,#6701,#6702,#6703,#6704,
#6705,#6706,#6707,#6708,#6709,#6710),.UNSPECIFIED.,.F.,.U.,(4,2,2,2,2,4),
(0.,0.249999999999999,0.374999999999999,0.499999999999999,0.75,1.),
 .UNSPECIFIED.);
#363=B_SPLINE_CURVE_WITH_KNOTS('',3,(#6712,#6713,#6714,#6715,#6716,#6717,
#6718,#6719,#6720,#6721,#6722,#6723,#6724,#6725,#6726),.UNSPECIFIED.,.F.,
 .U.,(4,1,2,2,2,2,2,4),(0.,0.125000000000024,0.187500000000027,0.250000000000029,
0.500000000000022,0.625000000000019,0.750000000000016,1.),.UNSPECIFIED.);
#364=B_SPLINE_CURVE_WITH_KNOTS('',3,(#6728,#6729,#6730,#6731,#6732,#6733,
#6734,#6735,#6736,#6737),.UNSPECIFIED.,.F.,.U.,(4,2,2,2,4),(0.,0.25,0.5,
0.75,1.),.UNSPECIFIED.);
#365=B_SPLINE_CURVE_WITH_KNOTS('',3,(#6739,#6740,#6741,#6742),
 .UNSPECIFIED.,.F.,.U.,(4,4),(0.,1.),.UNSPECIFIED.);
#366=B_SPLINE_CURVE_WITH_KNOTS('',3,(#6744,#6745,#6746,#6747,#6748,#6749,
#6750,#6751,#6752,#6753),.UNSPECIFIED.,.F.,.U.,(4,1,1,2,2,4),(0.,0.249999999999983,
0.37499999999999,0.437499999999994,0.499999999999998,1.),.UNSPECIFIED.);
#367=B_SPLINE_CURVE_WITH_KNOTS('',3,(#6755,#6756,#6757,#6758),
 .UNSPECIFIED.,.F.,.U.,(4,4),(0.,1.),.UNSPECIFIED.);
#368=B_SPLINE_CURVE_WITH_KNOTS('',3,(#6760,#6761,#6762,#6763,#6764,#6765),
 .UNSPECIFIED.,.F.,.U.,(4,2,4),(0.,0.268063547736425,0.536127095472851),
 .UNSPECIFIED.);
#369=B_SPLINE_CURVE_WITH_KNOTS('',3,(#6769,#6770,#6771,#6772),
 .UNSPECIFIED.,.F.,.U.,(4,4),(0.841405171207187,1.),.UNSPECIFIED.);
#370=B_SPLINE_CURVE_WITH_KNOTS('',3,(#6774,#6775,#6776,#6777),
 .UNSPECIFIED.,.F.,.U.,(4,4),(0.,1.),.UNSPECIFIED.);
#371=B_SPLINE_CURVE_WITH_KNOTS('',3,(#6779,#6780,#6781,#6782),
 .UNSPECIFIED.,.F.,.U.,(4,4),(0.,0.0520011407862741),.UNSPECIFIED.);
#372=B_SPLINE_CURVE_WITH_KNOTS('',3,(#6785,#6786,#6787,#6788,#6789,#6790,
#6791,#6792,#6793,#6794,#6795,#6796,#6797,#6798,#6799),.UNSPECIFIED.,.F.,
 .U.,(4,2,1,2,2,2,2,4),(0.,0.250000000000018,0.375000000000024,0.437500000000035,
0.500000000000046,0.62500000000005,0.750000000000054,1.),.UNSPECIFIED.);
#373=B_SPLINE_CURVE_WITH_KNOTS('',3,(#6801,#6802,#6803,#6804),
 .UNSPECIFIED.,.F.,.U.,(4,4),(0.,1.),.UNSPECIFIED.);
#374=B_SPLINE_CURVE_WITH_KNOTS('',3,(#6806,#6807,#6808,#6809),
 .UNSPECIFIED.,.F.,.U.,(4,4),(0.,1.),.UNSPECIFIED.);
#375=B_SPLINE_CURVE_WITH_KNOTS('',3,(#6811,#6812,#6813,#6814),
 .UNSPECIFIED.,.F.,.U.,(4,4),(0.,1.),.UNSPECIFIED.);
#376=B_SPLINE_CURVE_WITH_KNOTS('',3,(#6816,#6817,#6818,#6819,#6820,#6821,
#6822,#6823,#6824,#6825,#6826,#6827,#6828,#6829,#6830,#6831,#6832,#6833,
#6834),.UNSPECIFIED.,.F.,.U.,(4,1,2,2,2,2,2,2,2,4),(0.,0.124999999999989,
0.187499999999984,0.249999999999979,0.499999999999975,0.562499999999978,
0.62499999999998,0.687499999999983,0.749999999999986,1.),.UNSPECIFIED.);
#377=B_SPLINE_CURVE_WITH_KNOTS('',3,(#6837,#6838,#6839,#6840),
 .UNSPECIFIED.,.F.,.U.,(4,4),(0.672223433749046,1.),.UNSPECIFIED.);
#378=B_SPLINE_CURVE_WITH_KNOTS('',3,(#6842,#6843,#6844,#6845),
 .UNSPECIFIED.,.F.,.U.,(4,4),(0.,1.),.UNSPECIFIED.);
#379=B_SPLINE_CURVE_WITH_KNOTS('',3,(#6849,#6850,#6851,#6852,#6853,#6854,
#6855,#6856,#6857,#6858,#6859,#6860,#6861,#6862,#6863,#6864),
 .UNSPECIFIED.,.F.,.U.,(4,2,2,2,2,2,2,4),(0.,0.124999999999997,0.187499999999997,
0.249999999999997,0.499999999999998,0.624999999999998,0.749999999999999,
1.),.UNSPECIFIED.);
#380=B_SPLINE_CURVE_WITH_KNOTS('',3,(#6866,#6867,#6868,#6869,#6870,#6871,
#6872,#6873,#6874,#6875,#6876,#6877,#6878,#6879,#6880),.UNSPECIFIED.,.F.,
 .U.,(4,1,2,2,2,2,2,4),(0.,0.125000000000003,0.187500000000005,0.250000000000007,
0.500000000000013,0.625000000000016,0.750000000000018,1.),.UNSPECIFIED.);
#381=B_SPLINE_CURVE_WITH_KNOTS('',3,(#6882,#6883,#6884,#6885),
 .UNSPECIFIED.,.F.,.U.,(4,4),(0.,1.),.UNSPECIFIED.);
#382=B_SPLINE_CURVE_WITH_KNOTS('',3,(#6887,#6888,#6889,#6890,#6891,#6892),
 .UNSPECIFIED.,.F.,.U.,(4,2,4),(0.,0.5,1.),.UNSPECIFIED.);
#383=B_SPLINE_CURVE_WITH_KNOTS('',3,(#6894,#6895,#6896,#6897,#6898,#6899,
#6900,#6901,#6902,#6903,#6904,#6905,#6906,#6907,#6908,#6909,#6910,#6911),
 .UNSPECIFIED.,.F.,.U.,(4,2,2,2,2,2,2,2,4),(0.,0.0625000000000077,0.125000000000015,
0.250000000000019,0.500000000000017,0.625000000000016,0.687500000000012,
0.750000000000009,1.),.UNSPECIFIED.);
#384=B_SPLINE_CURVE_WITH_KNOTS('',3,(#6913,#6914,#6915,#6916,#6917,#6918),
 .UNSPECIFIED.,.F.,.U.,(4,2,4),(0.,0.167053172835823,0.334106345671647),
 .UNSPECIFIED.);
#385=B_SPLINE_CURVE_WITH_KNOTS('',3,(#6919,#6920,#6921,#6922,#6923,#6924,
#6925),.UNSPECIFIED.,.F.,.U.,(4,2,1,4),(0.871322355009658,0.903491766257243,
0.935661177504829,1.),.UNSPECIFIED.);
#386=B_SPLINE_CURVE_WITH_KNOTS('',3,(#6933,#6934,#6935,#6936),
 .UNSPECIFIED.,.F.,.U.,(4,4),(0.,0.38765404521943),.UNSPECIFIED.);
#387=B_SPLINE_CURVE_WITH_KNOTS('',3,(#6940,#6941,#6942,#6943,#6944,#6945,
#6946,#6947,#6948),.UNSPECIFIED.,.F.,.U.,(4,1,2,2,4),(0.56227644095592,
0.671707330716935,0.726422775597446,0.781138220477957,1.),.UNSPECIFIED.);
#388=B_SPLINE_CURVE_WITH_KNOTS('',3,(#6956,#6957,#6958,#6959),
 .UNSPECIFIED.,.F.,.U.,(4,4),(0.,0.354957060219918),.UNSPECIFIED.);
#389=B_SPLINE_CURVE_WITH_KNOTS('',3,(#6964,#6965,#6966,#6967,#6968,#6969,
#6970,#6971),.UNSPECIFIED.,.F.,.U.,(4,2,2,4),(0.487059798270278,0.615294848702709,
0.74352989913514,1.),.UNSPECIFIED.);
#390=B_SPLINE_CURVE_WITH_KNOTS('',3,(#6978,#6979,#6980,#6981),
 .UNSPECIFIED.,.F.,.U.,(4,4),(0.160322790697709,1.),.UNSPECIFIED.);
#391=B_SPLINE_CURVE_WITH_KNOTS('',3,(#6989,#6990,#6991,#6992),
 .UNSPECIFIED.,.F.,.U.,(4,4),(0.,0.407202505441606),.UNSPECIFIED.);
#392=B_SPLINE_CURVE_WITH_KNOTS('',3,(#6997,#6998,#6999,#7000),
 .UNSPECIFIED.,.F.,.U.,(4,4),(0.533711316619894,1.),.UNSPECIFIED.);
#393=B_SPLINE_CURVE_WITH_KNOTS('',3,(#7012,#7013,#7014,#7015),
 .UNSPECIFIED.,.F.,.U.,(4,4),(0.672223433749269,1.),.UNSPECIFIED.);
#394=B_SPLINE_CURVE_WITH_KNOTS('',3,(#7017,#7018,#7019,#7020),
 .UNSPECIFIED.,.F.,.U.,(4,4),(0.,1.),.UNSPECIFIED.);
#395=B_SPLINE_CURVE_WITH_KNOTS('',3,(#7024,#7025,#7026,#7027,#7028,#7029,
#7030,#7031,#7032,#7033,#7034,#7035,#7036,#7037,#7038,#7039),
 .UNSPECIFIED.,.F.,.U.,(4,2,2,2,2,2,2,4),(0.,0.125000000000002,0.187500000000003,
0.250000000000004,0.500000000000009,0.625000000000012,0.750000000000015,
1.),.UNSPECIFIED.);
#396=B_SPLINE_CURVE_WITH_KNOTS('',3,(#7041,#7042,#7043,#7044,#7045,#7046,
#7047,#7048,#7049,#7050,#7051,#7052,#7053,#7054,#7055),.UNSPECIFIED.,.F.,
 .U.,(4,1,2,2,2,2,2,4),(0.,0.124999999999962,0.187499999999958,0.249999999999953,
0.499999999999961,0.624999999999965,0.749999999999968,1.),.UNSPECIFIED.);
#397=B_SPLINE_CURVE_WITH_KNOTS('',3,(#7057,#7058,#7059,#7060),
 .UNSPECIFIED.,.F.,.U.,(4,4),(0.,1.),.UNSPECIFIED.);
#398=B_SPLINE_CURVE_WITH_KNOTS('',3,(#7062,#7063,#7064,#7065,#7066,#7067),
 .UNSPECIFIED.,.F.,.U.,(4,2,4),(0.,0.5,1.),.UNSPECIFIED.);
#399=B_SPLINE_CURVE_WITH_KNOTS('',3,(#7069,#7070,#7071,#7072,#7073,#7074,
#7075,#7076,#7077,#7078,#7079,#7080,#7081,#7082,#7083,#7084,#7085,#7086),
 .UNSPECIFIED.,.F.,.U.,(4,2,2,2,2,2,2,2,4),(0.,0.0624999999999969,0.124999999999994,
0.249999999999988,0.499999999999986,0.624999999999989,0.687499999999991,
0.749999999999993,1.),.UNSPECIFIED.);
#400=B_SPLINE_CURVE_WITH_KNOTS('',3,(#7088,#7089,#7090,#7091,#7092,#7093),
 .UNSPECIFIED.,.F.,.U.,(4,2,4),(0.,0.167053172835827,0.334106345671655),
 .UNSPECIFIED.);
#401=B_SPLINE_CURVE_WITH_KNOTS('',3,(#7104,#7105,#7106,#7107,#7108,#7109,
#7110,#7111,#7112,#7113,#7114,#7115,#7116,#7117),.UNSPECIFIED.,.F.,.U.,
(4,2,2,2,2,2,4),(0.000611668789291074,0.000764742181139881,0.000917815572988687,
0.00122396235668631,0.00153010914038393,0.00168318253223274,0.00183625592408155),
 .UNSPECIFIED.);
#402=B_SPLINE_CURVE_WITH_KNOTS('',3,(#7119,#7120,#7121,#7122),
 .UNSPECIFIED.,.F.,.U.,(4,4),(0.536127095472851,1.),.UNSPECIFIED.);
#403=B_SPLINE_CURVE_WITH_KNOTS('',3,(#7124,#7125,#7126,#7127,#7128,#7129,
#7130,#7131),.UNSPECIFIED.,.F.,.U.,(4,2,2,4),(0.,0.250000000000014,0.500000000000028,
1.),.UNSPECIFIED.);
#404=B_SPLINE_CURVE_WITH_KNOTS('',3,(#7133,#7134,#7135,#7136,#7137,#7138,
#7139,#7140,#7141,#7142,#7143),.UNSPECIFIED.,.F.,.U.,(4,2,2,1,2,4),(0.,
0.420702585603587,0.631053878405398,0.736229524806292,0.78881734800674,
0.841405171207187),.UNSPECIFIED.);
#405=B_SPLINE_CURVE_WITH_KNOTS('',3,(#7145,#7146,#7147,#7148,#7149,#7150,
#7151,#7152,#7153,#7154,#7155),.UNSPECIFIED.,.F.,.U.,(4,2,1,2,2,4),(0.38765404521943,
0.464197289566995,0.54074053391456,0.693827022609707,0.846913511304853,
1.),.UNSPECIFIED.);
#406=B_SPLINE_CURVE_WITH_KNOTS('',3,(#7157,#7158,#7159,#7160,#7161,#7162,
#7163,#7164),.UNSPECIFIED.,.F.,.U.,(4,2,2,4),(0.,0.28113822047796,0.42170733071694,
0.56227644095592),.UNSPECIFIED.);
#407=B_SPLINE_CURVE_WITH_KNOTS('',3,(#7166,#7167,#7168,#7169,#7170,#7171),
 .UNSPECIFIED.,.F.,.U.,(4,2,4),(0.,0.243529899135139,0.487059798270278),
 .UNSPECIFIED.);
#408=B_SPLINE_CURVE_WITH_KNOTS('',3,(#7173,#7174,#7175,#7176,#7177,#7178,
#7179,#7180,#7181,#7182),.UNSPECIFIED.,.F.,.U.,(4,2,2,2,4),(0.354957060219918,
0.435587427692428,0.516217795164938,0.677478530109959,1.),.UNSPECIFIED.);
#409=B_SPLINE_CURVE_WITH_KNOTS('',3,(#7196,#7197,#7198,#7199,#7200,#7201,
#7202,#7203,#7204,#7205,#7206,#7207,#7208,#7209),.UNSPECIFIED.,.F.,.U.,
(4,2,2,2,2,2,4),(0.000410606461640961,0.000513420435247835,0.000616234408854709,
0.000821862356068456,0.0010274903032822,0.00113030427688907,0.00123311825049594),
 .UNSPECIFIED.);
#410=B_SPLINE_CURVE_WITH_KNOTS('',3,(#7213,#7214,#7215,#7216,#7217,#7218,
#7219,#7220,#7221,#7222,#7223,#7224,#7225,#7226),.UNSPECIFIED.,.F.,.U.,
(4,2,2,2,2,2,4),(0.000410606461640955,0.000513420435254031,0.000616234408867108,
0.00082186235609325,0.00102749030331939,0.00113030427693246,0.00123311825054553),
 .UNSPECIFIED.);
#411=B_SPLINE_CURVE_WITH_KNOTS('',3,(#7235,#7236,#7237,#7238),
 .UNSPECIFIED.,.F.,.U.,(4,4),(0.,4.81275358306311E-6),.UNSPECIFIED.);
#412=B_SPLINE_CURVE_WITH_KNOTS('',3,(#7243,#7244,#7245,#7246),
 .UNSPECIFIED.,.F.,.U.,(4,4),(8.49578082793839E-18,4.8127535830716E-6),
 .UNSPECIFIED.);
#413=B_SPLINE_CURVE_WITH_KNOTS('',3,(#7255,#7256,#7257,#7258,#7259,#7260,
#7261,#7262,#7263,#7264,#7265,#7266,#7267,#7268),.UNSPECIFIED.,.F.,.U.,
(4,2,2,2,2,2,4),(0.,0.000153134205524884,0.000306268411049768,0.000612536822099535,
0.000918805233149303,0.00107193943867419,0.00122507364419907),
 .UNSPECIFIED.);
#414=B_SPLINE_CURVE_WITH_KNOTS('',3,(#7270,#7271,#7272,#7273),
 .UNSPECIFIED.,.F.,.U.,(4,4),(0.,0.000121739130434783),.UNSPECIFIED.);
#415=B_SPLINE_CURVE_WITH_KNOTS('',3,(#7275,#7276,#7277,#7278,#7279,#7280,
#7281,#7282,#7283,#7284,#7285,#7286),.UNSPECIFIED.,.F.,.U.,(4,2,2,2,2,4),
(0.,0.00030948718929181,0.000618974378583619,0.000928461567875429,0.00108320516252133,
0.00123794875716723),.UNSPECIFIED.);
#416=B_SPLINE_CURVE_WITH_KNOTS('',3,(#7296,#7297,#7298,#7299,#7300,#7301),
 .UNSPECIFIED.,.F.,.U.,(4,2,4),(0.,0.000414468563445405,0.000828937126890811),
 .UNSPECIFIED.);
#417=B_SPLINE_CURVE_WITH_KNOTS('',3,(#7303,#7304,#7305,#7306,#7307,#7308),
 .UNSPECIFIED.,.F.,.U.,(4,2,4),(-8.04986008444355E-6,0.0004105406648654,
0.000829131189815244),.UNSPECIFIED.);
#418=B_SPLINE_CURVE_WITH_KNOTS('',3,(#7347,#7348,#7349,#7350,#7351,#7352,
#7353,#7354,#7355,#7356,#7357,#7358,#7359,#7360,#7361,#7362,#7363,#7364),
 .UNSPECIFIED.,.F.,.U.,(4,2,2,2,2,2,2,2,4),(0.,0.000350754128848379,0.000526131193272569,
0.000613819725484663,0.000701508257696758,0.000789196789908853,0.000876885322120948,
0.00105226238654514,0.00140301651539353),.UNSPECIFIED.);
#419=B_SPLINE_CURVE_WITH_KNOTS('',3,(#7371,#7372,#7373,#7374),
 .UNSPECIFIED.,.F.,.U.,(4,4),(0.,9.61630953307994E-5),.UNSPECIFIED.);
#420=B_SPLINE_CURVE_WITH_KNOTS('',3,(#7382,#7383,#7384,#7385),
 .UNSPECIFIED.,.F.,.U.,(4,4),(0.,9.61630953307994E-5),.UNSPECIFIED.);
#421=B_SPLINE_CURVE_WITH_KNOTS('',3,(#7409,#7410,#7411,#7412,#7413,#7414,
#7415,#7416,#7417,#7418,#7419,#7420,#7421,#7422),.UNSPECIFIED.,.F.,.U.,
(4,2,2,2,2,2,4),(0.00123311825054553,0.00133586952487582,0.0014386207992061,
0.00164412334786668,0.00184962589652725,0.00195237717085753,0.00205512844518782),
 .UNSPECIFIED.);
#422=B_SPLINE_CURVE_WITH_KNOTS('',3,(#7423,#7424,#7425,#7426,#7427,#7428,
#7429,#7430,#7431,#7432,#7433,#7434,#7435,#7436),.UNSPECIFIED.,.F.,.U.,
(4,2,2,2,2,2,4),(0.00123311825054556,0.00133586952487579,0.00143862079920603,
0.00164412334786649,0.00184962589652695,0.00195237717085718,0.00205512844518742),
 .UNSPECIFIED.);
#423=B_SPLINE_CURVE_WITH_KNOTS('',3,(#7444,#7445,#7446,#7447,#7448,#7449,
#7450,#7451,#7452,#7453,#7454,#7455),.UNSPECIFIED.,.F.,.U.,(4,2,2,2,2,4),
(0.,0.133427829154974,0.266855658309947,0.400283487464921,0.466997402042407,
0.533711316619894),.UNSPECIFIED.);
#424=B_SPLINE_CURVE_WITH_KNOTS('',3,(#7457,#7458,#7459,#7460,#7461,#7462,
#7463,#7464,#7465,#7466,#7467,#7468,#7469),.UNSPECIFIED.,.F.,.U.,(4,2,1,
2,2,2,4),(0.407202505441606,0.481302192261402,0.555401879081199,0.703601252720791,
0.851800626360384,0.925900313180192,1.),.UNSPECIFIED.);
#425=B_SPLINE_CURVE_WITH_KNOTS('',3,(#7471,#7472,#7473,#7474),
 .UNSPECIFIED.,.F.,.U.,(4,4),(0.000825469562200315,0.00083221724824952),
 .UNSPECIFIED.);
#426=B_SPLINE_CURVE_WITH_KNOTS('',3,(#7476,#7477,#7478,#7479),
 .UNSPECIFIED.,.F.,.U.,(4,4),(0.000589804992930856,0.000596893375242191),
 .UNSPECIFIED.);
#427=B_SPLINE_CURVE_WITH_KNOTS('',3,(#7480,#7481,#7482,#7483),
 .UNSPECIFIED.,.F.,.U.,(4,4),(0.00158899247885379,0.00159610188565349),
 .UNSPECIFIED.);
#428=B_SPLINE_CURVE_WITH_KNOTS('',3,(#7485,#7486,#7487,#7488),
 .UNSPECIFIED.,.F.,.U.,(4,4),(0.000825469562200315,0.000832217248249497),
 .UNSPECIFIED.);
#429=B_SPLINE_CURVE_WITH_KNOTS('',3,(#7511,#7512,#7513,#7514),
 .UNSPECIFIED.,.F.,.U.,(4,4),(0.,0.0001),.UNSPECIFIED.);
#430=B_SPLINE_CURVE_WITH_KNOTS('',3,(#7535,#7536,#7537,#7538,#7539,#7540,
#7541,#7542,#7543,#7544,#7545,#7546),.UNSPECIFIED.,.F.,.U.,(4,2,2,2,2,4),
(8.13151629364128E-20,0.000131564677909019,0.000263129355818039,0.000526258711636077,
0.000789388067454116,0.00105251742327215),.UNSPECIFIED.);
#431=B_SPLINE_CURVE_WITH_KNOTS('',3,(#7552,#7553,#7554,#7555,#7556,#7557,
#7558,#7559,#7560,#7561,#7562,#7563),.UNSPECIFIED.,.F.,.U.,(4,2,2,2,2,4),
(1.35525271560688E-20,0.000259158348807167,0.000518316697614334,0.000777475046421501,
0.000907054220825088,0.00103663339522868),.UNSPECIFIED.);
#432=B_SPLINE_CURVE_WITH_KNOTS('',1,(#7762,#7763),.UNSPECIFIED.,.F.,.U.,
(2,2),(0.,1.),.UNSPECIFIED.);
#433=B_SPLINE_CURVE_WITH_KNOTS('',1,(#7764,#7765),.UNSPECIFIED.,.F.,.U.,
(2,2),(0.,1.),.UNSPECIFIED.);
#434=B_SPLINE_CURVE_WITH_KNOTS('',1,(#7810,#7811),.UNSPECIFIED.,.F.,.U.,
(2,2),(0.,1.),.UNSPECIFIED.);
#435=B_SPLINE_CURVE_WITH_KNOTS('',3,(#7864,#7865,#7866,#7867,#7868,#7869,
#7870,#7871,#7872,#7873,#7874,#7875,#7876,#7877,#7878,#7879,#7880,#7881,
#7882,#7883),.UNSPECIFIED.,.F.,.U.,(4,2,2,2,2,2,2,2,2,4),(0.333018235558494,
0.374999999993239,0.437499999993915,0.499999999994591,0.749999999997296,
0.812499999997972,0.84374999999831,0.859374999998479,0.874999999998648,
1.),.UNSPECIFIED.);
#436=B_SPLINE_CURVE_WITH_KNOTS('',1,(#7885,#7886),.UNSPECIFIED.,.F.,.U.,
(2,2),(0.,1.),.UNSPECIFIED.);
#437=B_SPLINE_CURVE_WITH_KNOTS('',3,(#7935,#7936,#7937,#7938,#7939,#7940,
#7941,#7942,#7943,#7944,#7945,#7946,#7947,#7948,#7949,#7950),
 .UNSPECIFIED.,.F.,.U.,(4,2,2,2,2,2,2,4),(0.,0.125,0.1875,0.25,0.375,0.5,
0.625,0.672172169532476),.UNSPECIFIED.);
#438=B_SPLINE_CURVE_WITH_KNOTS('',1,(#7951,#7952),.UNSPECIFIED.,.F.,.U.,
(2,2),(0.,1.),.UNSPECIFIED.);
#439=B_SPLINE_CURVE_WITH_KNOTS('',3,(#7961,#7962,#7963,#7964),
 .UNSPECIFIED.,.F.,.U.,(4,4),(0.,1.),.UNSPECIFIED.);
#440=B_SPLINE_CURVE_WITH_KNOTS('',1,(#7966,#7967),.UNSPECIFIED.,.F.,.U.,
(2,2),(0.,1.),.UNSPECIFIED.);
#441=B_SPLINE_CURVE_WITH_KNOTS('',1,(#8012,#8013),.UNSPECIFIED.,.F.,.U.,
(2,2),(0.,1.),.UNSPECIFIED.);
#442=B_SPLINE_CURVE_WITH_KNOTS('',1,(#8054,#8055),.UNSPECIFIED.,.F.,.U.,
(2,2),(0.,1.),.UNSPECIFIED.);
#443=B_SPLINE_CURVE_WITH_KNOTS('',3,(#8057,#8058,#8059,#8060),
 .UNSPECIFIED.,.F.,.U.,(4,4),(0.81421819495179,1.),.UNSPECIFIED.);
#444=B_SPLINE_CURVE_WITH_KNOTS('',3,(#8062,#8063,#8064,#8065,#8066,#8067,
#8068,#8069,#8070,#8071,#8072,#8073,#8074,#8075,#8076,#8077),
 .UNSPECIFIED.,.F.,.U.,(4,2,2,2,2,2,2,4),(0.,0.124999999999914,0.18749999999987,
0.249999999999827,0.374999999999741,0.499999999999654,0.624999999999568,
0.650665054639707),.UNSPECIFIED.);
#445=B_SPLINE_CURVE_WITH_KNOTS('',3,(#8079,#8080,#8081,#8082,#8083,#8084,
#8085,#8086),.UNSPECIFIED.,.F.,.U.,(4,2,2,4),(0.,0.25,0.5,1.),
 .UNSPECIFIED.);
#446=B_SPLINE_CURVE_WITH_KNOTS('',3,(#8119,#8120,#8121,#8122),
 .UNSPECIFIED.,.F.,.U.,(4,4),(0.,1.),.UNSPECIFIED.);
#447=B_SPLINE_CURVE_WITH_KNOTS('',1,(#8123,#8124),.UNSPECIFIED.,.F.,.U.,
(2,2),(0.,1.),.UNSPECIFIED.);
#448=B_SPLINE_CURVE_WITH_KNOTS('',3,(#8126,#8127,#8128,#8129),
 .UNSPECIFIED.,.F.,.U.,(4,4),(0.813478209520633,1.),.UNSPECIFIED.);
#449=B_SPLINE_CURVE_WITH_KNOTS('',1,(#8146,#8147),.UNSPECIFIED.,.F.,.U.,
(2,2),(0.,1.),.UNSPECIFIED.);
#450=B_SPLINE_CURVE_WITH_KNOTS('',3,(#8149,#8150,#8151,#8152,#8153,#8154),
 .UNSPECIFIED.,.F.,.U.,(4,2,4),(0.,0.5,1.),.UNSPECIFIED.);
#451=B_SPLINE_CURVE_WITH_KNOTS('',1,(#8191,#8192),.UNSPECIFIED.,.F.,.U.,
(2,2),(0.,1.),.UNSPECIFIED.);
#452=B_SPLINE_CURVE_WITH_KNOTS('',3,(#8193,#8194,#8195,#8196,#8197,#8198),
 .UNSPECIFIED.,.F.,.U.,(4,2,4),(0.,0.324951128517157,0.649902257034315),
 .UNSPECIFIED.);
#453=B_SPLINE_CURVE_WITH_KNOTS('',1,(#8241,#8242),.UNSPECIFIED.,.F.,.U.,
(2,2),(0.,1.),.UNSPECIFIED.);
#454=B_SPLINE_CURVE_WITH_KNOTS('',3,(#8283,#8284,#8285,#8286,#8287,#8288,
#8289,#8290,#8291,#8292,#8293,#8294,#8295,#8296,#8297,#8298,#8299,#8300,
#8301,#8302),.UNSPECIFIED.,.F.,.U.,(4,2,2,2,2,2,2,2,2,4),(0.,0.125,0.1875,
0.25,0.5,0.625,0.6875,0.71875,0.75,1.),.UNSPECIFIED.);
#455=B_SPLINE_CURVE_WITH_KNOTS('',1,(#8304,#8305),.UNSPECIFIED.,.F.,.U.,
(2,2),(0.,1.),.UNSPECIFIED.);
#456=B_SPLINE_CURVE_WITH_KNOTS('',3,(#8334,#8335,#8336,#8337,#8338,#8339,
#8340,#8341,#8342,#8343,#8344,#8345,#8346,#8347),.UNSPECIFIED.,.F.,.U.,
(4,2,2,2,2,2,4),(0.,0.125,0.1875,0.25,0.5,0.75,1.),.UNSPECIFIED.);
#457=B_SPLINE_CURVE_WITH_KNOTS('',1,(#8349,#8350),.UNSPECIFIED.,.F.,.U.,
(2,2),(0.,1.),.UNSPECIFIED.);
#458=B_SPLINE_CURVE_WITH_KNOTS('',3,(#8363,#8364,#8365,#8366),
 .UNSPECIFIED.,.F.,.U.,(4,4),(0.,0.170701728282416),.UNSPECIFIED.);
#459=B_SPLINE_CURVE_WITH_KNOTS('',3,(#8367,#8368,#8369,#8370),
 .UNSPECIFIED.,.F.,.U.,(4,4),(0.,1.),.UNSPECIFIED.);
#460=B_SPLINE_CURVE_WITH_KNOTS('',1,(#8376,#8377),.UNSPECIFIED.,.F.,.U.,
(2,2),(0.,1.),.UNSPECIFIED.);
#461=B_SPLINE_CURVE_WITH_KNOTS('',3,(#8414,#8415,#8416,#8417,#8418,#8419,
#8420,#8421,#8422,#8423,#8424,#8425),.UNSPECIFIED.,.F.,.U.,(4,2,2,2,2,4),
(0.407175759177569,0.437499999964656,0.499999999968583,0.749999999984292,
0.874999999992146,1.),.UNSPECIFIED.);
#462=B_SPLINE_CURVE_WITH_KNOTS('',1,(#8427,#8428),.UNSPECIFIED.,.F.,.U.,
(2,2),(0.,1.),.UNSPECIFIED.);
#463=B_SPLINE_CURVE_WITH_KNOTS('',3,(#8477,#8478,#8479,#8480,#8481,#8482,
#8483,#8484,#8485,#8486,#8487,#8488,#8489,#8490,#8491,#8492,#8493,#8494),
 .UNSPECIFIED.,.F.,.U.,(4,2,2,2,2,2,2,2,4),(0.,0.125000000000002,0.187500000000003,
0.218750000000004,0.250000000000004,0.375000000000006,0.500000000000008,
0.531250000000009,0.533543085725007),.UNSPECIFIED.);
#464=B_SPLINE_CURVE_WITH_KNOTS('',3,(#8495,#8496,#8497,#8498),
 .UNSPECIFIED.,.F.,.U.,(4,4),(0.,1.),.UNSPECIFIED.);
#465=B_SPLINE_CURVE_WITH_KNOTS('',1,(#8515,#8516),.UNSPECIFIED.,.F.,.U.,
(2,2),(0.,1.),.UNSPECIFIED.);
#466=B_SPLINE_CURVE_WITH_KNOTS('',3,(#8549,#8550,#8551,#8552,#8553,#8554,
#8555,#8556,#8557,#8558,#8559,#8560,#8561,#8562,#8563,#8564),
 .UNSPECIFIED.,.F.,.U.,(4,2,2,2,2,2,2,4),(0.,0.25,0.375,0.5,0.625,0.6875,
0.75,1.),.UNSPECIFIED.);
#467=B_SPLINE_CURVE_WITH_KNOTS('',1,(#8566,#8567),.UNSPECIFIED.,.F.,.U.,
(2,2),(0.,1.),.UNSPECIFIED.);
#468=B_SPLINE_CURVE_WITH_KNOTS('',3,(#8608,#8609,#8610,#8611,#8612,#8613,
#8614,#8615,#8616,#8617,#8618,#8619,#8620,#8621,#8622,#8623,#8624,#8625,
#8626,#8627),.UNSPECIFIED.,.F.,.U.,(4,2,2,2,2,2,2,2,2,4),(0.,0.125,0.1875,
0.21875,0.25,0.5,0.625,0.6875,0.75,1.),.UNSPECIFIED.);
#469=B_SPLINE_CURVE_WITH_KNOTS('',1,(#8629,#8630),.UNSPECIFIED.,.F.,.U.,
(2,2),(0.,1.),.UNSPECIFIED.);
#470=B_SPLINE_CURVE_WITH_KNOTS('',3,(#8663,#8664,#8665,#8666,#8667,#8668,
#8669,#8670,#8671,#8672,#8673,#8674,#8675,#8676,#8677,#8678),
 .UNSPECIFIED.,.F.,.U.,(4,2,2,2,2,2,2,4),(0.,0.25,0.375,0.5,0.625,0.6875,
0.75,1.),.UNSPECIFIED.);
#471=B_SPLINE_CURVE_WITH_KNOTS('',1,(#8680,#8681),.UNSPECIFIED.,.F.,.U.,
(2,2),(0.,1.),.UNSPECIFIED.);
#472=B_SPLINE_CURVE_WITH_KNOTS('',3,(#8734,#8735,#8736,#8737,#8738,#8739,
#8740,#8741,#8742,#8743,#8744,#8745,#8746,#8747,#8748,#8749,#8750,#8751,
#8752,#8753,#8754,#8755,#8756,#8757),.UNSPECIFIED.,.F.,.U.,(4,2,2,2,2,2,
2,2,2,2,2,4),(0.,0.125,0.1875,0.21875,0.25,0.375,0.4375,0.5,0.749999999999999,
0.812499999999999,0.843749999999999,0.871197587838977),.UNSPECIFIED.);
#473=B_SPLINE_CURVE_WITH_KNOTS('',3,(#8758,#8759,#8760,#8761),
 .UNSPECIFIED.,.F.,.U.,(4,4),(0.,1.),.UNSPECIFIED.);
#474=B_SPLINE_CURVE_WITH_KNOTS('',1,(#8767,#8768),.UNSPECIFIED.,.F.,.U.,
(2,2),(0.,1.),.UNSPECIFIED.);
#475=B_SPLINE_CURVE_WITH_KNOTS('',3,(#8801,#8802,#8803,#8804,#8805,#8806,
#8807,#8808,#8809,#8810,#8811,#8812),.UNSPECIFIED.,.F.,.U.,(4,2,2,2,2,4),
(0.387613156649391,0.437499999934367,0.499999999941659,0.74999999997083,
0.874999999985415,1.),.UNSPECIFIED.);
#476=B_SPLINE_CURVE_WITH_KNOTS('',1,(#8814,#8815),.UNSPECIFIED.,.F.,.U.,
(2,2),(0.,1.),.UNSPECIFIED.);
#477=B_SPLINE_CURVE_WITH_KNOTS('',3,(#8848,#8849,#8850,#8851,#8852,#8853),
 .UNSPECIFIED.,.F.,.U.,(4,2,4),(0.,0.500000000000001,0.563744678025615),
 .UNSPECIFIED.);
#478=B_SPLINE_CURVE_WITH_KNOTS('',3,(#8854,#8855,#8856,#8857),
 .UNSPECIFIED.,.F.,.U.,(4,4),(0.,1.),.UNSPECIFIED.);
#479=B_SPLINE_CURVE_WITH_KNOTS('',1,(#8863,#8864),.UNSPECIFIED.,.F.,.U.,
(2,2),(0.,1.),.UNSPECIFIED.);
#480=B_SPLINE_CURVE_WITH_KNOTS('',3,(#8885,#8886,#8887,#8888,#8889,#8890,
#8891,#8892),.UNSPECIFIED.,.F.,.U.,(4,2,2,4),(0.352796580961064,0.37499999999721,
0.499999999997768,1.),.UNSPECIFIED.);
#481=B_SPLINE_CURVE_WITH_KNOTS('',1,(#8894,#8895),.UNSPECIFIED.,.F.,.U.,
(2,2),(0.,1.),.UNSPECIFIED.);
#482=B_SPLINE_CURVE_WITH_KNOTS('',3,(#8928,#8929,#8930,#8931,#8932,#8933,
#8934,#8935,#8936,#8937,#8938,#8939,#8940,#8941),.UNSPECIFIED.,.F.,.U.,
(4,2,2,2,2,2,4),(0.,0.125000000004698,0.250000000009396,0.375000000014094,
0.437500000016443,0.468750000017617,0.485165004096498),.UNSPECIFIED.);
#483=B_SPLINE_CURVE_WITH_KNOTS('',3,(#8942,#8943,#8944,#8945),
 .UNSPECIFIED.,.F.,.U.,(4,4),(0.,1.),.UNSPECIFIED.);
#484=B_SPLINE_CURVE_WITH_KNOTS('',1,(#8965,#8966),.UNSPECIFIED.,.F.,.U.,
(2,2),(0.,1.),.UNSPECIFIED.);
#485=B_SPLINE_CURVE_WITH_KNOTS('',1,(#8967,#8968),.UNSPECIFIED.,.F.,.U.,
(2,2),(0.,1.),.UNSPECIFIED.);
#486=B_SPLINE_CURVE_WITH_KNOTS('',1,(#9013,#9014),.UNSPECIFIED.,.F.,.U.,
(2,2),(0.,1.),.UNSPECIFIED.);
#487=B_SPLINE_CURVE_WITH_KNOTS('',3,(#9067,#9068,#9069,#9070,#9071,#9072,
#9073,#9074,#9075,#9076,#9077,#9078,#9079,#9080,#9081,#9082,#9083,#9084,
#9085,#9086),.UNSPECIFIED.,.F.,.U.,(4,2,2,2,2,2,2,2,2,4),(0.333018235561322,
0.37499999999324,0.437499999993916,0.499999999994592,0.749999999997296,
0.812499999997972,0.84374999999831,0.859374999998479,0.874999999998648,
1.),.UNSPECIFIED.);
#488=B_SPLINE_CURVE_WITH_KNOTS('',1,(#9088,#9089),.UNSPECIFIED.,.F.,.U.,
(2,2),(0.,1.),.UNSPECIFIED.);
#489=B_SPLINE_CURVE_WITH_KNOTS('',3,(#9138,#9139,#9140,#9141,#9142,#9143,
#9144,#9145,#9146,#9147,#9148,#9149,#9150,#9151,#9152,#9153),
 .UNSPECIFIED.,.F.,.U.,(4,2,2,2,2,2,2,4),(0.,0.125,0.1875,0.25,0.375,0.500000000000001,
0.625000000000001,0.672172169536396),.UNSPECIFIED.);
#490=B_SPLINE_CURVE_WITH_KNOTS('',1,(#9154,#9155),.UNSPECIFIED.,.F.,.U.,
(2,2),(0.,1.),.UNSPECIFIED.);
#491=B_SPLINE_CURVE_WITH_KNOTS('',3,(#9164,#9165,#9166,#9167),
 .UNSPECIFIED.,.F.,.U.,(4,4),(0.,1.),.UNSPECIFIED.);
#492=B_SPLINE_CURVE_WITH_KNOTS('',1,(#9169,#9170),.UNSPECIFIED.,.F.,.U.,
(2,2),(0.,1.),.UNSPECIFIED.);
#493=B_SPLINE_CURVE_WITH_KNOTS('',1,(#9215,#9216),.UNSPECIFIED.,.F.,.U.,
(2,2),(0.,1.),.UNSPECIFIED.);
#494=B_SPLINE_CURVE_WITH_KNOTS('',1,(#9257,#9258),.UNSPECIFIED.,.F.,.U.,
(2,2),(0.,1.),.UNSPECIFIED.);
#495=B_SPLINE_CURVE_WITH_KNOTS('',3,(#9260,#9261,#9262,#9263),
 .UNSPECIFIED.,.F.,.U.,(4,4),(0.814218194965513,1.),.UNSPECIFIED.);
#496=B_SPLINE_CURVE_WITH_KNOTS('',3,(#9265,#9266,#9267,#9268,#9269,#9270,
#9271,#9272,#9273,#9274,#9275,#9276,#9277,#9278,#9279,#9280),
 .UNSPECIFIED.,.F.,.U.,(4,2,2,2,2,2,2,4),(0.,0.124999999999915,0.187499999999872,
0.249999999999829,0.374999999999744,0.499999999999659,0.624999999999574,
0.650665054630082),.UNSPECIFIED.);
#497=B_SPLINE_CURVE_WITH_KNOTS('',3,(#9282,#9283,#9284,#9285,#9286,#9287,
#9288,#9289),.UNSPECIFIED.,.F.,.U.,(4,2,2,4),(0.,0.25,0.5,1.),
 .UNSPECIFIED.);
#498=B_SPLINE_CURVE_WITH_KNOTS('',3,(#9322,#9323,#9324,#9325),
 .UNSPECIFIED.,.F.,.U.,(4,4),(0.,1.),.UNSPECIFIED.);
#499=B_SPLINE_CURVE_WITH_KNOTS('',1,(#9326,#9327),.UNSPECIFIED.,.F.,.U.,
(2,2),(0.,1.),.UNSPECIFIED.);
#500=B_SPLINE_CURVE_WITH_KNOTS('',3,(#9329,#9330,#9331,#9332),
 .UNSPECIFIED.,.F.,.U.,(4,4),(0.813478209520614,1.),.UNSPECIFIED.);
#501=B_SPLINE_CURVE_WITH_KNOTS('',1,(#9349,#9350),.UNSPECIFIED.,.F.,.U.,
(2,2),(0.,1.),.UNSPECIFIED.);
#502=B_SPLINE_CURVE_WITH_KNOTS('',3,(#9352,#9353,#9354,#9355,#9356,#9357),
 .UNSPECIFIED.,.F.,.U.,(4,2,4),(0.,0.5,1.),.UNSPECIFIED.);
#503=B_SPLINE_CURVE_WITH_KNOTS('',1,(#9394,#9395),.UNSPECIFIED.,.F.,.U.,
(2,2),(0.,1.),.UNSPECIFIED.);
#504=B_SPLINE_CURVE_WITH_KNOTS('',3,(#9396,#9397,#9398,#9399,#9400,#9401),
 .UNSPECIFIED.,.F.,.U.,(4,2,4),(0.,0.32495112851715,0.649902257034301),
 .UNSPECIFIED.);
#505=B_SPLINE_CURVE_WITH_KNOTS('',1,(#9412,#9413),.UNSPECIFIED.,.F.,.U.,
(2,2),(0.,1.),.UNSPECIFIED.);
#506=B_SPLINE_CURVE_WITH_KNOTS('',1,(#9414,#9415),.UNSPECIFIED.,.F.,.U.,
(2,2),(0.,1.),.UNSPECIFIED.);
#507=B_SPLINE_CURVE_WITH_KNOTS('',3,(#9464,#9465,#9466,#9467),
 .UNSPECIFIED.,.F.,.U.,(4,4),(0.,1.),.UNSPECIFIED.);
#508=B_SPLINE_CURVE_WITH_KNOTS('',1,(#9487,#9488),.UNSPECIFIED.,.F.,.U.,
(2,2),(0.,1.),.UNSPECIFIED.);
#509=B_SPLINE_CURVE_WITH_KNOTS('',3,(#9497,#9498,#9499,#9500),
 .UNSPECIFIED.,.F.,.U.,(4,4),(0.,1.),.UNSPECIFIED.);
#510=B_SPLINE_CURVE_WITH_KNOTS('',3,(#9502,#9503,#9504,#9505),
 .UNSPECIFIED.,.F.,.U.,(4,4),(0.,1.),.UNSPECIFIED.);
#511=B_SPLINE_CURVE_WITH_KNOTS('',1,(#9524,#9525),.UNSPECIFIED.,.F.,.U.,
(2,2),(0.,1.),.UNSPECIFIED.);
#512=B_SPLINE_CURVE_WITH_KNOTS('',1,(#9566,#9567),.UNSPECIFIED.,.F.,.U.,
(2,2),(0.,1.),.UNSPECIFIED.);
#513=B_SPLINE_CURVE_WITH_KNOTS('',1,(#9576,#9577),.UNSPECIFIED.,.F.,.U.,
(2,2),(0.,1.),.UNSPECIFIED.);
#514=B_SPLINE_CURVE_WITH_KNOTS('',1,(#9631,#9632),.UNSPECIFIED.,.F.,.U.,
(2,2),(0.,1.),.UNSPECIFIED.);
#515=B_SPLINE_CURVE_WITH_KNOTS('',1,(#9633,#9634),.UNSPECIFIED.,.F.,.U.,
(2,2),(0.,1.),.UNSPECIFIED.);
#516=B_SPLINE_CURVE_WITH_KNOTS('',1,(#9655,#9656),.UNSPECIFIED.,.F.,.U.,
(2,2),(0.,1.),.UNSPECIFIED.);
#517=B_SPLINE_CURVE_WITH_KNOTS('',1,(#9665,#9666),.UNSPECIFIED.,.F.,.U.,
(2,2),(0.,1.),.UNSPECIFIED.);
#518=B_SPLINE_CURVE_WITH_KNOTS('',1,(#9695,#9696),.UNSPECIFIED.,.F.,.U.,
(2,2),(0.,1.),.UNSPECIFIED.);
#519=B_SPLINE_CURVE_WITH_KNOTS('',1,(#9705,#9706),.UNSPECIFIED.,.F.,.U.,
(2,2),(0.,1.),.UNSPECIFIED.);
#520=B_SPLINE_CURVE_WITH_KNOTS('',3,(#9727,#9728,#9729,#9730),
 .UNSPECIFIED.,.F.,.U.,(4,4),(0.535457322314308,1.),.UNSPECIFIED.);
#521=B_SPLINE_CURVE_WITH_KNOTS('',1,(#9732,#9733),.UNSPECIFIED.,.F.,.U.,
(2,2),(0.,1.),.UNSPECIFIED.);
#522=B_SPLINE_CURVE_WITH_KNOTS('',3,(#9754,#9755,#9756,#9757,#9758,#9759,
#9760,#9761,#9762,#9763),.UNSPECIFIED.,.F.,.U.,(4,2,2,2,4),(0.,0.25,0.375,
0.5,1.),.UNSPECIFIED.);
#523=B_SPLINE_CURVE_WITH_KNOTS('',1,(#9765,#9766),.UNSPECIFIED.,.F.,.U.,
(2,2),(0.,1.),.UNSPECIFIED.);
#524=B_SPLINE_CURVE_WITH_KNOTS('',3,(#9807,#9808,#9809,#9810,#9811,#9812,
#9813,#9814,#9815,#9816,#9817,#9818,#9819,#9820,#9821,#9822),
 .UNSPECIFIED.,.F.,.U.,(4,2,2,2,2,2,2,4),(0.,0.250000000000756,0.375000000001134,
0.437500000001323,0.500000000001512,0.750000000002269,0.812500000002458,
0.841118062514034),.UNSPECIFIED.);
#525=B_SPLINE_CURVE_WITH_KNOTS('',1,(#9823,#9824),.UNSPECIFIED.,.F.,.U.,
(2,2),(0.,1.),.UNSPECIFIED.);
#526=B_SPLINE_CURVE_WITH_KNOTS('',1,(#9833,#9834),.UNSPECIFIED.,.F.,.U.,
(2,2),(0.,1.),.UNSPECIFIED.);
#527=B_SPLINE_CURVE_WITH_KNOTS('',3,(#9875,#9876,#9877,#9878,#9879,#9880,
#9881,#9882,#9883,#9884,#9885,#9886,#9887,#9888,#9889,#9890,#9891,#9892,
#9893,#9894),.UNSPECIFIED.,.F.,.U.,(4,2,2,2,2,2,2,2,2,4),(0.0517879114361378,
0.0625000000000008,0.125000000000001,0.250000000000001,0.5,0.625,0.75,0.8125,
0.875,1.),.UNSPECIFIED.);
#528=B_SPLINE_CURVE_WITH_KNOTS('',1,(#9896,#9897),.UNSPECIFIED.,.F.,.U.,
(2,2),(0.,1.),.UNSPECIFIED.);
#529=B_SPLINE_CURVE_WITH_KNOTS('',3,(#9942,#9943,#9944,#9945,#9946,#9947,
#9948,#9949,#9950,#9951,#9952,#9953,#9954,#9955,#9956,#9957,#9958,#9959,
#9960,#9961,#9962,#9963),.UNSPECIFIED.,.F.,.U.,(4,2,2,2,2,2,2,2,2,2,4),
(0.,0.125,0.1875,0.21875,0.25,0.375,0.4375,0.46875,0.5,0.75,1.),
 .UNSPECIFIED.);
#530=B_SPLINE_CURVE_WITH_KNOTS('',1,(#9965,#9966),.UNSPECIFIED.,.F.,.U.,
(2,2),(0.,1.),.UNSPECIFIED.);
#531=B_SPLINE_CURVE_WITH_KNOTS('',3,(#9975,#9976,#9977,#9978),
 .UNSPECIFIED.,.F.,.U.,(4,4),(0.,0.327147201556232),.UNSPECIFIED.);
#532=B_SPLINE_CURVE_WITH_KNOTS('',3,(#9979,#9980,#9981,#9982),
 .UNSPECIFIED.,.F.,.U.,(4,4),(0.,1.),.UNSPECIFIED.);
#533=B_SPLINE_CURVE_WITH_KNOTS('',1,(#9984,#9985),.UNSPECIFIED.,.F.,.U.,
(2,2),(0.,1.),.UNSPECIFIED.);
#534=B_SPLINE_CURVE_WITH_KNOTS('',3,(#10030,#10031,#10032,#10033),
 .UNSPECIFIED.,.F.,.U.,(4,4),(0.,1.),.UNSPECIFIED.);
#535=B_SPLINE_CURVE_WITH_KNOTS('',1,(#10035,#10036),.UNSPECIFIED.,.F.,.U.,
(2,2),(0.,1.),.UNSPECIFIED.);
#536=B_SPLINE_CURVE_WITH_KNOTS('',1,(#10045,#10046),.UNSPECIFIED.,.F.,.U.,
(2,2),(0.,1.),.UNSPECIFIED.);
#537=B_SPLINE_CURVE_WITH_KNOTS('',1,(#10104,#10105),.UNSPECIFIED.,.F.,.U.,
(2,2),(0.,1.),.UNSPECIFIED.);
#538=B_SPLINE_CURVE_WITH_KNOTS('',1,(#10107,#10108),.UNSPECIFIED.,.F.,.U.,
(2,2),(0.,1.),.UNSPECIFIED.);
#539=B_SPLINE_CURVE_WITH_KNOTS('',3,(#10110,#10111,#10112,#10113,#10114,
#10115,#10116,#10117,#10118,#10119),.UNSPECIFIED.,.F.,.U.,(4,1,1,2,2,4),
(0.,0.250000000000023,0.375000000000019,0.437500000000017,0.500000000000016,
1.),.UNSPECIFIED.);
#540=B_SPLINE_CURVE_WITH_KNOTS('',1,(#10140,#10141),.UNSPECIFIED.,.F.,.U.,
(2,2),(0.,1.),.UNSPECIFIED.);
#541=B_SPLINE_CURVE_WITH_KNOTS('',3,(#10143,#10144,#10145,#10146,#10147,
#10148,#10149,#10150,#10151,#10152,#10153,#10154),.UNSPECIFIED.,.F.,.U.,
(4,2,2,2,2,4),(0.,0.250000000000005,0.500000000000011,0.624999999999997,
0.749999999999984,1.),.UNSPECIFIED.);
#542=B_SPLINE_CURVE_WITH_KNOTS('',1,(#10163,#10164),.UNSPECIFIED.,.F.,.U.,
(2,2),(0.,1.),.UNSPECIFIED.);
#543=B_SPLINE_CURVE_WITH_KNOTS('',3,(#10166,#10167,#10168,#10169),
 .UNSPECIFIED.,.F.,.U.,(4,4),(0.,1.),.UNSPECIFIED.);
#544=B_SPLINE_CURVE_WITH_KNOTS('',1,(#10190,#10191),.UNSPECIFIED.,.F.,.U.,
(2,2),(0.,1.),.UNSPECIFIED.);
#545=B_SPLINE_CURVE_WITH_KNOTS('',3,(#10193,#10194,#10195,#10196,#10197,
#10198,#10199,#10200),.UNSPECIFIED.,.F.,.U.,(4,2,2,4),(0.,0.25,0.5,1.),
 .UNSPECIFIED.);
#546=B_SPLINE_CURVE_WITH_KNOTS('',1,(#10209,#10210),.UNSPECIFIED.,.F.,.U.,
(2,2),(0.,1.),.UNSPECIFIED.);
#547=B_SPLINE_CURVE_WITH_KNOTS('',3,(#10212,#10213,#10214,#10215),
 .UNSPECIFIED.,.F.,.U.,(4,4),(0.,1.),.UNSPECIFIED.);
#548=B_SPLINE_CURVE_WITH_KNOTS('',3,(#10224,#10225,#10226,#10227),
 .UNSPECIFIED.,.F.,.U.,(4,4),(0.,1.),.UNSPECIFIED.);
#549=VECTOR('',#4589,1.);
#550=VECTOR('',#4592,1.);
#551=VECTOR('',#4597,1.);
#552=VECTOR('',#4600,1.);
#553=VECTOR('',#4605,1.);
#554=VECTOR('',#4606,1.);
#555=VECTOR('',#4609,1.);
#556=VECTOR('',#4614,1.);
#557=VECTOR('',#4619,1.);
#558=VECTOR('',#4620,1.);
#559=VECTOR('',#4623,1.);
#560=VECTOR('',#4624,1.);
#561=VECTOR('',#4625,1.);
#562=VECTOR('',#4626,1.);
#563=VECTOR('',#4631,1.);
#564=VECTOR('',#4634,1.);
#565=VECTOR('',#4639,1.);
#566=VECTOR('',#4642,1.);
#567=VECTOR('',#4645,1.);
#568=VECTOR('',#4648,1.);
#569=VECTOR('',#4653,1.);
#570=VECTOR('',#4656,1.);
#571=VECTOR('',#4661,1.);
#572=VECTOR('',#4664,1.);
#573=VECTOR('',#4671,1.);
#574=VECTOR('',#4674,1.);
#575=VECTOR('',#4677,1.);
#576=VECTOR('',#4678,1.);
#577=VECTOR('',#4681,1.);
#578=VECTOR('',#4682,1.);
#579=VECTOR('',#4683,1.);
#580=VECTOR('',#4684,1.);
#581=VECTOR('',#4689,1.);
#582=VECTOR('',#4692,1.);
#583=VECTOR('',#4695,1.);
#584=VECTOR('',#4748,1.);
#585=VECTOR('',#4751,1.);
#586=VECTOR('',#4763,1.);
#587=VECTOR('',#4766,1.);
#588=VECTOR('',#4777,1.);
#589=VECTOR('',#4780,1.);
#590=VECTOR('',#4789,1.);
#591=VECTOR('',#4792,1.);
#592=VECTOR('',#4793,1.);
#593=VECTOR('',#4794,1.);
#594=VECTOR('',#4797,1.);
#595=VECTOR('',#4800,1.);
#596=VECTOR('',#4803,1.);
#597=VECTOR('',#4806,1.);
#598=VECTOR('',#4809,1.);
#599=VECTOR('',#4810,1.);
#600=VECTOR('',#4813,1.);
#601=VECTOR('',#4816,1.);
#602=VECTOR('',#4819,1.);
#603=VECTOR('',#4822,1.);
#604=VECTOR('',#4825,1.);
#605=VECTOR('',#4828,1.);
#606=VECTOR('',#4829,1.);
#607=VECTOR('',#4832,1.);
#608=VECTOR('',#4835,1.);
#609=VECTOR('',#4840,1.);
#610=VECTOR('',#4843,1.);
#611=VECTOR('',#4846,1.);
#612=VECTOR('',#4847,1.);
#613=VECTOR('',#4850,1.);
#614=VECTOR('',#4853,1.);
#615=VECTOR('',#4856,1.);
#616=VECTOR('',#4859,1.);
#617=VECTOR('',#4860,1.);
#618=VECTOR('',#4867,1.);
#619=VECTOR('',#4872,1.);
#620=VECTOR('',#4877,1.);
#621=VECTOR('',#4878,1.);
#622=VECTOR('',#4883,1.);
#623=VECTOR('',#4886,1.);
#624=VECTOR('',#4889,1.);
#625=VECTOR('',#4892,1.);
#626=VECTOR('',#4895,1.);
#627=VECTOR('',#4898,1.);
#628=VECTOR('',#4903,1.);
#629=VECTOR('',#4906,1.);
#630=VECTOR('',#4909,1.);
#631=VECTOR('',#4914,1.);
#632=VECTOR('',#4917,1.);
#633=VECTOR('',#4920,1.);
#634=VECTOR('',#4923,1.);
#635=VECTOR('',#4943,1.);
#636=VECTOR('',#4946,1.);
#637=VECTOR('',#4949,1.);
#638=VECTOR('',#4950,1.);
#639=VECTOR('',#4951,1.);
#640=VECTOR('',#4952,1.);
#641=VECTOR('',#4957,1.);
#642=VECTOR('',#4958,1.);
#643=VECTOR('',#4959,1.);
#644=VECTOR('',#4960,1.);
#645=VECTOR('',#4961,1.);
#646=VECTOR('',#4962,1.);
#647=VECTOR('',#4965,1.);
#648=VECTOR('',#4966,1.);
#649=VECTOR('',#4969,1.);
#650=VECTOR('',#4970,1.);
#651=VECTOR('',#4971,1.);
#652=VECTOR('',#4972,1.);
#653=VECTOR('',#4973,1.);
#654=VECTOR('',#4974,1.);
#655=VECTOR('',#4983,1.);
#656=VECTOR('',#4985,1.);
#657=VECTOR('',#4994,1.);
#658=VECTOR('',#4999,1.);
#659=VECTOR('',#5000,1.);
#660=VECTOR('',#5003,1.);
#661=VECTOR('',#5006,1.);
#662=VECTOR('',#5013,1.);
#663=VECTOR('',#5014,1.);
#664=VECTOR('',#5017,1.);
#665=VECTOR('',#5018,1.);
#666=VECTOR('',#5026,1.);
#667=VECTOR('',#5031,1.);
#668=VECTOR('',#5034,1.);
#669=VECTOR('',#5058,1.);
#670=VECTOR('',#5094,1.);
#671=VECTOR('',#5096,1.);
#672=VECTOR('',#5099,1.);
#673=VECTOR('',#5103,1.);
#674=VECTOR('',#5104,1.);
#675=VECTOR('',#5106,1.);
#676=VECTOR('',#5107,1.);
#677=VECTOR('',#5137,1.);
#678=VECTOR('',#5138,1.);
#679=VECTOR('',#5140,1.);
#680=VECTOR('',#5141,1.);
#681=VECTOR('',#5146,1.);
#682=VECTOR('',#5148,1.);
#683=VECTOR('',#5150,1.);
#684=VECTOR('',#5153,1.);
#685=VECTOR('',#5154,1.);
#686=VECTOR('',#5155,1.);
#687=VECTOR('',#5156,1.);
#688=VECTOR('',#5157,1.);
#689=VECTOR('',#5158,1.);
#690=VECTOR('',#5160,1.);
#691=VECTOR('',#5162,1.);
#692=VECTOR('',#5174,1.);
#693=VECTOR('',#5175,1.);
#694=VECTOR('',#5176,1.);
#695=VECTOR('',#5180,1.);
#696=VECTOR('',#5182,1.);
#697=VECTOR('',#5183,1.);
#698=VECTOR('',#5187,1.);
#699=VECTOR('',#5189,1.);
#700=VECTOR('',#5190,1.);
#701=VECTOR('',#5194,1.);
#702=VECTOR('',#5196,1.);
#703=VECTOR('',#5198,1.);
#704=VECTOR('',#5200,1.);
#705=VECTOR('',#5213,1.);
#706=VECTOR('',#5214,1.);
#707=VECTOR('',#5215,1.);
#708=VECTOR('',#5219,1.);
#709=VECTOR('',#5221,1.);
#710=VECTOR('',#5222,1.);
#711=VECTOR('',#5229,1.);
#712=VECTOR('',#5230,1.);
#713=VECTOR('',#5231,1.);
#714=VECTOR('',#5235,1.);
#715=VECTOR('',#5237,1.);
#716=VECTOR('',#5244,1.);
#717=VECTOR('',#5245,1.);
#718=VECTOR('',#5246,1.);
#719=VECTOR('',#5251,1.);
#720=VECTOR('',#5253,1.);
#721=VECTOR('',#5256,1.);
#722=VECTOR('',#5258,1.);
#723=VECTOR('',#5265,1.);
#724=VECTOR('',#5266,1.);
#725=VECTOR('',#5267,1.);
#726=VECTOR('',#5272,1.);
#727=VECTOR('',#5274,1.);
#728=VECTOR('',#5277,1.);
#729=VECTOR('',#5279,1.);
#730=VECTOR('',#5282,1.);
#731=VECTOR('',#5284,1.);
#732=VECTOR('',#5299,1.);
#733=VECTOR('',#5301,1.);
#734=VECTOR('',#5302,1.);
#735=VECTOR('',#5306,1.);
#736=VECTOR('',#5308,1.);
#737=VECTOR('',#5309,1.);
#738=VECTOR('',#5316,1.);
#739=VECTOR('',#5318,1.);
#740=VECTOR('',#5319,1.);
#741=VECTOR('',#5323,1.);
#742=VECTOR('',#5325,1.);
#743=VECTOR('',#5326,1.);
#744=VECTOR('',#5339,1.);
#745=VECTOR('',#5340,1.);
#746=VECTOR('',#5341,1.);
#747=VECTOR('',#5345,1.);
#748=VECTOR('',#5347,1.);
#749=VECTOR('',#5354,1.);
#750=VECTOR('',#5355,1.);
#751=VECTOR('',#5356,1.);
#752=VECTOR('',#5360,1.);
#753=VECTOR('',#5362,1.);
#754=LINE('',#5372,#549);
#755=LINE('',#5376,#550);
#756=LINE('',#5381,#551);
#757=LINE('',#5385,#552);
#758=LINE('',#5395,#553);
#759=LINE('',#5488,#554);
#760=LINE('',#5575,#555);
#761=LINE('',#5591,#556);
#762=LINE('',#5664,#557);
#763=LINE('',#5674,#558);
#764=LINE('',#5695,#559);
#765=LINE('',#5711,#560);
#766=LINE('',#5720,#561);
#767=LINE('',#5813,#562);
#768=LINE('',#5825,#563);
#769=LINE('',#5839,#564);
#770=LINE('',#5859,#565);
#771=LINE('',#5871,#566);
#772=LINE('',#5881,#567);
#773=LINE('',#5885,#568);
#774=LINE('',#5897,#569);
#775=LINE('',#5913,#570);
#776=LINE('',#5929,#571);
#777=LINE('',#5933,#572);
#778=LINE('',#5940,#573);
#779=LINE('',#5944,#574);
#780=LINE('',#5954,#575);
#781=LINE('',#5964,#576);
#782=LINE('',#5985,#577);
#783=LINE('',#6001,#578);
#784=LINE('',#6010,#579);
#785=LINE('',#6103,#580);
#786=LINE('',#6108,#581);
#787=LINE('',#6112,#582);
#788=LINE('',#6116,#583);
#789=LINE('',#6281,#584);
#790=LINE('',#6285,#585);
#791=LINE('',#6296,#586);
#792=LINE('',#6300,#587);
#793=LINE('',#6311,#588);
#794=LINE('',#6315,#589);
#795=LINE('',#6358,#590);
#796=LINE('',#6362,#591);
#797=LINE('',#6363,#592);
#798=LINE('',#6364,#593);
#799=LINE('',#6368,#594);
#800=LINE('',#6372,#595);
#801=LINE('',#6376,#596);
#802=LINE('',#6380,#597);
#803=LINE('',#6384,#598);
#804=LINE('',#6404,#599);
#805=LINE('',#6408,#600);
#806=LINE('',#6412,#601);
#807=LINE('',#6416,#602);
#808=LINE('',#6456,#603);
#809=LINE('',#6460,#604);
#810=LINE('',#6515,#605);
#811=LINE('',#6536,#606);
#812=LINE('',#6540,#607);
#813=LINE('',#6544,#608);
#814=LINE('',#6555,#609);
#815=LINE('',#6559,#610);
#816=LINE('',#6563,#611);
#817=LINE('',#6605,#612);
#818=LINE('',#6609,#613);
#819=LINE('',#6613,#614);
#820=LINE('',#6617,#615);
#821=LINE('',#6621,#616);
#822=LINE('',#6636,#617);
#823=LINE('',#6655,#618);
#824=LINE('',#6660,#619);
#825=LINE('',#6692,#620);
#826=LINE('',#6767,#621);
#827=LINE('',#6847,#622);
#828=LINE('',#6929,#623);
#829=LINE('',#6938,#624);
#830=LINE('',#6952,#625);
#831=LINE('',#6961,#626);
#832=LINE('',#6975,#627);
#833=LINE('',#6985,#628);
#834=LINE('',#6994,#629);
#835=LINE('',#7004,#630);
#836=LINE('',#7009,#631);
#837=LINE('',#7022,#632);
#838=LINE('',#7096,#633);
#839=LINE('',#7100,#634);
#840=LINE('',#7190,#635);
#841=LINE('',#7194,#636);
#842=LINE('',#7210,#637);
#843=LINE('',#7211,#638);
#844=LINE('',#7212,#639);
#845=LINE('',#7227,#640);
#846=LINE('',#7232,#641);
#847=LINE('',#7233,#642);
#848=LINE('',#7240,#643);
#849=LINE('',#7241,#644);
#850=LINE('',#7248,#645);
#851=LINE('',#7249,#646);
#852=LINE('',#7253,#647);
#853=LINE('',#7288,#648);
#854=LINE('',#7290,#649);
#855=LINE('',#7293,#650);
#856=LINE('',#7294,#651);
#857=LINE('',#7310,#652);
#858=LINE('',#7311,#653);
#859=LINE('',#7313,#654);
#860=LINE('',#7321,#655);
#861=LINE('',#7323,#656);
#862=LINE('',#7331,#657);
#863=LINE('',#7335,#658);
#864=LINE('',#7337,#659);
#865=LINE('',#7341,#660);
#866=LINE('',#7345,#661);
#867=LINE('',#7369,#662);
#868=LINE('',#7376,#663);
#869=LINE('',#7380,#664);
#870=LINE('',#7387,#665);
#871=LINE('',#7393,#666);
#872=LINE('',#7399,#667);
#873=LINE('',#7403,#668);
#874=LINE('',#7490,#669);
#875=LINE('',#7518,#670);
#876=LINE('',#7520,#671);
#877=LINE('',#7524,#672);
#878=LINE('',#7529,#673);
#879=LINE('',#7530,#674);
#880=LINE('',#7532,#675);
#881=LINE('',#7533,#676);
#882=LINE('',#7682,#677);
#883=LINE('',#7684,#678);
#884=LINE('',#7686,#679);
#885=LINE('',#7688,#680);
#886=LINE('',#7691,#681);
#887=LINE('',#7693,#682);
#888=LINE('',#7695,#683);
#889=LINE('',#7698,#684);
#890=LINE('',#7700,#685);
#891=LINE('',#7701,#686);
#892=LINE('',#7703,#687);
#893=LINE('',#7704,#688);
#894=LINE('',#7705,#689);
#895=LINE('',#7707,#690);
#896=LINE('',#7709,#691);
#897=LINE('',#7717,#692);
#898=LINE('',#7719,#693);
#899=LINE('',#7721,#694);
#900=LINE('',#7725,#695);
#901=LINE('',#7727,#696);
#902=LINE('',#7729,#697);
#903=LINE('',#7733,#698);
#904=LINE('',#7735,#699);
#905=LINE('',#7737,#700);
#906=LINE('',#7740,#701);
#907=LINE('',#7742,#702);
#908=LINE('',#7744,#703);
#909=LINE('',#7746,#704);
#910=LINE('',#8202,#705);
#911=LINE('',#8204,#706);
#912=LINE('',#8206,#707);
#913=LINE('',#8210,#708);
#914=LINE('',#8212,#709);
#915=LINE('',#8214,#710);
#916=LINE('',#8219,#711);
#917=LINE('',#8221,#712);
#918=LINE('',#8223,#713);
#919=LINE('',#8226,#714);
#920=LINE('',#8228,#715);
#921=LINE('',#8233,#716);
#922=LINE('',#8235,#717);
#923=LINE('',#8237,#718);
#924=LINE('',#8372,#719);
#925=LINE('',#8374,#720);
#926=LINE('',#8500,#721);
#927=LINE('',#8502,#722);
#928=LINE('',#8507,#723);
#929=LINE('',#8509,#724);
#930=LINE('',#8511,#725);
#931=LINE('',#8763,#726);
#932=LINE('',#8765,#727);
#933=LINE('',#8859,#728);
#934=LINE('',#8861,#729);
#935=LINE('',#8947,#730);
#936=LINE('',#8949,#731);
#937=LINE('',#9471,#732);
#938=LINE('',#9473,#733);
#939=LINE('',#9475,#734);
#940=LINE('',#9479,#735);
#941=LINE('',#9481,#736);
#942=LINE('',#9483,#737);
#943=LINE('',#9509,#738);
#944=LINE('',#9511,#739);
#945=LINE('',#9513,#740);
#946=LINE('',#9517,#741);
#947=LINE('',#9519,#742);
#948=LINE('',#9521,#743);
#949=LINE('',#10230,#744);
#950=LINE('',#10232,#745);
#951=LINE('',#10234,#746);
#952=LINE('',#10237,#747);
#953=LINE('',#10239,#748);
#954=LINE('',#10244,#749);
#955=LINE('',#10246,#750);
#956=LINE('',#10248,#751);
#957=LINE('',#10251,#752);
#958=LINE('',#10253,#753);
#959=VERTEX_POINT('',#5370);
#960=VERTEX_POINT('',#5371);
#961=VERTEX_POINT('',#5373);
#962=VERTEX_POINT('',#5375);
#963=VERTEX_POINT('',#5379);
#964=VERTEX_POINT('',#5380);
#965=VERTEX_POINT('',#5382);
#966=VERTEX_POINT('',#5384);
#967=VERTEX_POINT('',#5388);
#968=VERTEX_POINT('',#5389);
#969=VERTEX_POINT('',#5394);
#970=VERTEX_POINT('',#5396);
#971=VERTEX_POINT('',#5397);
#972=VERTEX_POINT('',#5408);
#973=VERTEX_POINT('',#5413);
#974=VERTEX_POINT('',#5428);
#975=VERTEX_POINT('',#5433);
#976=VERTEX_POINT('',#5444);
#977=VERTEX_POINT('',#5467);
#978=VERTEX_POINT('',#5482);
#979=VERTEX_POINT('',#5487);
#980=VERTEX_POINT('',#5489);
#981=VERTEX_POINT('',#5522);
#982=VERTEX_POINT('',#5523);
#983=VERTEX_POINT('',#5538);
#984=VERTEX_POINT('',#5543);
#985=VERTEX_POINT('',#5548);
#986=VERTEX_POINT('',#5559);
#987=VERTEX_POINT('',#5573);
#988=VERTEX_POINT('',#5574);
#989=VERTEX_POINT('',#5576);
#990=VERTEX_POINT('',#5577);
#991=VERTEX_POINT('',#5582);
#992=VERTEX_POINT('',#5589);
#993=VERTEX_POINT('',#5590);
#994=VERTEX_POINT('',#5592);
#995=VERTEX_POINT('',#5594);
#996=VERTEX_POINT('',#5619);
#997=VERTEX_POINT('',#5624);
#998=VERTEX_POINT('',#5629);
#999=VERTEX_POINT('',#5634);
#1000=VERTEX_POINT('',#5662);
#1001=VERTEX_POINT('',#5663);
#1002=VERTEX_POINT('',#5665);
#1003=VERTEX_POINT('',#5666);
#1004=VERTEX_POINT('',#5673);
#1005=VERTEX_POINT('',#5680);
#1006=VERTEX_POINT('',#5681);
#1007=VERTEX_POINT('',#5694);
#1008=VERTEX_POINT('',#5696);
#1009=VERTEX_POINT('',#5697);
#1010=VERTEX_POINT('',#5710);
#1011=VERTEX_POINT('',#5712);
#1012=VERTEX_POINT('',#5719);
#1013=VERTEX_POINT('',#5721);
#1014=VERTEX_POINT('',#5722);
#1015=VERTEX_POINT('',#5733);
#1016=VERTEX_POINT('',#5756);
#1017=VERTEX_POINT('',#5763);
#1018=VERTEX_POINT('',#5768);
#1019=VERTEX_POINT('',#5789);
#1020=VERTEX_POINT('',#5812);
#1021=VERTEX_POINT('',#5816);
#1022=VERTEX_POINT('',#5817);
#1023=VERTEX_POINT('',#5824);
#1024=VERTEX_POINT('',#5826);
#1025=VERTEX_POINT('',#5827);
#1026=VERTEX_POINT('',#5836);
#1027=VERTEX_POINT('',#5838);
#1028=VERTEX_POINT('',#5842);
#1029=VERTEX_POINT('',#5843);
#1030=VERTEX_POINT('',#5858);
#1031=VERTEX_POINT('',#5860);
#1032=VERTEX_POINT('',#5861);
#1033=VERTEX_POINT('',#5868);
#1034=VERTEX_POINT('',#5870);
#1035=VERTEX_POINT('',#5879);
#1036=VERTEX_POINT('',#5880);
#1037=VERTEX_POINT('',#5882);
#1038=VERTEX_POINT('',#5884);
#1039=VERTEX_POINT('',#5886);
#1040=VERTEX_POINT('',#5895);
#1041=VERTEX_POINT('',#5896);
#1042=VERTEX_POINT('',#5898);
#1043=VERTEX_POINT('',#5899);
#1044=VERTEX_POINT('',#5910);
#1045=VERTEX_POINT('',#5912);
#1046=VERTEX_POINT('',#5914);
#1047=VERTEX_POINT('',#5927);
#1048=VERTEX_POINT('',#5928);
#1049=VERTEX_POINT('',#5930);
#1050=VERTEX_POINT('',#5932);
#1051=VERTEX_POINT('',#5934);
#1052=VERTEX_POINT('',#5938);
#1053=VERTEX_POINT('',#5939);
#1054=VERTEX_POINT('',#5941);
#1055=VERTEX_POINT('',#5943);
#1056=VERTEX_POINT('',#5952);
#1057=VERTEX_POINT('',#5953);
#1058=VERTEX_POINT('',#5955);
#1059=VERTEX_POINT('',#5956);
#1060=VERTEX_POINT('',#5963);
#1061=VERTEX_POINT('',#5970);
#1062=VERTEX_POINT('',#5971);
#1063=VERTEX_POINT('',#5984);
#1064=VERTEX_POINT('',#5986);
#1065=VERTEX_POINT('',#5987);
#1066=VERTEX_POINT('',#6000);
#1067=VERTEX_POINT('',#6002);
#1068=VERTEX_POINT('',#6009);
#1069=VERTEX_POINT('',#6011);
#1070=VERTEX_POINT('',#6012);
#1071=VERTEX_POINT('',#6023);
#1072=VERTEX_POINT('',#6046);
#1073=VERTEX_POINT('',#6053);
#1074=VERTEX_POINT('',#6058);
#1075=VERTEX_POINT('',#6079);
#1076=VERTEX_POINT('',#6102);
#1077=VERTEX_POINT('',#6106);
#1078=VERTEX_POINT('',#6107);
#1079=VERTEX_POINT('',#6109);
#1080=VERTEX_POINT('',#6111);
#1081=VERTEX_POINT('',#6113);
#1082=VERTEX_POINT('',#6115);
#1083=VERTEX_POINT('',#6119);
#1084=VERTEX_POINT('',#6120);
#1085=VERTEX_POINT('',#6122);
#1086=VERTEX_POINT('',#6152);
#1087=VERTEX_POINT('',#6153);
#1088=VERTEX_POINT('',#6155);
#1089=VERTEX_POINT('',#6159);
#1090=VERTEX_POINT('',#6160);
#1091=VERTEX_POINT('',#6162);
#1092=VERTEX_POINT('',#6192);
#1093=VERTEX_POINT('',#6193);
#1094=VERTEX_POINT('',#6195);
#1095=VERTEX_POINT('',#6212);
#1096=VERTEX_POINT('',#6213);
#1097=VERTEX_POINT('',#6215);
#1098=VERTEX_POINT('',#6232);
#1099=VERTEX_POINT('',#6233);
#1100=VERTEX_POINT('',#6235);
#1101=VERTEX_POINT('',#6252);
#1102=VERTEX_POINT('',#6253);
#1103=VERTEX_POINT('',#6255);
#1104=VERTEX_POINT('',#6272);
#1105=VERTEX_POINT('',#6273);
#1106=VERTEX_POINT('',#6275);
#1107=VERTEX_POINT('',#6279);
#1108=VERTEX_POINT('',#6280);
#1109=VERTEX_POINT('',#6282);
#1110=VERTEX_POINT('',#6284);
#1111=VERTEX_POINT('',#6288);
#1112=VERTEX_POINT('',#6289);
#1113=VERTEX_POINT('',#6294);
#1114=VERTEX_POINT('',#6295);
#1115=VERTEX_POINT('',#6297);
#1116=VERTEX_POINT('',#6299);
#1117=VERTEX_POINT('',#6301);
#1118=VERTEX_POINT('',#6303);
#1119=VERTEX_POINT('',#6305);
#1120=VERTEX_POINT('',#6309);
#1121=VERTEX_POINT('',#6310);
#1122=VERTEX_POINT('',#6312);
#1123=VERTEX_POINT('',#6314);
#1124=VERTEX_POINT('',#6316);
#1125=VERTEX_POINT('',#6318);
#1126=VERTEX_POINT('',#6323);
#1127=VERTEX_POINT('',#6328);
#1128=VERTEX_POINT('',#6330);
#1129=VERTEX_POINT('',#6335);
#1130=VERTEX_POINT('',#6356);
#1131=VERTEX_POINT('',#6357);
#1132=VERTEX_POINT('',#6359);
#1133=VERTEX_POINT('',#6361);
#1134=VERTEX_POINT('',#6365);
#1135=VERTEX_POINT('',#6367);
#1136=VERTEX_POINT('',#6369);
#1137=VERTEX_POINT('',#6371);
#1138=VERTEX_POINT('',#6373);
#1139=VERTEX_POINT('',#6375);
#1140=VERTEX_POINT('',#6377);
#1141=VERTEX_POINT('',#6379);
#1142=VERTEX_POINT('',#6381);
#1143=VERTEX_POINT('',#6383);
#1144=VERTEX_POINT('',#6385);
#1145=VERTEX_POINT('',#6394);
#1146=VERTEX_POINT('',#6403);
#1147=VERTEX_POINT('',#6405);
#1148=VERTEX_POINT('',#6407);
#1149=VERTEX_POINT('',#6409);
#1150=VERTEX_POINT('',#6411);
#1151=VERTEX_POINT('',#6413);
#1152=VERTEX_POINT('',#6415);
#1153=VERTEX_POINT('',#6417);
#1154=VERTEX_POINT('',#6419);
#1155=VERTEX_POINT('',#6435);
#1156=VERTEX_POINT('',#6450);
#1157=VERTEX_POINT('',#6455);
#1158=VERTEX_POINT('',#6457);
#1159=VERTEX_POINT('',#6459);
#1160=VERTEX_POINT('',#6461);
#1161=VERTEX_POINT('',#6463);
#1162=VERTEX_POINT('',#6474);
#1163=VERTEX_POINT('',#6490);
#1164=VERTEX_POINT('',#6505);
#1165=VERTEX_POINT('',#6514);
#1166=VERTEX_POINT('',#6516);
#1167=VERTEX_POINT('',#6517);
#1168=VERTEX_POINT('',#6526);
#1169=VERTEX_POINT('',#6535);
#1170=VERTEX_POINT('',#6537);
#1171=VERTEX_POINT('',#6539);
#1172=VERTEX_POINT('',#6541);
#1173=VERTEX_POINT('',#6543);
#1174=VERTEX_POINT('',#6545);
#1175=VERTEX_POINT('',#6547);
#1176=VERTEX_POINT('',#6552);
#1177=VERTEX_POINT('',#6554);
#1178=VERTEX_POINT('',#6556);
#1179=VERTEX_POINT('',#6558);
#1180=VERTEX_POINT('',#6560);
#1181=VERTEX_POINT('',#6562);
#1182=VERTEX_POINT('',#6564);
#1183=VERTEX_POINT('',#6584);
#1184=VERTEX_POINT('',#6599);
#1185=VERTEX_POINT('',#6604);
#1186=VERTEX_POINT('',#6606);
#1187=VERTEX_POINT('',#6608);
#1188=VERTEX_POINT('',#6610);
#1189=VERTEX_POINT('',#6612);
#1190=VERTEX_POINT('',#6614);
#1191=VERTEX_POINT('',#6616);
#1192=VERTEX_POINT('',#6618);
#1193=VERTEX_POINT('',#6620);
#1194=VERTEX_POINT('',#6654);
#1195=VERTEX_POINT('',#6656);
#1196=VERTEX_POINT('',#6659);
#1197=VERTEX_POINT('',#6661);
#1198=VERTEX_POINT('',#6671);
#1199=VERTEX_POINT('',#6673);
#1200=VERTEX_POINT('',#6691);
#1201=VERTEX_POINT('',#6693);
#1202=VERTEX_POINT('',#6698);
#1203=VERTEX_POINT('',#6711);
#1204=VERTEX_POINT('',#6727);
#1205=VERTEX_POINT('',#6738);
#1206=VERTEX_POINT('',#6743);
#1207=VERTEX_POINT('',#6754);
#1208=VERTEX_POINT('',#6759);
#1209=VERTEX_POINT('',#6766);
#1210=VERTEX_POINT('',#6768);
#1211=VERTEX_POINT('',#6773);
#1212=VERTEX_POINT('',#6778);
#1213=VERTEX_POINT('',#6784);
#1214=VERTEX_POINT('',#6800);
#1215=VERTEX_POINT('',#6805);
#1216=VERTEX_POINT('',#6810);
#1217=VERTEX_POINT('',#6815);
#1218=VERTEX_POINT('',#6835);
#1219=VERTEX_POINT('',#6841);
#1220=VERTEX_POINT('',#6846);
#1221=VERTEX_POINT('',#6848);
#1222=VERTEX_POINT('',#6865);
#1223=VERTEX_POINT('',#6881);
#1224=VERTEX_POINT('',#6886);
#1225=VERTEX_POINT('',#6893);
#1226=VERTEX_POINT('',#6912);
#1227=VERTEX_POINT('',#6926);
#1228=VERTEX_POINT('',#6928);
#1229=VERTEX_POINT('',#6930);
#1230=VERTEX_POINT('',#6932);
#1231=VERTEX_POINT('',#6937);
#1232=VERTEX_POINT('',#6939);
#1233=VERTEX_POINT('',#6949);
#1234=VERTEX_POINT('',#6951);
#1235=VERTEX_POINT('',#6953);
#1236=VERTEX_POINT('',#6955);
#1237=VERTEX_POINT('',#6960);
#1238=VERTEX_POINT('',#6962);
#1239=VERTEX_POINT('',#6963);
#1240=VERTEX_POINT('',#6972);
#1241=VERTEX_POINT('',#6974);
#1242=VERTEX_POINT('',#6976);
#1243=VERTEX_POINT('',#6982);
#1244=VERTEX_POINT('',#6984);
#1245=VERTEX_POINT('',#6986);
#1246=VERTEX_POINT('',#6988);
#1247=VERTEX_POINT('',#6993);
#1248=VERTEX_POINT('',#6995);
#1249=VERTEX_POINT('',#6996);
#1250=VERTEX_POINT('',#7001);
#1251=VERTEX_POINT('',#7003);
#1252=VERTEX_POINT('',#7005);
#1253=VERTEX_POINT('',#7008);
#1254=VERTEX_POINT('',#7010);
#1255=VERTEX_POINT('',#7016);
#1256=VERTEX_POINT('',#7021);
#1257=VERTEX_POINT('',#7023);
#1258=VERTEX_POINT('',#7040);
#1259=VERTEX_POINT('',#7056);
#1260=VERTEX_POINT('',#7061);
#1261=VERTEX_POINT('',#7068);
#1262=VERTEX_POINT('',#7087);
#1263=VERTEX_POINT('',#7095);
#1264=VERTEX_POINT('',#7097);
#1265=VERTEX_POINT('',#7099);
#1266=VERTEX_POINT('',#7101);
#1267=VERTEX_POINT('',#7123);
#1268=VERTEX_POINT('',#7132);
#1269=VERTEX_POINT('',#7156);
#1270=VERTEX_POINT('',#7172);
#1271=VERTEX_POINT('',#7185);
#1272=VERTEX_POINT('',#7187);
#1273=VERTEX_POINT('',#7191);
#1274=VERTEX_POINT('',#7193);
#1275=VERTEX_POINT('',#7230);
#1276=VERTEX_POINT('',#7231);
#1277=VERTEX_POINT('',#7234);
#1278=VERTEX_POINT('',#7239);
#1279=VERTEX_POINT('',#7242);
#1280=VERTEX_POINT('',#7247);
#1281=VERTEX_POINT('',#7250);
#1282=VERTEX_POINT('',#7252);
#1283=VERTEX_POINT('',#7254);
#1284=VERTEX_POINT('',#7269);
#1285=VERTEX_POINT('',#7274);
#1286=VERTEX_POINT('',#7287);
#1287=VERTEX_POINT('',#7291);
#1288=VERTEX_POINT('',#7292);
#1289=VERTEX_POINT('',#7295);
#1290=VERTEX_POINT('',#7302);
#1291=VERTEX_POINT('',#7309);
#1292=VERTEX_POINT('',#7312);
#1293=VERTEX_POINT('',#7314);
#1294=VERTEX_POINT('',#7318);
#1295=VERTEX_POINT('',#7320);
#1296=VERTEX_POINT('',#7324);
#1297=VERTEX_POINT('',#7325);
#1298=VERTEX_POINT('',#7328);
#1299=VERTEX_POINT('',#7332);
#1300=VERTEX_POINT('',#7336);
#1301=VERTEX_POINT('',#7338);
#1302=VERTEX_POINT('',#7340);
#1303=VERTEX_POINT('',#7342);
#1304=VERTEX_POINT('',#7344);
#1305=VERTEX_POINT('',#7346);
#1306=VERTEX_POINT('',#7368);
#1307=VERTEX_POINT('',#7370);
#1308=VERTEX_POINT('',#7375);
#1309=VERTEX_POINT('',#7377);
#1310=VERTEX_POINT('',#7379);
#1311=VERTEX_POINT('',#7381);
#1312=VERTEX_POINT('',#7386);
#1313=VERTEX_POINT('',#7388);
#1314=VERTEX_POINT('',#7394);
#1315=VERTEX_POINT('',#7395);
#1316=VERTEX_POINT('',#7398);
#1317=VERTEX_POINT('',#7400);
#1318=VERTEX_POINT('',#7402);
#1319=VERTEX_POINT('',#7404);
#1320=VERTEX_POINT('',#7456);
#1321=VERTEX_POINT('',#7475);
#1322=VERTEX_POINT('',#7484);
#1323=VERTEX_POINT('',#7494);
#1324=VERTEX_POINT('',#7509);
#1325=VERTEX_POINT('',#7510);
#1326=VERTEX_POINT('',#7515);
#1327=VERTEX_POINT('',#7517);
#1328=VERTEX_POINT('',#7521);
#1329=VERTEX_POINT('',#7523);
#1330=VERTEX_POINT('',#7527);
#1331=VERTEX_POINT('',#7528);
#1332=VERTEX_POINT('',#7683);
#1333=VERTEX_POINT('',#7687);
#1334=VERTEX_POINT('',#7699);
#1335=VERTEX_POINT('',#7702);
#1336=VERTEX_POINT('',#7718);
#1337=VERTEX_POINT('',#7720);
#1338=VERTEX_POINT('',#7724);
#1339=VERTEX_POINT('',#7728);
#1340=VERTEX_POINT('',#7732);
#1341=VERTEX_POINT('',#7736);
#1342=VERTEX_POINT('',#7884);
#1343=VERTEX_POINT('',#8061);
#1344=VERTEX_POINT('',#8078);
#1345=VERTEX_POINT('',#8125);
#1346=VERTEX_POINT('',#8148);
#1347=VERTEX_POINT('',#8203);
#1348=VERTEX_POINT('',#8205);
#1349=VERTEX_POINT('',#8209);
#1350=VERTEX_POINT('',#8213);
#1351=VERTEX_POINT('',#8220);
#1352=VERTEX_POINT('',#8222);
#1353=VERTEX_POINT('',#8234);
#1354=VERTEX_POINT('',#8236);
#1355=VERTEX_POINT('',#8240);
#1356=VERTEX_POINT('',#8303);
#1357=VERTEX_POINT('',#8348);
#1358=VERTEX_POINT('',#8426);
#1359=VERTEX_POINT('',#8508);
#1360=VERTEX_POINT('',#8510);
#1361=VERTEX_POINT('',#8514);
#1362=VERTEX_POINT('',#8565);
#1363=VERTEX_POINT('',#8628);
#1364=VERTEX_POINT('',#8679);
#1365=VERTEX_POINT('',#8813);
#1366=VERTEX_POINT('',#8893);
#1367=VERTEX_POINT('',#9087);
#1368=VERTEX_POINT('',#9264);
#1369=VERTEX_POINT('',#9281);
#1370=VERTEX_POINT('',#9328);
#1371=VERTEX_POINT('',#9351);
#1372=VERTEX_POINT('',#9470);
#1373=VERTEX_POINT('',#9474);
#1374=VERTEX_POINT('',#9478);
#1375=VERTEX_POINT('',#9482);
#1376=VERTEX_POINT('',#9486);
#1377=VERTEX_POINT('',#9501);
#1378=VERTEX_POINT('',#9508);
#1379=VERTEX_POINT('',#9512);
#1380=VERTEX_POINT('',#9516);
#1381=VERTEX_POINT('',#9520);
#1382=VERTEX_POINT('',#9731);
#1383=VERTEX_POINT('',#9764);
#1384=VERTEX_POINT('',#9895);
#1385=VERTEX_POINT('',#9964);
#1386=VERTEX_POINT('',#10106);
#1387=VERTEX_POINT('',#10109);
#1388=VERTEX_POINT('',#10142);
#1389=VERTEX_POINT('',#10165);
#1390=VERTEX_POINT('',#10192);
#1391=VERTEX_POINT('',#10211);
#1392=VERTEX_POINT('',#10231);
#1393=VERTEX_POINT('',#10233);
#1394=VERTEX_POINT('',#10245);
#1395=VERTEX_POINT('',#10247);
#1396=CIRCLE('',#4255,0.6);
#1397=CIRCLE('',#4256,0.6);
#1398=CIRCLE('',#4258,0.6);
#1399=CIRCLE('',#4259,0.6);
#1400=CIRCLE('',#4261,0.6);
#1401=CIRCLE('',#4264,0.6);
#1402=CIRCLE('',#4265,0.6);
#1403=CIRCLE('',#4269,0.6);
#1404=CIRCLE('',#4270,0.6);
#1405=CIRCLE('',#4272,0.6);
#1406=CIRCLE('',#4273,0.6);
#1407=CIRCLE('',#4275,0.6);
#1408=CIRCLE('',#4276,0.6);
#1409=CIRCLE('',#4278,0.6);
#1410=CIRCLE('',#4279,0.6);
#1411=CIRCLE('',#4281,0.6);
#1412=CIRCLE('',#4282,0.6);
#1413=CIRCLE('',#4284,0.6);
#1414=CIRCLE('',#4285,0.6);
#1415=CIRCLE('',#4289,0.6);
#1416=CIRCLE('',#4290,0.6);
#1417=CIRCLE('',#4291,0.6);
#1418=CIRCLE('',#4293,1.1);
#1419=CIRCLE('',#4294,1.1);
#1420=CIRCLE('',#4296,1.1);
#1421=CIRCLE('',#4297,1.1);
#1422=CIRCLE('',#4299,1.1);
#1423=CIRCLE('',#4300,1.1);
#1424=CIRCLE('',#4302,1.1);
#1425=CIRCLE('',#4303,1.1);
#1426=CIRCLE('',#4305,1.1);
#1427=CIRCLE('',#4306,1.1);
#1428=CIRCLE('',#4308,1.2);
#1429=CIRCLE('',#4309,1.2);
#1430=CIRCLE('',#4311,1.1);
#1431=CIRCLE('',#4312,1.1);
#1432=CIRCLE('',#4314,1.2);
#1433=CIRCLE('',#4315,1.2);
#1434=CIRCLE('',#4317,0.515);
#1435=CIRCLE('',#4318,0.514999999999999);
#1436=CIRCLE('',#4320,0.515);
#1437=CIRCLE('',#4321,0.5075);
#1438=CIRCLE('',#4322,0.5075);
#1439=CIRCLE('',#4324,0.44);
#1440=CIRCLE('',#4325,0.515000000000002);
#1441=CIRCLE('',#4326,0.44);
#1442=CIRCLE('',#4327,0.44);
#1443=CIRCLE('',#4328,0.44);
#1444=CIRCLE('',#4330,0.56);
#1445=CIRCLE('',#4331,0.65);
#1446=CIRCLE('',#4332,0.56);
#1447=CIRCLE('',#4333,0.56);
#1448=CIRCLE('',#4335,0.65);
#1449=CIRCLE('',#4336,0.65);
#1450=CIRCLE('',#4337,0.65);
#1451=CIRCLE('',#4338,0.65);
#1452=CIRCLE('',#4339,0.65);
#1453=CIRCLE('',#4340,0.65);
#1454=CIRCLE('',#4341,0.65);
#1455=CIRCLE('',#4342,0.65);
#1456=CIRCLE('',#4343,0.65);
#1457=CIRCLE('',#4344,0.65);
#1458=CIRCLE('',#4345,0.65);
#1459=CIRCLE('',#4346,0.65);
#1460=CIRCLE('',#4347,0.65);
#1461=CIRCLE('',#4348,0.65);
#1462=CIRCLE('',#4349,0.65);
#1463=CIRCLE('',#4350,0.65);
#1464=CIRCLE('',#4351,0.65);
#1465=CIRCLE('',#4352,0.65);
#1466=CIRCLE('',#4353,0.65);
#1467=CIRCLE('',#4354,0.65);
#1468=CIRCLE('',#4355,0.65);
#1469=CIRCLE('',#4356,0.65);
#1470=CIRCLE('',#4357,0.65);
#1471=CIRCLE('',#4359,0.65);
#1472=CIRCLE('',#4360,0.65);
#1473=CIRCLE('',#4361,0.65);
#1474=CIRCLE('',#4362,0.65);
#1475=CIRCLE('',#4363,0.65);
#1476=CIRCLE('',#4364,0.65);
#1477=CIRCLE('',#4365,0.65);
#1478=CIRCLE('',#4366,0.65);
#1479=CIRCLE('',#4367,0.65);
#1480=CIRCLE('',#4368,0.65);
#1481=CIRCLE('',#4369,0.65);
#1482=CIRCLE('',#4370,0.65);
#1483=CIRCLE('',#4371,0.65);
#1484=CIRCLE('',#4372,0.65);
#1485=CIRCLE('',#4373,0.65);
#1486=CIRCLE('',#4374,0.65);
#1487=CIRCLE('',#4375,0.65);
#1488=CIRCLE('',#4376,0.65);
#1489=CIRCLE('',#4377,0.65);
#1490=CIRCLE('',#4378,0.65);
#1491=CIRCLE('',#4379,0.65);
#1492=CIRCLE('',#4380,0.65);
#1493=CIRCLE('',#4381,0.65);
#1494=CIRCLE('',#4382,0.65);
#1495=CIRCLE('',#4387,0.763088235294118);
#1496=CIRCLE('',#4388,0.65);
#1497=CIRCLE('',#4389,0.763088235294118);
#1498=CIRCLE('',#4391,0.65);
#1499=CIRCLE('',#4394,0.56);
#1500=CIRCLE('',#4395,0.56);
#1501=CIRCLE('',#4397,0.44);
#1502=CIRCLE('',#4399,0.44);
#1503=CIRCLE('',#4400,0.44);
#1504=CIRCLE('',#4402,0.44);
#1505=CIRCLE('',#4403,0.00749999999999997);
#1506=CIRCLE('',#4404,0.425);
#1507=CIRCLE('',#4406,0.44);
#1508=CIRCLE('',#4408,0.425);
#1509=CIRCLE('',#4409,0.425);
#1510=CIRCLE('',#4411,0.56);
#1511=CIRCLE('',#4412,0.56);
#1512=CIRCLE('',#4413,0.56);
#1513=CIRCLE('',#4414,0.56);
#1514=CIRCLE('',#4416,0.00749999999999997);
#1515=CIRCLE('',#4417,0.00749999999999997);
#1516=CIRCLE('',#4418,0.1);
#1517=CIRCLE('',#4419,0.1);
#1518=CIRCLE('',#4420,0.3);
#1519=CIRCLE('',#4421,0.3);
#1520=CIRCLE('',#4423,0.515000000000002);
#1521=CIRCLE('',#4424,0.515);
#1522=CIRCLE('',#4426,0.514999999999999);
#1523=CIRCLE('',#4427,0.65);
#1524=CIRCLE('',#4429,0.65);
#1525=CIRCLE('',#4434,0.00749999999999997);
#1526=CIRCLE('',#4436,0.44);
#1527=CIRCLE('',#4437,0.44);
#1528=CIRCLE('',#4439,0.515);
#1529=CIRCLE('',#4450,1.5);
#1530=CIRCLE('',#4451,1.5);
#1531=CIRCLE('',#4453,1.2);
#1532=CIRCLE('',#4455,1.2);
#1533=CIRCLE('',#4458,0.3);
#1534=CIRCLE('',#4461,0.3);
#1535=CIRCLE('',#4464,0.1);
#1536=CIRCLE('',#4465,0.1);
#1537=CIRCLE('',#4466,0.1);
#1538=CIRCLE('',#4468,0.1);
#1539=CIRCLE('',#4472,1.62);
#1540=CIRCLE('',#4474,1.62);
#1541=CIRCLE('',#4483,1.62);
#1542=CIRCLE('',#4485,1.62);
#1543=CIRCLE('',#4490,0.6);
#1544=CIRCLE('',#4493,0.6);
#1545=CIRCLE('',#4496,0.6);
#1546=CIRCLE('',#4501,0.6);
#1547=CIRCLE('',#4509,0.6);
#1548=CIRCLE('',#4512,0.6);
#1549=CIRCLE('',#4516,0.6);
#1550=CIRCLE('',#4519,0.6);
#1551=CIRCLE('',#4523,0.6);
#1552=CIRCLE('',#4530,0.6);
#1553=CIRCLE('',#4534,0.6);
#1554=CIRCLE('',#4544,0.6);
#1555=CIRCLE('',#4551,0.6);
#1556=CIRCLE('',#4554,0.6);
#1557=CIRCLE('',#4557,0.6);
#1558=CIRCLE('',#4559,0.6);
#1559=CIRCLE('',#4562,0.6);
#1560=CIRCLE('',#4565,0.6);
#1561=CIRCLE('',#4573,0.6);
#1562=CIRCLE('',#4576,0.6);
#1563=CIRCLE('',#4580,0.6);
#1564=CIRCLE('',#4583,0.6);
#1565=EDGE_CURVE('',#959,#960,#1396,.T.);
#1566=EDGE_CURVE('',#960,#961,#754,.T.);
#1567=EDGE_CURVE('',#962,#961,#1397,.T.);
#1568=EDGE_CURVE('',#959,#962,#755,.T.);
#1569=EDGE_CURVE('',#963,#964,#1398,.T.);
#1570=EDGE_CURVE('',#964,#965,#756,.T.);
#1571=EDGE_CURVE('',#966,#965,#1399,.T.);
#1572=EDGE_CURVE('',#963,#966,#757,.T.);
#1573=EDGE_CURVE('',#967,#968,#1400,.T.);
#1574=EDGE_CURVE('',#969,#968,#273,.T.);
#1575=EDGE_CURVE('',#969,#970,#758,.T.);
#1576=EDGE_CURVE('',#970,#971,#758,.T.);
#1577=EDGE_CURVE('',#972,#971,#274,.T.);
#1578=EDGE_CURVE('',#973,#972,#275,.T.);
#1579=EDGE_CURVE('',#974,#973,#276,.T.);
#1580=EDGE_CURVE('',#975,#974,#277,.T.);
#1581=EDGE_CURVE('',#976,#975,#278,.T.);
#1582=EDGE_CURVE('',#977,#976,#279,.T.);
#1583=EDGE_CURVE('',#978,#977,#280,.T.);
#1584=EDGE_CURVE('',#979,#978,#281,.T.);
#1585=EDGE_CURVE('',#980,#979,#759,.T.);
#1586=EDGE_CURVE('',#967,#980,#282,.T.);
#1587=EDGE_CURVE('',#981,#982,#283,.T.);
#1588=EDGE_CURVE('',#983,#981,#284,.T.);
#1589=EDGE_CURVE('',#984,#983,#285,.T.);
#1590=EDGE_CURVE('',#985,#984,#286,.T.);
#1591=EDGE_CURVE('',#986,#985,#287,.T.);
#1592=EDGE_CURVE('',#982,#986,#288,.T.);
#1593=EDGE_CURVE('',#987,#988,#289,.T.);
#1594=EDGE_CURVE('',#987,#989,#760,.T.);
#1595=EDGE_CURVE('',#989,#990,#760,.T.);
#1596=EDGE_CURVE('',#991,#990,#290,.T.);
#1597=EDGE_CURVE('',#988,#991,#291,.T.);
#1598=EDGE_CURVE('',#992,#993,#1401,.T.);
#1599=EDGE_CURVE('',#993,#994,#761,.T.);
#1600=EDGE_CURVE('',#995,#994,#1402,.T.);
#1601=EDGE_CURVE('',#996,#995,#292,.T.);
#1602=EDGE_CURVE('',#997,#996,#293,.T.);
#1603=EDGE_CURVE('',#998,#997,#294,.T.);
#1604=EDGE_CURVE('',#999,#998,#295,.T.);
#1605=EDGE_CURVE('',#992,#999,#296,.T.);
#1606=EDGE_CURVE('',#1000,#1001,#297,.T.);
#1607=EDGE_CURVE('',#1001,#1002,#762,.T.);
#1608=EDGE_CURVE('',#1002,#1003,#762,.T.);
#1609=EDGE_CURVE('',#1003,#1004,#298,.T.);
#1610=EDGE_CURVE('',#1004,#1000,#763,.T.);
#1611=EDGE_CURVE('',#1005,#1006,#299,.T.);
#1612=EDGE_CURVE('',#1007,#1005,#300,.T.);
#1613=EDGE_CURVE('',#1007,#1008,#764,.T.);
#1614=EDGE_CURVE('',#1008,#1009,#764,.T.);
#1615=EDGE_CURVE('',#1010,#1009,#301,.T.);
#1616=EDGE_CURVE('',#1011,#1010,#765,.T.);
#1617=EDGE_CURVE('',#1012,#1011,#302,.T.);
#1618=EDGE_CURVE('',#1012,#1013,#766,.T.);
#1619=EDGE_CURVE('',#1013,#1014,#766,.T.);
#1620=EDGE_CURVE('',#1015,#1014,#303,.T.);
#1621=EDGE_CURVE('',#1016,#1015,#304,.T.);
#1622=EDGE_CURVE('',#1017,#1016,#305,.T.);
#1623=EDGE_CURVE('',#1018,#1017,#306,.T.);
#1624=EDGE_CURVE('',#1019,#1018,#307,.T.);
#1625=EDGE_CURVE('',#1020,#1019,#308,.T.);
#1626=EDGE_CURVE('',#1006,#1020,#767,.T.);
#1627=EDGE_CURVE('',#1021,#1022,#1403,.T.);
#1628=EDGE_CURVE('',#1023,#1022,#309,.T.);
#1629=EDGE_CURVE('',#1023,#1024,#768,.T.);
#1630=EDGE_CURVE('',#1024,#1025,#768,.T.);
#1631=EDGE_CURVE('',#1026,#1025,#310,.T.);
#1632=EDGE_CURVE('',#1027,#1026,#1404,.T.);
#1633=EDGE_CURVE('',#1021,#1027,#769,.T.);
#1634=EDGE_CURVE('',#1028,#1029,#1405,.T.);
#1635=EDGE_CURVE('',#1030,#1029,#311,.T.);
#1636=EDGE_CURVE('',#1030,#1031,#770,.T.);
#1637=EDGE_CURVE('',#1031,#1032,#770,.T.);
#1638=EDGE_CURVE('',#1033,#1032,#312,.T.);
#1639=EDGE_CURVE('',#1034,#1033,#1406,.T.);
#1640=EDGE_CURVE('',#1028,#1034,#771,.T.);
#1641=EDGE_CURVE('',#1035,#1036,#313,.T.);
#1642=EDGE_CURVE('',#1035,#1037,#772,.T.);
#1643=EDGE_CURVE('',#1038,#1037,#1407,.T.);
#1644=EDGE_CURVE('',#1039,#1038,#773,.T.);
#1645=EDGE_CURVE('',#1039,#1036,#1408,.T.);
#1646=EDGE_CURVE('',#1040,#1041,#314,.T.);
#1647=EDGE_CURVE('',#1040,#1042,#774,.T.);
#1648=EDGE_CURVE('',#1042,#1043,#774,.T.);
#1649=EDGE_CURVE('',#1044,#1043,#315,.T.);
#1650=EDGE_CURVE('',#1045,#1044,#1409,.T.);
#1651=EDGE_CURVE('',#1046,#1045,#775,.T.);
#1652=EDGE_CURVE('',#1046,#1041,#1410,.T.);
#1653=EDGE_CURVE('',#1047,#1048,#316,.T.);
#1654=EDGE_CURVE('',#1047,#1049,#776,.T.);
#1655=EDGE_CURVE('',#1050,#1049,#1411,.T.);
#1656=EDGE_CURVE('',#1051,#1050,#777,.T.);
#1657=EDGE_CURVE('',#1051,#1048,#1412,.T.);
#1658=EDGE_CURVE('',#1052,#1053,#1413,.T.);
#1659=EDGE_CURVE('',#1053,#1054,#778,.T.);
#1660=EDGE_CURVE('',#1055,#1054,#1414,.T.);
#1661=EDGE_CURVE('',#1052,#1055,#779,.T.);
#1662=EDGE_CURVE('',#1056,#1057,#317,.T.);
#1663=EDGE_CURVE('',#1057,#1058,#780,.T.);
#1664=EDGE_CURVE('',#1058,#1059,#780,.T.);
#1665=EDGE_CURVE('',#1059,#1060,#318,.T.);
#1666=EDGE_CURVE('',#1060,#1056,#781,.T.);
#1667=EDGE_CURVE('',#1061,#1062,#319,.T.);
#1668=EDGE_CURVE('',#1063,#1061,#320,.T.);
#1669=EDGE_CURVE('',#1063,#1064,#782,.T.);
#1670=EDGE_CURVE('',#1064,#1065,#782,.T.);
#1671=EDGE_CURVE('',#1066,#1065,#321,.T.);
#1672=EDGE_CURVE('',#1067,#1066,#783,.T.);
#1673=EDGE_CURVE('',#1068,#1067,#322,.T.);
#1674=EDGE_CURVE('',#1068,#1069,#784,.T.);
#1675=EDGE_CURVE('',#1069,#1070,#784,.T.);
#1676=EDGE_CURVE('',#1071,#1070,#323,.T.);
#1677=EDGE_CURVE('',#1072,#1071,#324,.T.);
#1678=EDGE_CURVE('',#1073,#1072,#325,.T.);
#1679=EDGE_CURVE('',#1074,#1073,#326,.T.);
#1680=EDGE_CURVE('',#1075,#1074,#327,.T.);
#1681=EDGE_CURVE('',#1076,#1075,#328,.T.);
#1682=EDGE_CURVE('',#1062,#1076,#785,.T.);
#1683=EDGE_CURVE('',#1077,#1078,#1415,.T.);
#1684=EDGE_CURVE('',#1078,#1079,#786,.T.);
#1685=EDGE_CURVE('',#1080,#1079,#1416,.T.);
#1686=EDGE_CURVE('',#1081,#1080,#787,.T.);
#1687=EDGE_CURVE('',#1081,#1082,#1417,.T.);
#1688=EDGE_CURVE('',#1077,#1082,#788,.T.);
#1689=EDGE_CURVE('',#1083,#1084,#1418,.T.);
#1690=EDGE_CURVE('',#1083,#1085,#1419,.T.);
#1691=EDGE_CURVE('',#1085,#1084,#329,.T.);
#1692=EDGE_CURVE('',#1086,#1087,#330,.T.);
#1693=EDGE_CURVE('',#1086,#1088,#1420,.T.);
#1694=EDGE_CURVE('',#1087,#1088,#1421,.T.);
#1695=EDGE_CURVE('',#1089,#1090,#1422,.T.);
#1696=EDGE_CURVE('',#1089,#1091,#1423,.T.);
#1697=EDGE_CURVE('',#1091,#1090,#331,.T.);
#1698=EDGE_CURVE('',#1092,#1093,#332,.T.);
#1699=EDGE_CURVE('',#1092,#1094,#1424,.T.);
#1700=EDGE_CURVE('',#1093,#1094,#1425,.T.);
#1701=EDGE_CURVE('',#1095,#1096,#333,.T.);
#1702=EDGE_CURVE('',#1095,#1097,#1426,.T.);
#1703=EDGE_CURVE('',#1096,#1097,#1427,.T.);
#1704=EDGE_CURVE('',#1098,#1099,#334,.T.);
#1705=EDGE_CURVE('',#1098,#1100,#1428,.T.);
#1706=EDGE_CURVE('',#1099,#1100,#1429,.T.);
#1707=EDGE_CURVE('',#1101,#1102,#335,.T.);
#1708=EDGE_CURVE('',#1101,#1103,#1430,.T.);
#1709=EDGE_CURVE('',#1102,#1103,#1431,.T.);
#1710=EDGE_CURVE('',#1104,#1105,#336,.T.);
#1711=EDGE_CURVE('',#1104,#1106,#1432,.T.);
#1712=EDGE_CURVE('',#1105,#1106,#1433,.T.);
#1713=EDGE_CURVE('',#1107,#1108,#1434,.T.);
#1714=EDGE_CURVE('',#1107,#1109,#789,.T.);
#1715=EDGE_CURVE('',#1109,#1110,#1435,.T.);
#1716=EDGE_CURVE('',#1108,#1110,#790,.T.);
#1717=EDGE_CURVE('',#1111,#1112,#1436,.T.);
#1718=EDGE_CURVE('',#1111,#1107,#1437,.T.);
#1719=EDGE_CURVE('',#1112,#1108,#1438,.T.);
#1720=EDGE_CURVE('',#1113,#1114,#1439,.T.);
#1721=EDGE_CURVE('',#1113,#1115,#791,.T.);
#1722=EDGE_CURVE('',#1115,#1116,#1440,.T.);
#1723=EDGE_CURVE('',#1117,#1116,#792,.T.);
#1724=EDGE_CURVE('',#1118,#1117,#1441,.T.);
#1725=EDGE_CURVE('',#1119,#1118,#1442,.T.);
#1726=EDGE_CURVE('',#1114,#1119,#1443,.T.);
#1727=EDGE_CURVE('',#1120,#1121,#1444,.T.);
#1728=EDGE_CURVE('',#1121,#1122,#793,.T.);
#1729=EDGE_CURVE('',#1123,#1122,#1445,.T.);
#1730=EDGE_CURVE('',#1124,#1123,#794,.T.);
#1731=EDGE_CURVE('',#1124,#1125,#1446,.T.);
#1732=EDGE_CURVE('',#1125,#1126,#337,.T.);
#1733=EDGE_CURVE('',#1126,#1127,#338,.T.);
#1734=EDGE_CURVE('',#1127,#1128,#1447,.T.);
#1735=EDGE_CURVE('',#1128,#1129,#339,.T.);
#1736=EDGE_CURVE('',#1120,#1129,#340,.T.);
#1737=EDGE_CURVE('',#1105,#1104,#341,.T.);
#1738=EDGE_CURVE('',#1130,#1131,#1448,.T.);
#1739=EDGE_CURVE('',#1131,#1132,#795,.T.);
#1740=EDGE_CURVE('',#1133,#1132,#1449,.T.);
#1741=EDGE_CURVE('',#1133,#1130,#796,.T.);
#1742=EDGE_CURVE('',#1122,#1092,#797,.T.);
#1743=EDGE_CURVE('',#1093,#1134,#798,.T.);
#1744=EDGE_CURVE('',#1135,#1134,#1450,.T.);
#1745=EDGE_CURVE('',#1136,#1135,#799,.T.);
#1746=EDGE_CURVE('',#1136,#1137,#1451,.T.);
#1747=EDGE_CURVE('',#1137,#1138,#800,.T.);
#1748=EDGE_CURVE('',#1139,#1138,#1452,.T.);
#1749=EDGE_CURVE('',#1139,#1140,#801,.T.);
#1750=EDGE_CURVE('',#1141,#1140,#1453,.T.);
#1751=EDGE_CURVE('',#1141,#1142,#802,.T.);
#1752=EDGE_CURVE('',#1143,#1142,#1454,.T.);
#1753=EDGE_CURVE('',#1144,#1143,#803,.T.);
#1754=EDGE_CURVE('',#1144,#1145,#342,.T.);
#1755=EDGE_CURVE('',#1145,#1146,#343,.T.);
#1756=EDGE_CURVE('',#1147,#1146,#804,.T.);
#1757=EDGE_CURVE('',#1147,#1148,#1455,.T.);
#1758=EDGE_CURVE('',#1148,#1149,#805,.T.);
#1759=EDGE_CURVE('',#1150,#1149,#1456,.T.);
#1760=EDGE_CURVE('',#1151,#1150,#806,.T.);
#1761=EDGE_CURVE('',#1151,#1152,#1457,.T.);
#1762=EDGE_CURVE('',#1152,#1153,#807,.T.);
#1763=EDGE_CURVE('',#1154,#1153,#1458,.T.);
#1764=EDGE_CURVE('',#1154,#1155,#344,.T.);
#1765=EDGE_CURVE('',#1155,#1156,#345,.T.);
#1766=EDGE_CURVE('',#1156,#1157,#346,.T.);
#1767=EDGE_CURVE('',#1158,#1157,#808,.T.);
#1768=EDGE_CURVE('',#1158,#1159,#1459,.T.);
#1769=EDGE_CURVE('',#1159,#1160,#809,.T.);
#1770=EDGE_CURVE('',#1161,#1160,#1460,.T.);
#1771=EDGE_CURVE('',#1161,#1162,#347,.T.);
#1772=EDGE_CURVE('',#1162,#1163,#348,.T.);
#1773=EDGE_CURVE('',#1163,#1164,#349,.T.);
#1774=EDGE_CURVE('',#1164,#1165,#350,.T.);
#1775=EDGE_CURVE('',#1166,#1165,#810,.T.);
#1776=EDGE_CURVE('',#1167,#1166,#810,.T.);
#1777=EDGE_CURVE('',#1167,#1168,#351,.T.);
#1778=EDGE_CURVE('',#1168,#1169,#352,.T.);
#1779=EDGE_CURVE('',#1170,#1169,#811,.T.);
#1780=EDGE_CURVE('',#1170,#1171,#1461,.T.);
#1781=EDGE_CURVE('',#1171,#1172,#812,.T.);
#1782=EDGE_CURVE('',#1172,#1173,#1462,.T.);
#1783=EDGE_CURVE('',#1173,#1174,#813,.T.);
#1784=EDGE_CURVE('',#1174,#1175,#1463,.T.);
#1785=EDGE_CURVE('',#1175,#1176,#353,.T.);
#1786=EDGE_CURVE('',#1177,#1176,#1464,.T.);
#1787=EDGE_CURVE('',#1177,#1178,#814,.T.);
#1788=EDGE_CURVE('',#1179,#1178,#1465,.T.);
#1789=EDGE_CURVE('',#1179,#1180,#815,.T.);
#1790=EDGE_CURVE('',#1181,#1180,#1466,.T.);
#1791=EDGE_CURVE('',#1182,#1181,#816,.T.);
#1792=EDGE_CURVE('',#1182,#1183,#354,.T.);
#1793=EDGE_CURVE('',#1183,#1184,#355,.T.);
#1794=EDGE_CURVE('',#1184,#1185,#356,.T.);
#1795=EDGE_CURVE('',#1186,#1185,#817,.T.);
#1796=EDGE_CURVE('',#1186,#1187,#1467,.T.);
#1797=EDGE_CURVE('',#1187,#1188,#818,.T.);
#1798=EDGE_CURVE('',#1189,#1188,#1468,.T.);
#1799=EDGE_CURVE('',#1190,#1189,#819,.T.);
#1800=EDGE_CURVE('',#1190,#1191,#1469,.T.);
#1801=EDGE_CURVE('',#1191,#1192,#820,.T.);
#1802=EDGE_CURVE('',#1193,#1192,#1470,.T.);
#1803=EDGE_CURVE('',#1087,#1193,#821,.T.);
#1804=EDGE_CURVE('',#1087,#1086,#357,.T.);
#1805=EDGE_CURVE('',#1123,#1086,#822,.T.);
#1806=EDGE_CURVE('',#1093,#1092,#358,.T.);
#1807=EDGE_CURVE('',#1122,#1123,#1471,.T.);
#1808=EDGE_CURVE('',#1194,#1193,#1472,.T.);
#1809=EDGE_CURVE('',#1194,#1195,#823,.T.);
#1810=EDGE_CURVE('',#1195,#1190,#1473,.T.);
#1811=EDGE_CURVE('',#1196,#1189,#1474,.T.);
#1812=EDGE_CURVE('',#1196,#1197,#824,.T.);
#1813=EDGE_CURVE('',#1197,#1186,#1475,.T.);
#1814=EDGE_CURVE('',#1185,#1198,#359,.T.);
#1815=EDGE_CURVE('',#1199,#1198,#1476,.T.);
#1816=EDGE_CURVE('',#1199,#1200,#360,.T.);
#1817=EDGE_CURVE('',#1200,#1201,#825,.T.);
#1818=EDGE_CURVE('',#1201,#1202,#361,.T.);
#1819=EDGE_CURVE('',#1202,#1203,#362,.T.);
#1820=EDGE_CURVE('',#1203,#1204,#363,.T.);
#1821=EDGE_CURVE('',#1204,#1205,#364,.T.);
#1822=EDGE_CURVE('',#1205,#1206,#365,.T.);
#1823=EDGE_CURVE('',#1206,#1207,#366,.T.);
#1824=EDGE_CURVE('',#1207,#1208,#367,.T.);
#1825=EDGE_CURVE('',#1208,#1209,#368,.T.);
#1826=EDGE_CURVE('',#1209,#1210,#826,.T.);
#1827=EDGE_CURVE('',#1210,#1211,#369,.T.);
#1828=EDGE_CURVE('',#1211,#1212,#370,.T.);
#1829=EDGE_CURVE('',#1212,#1182,#371,.T.);
#1830=EDGE_CURVE('',#1213,#1181,#1477,.T.);
#1831=EDGE_CURVE('',#1213,#1214,#372,.T.);
#1832=EDGE_CURVE('',#1214,#1215,#373,.T.);
#1833=EDGE_CURVE('',#1215,#1216,#374,.T.);
#1834=EDGE_CURVE('',#1216,#1217,#375,.T.);
#1835=EDGE_CURVE('',#1217,#1218,#376,.T.);
#1836=EDGE_CURVE('',#1218,#1170,#1478,.T.);
#1837=EDGE_CURVE('',#1169,#1219,#377,.T.);
#1838=EDGE_CURVE('',#1219,#1220,#378,.T.);
#1839=EDGE_CURVE('',#1220,#1221,#827,.T.);
#1840=EDGE_CURVE('',#1221,#1222,#379,.T.);
#1841=EDGE_CURVE('',#1222,#1223,#380,.T.);
#1842=EDGE_CURVE('',#1223,#1224,#381,.T.);
#1843=EDGE_CURVE('',#1224,#1225,#382,.T.);
#1844=EDGE_CURVE('',#1225,#1226,#383,.T.);
#1845=EDGE_CURVE('',#1226,#1167,#384,.T.);
#1846=EDGE_CURVE('',#1165,#1227,#385,.T.);
#1847=EDGE_CURVE('',#1228,#1227,#1479,.T.);
#1848=EDGE_CURVE('',#1228,#1229,#828,.T.);
#1849=EDGE_CURVE('',#1229,#1230,#1480,.T.);
#1850=EDGE_CURVE('',#1230,#1231,#386,.T.);
#1851=EDGE_CURVE('',#1231,#1232,#829,.T.);
#1852=EDGE_CURVE('',#1232,#1233,#387,.T.);
#1853=EDGE_CURVE('',#1234,#1233,#1481,.T.);
#1854=EDGE_CURVE('',#1234,#1235,#830,.T.);
#1855=EDGE_CURVE('',#1235,#1236,#1482,.T.);
#1856=EDGE_CURVE('',#1236,#1237,#388,.T.);
#1857=EDGE_CURVE('',#1237,#1238,#831,.T.);
#1858=EDGE_CURVE('',#1238,#1239,#831,.T.);
#1859=EDGE_CURVE('',#1239,#1240,#389,.T.);
#1860=EDGE_CURVE('',#1241,#1240,#1483,.T.);
#1861=EDGE_CURVE('',#1241,#1242,#832,.T.);
#1862=EDGE_CURVE('',#1242,#1158,#1484,.T.);
#1863=EDGE_CURVE('',#1157,#1243,#390,.T.);
#1864=EDGE_CURVE('',#1244,#1243,#1485,.T.);
#1865=EDGE_CURVE('',#1244,#1245,#833,.T.);
#1866=EDGE_CURVE('',#1245,#1246,#1486,.T.);
#1867=EDGE_CURVE('',#1246,#1247,#391,.T.);
#1868=EDGE_CURVE('',#1247,#1248,#834,.T.);
#1869=EDGE_CURVE('',#1248,#1249,#834,.T.);
#1870=EDGE_CURVE('',#1249,#1250,#392,.T.);
#1871=EDGE_CURVE('',#1251,#1250,#1487,.T.);
#1872=EDGE_CURVE('',#1251,#1252,#835,.T.);
#1873=EDGE_CURVE('',#1252,#1151,#1488,.T.);
#1874=EDGE_CURVE('',#1253,#1150,#1489,.T.);
#1875=EDGE_CURVE('',#1253,#1254,#836,.T.);
#1876=EDGE_CURVE('',#1254,#1147,#1490,.T.);
#1877=EDGE_CURVE('',#1146,#1255,#393,.T.);
#1878=EDGE_CURVE('',#1255,#1256,#394,.T.);
#1879=EDGE_CURVE('',#1256,#1257,#837,.T.);
#1880=EDGE_CURVE('',#1257,#1258,#395,.T.);
#1881=EDGE_CURVE('',#1258,#1259,#396,.T.);
#1882=EDGE_CURVE('',#1259,#1260,#397,.T.);
#1883=EDGE_CURVE('',#1260,#1261,#398,.T.);
#1884=EDGE_CURVE('',#1261,#1262,#399,.T.);
#1885=EDGE_CURVE('',#1262,#1144,#400,.T.);
#1886=EDGE_CURVE('',#1263,#1143,#1491,.T.);
#1887=EDGE_CURVE('',#1263,#1264,#838,.T.);
#1888=EDGE_CURVE('',#1265,#1264,#1492,.T.);
#1889=EDGE_CURVE('',#1265,#1266,#839,.T.);
#1890=EDGE_CURVE('',#1266,#1136,#1493,.T.);
#1891=EDGE_CURVE('',#1134,#1135,#1494,.T.);
#1892=EDGE_CURVE('',#1099,#1098,#401,.T.);
#1893=EDGE_CURVE('',#1209,#1267,#402,.T.);
#1894=EDGE_CURVE('',#1267,#1268,#403,.T.);
#1895=EDGE_CURVE('',#1268,#1210,#404,.T.);
#1896=EDGE_CURVE('',#1231,#1269,#405,.T.);
#1897=EDGE_CURVE('',#1269,#1232,#406,.T.);
#1898=EDGE_CURVE('',#1270,#1239,#407,.T.);
#1899=EDGE_CURVE('',#1237,#1270,#408,.T.);
#1900=EDGE_CURVE('',#1134,#1271,#1495,.T.);
#1901=EDGE_CURVE('',#1272,#1271,#1496,.T.);
#1902=EDGE_CURVE('',#1135,#1272,#1497,.T.);
#1903=EDGE_CURVE('',#1271,#1273,#840,.T.);
#1904=EDGE_CURVE('',#1274,#1273,#1498,.T.);
#1905=EDGE_CURVE('',#1272,#1274,#841,.T.);
#1906=EDGE_CURVE('',#1096,#1095,#409,.T.);
#1907=EDGE_CURVE('',#1115,#1090,#842,.T.);
#1908=EDGE_CURVE('',#1091,#1111,#843,.T.);
#1909=EDGE_CURVE('',#1085,#1112,#844,.T.);
#1910=EDGE_CURVE('',#1084,#1085,#410,.T.);
#1911=EDGE_CURVE('',#1116,#1084,#845,.T.);
#1912=EDGE_CURVE('',#1275,#1276,#1499,.T.);
#1913=EDGE_CURVE('',#1276,#1121,#846,.T.);
#1914=EDGE_CURVE('',#1277,#1120,#847,.T.);
#1915=EDGE_CURVE('',#1277,#1278,#411,.T.);
#1916=EDGE_CURVE('',#1278,#1128,#848,.T.);
#1917=EDGE_CURVE('',#1127,#1279,#849,.T.);
#1918=EDGE_CURVE('',#1279,#1280,#412,.T.);
#1919=EDGE_CURVE('',#1280,#1125,#850,.T.);
#1920=EDGE_CURVE('',#1281,#1124,#851,.T.);
#1921=EDGE_CURVE('',#1281,#1282,#1500,.T.);
#1922=EDGE_CURVE('',#1282,#1283,#852,.T.);
#1923=EDGE_CURVE('',#1283,#1284,#413,.T.);
#1924=EDGE_CURVE('',#1284,#1285,#414,.T.);
#1925=EDGE_CURVE('',#1285,#1286,#415,.T.);
#1926=EDGE_CURVE('',#1286,#1275,#853,.T.);
#1927=EDGE_CURVE('',#1287,#1288,#854,.T.);
#1928=EDGE_CURVE('',#1287,#1113,#855,.T.);
#1929=EDGE_CURVE('',#1289,#1114,#856,.T.);
#1930=EDGE_CURVE('',#1289,#1290,#416,.T.);
#1931=EDGE_CURVE('',#1290,#1291,#417,.T.);
#1932=EDGE_CURVE('',#1291,#1118,#857,.T.);
#1933=EDGE_CURVE('',#1292,#1117,#858,.T.);
#1934=EDGE_CURVE('',#1292,#1293,#859,.T.);
#1935=EDGE_CURVE('',#1293,#1288,#1501,.T.);
#1936=EDGE_CURVE('',#1292,#1294,#1502,.T.);
#1937=EDGE_CURVE('',#1117,#1295,#1503,.T.);
#1938=EDGE_CURVE('',#1295,#1294,#860,.T.);
#1939=EDGE_CURVE('',#1296,#1297,#861,.T.);
#1940=EDGE_CURVE('',#1296,#1287,#1504,.T.);
#1941=EDGE_CURVE('',#1287,#1298,#1505,.T.);
#1942=EDGE_CURVE('',#1298,#1297,#1506,.T.);
#1943=EDGE_CURVE('',#1299,#1296,#862,.T.);
#1944=EDGE_CURVE('',#1299,#1113,#1507,.T.);
#1945=EDGE_CURVE('',#1297,#1300,#863,.T.);
#1946=EDGE_CURVE('',#1298,#1301,#864,.T.);
#1947=EDGE_CURVE('',#1301,#1302,#1508,.T.);
#1948=EDGE_CURVE('',#1303,#1302,#865,.T.);
#1949=EDGE_CURVE('',#1304,#1303,#1509,.T.);
#1950=EDGE_CURVE('',#1304,#1305,#866,.T.);
#1951=EDGE_CURVE('',#1305,#1300,#418,.T.);
#1952=EDGE_CURVE('',#1276,#1281,#1510,.T.);
#1953=EDGE_CURVE('',#1306,#1124,#1511,.T.);
#1954=EDGE_CURVE('',#1306,#1307,#867,.T.);
#1955=EDGE_CURVE('',#1307,#1308,#419,.T.);
#1956=EDGE_CURVE('',#1308,#1309,#868,.T.);
#1957=EDGE_CURVE('',#1310,#1309,#1512,.T.);
#1958=EDGE_CURVE('',#1310,#1311,#869,.T.);
#1959=EDGE_CURVE('',#1311,#1312,#420,.T.);
#1960=EDGE_CURVE('',#1313,#1312,#870,.T.);
#1961=EDGE_CURVE('',#1121,#1313,#1513,.T.);
#1962=EDGE_CURVE('',#1288,#1301,#1514,.T.);
#1963=EDGE_CURVE('',#1302,#1293,#1515,.T.);
#1964=EDGE_CURVE('',#1314,#1315,#871,.T.);
#1965=EDGE_CURVE('',#1315,#1282,#1516,.T.);
#1966=EDGE_CURVE('',#1275,#1316,#1517,.T.);
#1967=EDGE_CURVE('',#1317,#1316,#872,.T.);
#1968=EDGE_CURVE('',#1317,#1318,#1518,.T.);
#1969=EDGE_CURVE('',#1318,#1319,#873,.T.);
#1970=EDGE_CURVE('',#1319,#1314,#1519,.T.);
#1971=EDGE_CURVE('',#1116,#1115,#1520,.T.);
#1972=EDGE_CURVE('',#1112,#1111,#1521,.T.);
#1973=EDGE_CURVE('',#1090,#1091,#421,.T.);
#1974=EDGE_CURVE('',#1102,#1101,#422,.T.);
#1975=EDGE_CURVE('',#1110,#1109,#1522,.T.);
#1976=EDGE_CURVE('',#1273,#1274,#1523,.T.);
#1977=EDGE_CURVE('',#1271,#1272,#1524,.T.);
#1978=EDGE_CURVE('',#1320,#1249,#423,.T.);
#1979=EDGE_CURVE('',#1247,#1320,#424,.T.);
#1980=EDGE_CURVE('',#1321,#1313,#425,.T.);
#1981=EDGE_CURVE('',#1321,#1310,#426,.T.);
#1982=EDGE_CURVE('',#1309,#1322,#427,.T.);
#1983=EDGE_CURVE('',#1322,#1306,#428,.T.);
#1984=EDGE_CURVE('',#1294,#1304,#874,.T.);
#1985=EDGE_CURVE('',#1303,#1292,#1525,.T.);
#1986=EDGE_CURVE('',#1323,#1299,#1526,.T.);
#1987=EDGE_CURVE('',#1295,#1323,#1527,.T.);
#1988=EDGE_CURVE('',#1108,#1107,#1528,.T.);
#1989=EDGE_CURVE('',#1324,#1325,#1529,.T.);
#1990=EDGE_CURVE('',#1325,#1326,#429,.T.);
#1991=EDGE_CURVE('',#1326,#1327,#1530,.T.);
#1992=EDGE_CURVE('',#1324,#1327,#875,.T.);
#1993=EDGE_CURVE('',#1316,#1328,#876,.T.);
#1994=EDGE_CURVE('',#1328,#1329,#1531,.T.);
#1995=EDGE_CURVE('',#1329,#1317,#877,.T.);
#1996=EDGE_CURVE('',#1330,#1331,#1532,.T.);
#1997=EDGE_CURVE('',#1331,#1315,#878,.T.);
#1998=EDGE_CURVE('',#1314,#1330,#879,.T.);
#1999=EDGE_CURVE('',#1327,#1319,#880,.T.);
#2000=EDGE_CURVE('',#1318,#1324,#881,.T.);
#2001=EDGE_CURVE('',#1326,#1331,#430,.T.);
#2002=EDGE_CURVE('',#1327,#1330,#1533,.T.);
#2003=EDGE_CURVE('',#1324,#1329,#1534,.T.);
#2004=EDGE_CURVE('',#1328,#1325,#431,.T.);
#2005=EDGE_CURVE('',#1283,#1331,#1535,.T.);
#2006=EDGE_CURVE('',#1284,#1326,#1536,.T.);
#2007=EDGE_CURVE('',#1285,#1325,#1537,.T.);
#2008=EDGE_CURVE('',#1328,#1286,#1538,.T.);
#2009=EDGE_CURVE('',#1305,#1280,#1539,.T.);
#2010=EDGE_CURVE('',#1332,#1295,#882,.T.);
#2011=EDGE_CURVE('',#1126,#1332,#883,.T.);
#2012=EDGE_CURVE('',#1129,#1333,#884,.T.);
#2013=EDGE_CURVE('',#1333,#1299,#885,.T.);
#2014=EDGE_CURVE('',#1300,#1277,#1540,.T.);
#2015=EDGE_CURVE('',#1278,#1279,#886,.T.);
#2016=EDGE_CURVE('',#1323,#1332,#887,.T.);
#2017=EDGE_CURVE('',#1333,#1323,#888,.T.);
#2018=EDGE_CURVE('',#1334,#1321,#889,.T.);
#2019=EDGE_CURVE('',#1334,#1119,#890,.T.);
#2020=EDGE_CURVE('',#1119,#1335,#891,.T.);
#2021=EDGE_CURVE('',#1335,#1322,#892,.T.);
#2022=EDGE_CURVE('',#1290,#1308,#893,.T.);
#2023=EDGE_CURVE('',#1311,#1290,#894,.T.);
#2024=EDGE_CURVE('',#1118,#1335,#895,.T.);
#2025=EDGE_CURVE('',#1114,#1334,#896,.T.);
#2026=EDGE_CURVE('',#1312,#1289,#1541,.T.);
#2027=EDGE_CURVE('',#1307,#1291,#1542,.T.);
#2028=EDGE_CURVE('',#1137,#1336,#897,.T.);
#2029=EDGE_CURVE('',#1336,#1337,#898,.T.);
#2030=EDGE_CURVE('',#1138,#1337,#899,.T.);
#2031=EDGE_CURVE('',#1338,#1337,#1543,.T.);
#2032=EDGE_CURVE('',#1139,#1338,#900,.T.);
#2033=EDGE_CURVE('',#1338,#1339,#901,.T.);
#2034=EDGE_CURVE('',#1140,#1339,#902,.T.);
#2035=EDGE_CURVE('',#1340,#1339,#1544,.T.);
#2036=EDGE_CURVE('',#1141,#1340,#903,.T.);
#2037=EDGE_CURVE('',#1340,#1341,#904,.T.);
#2038=EDGE_CURVE('',#1142,#1341,#905,.T.);
#2039=EDGE_CURVE('',#1078,#1341,#1545,.T.);
#2040=EDGE_CURVE('',#1263,#1077,#906,.T.);
#2041=EDGE_CURVE('',#1264,#1082,#907,.T.);
#2042=EDGE_CURVE('',#1265,#1081,#908,.T.);
#2043=EDGE_CURVE('',#1266,#1080,#909,.T.);
#2044=EDGE_CURVE('',#1079,#1336,#1546,.T.);
#2045=EDGE_CURVE('',#1260,#1073,#432,.T.);
#2046=EDGE_CURVE('',#1261,#1072,#433,.T.);
#2047=EDGE_CURVE('',#1262,#1071,#434,.T.);
#2048=EDGE_CURVE('',#1070,#1342,#435,.T.);
#2049=EDGE_CURVE('',#1145,#1342,#436,.T.);
#2050=EDGE_CURVE('',#1342,#1063,#437,.T.);
#2051=EDGE_CURVE('',#1255,#1061,#438,.T.);
#2052=EDGE_CURVE('',#1256,#1062,#439,.T.);
#2053=EDGE_CURVE('',#1257,#1076,#440,.T.);
#2054=EDGE_CURVE('',#1258,#1075,#441,.T.);
#2055=EDGE_CURVE('',#1259,#1074,#442,.T.);
#2056=EDGE_CURVE('',#1065,#1343,#443,.T.);
#2057=EDGE_CURVE('',#1344,#1068,#444,.T.);
#2058=EDGE_CURVE('',#1343,#1344,#445,.T.);
#2059=EDGE_CURVE('',#1066,#1056,#446,.T.);
#2060=EDGE_CURVE('',#1343,#1345,#447,.T.);
#2061=EDGE_CURVE('',#1057,#1345,#448,.T.);
#2062=EDGE_CURVE('',#1344,#1346,#449,.T.);
#2063=EDGE_CURVE('',#1345,#1346,#450,.T.);
#2064=EDGE_CURVE('',#1067,#1060,#451,.T.);
#2065=EDGE_CURVE('',#1346,#1059,#452,.T.);
#2066=EDGE_CURVE('',#1131,#1347,#910,.T.);
#2067=EDGE_CURVE('',#1347,#1348,#911,.T.);
#2068=EDGE_CURVE('',#1132,#1348,#912,.T.);
#2069=EDGE_CURVE('',#1349,#1348,#1547,.T.);
#2070=EDGE_CURVE('',#1133,#1349,#913,.T.);
#2071=EDGE_CURVE('',#1349,#1350,#914,.T.);
#2072=EDGE_CURVE('',#1130,#1350,#915,.T.);
#2073=EDGE_CURVE('',#1350,#1347,#1548,.T.);
#2074=EDGE_CURVE('',#1148,#1351,#916,.T.);
#2075=EDGE_CURVE('',#1351,#1352,#917,.T.);
#2076=EDGE_CURVE('',#1149,#1352,#918,.T.);
#2077=EDGE_CURVE('',#1053,#1352,#1549,.T.);
#2078=EDGE_CURVE('',#1253,#1052,#919,.T.);
#2079=EDGE_CURVE('',#1254,#1055,#920,.T.);
#2080=EDGE_CURVE('',#1054,#1351,#1550,.T.);
#2081=EDGE_CURVE('',#1152,#1353,#921,.T.);
#2082=EDGE_CURVE('',#1353,#1354,#922,.T.);
#2083=EDGE_CURVE('',#1153,#1354,#923,.T.);
#2084=EDGE_CURVE('',#1355,#1354,#1551,.T.);
#2085=EDGE_CURVE('',#1154,#1355,#453,.T.);
#2086=EDGE_CURVE('',#1355,#1356,#454,.T.);
#2087=EDGE_CURVE('',#1155,#1356,#455,.T.);
#2088=EDGE_CURVE('',#1356,#1357,#456,.T.);
#2089=EDGE_CURVE('',#1156,#1357,#457,.T.);
#2090=EDGE_CURVE('',#1357,#1040,#458,.T.);
#2091=EDGE_CURVE('',#1243,#1041,#459,.T.);
#2092=EDGE_CURVE('',#1244,#1046,#924,.T.);
#2093=EDGE_CURVE('',#1245,#1045,#925,.T.);
#2094=EDGE_CURVE('',#1246,#1044,#460,.T.);
#2095=EDGE_CURVE('',#1043,#1358,#461,.T.);
#2096=EDGE_CURVE('',#1320,#1358,#462,.T.);
#2097=EDGE_CURVE('',#1358,#1047,#463,.T.);
#2098=EDGE_CURVE('',#1250,#1048,#464,.T.);
#2099=EDGE_CURVE('',#1251,#1051,#926,.T.);
#2100=EDGE_CURVE('',#1252,#1050,#927,.T.);
#2101=EDGE_CURVE('',#1049,#1353,#1552,.T.);
#2102=EDGE_CURVE('',#1159,#1359,#928,.T.);
#2103=EDGE_CURVE('',#1359,#1360,#929,.T.);
#2104=EDGE_CURVE('',#1160,#1360,#930,.T.);
#2105=EDGE_CURVE('',#1361,#1360,#1553,.T.);
#2106=EDGE_CURVE('',#1161,#1361,#465,.T.);
#2107=EDGE_CURVE('',#1361,#1362,#466,.T.);
#2108=EDGE_CURVE('',#1162,#1362,#467,.T.);
#2109=EDGE_CURVE('',#1362,#1363,#468,.T.);
#2110=EDGE_CURVE('',#1163,#1363,#469,.T.);
#2111=EDGE_CURVE('',#1363,#1364,#470,.T.);
#2112=EDGE_CURVE('',#1164,#1364,#471,.T.);
#2113=EDGE_CURVE('',#1364,#1023,#472,.T.);
#2114=EDGE_CURVE('',#1227,#1022,#473,.T.);
#2115=EDGE_CURVE('',#1228,#1021,#931,.T.);
#2116=EDGE_CURVE('',#1229,#1027,#932,.T.);
#2117=EDGE_CURVE('',#1230,#1026,#474,.T.);
#2118=EDGE_CURVE('',#1025,#1365,#475,.T.);
#2119=EDGE_CURVE('',#1269,#1365,#476,.T.);
#2120=EDGE_CURVE('',#1365,#1030,#477,.T.);
#2121=EDGE_CURVE('',#1233,#1029,#478,.T.);
#2122=EDGE_CURVE('',#1234,#1028,#933,.T.);
#2123=EDGE_CURVE('',#1235,#1034,#934,.T.);
#2124=EDGE_CURVE('',#1236,#1033,#479,.T.);
#2125=EDGE_CURVE('',#1032,#1366,#480,.T.);
#2126=EDGE_CURVE('',#1270,#1366,#481,.T.);
#2127=EDGE_CURVE('',#1366,#1035,#482,.T.);
#2128=EDGE_CURVE('',#1240,#1036,#483,.T.);
#2129=EDGE_CURVE('',#1241,#1039,#935,.T.);
#2130=EDGE_CURVE('',#1242,#1038,#936,.T.);
#2131=EDGE_CURVE('',#1037,#1359,#1554,.T.);
#2132=EDGE_CURVE('',#1224,#1017,#484,.T.);
#2133=EDGE_CURVE('',#1225,#1016,#485,.T.);
#2134=EDGE_CURVE('',#1226,#1015,#486,.T.);
#2135=EDGE_CURVE('',#1014,#1367,#487,.T.);
#2136=EDGE_CURVE('',#1168,#1367,#488,.T.);
#2137=EDGE_CURVE('',#1367,#1007,#489,.T.);
#2138=EDGE_CURVE('',#1219,#1005,#490,.T.);
#2139=EDGE_CURVE('',#1220,#1006,#491,.T.);
#2140=EDGE_CURVE('',#1221,#1020,#492,.T.);
#2141=EDGE_CURVE('',#1222,#1019,#493,.T.);
#2142=EDGE_CURVE('',#1223,#1018,#494,.T.);
#2143=EDGE_CURVE('',#1009,#1368,#495,.T.);
#2144=EDGE_CURVE('',#1369,#1012,#496,.T.);
#2145=EDGE_CURVE('',#1368,#1369,#497,.T.);
#2146=EDGE_CURVE('',#1010,#1000,#498,.T.);
#2147=EDGE_CURVE('',#1368,#1370,#499,.T.);
#2148=EDGE_CURVE('',#1001,#1370,#500,.T.);
#2149=EDGE_CURVE('',#1369,#1371,#501,.T.);
#2150=EDGE_CURVE('',#1370,#1371,#502,.T.);
#2151=EDGE_CURVE('',#1011,#1004,#503,.T.);
#2152=EDGE_CURVE('',#1371,#1003,#504,.T.);
#2153=EDGE_CURVE('',#1216,#997,#505,.T.);
#2154=EDGE_CURVE('',#1217,#996,#506,.T.);
#2155=EDGE_CURVE('',#1218,#995,#507,.T.);
#2156=EDGE_CURVE('',#994,#1372,#1555,.T.);
#2157=EDGE_CURVE('',#1171,#1372,#937,.T.);
#2158=EDGE_CURVE('',#1372,#1373,#938,.T.);
#2159=EDGE_CURVE('',#1172,#1373,#939,.T.);
#2160=EDGE_CURVE('',#1373,#1374,#1556,.T.);
#2161=EDGE_CURVE('',#1173,#1374,#940,.T.);
#2162=EDGE_CURVE('',#1374,#1375,#941,.T.);
#2163=EDGE_CURVE('',#1174,#1375,#942,.T.);
#2164=EDGE_CURVE('',#1375,#1376,#1557,.T.);
#2165=EDGE_CURVE('',#1175,#1376,#508,.T.);
#2166=EDGE_CURVE('',#1376,#1377,#509,.T.);
#2167=EDGE_CURVE('',#1176,#1377,#510,.T.);
#2168=EDGE_CURVE('',#1378,#1377,#1558,.T.);
#2169=EDGE_CURVE('',#1177,#1378,#943,.T.);
#2170=EDGE_CURVE('',#1378,#1379,#944,.T.);
#2171=EDGE_CURVE('',#1178,#1379,#945,.T.);
#2172=EDGE_CURVE('',#1380,#1379,#1559,.T.);
#2173=EDGE_CURVE('',#1179,#1380,#946,.T.);
#2174=EDGE_CURVE('',#1380,#1381,#947,.T.);
#2175=EDGE_CURVE('',#1180,#1381,#948,.T.);
#2176=EDGE_CURVE('',#993,#1381,#1560,.T.);
#2177=EDGE_CURVE('',#1213,#992,#511,.T.);
#2178=EDGE_CURVE('',#1214,#999,#512,.T.);
#2179=EDGE_CURVE('',#1215,#998,#513,.T.);
#2180=EDGE_CURVE('',#1203,#977,#514,.T.);
#2181=EDGE_CURVE('',#1204,#976,#515,.T.);
#2182=EDGE_CURVE('',#1205,#975,#516,.T.);
#2183=EDGE_CURVE('',#1206,#974,#517,.T.);
#2184=EDGE_CURVE('',#1207,#973,#518,.T.);
#2185=EDGE_CURVE('',#1208,#972,#519,.T.);
#2186=EDGE_CURVE('',#971,#1382,#520,.T.);
#2187=EDGE_CURVE('',#1267,#1382,#521,.T.);
#2188=EDGE_CURVE('',#1382,#1383,#522,.T.);
#2189=EDGE_CURVE('',#1268,#1383,#523,.T.);
#2190=EDGE_CURVE('',#1383,#987,#524,.T.);
#2191=EDGE_CURVE('',#1211,#988,#525,.T.);
#2192=EDGE_CURVE('',#1212,#991,#526,.T.);
#2193=EDGE_CURVE('',#990,#1384,#527,.T.);
#2194=EDGE_CURVE('',#1183,#1384,#528,.T.);
#2195=EDGE_CURVE('',#1384,#1385,#529,.T.);
#2196=EDGE_CURVE('',#1184,#1385,#530,.T.);
#2197=EDGE_CURVE('',#1385,#969,#531,.T.);
#2198=EDGE_CURVE('',#1198,#968,#532,.T.);
#2199=EDGE_CURVE('',#1199,#967,#533,.T.);
#2200=EDGE_CURVE('',#1200,#980,#534,.T.);
#2201=EDGE_CURVE('',#1201,#979,#535,.T.);
#2202=EDGE_CURVE('',#1202,#978,#536,.T.);
#2203=EDGE_CURVE('',#983,#1386,#537,.T.);
#2204=EDGE_CURVE('',#981,#1387,#538,.T.);
#2205=EDGE_CURVE('',#1386,#1387,#539,.T.);
#2206=EDGE_CURVE('',#982,#1388,#540,.T.);
#2207=EDGE_CURVE('',#1387,#1388,#541,.T.);
#2208=EDGE_CURVE('',#986,#1389,#542,.T.);
#2209=EDGE_CURVE('',#1388,#1389,#543,.T.);
#2210=EDGE_CURVE('',#985,#1390,#544,.T.);
#2211=EDGE_CURVE('',#1389,#1390,#545,.T.);
#2212=EDGE_CURVE('',#984,#1391,#546,.T.);
#2213=EDGE_CURVE('',#1390,#1391,#547,.T.);
#2214=EDGE_CURVE('',#1391,#1386,#548,.T.);
#2215=EDGE_CURVE('',#1187,#1392,#949,.T.);
#2216=EDGE_CURVE('',#1392,#1393,#950,.T.);
#2217=EDGE_CURVE('',#1188,#1393,#951,.T.);
#2218=EDGE_CURVE('',#964,#1393,#1561,.T.);
#2219=EDGE_CURVE('',#1196,#963,#952,.T.);
#2220=EDGE_CURVE('',#1197,#966,#953,.T.);
#2221=EDGE_CURVE('',#965,#1392,#1562,.T.);
#2222=EDGE_CURVE('',#1191,#1394,#954,.T.);
#2223=EDGE_CURVE('',#1394,#1395,#955,.T.);
#2224=EDGE_CURVE('',#1192,#1395,#956,.T.);
#2225=EDGE_CURVE('',#960,#1395,#1563,.T.);
#2226=EDGE_CURVE('',#1194,#959,#957,.T.);
#2227=EDGE_CURVE('',#1195,#962,#958,.T.);
#2228=EDGE_CURVE('',#961,#1394,#1564,.T.);
#2229=ORIENTED_EDGE('',*,*,#1565,.T.);
#2230=ORIENTED_EDGE('',*,*,#1566,.T.);
#2231=ORIENTED_EDGE('',*,*,#1567,.F.);
#2232=ORIENTED_EDGE('',*,*,#1568,.F.);
#2233=ORIENTED_EDGE('',*,*,#1569,.T.);
#2234=ORIENTED_EDGE('',*,*,#1570,.T.);
#2235=ORIENTED_EDGE('',*,*,#1571,.F.);
#2236=ORIENTED_EDGE('',*,*,#1572,.F.);
#2237=ORIENTED_EDGE('',*,*,#1573,.T.);
#2238=ORIENTED_EDGE('',*,*,#1574,.F.);
#2239=ORIENTED_EDGE('',*,*,#1575,.T.);
#2240=ORIENTED_EDGE('',*,*,#1576,.T.);
#2241=ORIENTED_EDGE('',*,*,#1577,.F.);
#2242=ORIENTED_EDGE('',*,*,#1578,.F.);
#2243=ORIENTED_EDGE('',*,*,#1579,.F.);
#2244=ORIENTED_EDGE('',*,*,#1580,.F.);
#2245=ORIENTED_EDGE('',*,*,#1581,.F.);
#2246=ORIENTED_EDGE('',*,*,#1582,.F.);
#2247=ORIENTED_EDGE('',*,*,#1583,.F.);
#2248=ORIENTED_EDGE('',*,*,#1584,.F.);
#2249=ORIENTED_EDGE('',*,*,#1585,.F.);
#2250=ORIENTED_EDGE('',*,*,#1586,.F.);
#2251=ORIENTED_EDGE('',*,*,#1587,.F.);
#2252=ORIENTED_EDGE('',*,*,#1588,.F.);
#2253=ORIENTED_EDGE('',*,*,#1589,.F.);
#2254=ORIENTED_EDGE('',*,*,#1590,.F.);
#2255=ORIENTED_EDGE('',*,*,#1591,.F.);
#2256=ORIENTED_EDGE('',*,*,#1592,.F.);
#2257=ORIENTED_EDGE('',*,*,#1593,.F.);
#2258=ORIENTED_EDGE('',*,*,#1594,.T.);
#2259=ORIENTED_EDGE('',*,*,#1595,.T.);
#2260=ORIENTED_EDGE('',*,*,#1596,.F.);
#2261=ORIENTED_EDGE('',*,*,#1597,.F.);
#2262=ORIENTED_EDGE('',*,*,#1598,.T.);
#2263=ORIENTED_EDGE('',*,*,#1599,.T.);
#2264=ORIENTED_EDGE('',*,*,#1600,.F.);
#2265=ORIENTED_EDGE('',*,*,#1601,.F.);
#2266=ORIENTED_EDGE('',*,*,#1602,.F.);
#2267=ORIENTED_EDGE('',*,*,#1603,.F.);
#2268=ORIENTED_EDGE('',*,*,#1604,.F.);
#2269=ORIENTED_EDGE('',*,*,#1605,.F.);
#2270=ORIENTED_EDGE('',*,*,#1606,.T.);
#2271=ORIENTED_EDGE('',*,*,#1607,.T.);
#2272=ORIENTED_EDGE('',*,*,#1608,.T.);
#2273=ORIENTED_EDGE('',*,*,#1609,.T.);
#2274=ORIENTED_EDGE('',*,*,#1610,.T.);
#2275=ORIENTED_EDGE('',*,*,#1611,.F.);
#2276=ORIENTED_EDGE('',*,*,#1612,.F.);
#2277=ORIENTED_EDGE('',*,*,#1613,.T.);
#2278=ORIENTED_EDGE('',*,*,#1614,.T.);
#2279=ORIENTED_EDGE('',*,*,#1615,.F.);
#2280=ORIENTED_EDGE('',*,*,#1616,.F.);
#2281=ORIENTED_EDGE('',*,*,#1617,.F.);
#2282=ORIENTED_EDGE('',*,*,#1618,.T.);
#2283=ORIENTED_EDGE('',*,*,#1619,.T.);
#2284=ORIENTED_EDGE('',*,*,#1620,.F.);
#2285=ORIENTED_EDGE('',*,*,#1621,.F.);
#2286=ORIENTED_EDGE('',*,*,#1622,.F.);
#2287=ORIENTED_EDGE('',*,*,#1623,.F.);
#2288=ORIENTED_EDGE('',*,*,#1624,.F.);
#2289=ORIENTED_EDGE('',*,*,#1625,.F.);
#2290=ORIENTED_EDGE('',*,*,#1626,.F.);
#2291=ORIENTED_EDGE('',*,*,#1627,.T.);
#2292=ORIENTED_EDGE('',*,*,#1628,.F.);
#2293=ORIENTED_EDGE('',*,*,#1629,.T.);
#2294=ORIENTED_EDGE('',*,*,#1630,.T.);
#2295=ORIENTED_EDGE('',*,*,#1631,.F.);
#2296=ORIENTED_EDGE('',*,*,#1632,.F.);
#2297=ORIENTED_EDGE('',*,*,#1633,.F.);
#2298=ORIENTED_EDGE('',*,*,#1634,.T.);
#2299=ORIENTED_EDGE('',*,*,#1635,.F.);
#2300=ORIENTED_EDGE('',*,*,#1636,.T.);
#2301=ORIENTED_EDGE('',*,*,#1637,.T.);
#2302=ORIENTED_EDGE('',*,*,#1638,.F.);
#2303=ORIENTED_EDGE('',*,*,#1639,.F.);
#2304=ORIENTED_EDGE('',*,*,#1640,.F.);
#2305=ORIENTED_EDGE('',*,*,#1641,.F.);
#2306=ORIENTED_EDGE('',*,*,#1642,.T.);
#2307=ORIENTED_EDGE('',*,*,#1643,.F.);
#2308=ORIENTED_EDGE('',*,*,#1644,.F.);
#2309=ORIENTED_EDGE('',*,*,#1645,.T.);
#2310=ORIENTED_EDGE('',*,*,#1646,.F.);
#2311=ORIENTED_EDGE('',*,*,#1647,.T.);
#2312=ORIENTED_EDGE('',*,*,#1648,.T.);
#2313=ORIENTED_EDGE('',*,*,#1649,.F.);
#2314=ORIENTED_EDGE('',*,*,#1650,.F.);
#2315=ORIENTED_EDGE('',*,*,#1651,.F.);
#2316=ORIENTED_EDGE('',*,*,#1652,.T.);
#2317=ORIENTED_EDGE('',*,*,#1653,.F.);
#2318=ORIENTED_EDGE('',*,*,#1654,.T.);
#2319=ORIENTED_EDGE('',*,*,#1655,.F.);
#2320=ORIENTED_EDGE('',*,*,#1656,.F.);
#2321=ORIENTED_EDGE('',*,*,#1657,.T.);
#2322=ORIENTED_EDGE('',*,*,#1658,.T.);
#2323=ORIENTED_EDGE('',*,*,#1659,.T.);
#2324=ORIENTED_EDGE('',*,*,#1660,.F.);
#2325=ORIENTED_EDGE('',*,*,#1661,.F.);
#2326=ORIENTED_EDGE('',*,*,#1662,.T.);
#2327=ORIENTED_EDGE('',*,*,#1663,.T.);
#2328=ORIENTED_EDGE('',*,*,#1664,.T.);
#2329=ORIENTED_EDGE('',*,*,#1665,.T.);
#2330=ORIENTED_EDGE('',*,*,#1666,.T.);
#2331=ORIENTED_EDGE('',*,*,#1667,.F.);
#2332=ORIENTED_EDGE('',*,*,#1668,.F.);
#2333=ORIENTED_EDGE('',*,*,#1669,.T.);
#2334=ORIENTED_EDGE('',*,*,#1670,.T.);
#2335=ORIENTED_EDGE('',*,*,#1671,.F.);
#2336=ORIENTED_EDGE('',*,*,#1672,.F.);
#2337=ORIENTED_EDGE('',*,*,#1673,.F.);
#2338=ORIENTED_EDGE('',*,*,#1674,.T.);
#2339=ORIENTED_EDGE('',*,*,#1675,.T.);
#2340=ORIENTED_EDGE('',*,*,#1676,.F.);
#2341=ORIENTED_EDGE('',*,*,#1677,.F.);
#2342=ORIENTED_EDGE('',*,*,#1678,.F.);
#2343=ORIENTED_EDGE('',*,*,#1679,.F.);
#2344=ORIENTED_EDGE('',*,*,#1680,.F.);
#2345=ORIENTED_EDGE('',*,*,#1681,.F.);
#2346=ORIENTED_EDGE('',*,*,#1682,.F.);
#2347=ORIENTED_EDGE('',*,*,#1683,.T.);
#2348=ORIENTED_EDGE('',*,*,#1684,.T.);
#2349=ORIENTED_EDGE('',*,*,#1685,.F.);
#2350=ORIENTED_EDGE('',*,*,#1686,.F.);
#2351=ORIENTED_EDGE('',*,*,#1687,.T.);
#2352=ORIENTED_EDGE('',*,*,#1688,.F.);
#2353=ORIENTED_EDGE('',*,*,#1689,.F.);
#2354=ORIENTED_EDGE('',*,*,#1690,.T.);
#2355=ORIENTED_EDGE('',*,*,#1691,.T.);
#2356=ORIENTED_EDGE('',*,*,#1692,.F.);
#2357=ORIENTED_EDGE('',*,*,#1693,.T.);
#2358=ORIENTED_EDGE('',*,*,#1694,.F.);
#2359=ORIENTED_EDGE('',*,*,#1695,.F.);
#2360=ORIENTED_EDGE('',*,*,#1696,.T.);
#2361=ORIENTED_EDGE('',*,*,#1697,.T.);
#2362=ORIENTED_EDGE('',*,*,#1698,.F.);
#2363=ORIENTED_EDGE('',*,*,#1699,.T.);
#2364=ORIENTED_EDGE('',*,*,#1700,.F.);
#2365=ORIENTED_EDGE('',*,*,#1701,.F.);
#2366=ORIENTED_EDGE('',*,*,#1702,.T.);
#2367=ORIENTED_EDGE('',*,*,#1703,.F.);
#2368=ORIENTED_EDGE('',*,*,#1704,.F.);
#2369=ORIENTED_EDGE('',*,*,#1705,.T.);
#2370=ORIENTED_EDGE('',*,*,#1706,.F.);
#2371=ORIENTED_EDGE('',*,*,#1707,.F.);
#2372=ORIENTED_EDGE('',*,*,#1708,.T.);
#2373=ORIENTED_EDGE('',*,*,#1709,.F.);
#2374=ORIENTED_EDGE('',*,*,#1710,.F.);
#2375=ORIENTED_EDGE('',*,*,#1711,.T.);
#2376=ORIENTED_EDGE('',*,*,#1712,.F.);
#2377=ORIENTED_EDGE('',*,*,#1713,.F.);
#2378=ORIENTED_EDGE('',*,*,#1714,.T.);
#2379=ORIENTED_EDGE('',*,*,#1715,.T.);
#2380=ORIENTED_EDGE('',*,*,#1716,.F.);
#2381=ORIENTED_EDGE('',*,*,#1717,.F.);
#2382=ORIENTED_EDGE('',*,*,#1718,.T.);
#2383=ORIENTED_EDGE('',*,*,#1713,.T.);
#2384=ORIENTED_EDGE('',*,*,#1719,.F.);
#2385=ORIENTED_EDGE('',*,*,#1720,.F.);
#2386=ORIENTED_EDGE('',*,*,#1721,.T.);
#2387=ORIENTED_EDGE('',*,*,#1722,.T.);
#2388=ORIENTED_EDGE('',*,*,#1723,.F.);
#2389=ORIENTED_EDGE('',*,*,#1724,.F.);
#2390=ORIENTED_EDGE('',*,*,#1725,.F.);
#2391=ORIENTED_EDGE('',*,*,#1726,.F.);
#2392=ORIENTED_EDGE('',*,*,#1727,.T.);
#2393=ORIENTED_EDGE('',*,*,#1728,.T.);
#2394=ORIENTED_EDGE('',*,*,#1729,.F.);
#2395=ORIENTED_EDGE('',*,*,#1730,.F.);
#2396=ORIENTED_EDGE('',*,*,#1731,.T.);
#2397=ORIENTED_EDGE('',*,*,#1732,.T.);
#2398=ORIENTED_EDGE('',*,*,#1733,.T.);
#2399=ORIENTED_EDGE('',*,*,#1734,.T.);
#2400=ORIENTED_EDGE('',*,*,#1735,.T.);
#2401=ORIENTED_EDGE('',*,*,#1736,.F.);
#2402=ORIENTED_EDGE('',*,*,#1737,.T.);
#2403=ORIENTED_EDGE('',*,*,#1710,.T.);
#2404=ORIENTED_EDGE('',*,*,#1738,.T.);
#2405=ORIENTED_EDGE('',*,*,#1739,.T.);
#2406=ORIENTED_EDGE('',*,*,#1740,.F.);
#2407=ORIENTED_EDGE('',*,*,#1741,.T.);
#2408=ORIENTED_EDGE('',*,*,#1729,.T.);
#2409=ORIENTED_EDGE('',*,*,#1742,.T.);
#2410=ORIENTED_EDGE('',*,*,#1698,.T.);
#2411=ORIENTED_EDGE('',*,*,#1743,.T.);
#2412=ORIENTED_EDGE('',*,*,#1744,.F.);
#2413=ORIENTED_EDGE('',*,*,#1745,.F.);
#2414=ORIENTED_EDGE('',*,*,#1746,.T.);
#2415=ORIENTED_EDGE('',*,*,#1747,.T.);
#2416=ORIENTED_EDGE('',*,*,#1748,.F.);
#2417=ORIENTED_EDGE('',*,*,#1749,.T.);
#2418=ORIENTED_EDGE('',*,*,#1750,.F.);
#2419=ORIENTED_EDGE('',*,*,#1751,.T.);
#2420=ORIENTED_EDGE('',*,*,#1752,.F.);
#2421=ORIENTED_EDGE('',*,*,#1753,.F.);
#2422=ORIENTED_EDGE('',*,*,#1754,.T.);
#2423=ORIENTED_EDGE('',*,*,#1755,.T.);
#2424=ORIENTED_EDGE('',*,*,#1756,.F.);
#2425=ORIENTED_EDGE('',*,*,#1757,.T.);
#2426=ORIENTED_EDGE('',*,*,#1758,.T.);
#2427=ORIENTED_EDGE('',*,*,#1759,.F.);
#2428=ORIENTED_EDGE('',*,*,#1760,.F.);
#2429=ORIENTED_EDGE('',*,*,#1761,.T.);
#2430=ORIENTED_EDGE('',*,*,#1762,.T.);
#2431=ORIENTED_EDGE('',*,*,#1763,.F.);
#2432=ORIENTED_EDGE('',*,*,#1764,.T.);
#2433=ORIENTED_EDGE('',*,*,#1765,.T.);
#2434=ORIENTED_EDGE('',*,*,#1766,.T.);
#2435=ORIENTED_EDGE('',*,*,#1767,.F.);
#2436=ORIENTED_EDGE('',*,*,#1768,.T.);
#2437=ORIENTED_EDGE('',*,*,#1769,.T.);
#2438=ORIENTED_EDGE('',*,*,#1770,.F.);
#2439=ORIENTED_EDGE('',*,*,#1771,.T.);
#2440=ORIENTED_EDGE('',*,*,#1772,.T.);
#2441=ORIENTED_EDGE('',*,*,#1773,.T.);
#2442=ORIENTED_EDGE('',*,*,#1774,.T.);
#2443=ORIENTED_EDGE('',*,*,#1775,.F.);
#2444=ORIENTED_EDGE('',*,*,#1776,.F.);
#2445=ORIENTED_EDGE('',*,*,#1777,.T.);
#2446=ORIENTED_EDGE('',*,*,#1778,.T.);
#2447=ORIENTED_EDGE('',*,*,#1779,.F.);
#2448=ORIENTED_EDGE('',*,*,#1780,.T.);
#2449=ORIENTED_EDGE('',*,*,#1781,.T.);
#2450=ORIENTED_EDGE('',*,*,#1782,.T.);
#2451=ORIENTED_EDGE('',*,*,#1783,.T.);
#2452=ORIENTED_EDGE('',*,*,#1784,.T.);
#2453=ORIENTED_EDGE('',*,*,#1785,.T.);
#2454=ORIENTED_EDGE('',*,*,#1786,.F.);
#2455=ORIENTED_EDGE('',*,*,#1787,.T.);
#2456=ORIENTED_EDGE('',*,*,#1788,.F.);
#2457=ORIENTED_EDGE('',*,*,#1789,.T.);
#2458=ORIENTED_EDGE('',*,*,#1790,.F.);
#2459=ORIENTED_EDGE('',*,*,#1791,.F.);
#2460=ORIENTED_EDGE('',*,*,#1792,.T.);
#2461=ORIENTED_EDGE('',*,*,#1793,.T.);
#2462=ORIENTED_EDGE('',*,*,#1794,.T.);
#2463=ORIENTED_EDGE('',*,*,#1795,.F.);
#2464=ORIENTED_EDGE('',*,*,#1796,.T.);
#2465=ORIENTED_EDGE('',*,*,#1797,.T.);
#2466=ORIENTED_EDGE('',*,*,#1798,.F.);
#2467=ORIENTED_EDGE('',*,*,#1799,.F.);
#2468=ORIENTED_EDGE('',*,*,#1800,.T.);
#2469=ORIENTED_EDGE('',*,*,#1801,.T.);
#2470=ORIENTED_EDGE('',*,*,#1802,.F.);
#2471=ORIENTED_EDGE('',*,*,#1803,.F.);
#2472=ORIENTED_EDGE('',*,*,#1804,.T.);
#2473=ORIENTED_EDGE('',*,*,#1805,.F.);
#2474=ORIENTED_EDGE('',*,*,#1806,.T.);
#2475=ORIENTED_EDGE('',*,*,#1742,.F.);
#2476=ORIENTED_EDGE('',*,*,#1807,.T.);
#2477=ORIENTED_EDGE('',*,*,#1805,.T.);
#2478=ORIENTED_EDGE('',*,*,#1692,.T.);
#2479=ORIENTED_EDGE('',*,*,#1803,.T.);
#2480=ORIENTED_EDGE('',*,*,#1808,.F.);
#2481=ORIENTED_EDGE('',*,*,#1809,.T.);
#2482=ORIENTED_EDGE('',*,*,#1810,.T.);
#2483=ORIENTED_EDGE('',*,*,#1799,.T.);
#2484=ORIENTED_EDGE('',*,*,#1811,.F.);
#2485=ORIENTED_EDGE('',*,*,#1812,.T.);
#2486=ORIENTED_EDGE('',*,*,#1813,.T.);
#2487=ORIENTED_EDGE('',*,*,#1795,.T.);
#2488=ORIENTED_EDGE('',*,*,#1814,.T.);
#2489=ORIENTED_EDGE('',*,*,#1815,.F.);
#2490=ORIENTED_EDGE('',*,*,#1816,.T.);
#2491=ORIENTED_EDGE('',*,*,#1817,.T.);
#2492=ORIENTED_EDGE('',*,*,#1818,.T.);
#2493=ORIENTED_EDGE('',*,*,#1819,.T.);
#2494=ORIENTED_EDGE('',*,*,#1820,.T.);
#2495=ORIENTED_EDGE('',*,*,#1821,.T.);
#2496=ORIENTED_EDGE('',*,*,#1822,.T.);
#2497=ORIENTED_EDGE('',*,*,#1823,.T.);
#2498=ORIENTED_EDGE('',*,*,#1824,.T.);
#2499=ORIENTED_EDGE('',*,*,#1825,.T.);
#2500=ORIENTED_EDGE('',*,*,#1826,.T.);
#2501=ORIENTED_EDGE('',*,*,#1827,.T.);
#2502=ORIENTED_EDGE('',*,*,#1828,.T.);
#2503=ORIENTED_EDGE('',*,*,#1829,.T.);
#2504=ORIENTED_EDGE('',*,*,#1791,.T.);
#2505=ORIENTED_EDGE('',*,*,#1830,.F.);
#2506=ORIENTED_EDGE('',*,*,#1831,.T.);
#2507=ORIENTED_EDGE('',*,*,#1832,.T.);
#2508=ORIENTED_EDGE('',*,*,#1833,.T.);
#2509=ORIENTED_EDGE('',*,*,#1834,.T.);
#2510=ORIENTED_EDGE('',*,*,#1835,.T.);
#2511=ORIENTED_EDGE('',*,*,#1836,.T.);
#2512=ORIENTED_EDGE('',*,*,#1779,.T.);
#2513=ORIENTED_EDGE('',*,*,#1837,.T.);
#2514=ORIENTED_EDGE('',*,*,#1838,.T.);
#2515=ORIENTED_EDGE('',*,*,#1839,.T.);
#2516=ORIENTED_EDGE('',*,*,#1840,.T.);
#2517=ORIENTED_EDGE('',*,*,#1841,.T.);
#2518=ORIENTED_EDGE('',*,*,#1842,.T.);
#2519=ORIENTED_EDGE('',*,*,#1843,.T.);
#2520=ORIENTED_EDGE('',*,*,#1844,.T.);
#2521=ORIENTED_EDGE('',*,*,#1845,.T.);
#2522=ORIENTED_EDGE('',*,*,#1776,.T.);
#2523=ORIENTED_EDGE('',*,*,#1775,.T.);
#2524=ORIENTED_EDGE('',*,*,#1846,.T.);
#2525=ORIENTED_EDGE('',*,*,#1847,.F.);
#2526=ORIENTED_EDGE('',*,*,#1848,.T.);
#2527=ORIENTED_EDGE('',*,*,#1849,.T.);
#2528=ORIENTED_EDGE('',*,*,#1850,.T.);
#2529=ORIENTED_EDGE('',*,*,#1851,.T.);
#2530=ORIENTED_EDGE('',*,*,#1852,.T.);
#2531=ORIENTED_EDGE('',*,*,#1853,.F.);
#2532=ORIENTED_EDGE('',*,*,#1854,.T.);
#2533=ORIENTED_EDGE('',*,*,#1855,.T.);
#2534=ORIENTED_EDGE('',*,*,#1856,.T.);
#2535=ORIENTED_EDGE('',*,*,#1857,.T.);
#2536=ORIENTED_EDGE('',*,*,#1858,.T.);
#2537=ORIENTED_EDGE('',*,*,#1859,.T.);
#2538=ORIENTED_EDGE('',*,*,#1860,.F.);
#2539=ORIENTED_EDGE('',*,*,#1861,.T.);
#2540=ORIENTED_EDGE('',*,*,#1862,.T.);
#2541=ORIENTED_EDGE('',*,*,#1767,.T.);
#2542=ORIENTED_EDGE('',*,*,#1863,.T.);
#2543=ORIENTED_EDGE('',*,*,#1864,.F.);
#2544=ORIENTED_EDGE('',*,*,#1865,.T.);
#2545=ORIENTED_EDGE('',*,*,#1866,.T.);
#2546=ORIENTED_EDGE('',*,*,#1867,.T.);
#2547=ORIENTED_EDGE('',*,*,#1868,.T.);
#2548=ORIENTED_EDGE('',*,*,#1869,.T.);
#2549=ORIENTED_EDGE('',*,*,#1870,.T.);
#2550=ORIENTED_EDGE('',*,*,#1871,.F.);
#2551=ORIENTED_EDGE('',*,*,#1872,.T.);
#2552=ORIENTED_EDGE('',*,*,#1873,.T.);
#2553=ORIENTED_EDGE('',*,*,#1760,.T.);
#2554=ORIENTED_EDGE('',*,*,#1874,.F.);
#2555=ORIENTED_EDGE('',*,*,#1875,.T.);
#2556=ORIENTED_EDGE('',*,*,#1876,.T.);
#2557=ORIENTED_EDGE('',*,*,#1756,.T.);
#2558=ORIENTED_EDGE('',*,*,#1877,.T.);
#2559=ORIENTED_EDGE('',*,*,#1878,.T.);
#2560=ORIENTED_EDGE('',*,*,#1879,.T.);
#2561=ORIENTED_EDGE('',*,*,#1880,.T.);
#2562=ORIENTED_EDGE('',*,*,#1881,.T.);
#2563=ORIENTED_EDGE('',*,*,#1882,.T.);
#2564=ORIENTED_EDGE('',*,*,#1883,.T.);
#2565=ORIENTED_EDGE('',*,*,#1884,.T.);
#2566=ORIENTED_EDGE('',*,*,#1885,.T.);
#2567=ORIENTED_EDGE('',*,*,#1753,.T.);
#2568=ORIENTED_EDGE('',*,*,#1886,.F.);
#2569=ORIENTED_EDGE('',*,*,#1887,.T.);
#2570=ORIENTED_EDGE('',*,*,#1888,.F.);
#2571=ORIENTED_EDGE('',*,*,#1889,.T.);
#2572=ORIENTED_EDGE('',*,*,#1890,.T.);
#2573=ORIENTED_EDGE('',*,*,#1745,.T.);
#2574=ORIENTED_EDGE('',*,*,#1891,.F.);
#2575=ORIENTED_EDGE('',*,*,#1743,.F.);
#2576=ORIENTED_EDGE('',*,*,#1704,.T.);
#2577=ORIENTED_EDGE('',*,*,#1892,.T.);
#2578=ORIENTED_EDGE('',*,*,#1826,.F.);
#2579=ORIENTED_EDGE('',*,*,#1893,.T.);
#2580=ORIENTED_EDGE('',*,*,#1894,.T.);
#2581=ORIENTED_EDGE('',*,*,#1895,.T.);
#2582=ORIENTED_EDGE('',*,*,#1851,.F.);
#2583=ORIENTED_EDGE('',*,*,#1896,.T.);
#2584=ORIENTED_EDGE('',*,*,#1897,.T.);
#2585=ORIENTED_EDGE('',*,*,#1898,.T.);
#2586=ORIENTED_EDGE('',*,*,#1858,.F.);
#2587=ORIENTED_EDGE('',*,*,#1857,.F.);
#2588=ORIENTED_EDGE('',*,*,#1899,.T.);
#2589=ORIENTED_EDGE('',*,*,#1744,.T.);
#2590=ORIENTED_EDGE('',*,*,#1900,.T.);
#2591=ORIENTED_EDGE('',*,*,#1901,.F.);
#2592=ORIENTED_EDGE('',*,*,#1902,.F.);
#2593=ORIENTED_EDGE('',*,*,#1901,.T.);
#2594=ORIENTED_EDGE('',*,*,#1903,.T.);
#2595=ORIENTED_EDGE('',*,*,#1904,.F.);
#2596=ORIENTED_EDGE('',*,*,#1905,.F.);
#2597=ORIENTED_EDGE('',*,*,#1906,.T.);
#2598=ORIENTED_EDGE('',*,*,#1701,.T.);
#2599=ORIENTED_EDGE('',*,*,#1722,.F.);
#2600=ORIENTED_EDGE('',*,*,#1907,.T.);
#2601=ORIENTED_EDGE('',*,*,#1697,.F.);
#2602=ORIENTED_EDGE('',*,*,#1908,.T.);
#2603=ORIENTED_EDGE('',*,*,#1717,.T.);
#2604=ORIENTED_EDGE('',*,*,#1909,.F.);
#2605=ORIENTED_EDGE('',*,*,#1910,.F.);
#2606=ORIENTED_EDGE('',*,*,#1911,.F.);
#2607=ORIENTED_EDGE('',*,*,#1912,.T.);
#2608=ORIENTED_EDGE('',*,*,#1913,.T.);
#2609=ORIENTED_EDGE('',*,*,#1727,.F.);
#2610=ORIENTED_EDGE('',*,*,#1914,.F.);
#2611=ORIENTED_EDGE('',*,*,#1915,.T.);
#2612=ORIENTED_EDGE('',*,*,#1916,.T.);
#2613=ORIENTED_EDGE('',*,*,#1734,.F.);
#2614=ORIENTED_EDGE('',*,*,#1917,.T.);
#2615=ORIENTED_EDGE('',*,*,#1918,.T.);
#2616=ORIENTED_EDGE('',*,*,#1919,.T.);
#2617=ORIENTED_EDGE('',*,*,#1731,.F.);
#2618=ORIENTED_EDGE('',*,*,#1920,.F.);
#2619=ORIENTED_EDGE('',*,*,#1921,.T.);
#2620=ORIENTED_EDGE('',*,*,#1922,.T.);
#2621=ORIENTED_EDGE('',*,*,#1923,.T.);
#2622=ORIENTED_EDGE('',*,*,#1924,.T.);
#2623=ORIENTED_EDGE('',*,*,#1925,.T.);
#2624=ORIENTED_EDGE('',*,*,#1926,.T.);
#2625=ORIENTED_EDGE('',*,*,#1927,.F.);
#2626=ORIENTED_EDGE('',*,*,#1928,.T.);
#2627=ORIENTED_EDGE('',*,*,#1720,.T.);
#2628=ORIENTED_EDGE('',*,*,#1929,.F.);
#2629=ORIENTED_EDGE('',*,*,#1930,.T.);
#2630=ORIENTED_EDGE('',*,*,#1931,.T.);
#2631=ORIENTED_EDGE('',*,*,#1932,.T.);
#2632=ORIENTED_EDGE('',*,*,#1724,.T.);
#2633=ORIENTED_EDGE('',*,*,#1933,.F.);
#2634=ORIENTED_EDGE('',*,*,#1934,.T.);
#2635=ORIENTED_EDGE('',*,*,#1935,.T.);
#2636=ORIENTED_EDGE('',*,*,#1936,.F.);
#2637=ORIENTED_EDGE('',*,*,#1933,.T.);
#2638=ORIENTED_EDGE('',*,*,#1937,.T.);
#2639=ORIENTED_EDGE('',*,*,#1938,.T.);
#2640=ORIENTED_EDGE('',*,*,#1939,.F.);
#2641=ORIENTED_EDGE('',*,*,#1940,.T.);
#2642=ORIENTED_EDGE('',*,*,#1941,.T.);
#2643=ORIENTED_EDGE('',*,*,#1942,.T.);
#2644=ORIENTED_EDGE('',*,*,#1928,.F.);
#2645=ORIENTED_EDGE('',*,*,#1940,.F.);
#2646=ORIENTED_EDGE('',*,*,#1943,.F.);
#2647=ORIENTED_EDGE('',*,*,#1944,.T.);
#2648=ORIENTED_EDGE('',*,*,#1945,.F.);
#2649=ORIENTED_EDGE('',*,*,#1942,.F.);
#2650=ORIENTED_EDGE('',*,*,#1946,.T.);
#2651=ORIENTED_EDGE('',*,*,#1947,.T.);
#2652=ORIENTED_EDGE('',*,*,#1948,.F.);
#2653=ORIENTED_EDGE('',*,*,#1949,.F.);
#2654=ORIENTED_EDGE('',*,*,#1950,.T.);
#2655=ORIENTED_EDGE('',*,*,#1951,.T.);
#2656=ORIENTED_EDGE('',*,*,#1913,.F.);
#2657=ORIENTED_EDGE('',*,*,#1952,.T.);
#2658=ORIENTED_EDGE('',*,*,#1920,.T.);
#2659=ORIENTED_EDGE('',*,*,#1953,.F.);
#2660=ORIENTED_EDGE('',*,*,#1954,.T.);
#2661=ORIENTED_EDGE('',*,*,#1955,.T.);
#2662=ORIENTED_EDGE('',*,*,#1956,.T.);
#2663=ORIENTED_EDGE('',*,*,#1957,.F.);
#2664=ORIENTED_EDGE('',*,*,#1958,.T.);
#2665=ORIENTED_EDGE('',*,*,#1959,.T.);
#2666=ORIENTED_EDGE('',*,*,#1960,.F.);
#2667=ORIENTED_EDGE('',*,*,#1961,.F.);
#2668=ORIENTED_EDGE('',*,*,#1947,.F.);
#2669=ORIENTED_EDGE('',*,*,#1962,.F.);
#2670=ORIENTED_EDGE('',*,*,#1935,.F.);
#2671=ORIENTED_EDGE('',*,*,#1963,.F.);
#2672=ORIENTED_EDGE('',*,*,#1964,.T.);
#2673=ORIENTED_EDGE('',*,*,#1965,.T.);
#2674=ORIENTED_EDGE('',*,*,#1921,.F.);
#2675=ORIENTED_EDGE('',*,*,#1952,.F.);
#2676=ORIENTED_EDGE('',*,*,#1912,.F.);
#2677=ORIENTED_EDGE('',*,*,#1966,.T.);
#2678=ORIENTED_EDGE('',*,*,#1967,.F.);
#2679=ORIENTED_EDGE('',*,*,#1968,.T.);
#2680=ORIENTED_EDGE('',*,*,#1969,.T.);
#2681=ORIENTED_EDGE('',*,*,#1970,.T.);
#2682=ORIENTED_EDGE('',*,*,#1907,.F.);
#2683=ORIENTED_EDGE('',*,*,#1971,.F.);
#2684=ORIENTED_EDGE('',*,*,#1911,.T.);
#2685=ORIENTED_EDGE('',*,*,#1691,.F.);
#2686=ORIENTED_EDGE('',*,*,#1909,.T.);
#2687=ORIENTED_EDGE('',*,*,#1972,.T.);
#2688=ORIENTED_EDGE('',*,*,#1908,.F.);
#2689=ORIENTED_EDGE('',*,*,#1973,.F.);
#2690=ORIENTED_EDGE('',*,*,#1974,.T.);
#2691=ORIENTED_EDGE('',*,*,#1707,.T.);
#2692=ORIENTED_EDGE('',*,*,#1975,.F.);
#2693=ORIENTED_EDGE('',*,*,#1715,.F.);
#2694=ORIENTED_EDGE('',*,*,#1904,.T.);
#2695=ORIENTED_EDGE('',*,*,#1976,.T.);
#2696=ORIENTED_EDGE('',*,*,#1903,.F.);
#2697=ORIENTED_EDGE('',*,*,#1977,.T.);
#2698=ORIENTED_EDGE('',*,*,#1905,.T.);
#2699=ORIENTED_EDGE('',*,*,#1976,.F.);
#2700=ORIENTED_EDGE('',*,*,#1900,.F.);
#2701=ORIENTED_EDGE('',*,*,#1891,.T.);
#2702=ORIENTED_EDGE('',*,*,#1902,.T.);
#2703=ORIENTED_EDGE('',*,*,#1977,.F.);
#2704=ORIENTED_EDGE('',*,*,#1978,.T.);
#2705=ORIENTED_EDGE('',*,*,#1869,.F.);
#2706=ORIENTED_EDGE('',*,*,#1868,.F.);
#2707=ORIENTED_EDGE('',*,*,#1979,.T.);
#2708=ORIENTED_EDGE('',*,*,#1728,.F.);
#2709=ORIENTED_EDGE('',*,*,#1961,.T.);
#2710=ORIENTED_EDGE('',*,*,#1980,.F.);
#2711=ORIENTED_EDGE('',*,*,#1981,.T.);
#2712=ORIENTED_EDGE('',*,*,#1957,.T.);
#2713=ORIENTED_EDGE('',*,*,#1982,.T.);
#2714=ORIENTED_EDGE('',*,*,#1983,.T.);
#2715=ORIENTED_EDGE('',*,*,#1953,.T.);
#2716=ORIENTED_EDGE('',*,*,#1730,.T.);
#2717=ORIENTED_EDGE('',*,*,#1807,.F.);
#2718=ORIENTED_EDGE('',*,*,#1936,.T.);
#2719=ORIENTED_EDGE('',*,*,#1984,.T.);
#2720=ORIENTED_EDGE('',*,*,#1949,.T.);
#2721=ORIENTED_EDGE('',*,*,#1985,.T.);
#2722=ORIENTED_EDGE('',*,*,#1721,.F.);
#2723=ORIENTED_EDGE('',*,*,#1944,.F.);
#2724=ORIENTED_EDGE('',*,*,#1986,.F.);
#2725=ORIENTED_EDGE('',*,*,#1987,.F.);
#2726=ORIENTED_EDGE('',*,*,#1937,.F.);
#2727=ORIENTED_EDGE('',*,*,#1723,.T.);
#2728=ORIENTED_EDGE('',*,*,#1971,.T.);
#2729=ORIENTED_EDGE('',*,*,#1718,.F.);
#2730=ORIENTED_EDGE('',*,*,#1972,.F.);
#2731=ORIENTED_EDGE('',*,*,#1719,.T.);
#2732=ORIENTED_EDGE('',*,*,#1988,.T.);
#2733=ORIENTED_EDGE('',*,*,#1714,.F.);
#2734=ORIENTED_EDGE('',*,*,#1988,.F.);
#2735=ORIENTED_EDGE('',*,*,#1716,.T.);
#2736=ORIENTED_EDGE('',*,*,#1975,.T.);
#2737=ORIENTED_EDGE('',*,*,#1711,.F.);
#2738=ORIENTED_EDGE('',*,*,#1737,.F.);
#2739=ORIENTED_EDGE('',*,*,#1712,.T.);
#2740=ORIENTED_EDGE('',*,*,#1708,.F.);
#2741=ORIENTED_EDGE('',*,*,#1974,.F.);
#2742=ORIENTED_EDGE('',*,*,#1709,.T.);
#2743=ORIENTED_EDGE('',*,*,#1705,.F.);
#2744=ORIENTED_EDGE('',*,*,#1892,.F.);
#2745=ORIENTED_EDGE('',*,*,#1706,.T.);
#2746=ORIENTED_EDGE('',*,*,#1702,.F.);
#2747=ORIENTED_EDGE('',*,*,#1906,.F.);
#2748=ORIENTED_EDGE('',*,*,#1703,.T.);
#2749=ORIENTED_EDGE('',*,*,#1699,.F.);
#2750=ORIENTED_EDGE('',*,*,#1806,.F.);
#2751=ORIENTED_EDGE('',*,*,#1700,.T.);
#2752=ORIENTED_EDGE('',*,*,#1696,.F.);
#2753=ORIENTED_EDGE('',*,*,#1695,.T.);
#2754=ORIENTED_EDGE('',*,*,#1973,.T.);
#2755=ORIENTED_EDGE('',*,*,#1693,.F.);
#2756=ORIENTED_EDGE('',*,*,#1804,.F.);
#2757=ORIENTED_EDGE('',*,*,#1694,.T.);
#2758=ORIENTED_EDGE('',*,*,#1690,.F.);
#2759=ORIENTED_EDGE('',*,*,#1689,.T.);
#2760=ORIENTED_EDGE('',*,*,#1910,.T.);
#2761=ORIENTED_EDGE('',*,*,#1989,.T.);
#2762=ORIENTED_EDGE('',*,*,#1990,.T.);
#2763=ORIENTED_EDGE('',*,*,#1991,.T.);
#2764=ORIENTED_EDGE('',*,*,#1992,.F.);
#2765=ORIENTED_EDGE('',*,*,#1967,.T.);
#2766=ORIENTED_EDGE('',*,*,#1993,.T.);
#2767=ORIENTED_EDGE('',*,*,#1994,.T.);
#2768=ORIENTED_EDGE('',*,*,#1995,.T.);
#2769=ORIENTED_EDGE('',*,*,#1996,.T.);
#2770=ORIENTED_EDGE('',*,*,#1997,.T.);
#2771=ORIENTED_EDGE('',*,*,#1964,.F.);
#2772=ORIENTED_EDGE('',*,*,#1998,.T.);
#2773=ORIENTED_EDGE('',*,*,#1992,.T.);
#2774=ORIENTED_EDGE('',*,*,#1999,.T.);
#2775=ORIENTED_EDGE('',*,*,#1969,.F.);
#2776=ORIENTED_EDGE('',*,*,#2000,.T.);
#2777=ORIENTED_EDGE('',*,*,#1991,.F.);
#2778=ORIENTED_EDGE('',*,*,#2001,.T.);
#2779=ORIENTED_EDGE('',*,*,#1996,.F.);
#2780=ORIENTED_EDGE('',*,*,#2002,.F.);
#2781=ORIENTED_EDGE('',*,*,#2002,.T.);
#2782=ORIENTED_EDGE('',*,*,#1998,.F.);
#2783=ORIENTED_EDGE('',*,*,#1970,.F.);
#2784=ORIENTED_EDGE('',*,*,#1999,.F.);
#2785=ORIENTED_EDGE('',*,*,#1968,.F.);
#2786=ORIENTED_EDGE('',*,*,#1995,.F.);
#2787=ORIENTED_EDGE('',*,*,#2003,.F.);
#2788=ORIENTED_EDGE('',*,*,#2000,.F.);
#2789=ORIENTED_EDGE('',*,*,#1994,.F.);
#2790=ORIENTED_EDGE('',*,*,#2004,.T.);
#2791=ORIENTED_EDGE('',*,*,#1989,.F.);
#2792=ORIENTED_EDGE('',*,*,#2003,.T.);
#2793=ORIENTED_EDGE('',*,*,#1965,.F.);
#2794=ORIENTED_EDGE('',*,*,#1997,.F.);
#2795=ORIENTED_EDGE('',*,*,#2005,.F.);
#2796=ORIENTED_EDGE('',*,*,#1922,.F.);
#2797=ORIENTED_EDGE('',*,*,#2005,.T.);
#2798=ORIENTED_EDGE('',*,*,#2001,.F.);
#2799=ORIENTED_EDGE('',*,*,#2006,.F.);
#2800=ORIENTED_EDGE('',*,*,#1923,.F.);
#2801=ORIENTED_EDGE('',*,*,#2006,.T.);
#2802=ORIENTED_EDGE('',*,*,#1990,.F.);
#2803=ORIENTED_EDGE('',*,*,#2007,.F.);
#2804=ORIENTED_EDGE('',*,*,#1924,.F.);
#2805=ORIENTED_EDGE('',*,*,#1966,.F.);
#2806=ORIENTED_EDGE('',*,*,#1926,.F.);
#2807=ORIENTED_EDGE('',*,*,#2008,.F.);
#2808=ORIENTED_EDGE('',*,*,#1993,.F.);
#2809=ORIENTED_EDGE('',*,*,#2007,.T.);
#2810=ORIENTED_EDGE('',*,*,#2004,.F.);
#2811=ORIENTED_EDGE('',*,*,#2008,.T.);
#2812=ORIENTED_EDGE('',*,*,#1925,.F.);
#2813=ORIENTED_EDGE('',*,*,#1927,.T.);
#2814=ORIENTED_EDGE('',*,*,#1962,.T.);
#2815=ORIENTED_EDGE('',*,*,#1946,.F.);
#2816=ORIENTED_EDGE('',*,*,#1941,.F.);
#2817=ORIENTED_EDGE('',*,*,#1948,.T.);
#2818=ORIENTED_EDGE('',*,*,#1963,.T.);
#2819=ORIENTED_EDGE('',*,*,#1934,.F.);
#2820=ORIENTED_EDGE('',*,*,#1985,.F.);
#2821=ORIENTED_EDGE('',*,*,#2009,.F.);
#2822=ORIENTED_EDGE('',*,*,#1950,.F.);
#2823=ORIENTED_EDGE('',*,*,#1984,.F.);
#2824=ORIENTED_EDGE('',*,*,#1938,.F.);
#2825=ORIENTED_EDGE('',*,*,#2010,.F.);
#2826=ORIENTED_EDGE('',*,*,#2011,.F.);
#2827=ORIENTED_EDGE('',*,*,#1732,.F.);
#2828=ORIENTED_EDGE('',*,*,#1919,.F.);
#2829=ORIENTED_EDGE('',*,*,#1914,.T.);
#2830=ORIENTED_EDGE('',*,*,#1736,.T.);
#2831=ORIENTED_EDGE('',*,*,#2012,.T.);
#2832=ORIENTED_EDGE('',*,*,#2013,.T.);
#2833=ORIENTED_EDGE('',*,*,#1943,.T.);
#2834=ORIENTED_EDGE('',*,*,#1939,.T.);
#2835=ORIENTED_EDGE('',*,*,#1945,.T.);
#2836=ORIENTED_EDGE('',*,*,#2014,.T.);
#2837=ORIENTED_EDGE('',*,*,#2014,.F.);
#2838=ORIENTED_EDGE('',*,*,#1951,.F.);
#2839=ORIENTED_EDGE('',*,*,#2009,.T.);
#2840=ORIENTED_EDGE('',*,*,#1918,.F.);
#2841=ORIENTED_EDGE('',*,*,#2015,.F.);
#2842=ORIENTED_EDGE('',*,*,#1915,.F.);
#2843=ORIENTED_EDGE('',*,*,#2016,.T.);
#2844=ORIENTED_EDGE('',*,*,#2010,.T.);
#2845=ORIENTED_EDGE('',*,*,#1987,.T.);
#2846=ORIENTED_EDGE('',*,*,#2013,.F.);
#2847=ORIENTED_EDGE('',*,*,#2017,.T.);
#2848=ORIENTED_EDGE('',*,*,#1986,.T.);
#2849=ORIENTED_EDGE('',*,*,#1733,.F.);
#2850=ORIENTED_EDGE('',*,*,#2011,.T.);
#2851=ORIENTED_EDGE('',*,*,#2016,.F.);
#2852=ORIENTED_EDGE('',*,*,#2017,.F.);
#2853=ORIENTED_EDGE('',*,*,#2012,.F.);
#2854=ORIENTED_EDGE('',*,*,#1735,.F.);
#2855=ORIENTED_EDGE('',*,*,#1916,.F.);
#2856=ORIENTED_EDGE('',*,*,#2015,.T.);
#2857=ORIENTED_EDGE('',*,*,#1917,.F.);
#2858=ORIENTED_EDGE('',*,*,#1981,.F.);
#2859=ORIENTED_EDGE('',*,*,#2018,.F.);
#2860=ORIENTED_EDGE('',*,*,#2019,.T.);
#2861=ORIENTED_EDGE('',*,*,#2020,.T.);
#2862=ORIENTED_EDGE('',*,*,#2021,.T.);
#2863=ORIENTED_EDGE('',*,*,#1982,.F.);
#2864=ORIENTED_EDGE('',*,*,#1956,.F.);
#2865=ORIENTED_EDGE('',*,*,#2022,.F.);
#2866=ORIENTED_EDGE('',*,*,#2023,.F.);
#2867=ORIENTED_EDGE('',*,*,#1958,.F.);
#2868=ORIENTED_EDGE('',*,*,#2024,.T.);
#2869=ORIENTED_EDGE('',*,*,#2020,.F.);
#2870=ORIENTED_EDGE('',*,*,#1725,.T.);
#2871=ORIENTED_EDGE('',*,*,#2019,.F.);
#2872=ORIENTED_EDGE('',*,*,#2025,.F.);
#2873=ORIENTED_EDGE('',*,*,#1726,.T.);
#2874=ORIENTED_EDGE('',*,*,#2023,.T.);
#2875=ORIENTED_EDGE('',*,*,#1930,.F.);
#2876=ORIENTED_EDGE('',*,*,#2026,.F.);
#2877=ORIENTED_EDGE('',*,*,#1959,.F.);
#2878=ORIENTED_EDGE('',*,*,#2027,.T.);
#2879=ORIENTED_EDGE('',*,*,#1931,.F.);
#2880=ORIENTED_EDGE('',*,*,#2022,.T.);
#2881=ORIENTED_EDGE('',*,*,#1955,.F.);
#2882=ORIENTED_EDGE('',*,*,#1960,.T.);
#2883=ORIENTED_EDGE('',*,*,#2026,.T.);
#2884=ORIENTED_EDGE('',*,*,#1929,.T.);
#2885=ORIENTED_EDGE('',*,*,#2025,.T.);
#2886=ORIENTED_EDGE('',*,*,#2018,.T.);
#2887=ORIENTED_EDGE('',*,*,#1980,.T.);
#2888=ORIENTED_EDGE('',*,*,#1983,.F.);
#2889=ORIENTED_EDGE('',*,*,#2021,.F.);
#2890=ORIENTED_EDGE('',*,*,#2024,.F.);
#2891=ORIENTED_EDGE('',*,*,#1932,.F.);
#2892=ORIENTED_EDGE('',*,*,#2027,.F.);
#2893=ORIENTED_EDGE('',*,*,#1954,.F.);
#2894=ORIENTED_EDGE('',*,*,#2028,.T.);
#2895=ORIENTED_EDGE('',*,*,#2029,.T.);
#2896=ORIENTED_EDGE('',*,*,#2030,.F.);
#2897=ORIENTED_EDGE('',*,*,#1747,.F.);
#2898=ORIENTED_EDGE('',*,*,#2030,.T.);
#2899=ORIENTED_EDGE('',*,*,#2031,.F.);
#2900=ORIENTED_EDGE('',*,*,#2032,.F.);
#2901=ORIENTED_EDGE('',*,*,#1748,.T.);
#2902=ORIENTED_EDGE('',*,*,#2032,.T.);
#2903=ORIENTED_EDGE('',*,*,#2033,.T.);
#2904=ORIENTED_EDGE('',*,*,#2034,.F.);
#2905=ORIENTED_EDGE('',*,*,#1749,.F.);
#2906=ORIENTED_EDGE('',*,*,#2034,.T.);
#2907=ORIENTED_EDGE('',*,*,#2035,.F.);
#2908=ORIENTED_EDGE('',*,*,#2036,.F.);
#2909=ORIENTED_EDGE('',*,*,#1750,.T.);
#2910=ORIENTED_EDGE('',*,*,#2036,.T.);
#2911=ORIENTED_EDGE('',*,*,#2037,.T.);
#2912=ORIENTED_EDGE('',*,*,#2038,.F.);
#2913=ORIENTED_EDGE('',*,*,#1751,.F.);
#2914=ORIENTED_EDGE('',*,*,#2038,.T.);
#2915=ORIENTED_EDGE('',*,*,#2039,.F.);
#2916=ORIENTED_EDGE('',*,*,#1683,.F.);
#2917=ORIENTED_EDGE('',*,*,#2040,.F.);
#2918=ORIENTED_EDGE('',*,*,#1886,.T.);
#2919=ORIENTED_EDGE('',*,*,#1752,.T.);
#2920=ORIENTED_EDGE('',*,*,#2040,.T.);
#2921=ORIENTED_EDGE('',*,*,#1688,.T.);
#2922=ORIENTED_EDGE('',*,*,#2041,.F.);
#2923=ORIENTED_EDGE('',*,*,#1887,.F.);
#2924=ORIENTED_EDGE('',*,*,#2041,.T.);
#2925=ORIENTED_EDGE('',*,*,#1687,.F.);
#2926=ORIENTED_EDGE('',*,*,#2042,.F.);
#2927=ORIENTED_EDGE('',*,*,#1888,.T.);
#2928=ORIENTED_EDGE('',*,*,#2042,.T.);
#2929=ORIENTED_EDGE('',*,*,#1686,.T.);
#2930=ORIENTED_EDGE('',*,*,#2043,.F.);
#2931=ORIENTED_EDGE('',*,*,#1889,.F.);
#2932=ORIENTED_EDGE('',*,*,#1684,.F.);
#2933=ORIENTED_EDGE('',*,*,#2039,.T.);
#2934=ORIENTED_EDGE('',*,*,#2037,.F.);
#2935=ORIENTED_EDGE('',*,*,#2035,.T.);
#2936=ORIENTED_EDGE('',*,*,#2033,.F.);
#2937=ORIENTED_EDGE('',*,*,#2031,.T.);
#2938=ORIENTED_EDGE('',*,*,#2029,.F.);
#2939=ORIENTED_EDGE('',*,*,#2044,.F.);
#2940=ORIENTED_EDGE('',*,*,#1890,.F.);
#2941=ORIENTED_EDGE('',*,*,#2043,.T.);
#2942=ORIENTED_EDGE('',*,*,#1685,.T.);
#2943=ORIENTED_EDGE('',*,*,#2044,.T.);
#2944=ORIENTED_EDGE('',*,*,#2028,.F.);
#2945=ORIENTED_EDGE('',*,*,#1746,.F.);
#2946=ORIENTED_EDGE('',*,*,#2045,.T.);
#2947=ORIENTED_EDGE('',*,*,#1678,.T.);
#2948=ORIENTED_EDGE('',*,*,#2046,.F.);
#2949=ORIENTED_EDGE('',*,*,#1883,.F.);
#2950=ORIENTED_EDGE('',*,*,#2046,.T.);
#2951=ORIENTED_EDGE('',*,*,#1677,.T.);
#2952=ORIENTED_EDGE('',*,*,#2047,.F.);
#2953=ORIENTED_EDGE('',*,*,#1884,.F.);
#2954=ORIENTED_EDGE('',*,*,#2047,.T.);
#2955=ORIENTED_EDGE('',*,*,#1676,.T.);
#2956=ORIENTED_EDGE('',*,*,#2048,.T.);
#2957=ORIENTED_EDGE('',*,*,#2049,.F.);
#2958=ORIENTED_EDGE('',*,*,#1754,.F.);
#2959=ORIENTED_EDGE('',*,*,#1885,.F.);
#2960=ORIENTED_EDGE('',*,*,#2049,.T.);
#2961=ORIENTED_EDGE('',*,*,#2050,.T.);
#2962=ORIENTED_EDGE('',*,*,#1668,.T.);
#2963=ORIENTED_EDGE('',*,*,#2051,.F.);
#2964=ORIENTED_EDGE('',*,*,#1877,.F.);
#2965=ORIENTED_EDGE('',*,*,#1755,.F.);
#2966=ORIENTED_EDGE('',*,*,#2051,.T.);
#2967=ORIENTED_EDGE('',*,*,#1667,.T.);
#2968=ORIENTED_EDGE('',*,*,#2052,.F.);
#2969=ORIENTED_EDGE('',*,*,#1878,.F.);
#2970=ORIENTED_EDGE('',*,*,#2052,.T.);
#2971=ORIENTED_EDGE('',*,*,#1682,.T.);
#2972=ORIENTED_EDGE('',*,*,#2053,.F.);
#2973=ORIENTED_EDGE('',*,*,#1879,.F.);
#2974=ORIENTED_EDGE('',*,*,#2053,.T.);
#2975=ORIENTED_EDGE('',*,*,#1681,.T.);
#2976=ORIENTED_EDGE('',*,*,#2054,.F.);
#2977=ORIENTED_EDGE('',*,*,#1880,.F.);
#2978=ORIENTED_EDGE('',*,*,#2054,.T.);
#2979=ORIENTED_EDGE('',*,*,#1680,.T.);
#2980=ORIENTED_EDGE('',*,*,#2055,.F.);
#2981=ORIENTED_EDGE('',*,*,#1881,.F.);
#2982=ORIENTED_EDGE('',*,*,#2056,.F.);
#2983=ORIENTED_EDGE('',*,*,#1670,.F.);
#2984=ORIENTED_EDGE('',*,*,#1669,.F.);
#2985=ORIENTED_EDGE('',*,*,#2050,.F.);
#2986=ORIENTED_EDGE('',*,*,#2048,.F.);
#2987=ORIENTED_EDGE('',*,*,#1675,.F.);
#2988=ORIENTED_EDGE('',*,*,#1674,.F.);
#2989=ORIENTED_EDGE('',*,*,#2057,.F.);
#2990=ORIENTED_EDGE('',*,*,#2058,.F.);
#2991=ORIENTED_EDGE('',*,*,#1882,.F.);
#2992=ORIENTED_EDGE('',*,*,#2055,.T.);
#2993=ORIENTED_EDGE('',*,*,#1679,.T.);
#2994=ORIENTED_EDGE('',*,*,#2045,.F.);
#2995=ORIENTED_EDGE('',*,*,#2059,.F.);
#2996=ORIENTED_EDGE('',*,*,#1671,.T.);
#2997=ORIENTED_EDGE('',*,*,#2056,.T.);
#2998=ORIENTED_EDGE('',*,*,#2060,.T.);
#2999=ORIENTED_EDGE('',*,*,#2061,.F.);
#3000=ORIENTED_EDGE('',*,*,#1662,.F.);
#3001=ORIENTED_EDGE('',*,*,#2060,.F.);
#3002=ORIENTED_EDGE('',*,*,#2058,.T.);
#3003=ORIENTED_EDGE('',*,*,#2062,.T.);
#3004=ORIENTED_EDGE('',*,*,#2063,.F.);
#3005=ORIENTED_EDGE('',*,*,#2062,.F.);
#3006=ORIENTED_EDGE('',*,*,#2057,.T.);
#3007=ORIENTED_EDGE('',*,*,#1673,.T.);
#3008=ORIENTED_EDGE('',*,*,#2064,.T.);
#3009=ORIENTED_EDGE('',*,*,#1665,.F.);
#3010=ORIENTED_EDGE('',*,*,#2065,.F.);
#3011=ORIENTED_EDGE('',*,*,#1672,.T.);
#3012=ORIENTED_EDGE('',*,*,#2059,.T.);
#3013=ORIENTED_EDGE('',*,*,#1666,.F.);
#3014=ORIENTED_EDGE('',*,*,#2064,.F.);
#3015=ORIENTED_EDGE('',*,*,#2065,.T.);
#3016=ORIENTED_EDGE('',*,*,#1664,.F.);
#3017=ORIENTED_EDGE('',*,*,#1663,.F.);
#3018=ORIENTED_EDGE('',*,*,#2061,.T.);
#3019=ORIENTED_EDGE('',*,*,#2063,.T.);
#3020=ORIENTED_EDGE('',*,*,#2066,.T.);
#3021=ORIENTED_EDGE('',*,*,#2067,.T.);
#3022=ORIENTED_EDGE('',*,*,#2068,.F.);
#3023=ORIENTED_EDGE('',*,*,#1739,.F.);
#3024=ORIENTED_EDGE('',*,*,#2068,.T.);
#3025=ORIENTED_EDGE('',*,*,#2069,.F.);
#3026=ORIENTED_EDGE('',*,*,#2070,.F.);
#3027=ORIENTED_EDGE('',*,*,#1740,.T.);
#3028=ORIENTED_EDGE('',*,*,#2070,.T.);
#3029=ORIENTED_EDGE('',*,*,#2071,.T.);
#3030=ORIENTED_EDGE('',*,*,#2072,.F.);
#3031=ORIENTED_EDGE('',*,*,#1741,.F.);
#3032=ORIENTED_EDGE('',*,*,#2071,.F.);
#3033=ORIENTED_EDGE('',*,*,#2069,.T.);
#3034=ORIENTED_EDGE('',*,*,#2067,.F.);
#3035=ORIENTED_EDGE('',*,*,#2073,.F.);
#3036=ORIENTED_EDGE('',*,*,#1738,.F.);
#3037=ORIENTED_EDGE('',*,*,#2072,.T.);
#3038=ORIENTED_EDGE('',*,*,#2073,.T.);
#3039=ORIENTED_EDGE('',*,*,#2066,.F.);
#3040=ORIENTED_EDGE('',*,*,#2074,.T.);
#3041=ORIENTED_EDGE('',*,*,#2075,.T.);
#3042=ORIENTED_EDGE('',*,*,#2076,.F.);
#3043=ORIENTED_EDGE('',*,*,#1758,.F.);
#3044=ORIENTED_EDGE('',*,*,#2076,.T.);
#3045=ORIENTED_EDGE('',*,*,#2077,.F.);
#3046=ORIENTED_EDGE('',*,*,#1658,.F.);
#3047=ORIENTED_EDGE('',*,*,#2078,.F.);
#3048=ORIENTED_EDGE('',*,*,#1874,.T.);
#3049=ORIENTED_EDGE('',*,*,#1759,.T.);
#3050=ORIENTED_EDGE('',*,*,#2078,.T.);
#3051=ORIENTED_EDGE('',*,*,#1661,.T.);
#3052=ORIENTED_EDGE('',*,*,#2079,.F.);
#3053=ORIENTED_EDGE('',*,*,#1875,.F.);
#3054=ORIENTED_EDGE('',*,*,#1659,.F.);
#3055=ORIENTED_EDGE('',*,*,#2077,.T.);
#3056=ORIENTED_EDGE('',*,*,#2075,.F.);
#3057=ORIENTED_EDGE('',*,*,#2080,.F.);
#3058=ORIENTED_EDGE('',*,*,#1876,.F.);
#3059=ORIENTED_EDGE('',*,*,#2079,.T.);
#3060=ORIENTED_EDGE('',*,*,#1660,.T.);
#3061=ORIENTED_EDGE('',*,*,#2080,.T.);
#3062=ORIENTED_EDGE('',*,*,#2074,.F.);
#3063=ORIENTED_EDGE('',*,*,#1757,.F.);
#3064=ORIENTED_EDGE('',*,*,#2081,.T.);
#3065=ORIENTED_EDGE('',*,*,#2082,.T.);
#3066=ORIENTED_EDGE('',*,*,#2083,.F.);
#3067=ORIENTED_EDGE('',*,*,#1762,.F.);
#3068=ORIENTED_EDGE('',*,*,#2083,.T.);
#3069=ORIENTED_EDGE('',*,*,#2084,.F.);
#3070=ORIENTED_EDGE('',*,*,#2085,.F.);
#3071=ORIENTED_EDGE('',*,*,#1763,.T.);
#3072=ORIENTED_EDGE('',*,*,#2085,.T.);
#3073=ORIENTED_EDGE('',*,*,#2086,.T.);
#3074=ORIENTED_EDGE('',*,*,#2087,.F.);
#3075=ORIENTED_EDGE('',*,*,#1764,.F.);
#3076=ORIENTED_EDGE('',*,*,#2087,.T.);
#3077=ORIENTED_EDGE('',*,*,#2088,.T.);
#3078=ORIENTED_EDGE('',*,*,#2089,.F.);
#3079=ORIENTED_EDGE('',*,*,#1765,.F.);
#3080=ORIENTED_EDGE('',*,*,#2089,.T.);
#3081=ORIENTED_EDGE('',*,*,#2090,.T.);
#3082=ORIENTED_EDGE('',*,*,#1646,.T.);
#3083=ORIENTED_EDGE('',*,*,#2091,.F.);
#3084=ORIENTED_EDGE('',*,*,#1863,.F.);
#3085=ORIENTED_EDGE('',*,*,#1766,.F.);
#3086=ORIENTED_EDGE('',*,*,#2091,.T.);
#3087=ORIENTED_EDGE('',*,*,#1652,.F.);
#3088=ORIENTED_EDGE('',*,*,#2092,.F.);
#3089=ORIENTED_EDGE('',*,*,#1864,.T.);
#3090=ORIENTED_EDGE('',*,*,#2092,.T.);
#3091=ORIENTED_EDGE('',*,*,#1651,.T.);
#3092=ORIENTED_EDGE('',*,*,#2093,.F.);
#3093=ORIENTED_EDGE('',*,*,#1865,.F.);
#3094=ORIENTED_EDGE('',*,*,#2093,.T.);
#3095=ORIENTED_EDGE('',*,*,#1650,.T.);
#3096=ORIENTED_EDGE('',*,*,#2094,.F.);
#3097=ORIENTED_EDGE('',*,*,#1866,.F.);
#3098=ORIENTED_EDGE('',*,*,#2094,.T.);
#3099=ORIENTED_EDGE('',*,*,#1649,.T.);
#3100=ORIENTED_EDGE('',*,*,#2095,.T.);
#3101=ORIENTED_EDGE('',*,*,#2096,.F.);
#3102=ORIENTED_EDGE('',*,*,#1979,.F.);
#3103=ORIENTED_EDGE('',*,*,#1867,.F.);
#3104=ORIENTED_EDGE('',*,*,#2096,.T.);
#3105=ORIENTED_EDGE('',*,*,#2097,.T.);
#3106=ORIENTED_EDGE('',*,*,#1653,.T.);
#3107=ORIENTED_EDGE('',*,*,#2098,.F.);
#3108=ORIENTED_EDGE('',*,*,#1870,.F.);
#3109=ORIENTED_EDGE('',*,*,#1978,.F.);
#3110=ORIENTED_EDGE('',*,*,#2098,.T.);
#3111=ORIENTED_EDGE('',*,*,#1657,.F.);
#3112=ORIENTED_EDGE('',*,*,#2099,.F.);
#3113=ORIENTED_EDGE('',*,*,#1871,.T.);
#3114=ORIENTED_EDGE('',*,*,#2099,.T.);
#3115=ORIENTED_EDGE('',*,*,#1656,.T.);
#3116=ORIENTED_EDGE('',*,*,#2100,.F.);
#3117=ORIENTED_EDGE('',*,*,#1872,.F.);
#3118=ORIENTED_EDGE('',*,*,#2095,.F.);
#3119=ORIENTED_EDGE('',*,*,#1648,.F.);
#3120=ORIENTED_EDGE('',*,*,#1647,.F.);
#3121=ORIENTED_EDGE('',*,*,#2090,.F.);
#3122=ORIENTED_EDGE('',*,*,#2088,.F.);
#3123=ORIENTED_EDGE('',*,*,#2086,.F.);
#3124=ORIENTED_EDGE('',*,*,#2084,.T.);
#3125=ORIENTED_EDGE('',*,*,#2082,.F.);
#3126=ORIENTED_EDGE('',*,*,#2101,.F.);
#3127=ORIENTED_EDGE('',*,*,#1654,.F.);
#3128=ORIENTED_EDGE('',*,*,#2097,.F.);
#3129=ORIENTED_EDGE('',*,*,#1873,.F.);
#3130=ORIENTED_EDGE('',*,*,#2100,.T.);
#3131=ORIENTED_EDGE('',*,*,#1655,.T.);
#3132=ORIENTED_EDGE('',*,*,#2101,.T.);
#3133=ORIENTED_EDGE('',*,*,#2081,.F.);
#3134=ORIENTED_EDGE('',*,*,#1761,.F.);
#3135=ORIENTED_EDGE('',*,*,#2102,.T.);
#3136=ORIENTED_EDGE('',*,*,#2103,.T.);
#3137=ORIENTED_EDGE('',*,*,#2104,.F.);
#3138=ORIENTED_EDGE('',*,*,#1769,.F.);
#3139=ORIENTED_EDGE('',*,*,#2104,.T.);
#3140=ORIENTED_EDGE('',*,*,#2105,.F.);
#3141=ORIENTED_EDGE('',*,*,#2106,.F.);
#3142=ORIENTED_EDGE('',*,*,#1770,.T.);
#3143=ORIENTED_EDGE('',*,*,#2106,.T.);
#3144=ORIENTED_EDGE('',*,*,#2107,.T.);
#3145=ORIENTED_EDGE('',*,*,#2108,.F.);
#3146=ORIENTED_EDGE('',*,*,#1771,.F.);
#3147=ORIENTED_EDGE('',*,*,#2108,.T.);
#3148=ORIENTED_EDGE('',*,*,#2109,.T.);
#3149=ORIENTED_EDGE('',*,*,#2110,.F.);
#3150=ORIENTED_EDGE('',*,*,#1772,.F.);
#3151=ORIENTED_EDGE('',*,*,#2110,.T.);
#3152=ORIENTED_EDGE('',*,*,#2111,.T.);
#3153=ORIENTED_EDGE('',*,*,#2112,.F.);
#3154=ORIENTED_EDGE('',*,*,#1773,.F.);
#3155=ORIENTED_EDGE('',*,*,#2112,.T.);
#3156=ORIENTED_EDGE('',*,*,#2113,.T.);
#3157=ORIENTED_EDGE('',*,*,#1628,.T.);
#3158=ORIENTED_EDGE('',*,*,#2114,.F.);
#3159=ORIENTED_EDGE('',*,*,#1846,.F.);
#3160=ORIENTED_EDGE('',*,*,#1774,.F.);
#3161=ORIENTED_EDGE('',*,*,#2114,.T.);
#3162=ORIENTED_EDGE('',*,*,#1627,.F.);
#3163=ORIENTED_EDGE('',*,*,#2115,.F.);
#3164=ORIENTED_EDGE('',*,*,#1847,.T.);
#3165=ORIENTED_EDGE('',*,*,#2115,.T.);
#3166=ORIENTED_EDGE('',*,*,#1633,.T.);
#3167=ORIENTED_EDGE('',*,*,#2116,.F.);
#3168=ORIENTED_EDGE('',*,*,#1848,.F.);
#3169=ORIENTED_EDGE('',*,*,#2116,.T.);
#3170=ORIENTED_EDGE('',*,*,#1632,.T.);
#3171=ORIENTED_EDGE('',*,*,#2117,.F.);
#3172=ORIENTED_EDGE('',*,*,#1849,.F.);
#3173=ORIENTED_EDGE('',*,*,#2117,.T.);
#3174=ORIENTED_EDGE('',*,*,#1631,.T.);
#3175=ORIENTED_EDGE('',*,*,#2118,.T.);
#3176=ORIENTED_EDGE('',*,*,#2119,.F.);
#3177=ORIENTED_EDGE('',*,*,#1896,.F.);
#3178=ORIENTED_EDGE('',*,*,#1850,.F.);
#3179=ORIENTED_EDGE('',*,*,#2119,.T.);
#3180=ORIENTED_EDGE('',*,*,#2120,.T.);
#3181=ORIENTED_EDGE('',*,*,#1635,.T.);
#3182=ORIENTED_EDGE('',*,*,#2121,.F.);
#3183=ORIENTED_EDGE('',*,*,#1852,.F.);
#3184=ORIENTED_EDGE('',*,*,#1897,.F.);
#3185=ORIENTED_EDGE('',*,*,#2121,.T.);
#3186=ORIENTED_EDGE('',*,*,#1634,.F.);
#3187=ORIENTED_EDGE('',*,*,#2122,.F.);
#3188=ORIENTED_EDGE('',*,*,#1853,.T.);
#3189=ORIENTED_EDGE('',*,*,#2122,.T.);
#3190=ORIENTED_EDGE('',*,*,#1640,.T.);
#3191=ORIENTED_EDGE('',*,*,#2123,.F.);
#3192=ORIENTED_EDGE('',*,*,#1854,.F.);
#3193=ORIENTED_EDGE('',*,*,#2123,.T.);
#3194=ORIENTED_EDGE('',*,*,#1639,.T.);
#3195=ORIENTED_EDGE('',*,*,#2124,.F.);
#3196=ORIENTED_EDGE('',*,*,#1855,.F.);
#3197=ORIENTED_EDGE('',*,*,#2124,.T.);
#3198=ORIENTED_EDGE('',*,*,#1638,.T.);
#3199=ORIENTED_EDGE('',*,*,#2125,.T.);
#3200=ORIENTED_EDGE('',*,*,#2126,.F.);
#3201=ORIENTED_EDGE('',*,*,#1899,.F.);
#3202=ORIENTED_EDGE('',*,*,#1856,.F.);
#3203=ORIENTED_EDGE('',*,*,#2126,.T.);
#3204=ORIENTED_EDGE('',*,*,#2127,.T.);
#3205=ORIENTED_EDGE('',*,*,#1641,.T.);
#3206=ORIENTED_EDGE('',*,*,#2128,.F.);
#3207=ORIENTED_EDGE('',*,*,#1859,.F.);
#3208=ORIENTED_EDGE('',*,*,#1898,.F.);
#3209=ORIENTED_EDGE('',*,*,#2128,.T.);
#3210=ORIENTED_EDGE('',*,*,#1645,.F.);
#3211=ORIENTED_EDGE('',*,*,#2129,.F.);
#3212=ORIENTED_EDGE('',*,*,#1860,.T.);
#3213=ORIENTED_EDGE('',*,*,#2129,.T.);
#3214=ORIENTED_EDGE('',*,*,#1644,.T.);
#3215=ORIENTED_EDGE('',*,*,#2130,.F.);
#3216=ORIENTED_EDGE('',*,*,#1861,.F.);
#3217=ORIENTED_EDGE('',*,*,#1630,.F.);
#3218=ORIENTED_EDGE('',*,*,#1629,.F.);
#3219=ORIENTED_EDGE('',*,*,#2113,.F.);
#3220=ORIENTED_EDGE('',*,*,#2111,.F.);
#3221=ORIENTED_EDGE('',*,*,#2109,.F.);
#3222=ORIENTED_EDGE('',*,*,#2107,.F.);
#3223=ORIENTED_EDGE('',*,*,#2105,.T.);
#3224=ORIENTED_EDGE('',*,*,#2103,.F.);
#3225=ORIENTED_EDGE('',*,*,#2131,.F.);
#3226=ORIENTED_EDGE('',*,*,#1642,.F.);
#3227=ORIENTED_EDGE('',*,*,#2127,.F.);
#3228=ORIENTED_EDGE('',*,*,#2125,.F.);
#3229=ORIENTED_EDGE('',*,*,#1637,.F.);
#3230=ORIENTED_EDGE('',*,*,#1636,.F.);
#3231=ORIENTED_EDGE('',*,*,#2120,.F.);
#3232=ORIENTED_EDGE('',*,*,#2118,.F.);
#3233=ORIENTED_EDGE('',*,*,#1862,.F.);
#3234=ORIENTED_EDGE('',*,*,#2130,.T.);
#3235=ORIENTED_EDGE('',*,*,#1643,.T.);
#3236=ORIENTED_EDGE('',*,*,#2131,.T.);
#3237=ORIENTED_EDGE('',*,*,#2102,.F.);
#3238=ORIENTED_EDGE('',*,*,#1768,.F.);
#3239=ORIENTED_EDGE('',*,*,#2132,.T.);
#3240=ORIENTED_EDGE('',*,*,#1622,.T.);
#3241=ORIENTED_EDGE('',*,*,#2133,.F.);
#3242=ORIENTED_EDGE('',*,*,#1843,.F.);
#3243=ORIENTED_EDGE('',*,*,#2133,.T.);
#3244=ORIENTED_EDGE('',*,*,#1621,.T.);
#3245=ORIENTED_EDGE('',*,*,#2134,.F.);
#3246=ORIENTED_EDGE('',*,*,#1844,.F.);
#3247=ORIENTED_EDGE('',*,*,#2134,.T.);
#3248=ORIENTED_EDGE('',*,*,#1620,.T.);
#3249=ORIENTED_EDGE('',*,*,#2135,.T.);
#3250=ORIENTED_EDGE('',*,*,#2136,.F.);
#3251=ORIENTED_EDGE('',*,*,#1777,.F.);
#3252=ORIENTED_EDGE('',*,*,#1845,.F.);
#3253=ORIENTED_EDGE('',*,*,#2136,.T.);
#3254=ORIENTED_EDGE('',*,*,#2137,.T.);
#3255=ORIENTED_EDGE('',*,*,#1612,.T.);
#3256=ORIENTED_EDGE('',*,*,#2138,.F.);
#3257=ORIENTED_EDGE('',*,*,#1837,.F.);
#3258=ORIENTED_EDGE('',*,*,#1778,.F.);
#3259=ORIENTED_EDGE('',*,*,#2138,.T.);
#3260=ORIENTED_EDGE('',*,*,#1611,.T.);
#3261=ORIENTED_EDGE('',*,*,#2139,.F.);
#3262=ORIENTED_EDGE('',*,*,#1838,.F.);
#3263=ORIENTED_EDGE('',*,*,#2139,.T.);
#3264=ORIENTED_EDGE('',*,*,#1626,.T.);
#3265=ORIENTED_EDGE('',*,*,#2140,.F.);
#3266=ORIENTED_EDGE('',*,*,#1839,.F.);
#3267=ORIENTED_EDGE('',*,*,#2140,.T.);
#3268=ORIENTED_EDGE('',*,*,#1625,.T.);
#3269=ORIENTED_EDGE('',*,*,#2141,.F.);
#3270=ORIENTED_EDGE('',*,*,#1840,.F.);
#3271=ORIENTED_EDGE('',*,*,#2141,.T.);
#3272=ORIENTED_EDGE('',*,*,#1624,.T.);
#3273=ORIENTED_EDGE('',*,*,#2142,.F.);
#3274=ORIENTED_EDGE('',*,*,#1841,.F.);
#3275=ORIENTED_EDGE('',*,*,#2143,.F.);
#3276=ORIENTED_EDGE('',*,*,#1614,.F.);
#3277=ORIENTED_EDGE('',*,*,#1613,.F.);
#3278=ORIENTED_EDGE('',*,*,#2137,.F.);
#3279=ORIENTED_EDGE('',*,*,#2135,.F.);
#3280=ORIENTED_EDGE('',*,*,#1619,.F.);
#3281=ORIENTED_EDGE('',*,*,#1618,.F.);
#3282=ORIENTED_EDGE('',*,*,#2144,.F.);
#3283=ORIENTED_EDGE('',*,*,#2145,.F.);
#3284=ORIENTED_EDGE('',*,*,#1842,.F.);
#3285=ORIENTED_EDGE('',*,*,#2142,.T.);
#3286=ORIENTED_EDGE('',*,*,#1623,.T.);
#3287=ORIENTED_EDGE('',*,*,#2132,.F.);
#3288=ORIENTED_EDGE('',*,*,#2146,.F.);
#3289=ORIENTED_EDGE('',*,*,#1615,.T.);
#3290=ORIENTED_EDGE('',*,*,#2143,.T.);
#3291=ORIENTED_EDGE('',*,*,#2147,.T.);
#3292=ORIENTED_EDGE('',*,*,#2148,.F.);
#3293=ORIENTED_EDGE('',*,*,#1606,.F.);
#3294=ORIENTED_EDGE('',*,*,#2147,.F.);
#3295=ORIENTED_EDGE('',*,*,#2145,.T.);
#3296=ORIENTED_EDGE('',*,*,#2149,.T.);
#3297=ORIENTED_EDGE('',*,*,#2150,.F.);
#3298=ORIENTED_EDGE('',*,*,#2149,.F.);
#3299=ORIENTED_EDGE('',*,*,#2144,.T.);
#3300=ORIENTED_EDGE('',*,*,#1617,.T.);
#3301=ORIENTED_EDGE('',*,*,#2151,.T.);
#3302=ORIENTED_EDGE('',*,*,#1609,.F.);
#3303=ORIENTED_EDGE('',*,*,#2152,.F.);
#3304=ORIENTED_EDGE('',*,*,#1616,.T.);
#3305=ORIENTED_EDGE('',*,*,#2146,.T.);
#3306=ORIENTED_EDGE('',*,*,#1610,.F.);
#3307=ORIENTED_EDGE('',*,*,#2151,.F.);
#3308=ORIENTED_EDGE('',*,*,#2152,.T.);
#3309=ORIENTED_EDGE('',*,*,#1608,.F.);
#3310=ORIENTED_EDGE('',*,*,#1607,.F.);
#3311=ORIENTED_EDGE('',*,*,#2148,.T.);
#3312=ORIENTED_EDGE('',*,*,#2150,.T.);
#3313=ORIENTED_EDGE('',*,*,#2153,.T.);
#3314=ORIENTED_EDGE('',*,*,#1602,.T.);
#3315=ORIENTED_EDGE('',*,*,#2154,.F.);
#3316=ORIENTED_EDGE('',*,*,#1834,.F.);
#3317=ORIENTED_EDGE('',*,*,#2154,.T.);
#3318=ORIENTED_EDGE('',*,*,#1601,.T.);
#3319=ORIENTED_EDGE('',*,*,#2155,.F.);
#3320=ORIENTED_EDGE('',*,*,#1835,.F.);
#3321=ORIENTED_EDGE('',*,*,#2155,.T.);
#3322=ORIENTED_EDGE('',*,*,#1600,.T.);
#3323=ORIENTED_EDGE('',*,*,#2156,.T.);
#3324=ORIENTED_EDGE('',*,*,#2157,.F.);
#3325=ORIENTED_EDGE('',*,*,#1780,.F.);
#3326=ORIENTED_EDGE('',*,*,#1836,.F.);
#3327=ORIENTED_EDGE('',*,*,#2157,.T.);
#3328=ORIENTED_EDGE('',*,*,#2158,.T.);
#3329=ORIENTED_EDGE('',*,*,#2159,.F.);
#3330=ORIENTED_EDGE('',*,*,#1781,.F.);
#3331=ORIENTED_EDGE('',*,*,#2159,.T.);
#3332=ORIENTED_EDGE('',*,*,#2160,.T.);
#3333=ORIENTED_EDGE('',*,*,#2161,.F.);
#3334=ORIENTED_EDGE('',*,*,#1782,.F.);
#3335=ORIENTED_EDGE('',*,*,#2161,.T.);
#3336=ORIENTED_EDGE('',*,*,#2162,.T.);
#3337=ORIENTED_EDGE('',*,*,#2163,.F.);
#3338=ORIENTED_EDGE('',*,*,#1783,.F.);
#3339=ORIENTED_EDGE('',*,*,#2163,.T.);
#3340=ORIENTED_EDGE('',*,*,#2164,.T.);
#3341=ORIENTED_EDGE('',*,*,#2165,.F.);
#3342=ORIENTED_EDGE('',*,*,#1784,.F.);
#3343=ORIENTED_EDGE('',*,*,#2165,.T.);
#3344=ORIENTED_EDGE('',*,*,#2166,.T.);
#3345=ORIENTED_EDGE('',*,*,#2167,.F.);
#3346=ORIENTED_EDGE('',*,*,#1785,.F.);
#3347=ORIENTED_EDGE('',*,*,#2167,.T.);
#3348=ORIENTED_EDGE('',*,*,#2168,.F.);
#3349=ORIENTED_EDGE('',*,*,#2169,.F.);
#3350=ORIENTED_EDGE('',*,*,#1786,.T.);
#3351=ORIENTED_EDGE('',*,*,#2169,.T.);
#3352=ORIENTED_EDGE('',*,*,#2170,.T.);
#3353=ORIENTED_EDGE('',*,*,#2171,.F.);
#3354=ORIENTED_EDGE('',*,*,#1787,.F.);
#3355=ORIENTED_EDGE('',*,*,#2171,.T.);
#3356=ORIENTED_EDGE('',*,*,#2172,.F.);
#3357=ORIENTED_EDGE('',*,*,#2173,.F.);
#3358=ORIENTED_EDGE('',*,*,#1788,.T.);
#3359=ORIENTED_EDGE('',*,*,#2173,.T.);
#3360=ORIENTED_EDGE('',*,*,#2174,.T.);
#3361=ORIENTED_EDGE('',*,*,#2175,.F.);
#3362=ORIENTED_EDGE('',*,*,#1789,.F.);
#3363=ORIENTED_EDGE('',*,*,#2175,.T.);
#3364=ORIENTED_EDGE('',*,*,#2176,.F.);
#3365=ORIENTED_EDGE('',*,*,#1598,.F.);
#3366=ORIENTED_EDGE('',*,*,#2177,.F.);
#3367=ORIENTED_EDGE('',*,*,#1830,.T.);
#3368=ORIENTED_EDGE('',*,*,#1790,.T.);
#3369=ORIENTED_EDGE('',*,*,#2177,.T.);
#3370=ORIENTED_EDGE('',*,*,#1605,.T.);
#3371=ORIENTED_EDGE('',*,*,#2178,.F.);
#3372=ORIENTED_EDGE('',*,*,#1831,.F.);
#3373=ORIENTED_EDGE('',*,*,#2178,.T.);
#3374=ORIENTED_EDGE('',*,*,#1604,.T.);
#3375=ORIENTED_EDGE('',*,*,#2179,.F.);
#3376=ORIENTED_EDGE('',*,*,#1832,.F.);
#3377=ORIENTED_EDGE('',*,*,#1599,.F.);
#3378=ORIENTED_EDGE('',*,*,#2176,.T.);
#3379=ORIENTED_EDGE('',*,*,#2174,.F.);
#3380=ORIENTED_EDGE('',*,*,#2172,.T.);
#3381=ORIENTED_EDGE('',*,*,#2170,.F.);
#3382=ORIENTED_EDGE('',*,*,#2168,.T.);
#3383=ORIENTED_EDGE('',*,*,#2166,.F.);
#3384=ORIENTED_EDGE('',*,*,#2164,.F.);
#3385=ORIENTED_EDGE('',*,*,#2162,.F.);
#3386=ORIENTED_EDGE('',*,*,#2160,.F.);
#3387=ORIENTED_EDGE('',*,*,#2158,.F.);
#3388=ORIENTED_EDGE('',*,*,#2156,.F.);
#3389=ORIENTED_EDGE('',*,*,#1833,.F.);
#3390=ORIENTED_EDGE('',*,*,#2179,.T.);
#3391=ORIENTED_EDGE('',*,*,#1603,.T.);
#3392=ORIENTED_EDGE('',*,*,#2153,.F.);
#3393=ORIENTED_EDGE('',*,*,#2180,.T.);
#3394=ORIENTED_EDGE('',*,*,#1582,.T.);
#3395=ORIENTED_EDGE('',*,*,#2181,.F.);
#3396=ORIENTED_EDGE('',*,*,#1820,.F.);
#3397=ORIENTED_EDGE('',*,*,#2181,.T.);
#3398=ORIENTED_EDGE('',*,*,#1581,.T.);
#3399=ORIENTED_EDGE('',*,*,#2182,.F.);
#3400=ORIENTED_EDGE('',*,*,#1821,.F.);
#3401=ORIENTED_EDGE('',*,*,#2182,.T.);
#3402=ORIENTED_EDGE('',*,*,#1580,.T.);
#3403=ORIENTED_EDGE('',*,*,#2183,.F.);
#3404=ORIENTED_EDGE('',*,*,#1822,.F.);
#3405=ORIENTED_EDGE('',*,*,#2183,.T.);
#3406=ORIENTED_EDGE('',*,*,#1579,.T.);
#3407=ORIENTED_EDGE('',*,*,#2184,.F.);
#3408=ORIENTED_EDGE('',*,*,#1823,.F.);
#3409=ORIENTED_EDGE('',*,*,#2184,.T.);
#3410=ORIENTED_EDGE('',*,*,#1578,.T.);
#3411=ORIENTED_EDGE('',*,*,#2185,.F.);
#3412=ORIENTED_EDGE('',*,*,#1824,.F.);
#3413=ORIENTED_EDGE('',*,*,#2185,.T.);
#3414=ORIENTED_EDGE('',*,*,#1577,.T.);
#3415=ORIENTED_EDGE('',*,*,#2186,.T.);
#3416=ORIENTED_EDGE('',*,*,#2187,.F.);
#3417=ORIENTED_EDGE('',*,*,#1893,.F.);
#3418=ORIENTED_EDGE('',*,*,#1825,.F.);
#3419=ORIENTED_EDGE('',*,*,#2187,.T.);
#3420=ORIENTED_EDGE('',*,*,#2188,.T.);
#3421=ORIENTED_EDGE('',*,*,#2189,.F.);
#3422=ORIENTED_EDGE('',*,*,#1894,.F.);
#3423=ORIENTED_EDGE('',*,*,#2189,.T.);
#3424=ORIENTED_EDGE('',*,*,#2190,.T.);
#3425=ORIENTED_EDGE('',*,*,#1593,.T.);
#3426=ORIENTED_EDGE('',*,*,#2191,.F.);
#3427=ORIENTED_EDGE('',*,*,#1827,.F.);
#3428=ORIENTED_EDGE('',*,*,#1895,.F.);
#3429=ORIENTED_EDGE('',*,*,#2191,.T.);
#3430=ORIENTED_EDGE('',*,*,#1597,.T.);
#3431=ORIENTED_EDGE('',*,*,#2192,.F.);
#3432=ORIENTED_EDGE('',*,*,#1828,.F.);
#3433=ORIENTED_EDGE('',*,*,#2192,.T.);
#3434=ORIENTED_EDGE('',*,*,#1596,.T.);
#3435=ORIENTED_EDGE('',*,*,#2193,.T.);
#3436=ORIENTED_EDGE('',*,*,#2194,.F.);
#3437=ORIENTED_EDGE('',*,*,#1792,.F.);
#3438=ORIENTED_EDGE('',*,*,#1829,.F.);
#3439=ORIENTED_EDGE('',*,*,#2194,.T.);
#3440=ORIENTED_EDGE('',*,*,#2195,.T.);
#3441=ORIENTED_EDGE('',*,*,#2196,.F.);
#3442=ORIENTED_EDGE('',*,*,#1793,.F.);
#3443=ORIENTED_EDGE('',*,*,#2196,.T.);
#3444=ORIENTED_EDGE('',*,*,#2197,.T.);
#3445=ORIENTED_EDGE('',*,*,#1574,.T.);
#3446=ORIENTED_EDGE('',*,*,#2198,.F.);
#3447=ORIENTED_EDGE('',*,*,#1814,.F.);
#3448=ORIENTED_EDGE('',*,*,#1794,.F.);
#3449=ORIENTED_EDGE('',*,*,#2198,.T.);
#3450=ORIENTED_EDGE('',*,*,#1573,.F.);
#3451=ORIENTED_EDGE('',*,*,#2199,.F.);
#3452=ORIENTED_EDGE('',*,*,#1815,.T.);
#3453=ORIENTED_EDGE('',*,*,#2199,.T.);
#3454=ORIENTED_EDGE('',*,*,#1586,.T.);
#3455=ORIENTED_EDGE('',*,*,#2200,.F.);
#3456=ORIENTED_EDGE('',*,*,#1816,.F.);
#3457=ORIENTED_EDGE('',*,*,#2200,.T.);
#3458=ORIENTED_EDGE('',*,*,#1585,.T.);
#3459=ORIENTED_EDGE('',*,*,#2201,.F.);
#3460=ORIENTED_EDGE('',*,*,#1817,.F.);
#3461=ORIENTED_EDGE('',*,*,#2201,.T.);
#3462=ORIENTED_EDGE('',*,*,#1584,.T.);
#3463=ORIENTED_EDGE('',*,*,#2202,.F.);
#3464=ORIENTED_EDGE('',*,*,#1818,.F.);
#3465=ORIENTED_EDGE('',*,*,#2186,.F.);
#3466=ORIENTED_EDGE('',*,*,#1576,.F.);
#3467=ORIENTED_EDGE('',*,*,#1575,.F.);
#3468=ORIENTED_EDGE('',*,*,#2197,.F.);
#3469=ORIENTED_EDGE('',*,*,#2195,.F.);
#3470=ORIENTED_EDGE('',*,*,#2193,.F.);
#3471=ORIENTED_EDGE('',*,*,#1595,.F.);
#3472=ORIENTED_EDGE('',*,*,#1594,.F.);
#3473=ORIENTED_EDGE('',*,*,#2190,.F.);
#3474=ORIENTED_EDGE('',*,*,#2188,.F.);
#3475=ORIENTED_EDGE('',*,*,#1819,.F.);
#3476=ORIENTED_EDGE('',*,*,#2202,.T.);
#3477=ORIENTED_EDGE('',*,*,#1583,.T.);
#3478=ORIENTED_EDGE('',*,*,#2180,.F.);
#3479=ORIENTED_EDGE('',*,*,#2203,.F.);
#3480=ORIENTED_EDGE('',*,*,#1588,.T.);
#3481=ORIENTED_EDGE('',*,*,#2204,.T.);
#3482=ORIENTED_EDGE('',*,*,#2205,.F.);
#3483=ORIENTED_EDGE('',*,*,#2204,.F.);
#3484=ORIENTED_EDGE('',*,*,#1587,.T.);
#3485=ORIENTED_EDGE('',*,*,#2206,.T.);
#3486=ORIENTED_EDGE('',*,*,#2207,.F.);
#3487=ORIENTED_EDGE('',*,*,#2206,.F.);
#3488=ORIENTED_EDGE('',*,*,#1592,.T.);
#3489=ORIENTED_EDGE('',*,*,#2208,.T.);
#3490=ORIENTED_EDGE('',*,*,#2209,.F.);
#3491=ORIENTED_EDGE('',*,*,#2208,.F.);
#3492=ORIENTED_EDGE('',*,*,#1591,.T.);
#3493=ORIENTED_EDGE('',*,*,#2210,.T.);
#3494=ORIENTED_EDGE('',*,*,#2211,.F.);
#3495=ORIENTED_EDGE('',*,*,#2210,.F.);
#3496=ORIENTED_EDGE('',*,*,#1590,.T.);
#3497=ORIENTED_EDGE('',*,*,#2212,.T.);
#3498=ORIENTED_EDGE('',*,*,#2213,.F.);
#3499=ORIENTED_EDGE('',*,*,#1589,.T.);
#3500=ORIENTED_EDGE('',*,*,#2203,.T.);
#3501=ORIENTED_EDGE('',*,*,#2214,.F.);
#3502=ORIENTED_EDGE('',*,*,#2212,.F.);
#3503=ORIENTED_EDGE('',*,*,#2205,.T.);
#3504=ORIENTED_EDGE('',*,*,#2207,.T.);
#3505=ORIENTED_EDGE('',*,*,#2209,.T.);
#3506=ORIENTED_EDGE('',*,*,#2211,.T.);
#3507=ORIENTED_EDGE('',*,*,#2213,.T.);
#3508=ORIENTED_EDGE('',*,*,#2214,.T.);
#3509=ORIENTED_EDGE('',*,*,#2215,.T.);
#3510=ORIENTED_EDGE('',*,*,#2216,.T.);
#3511=ORIENTED_EDGE('',*,*,#2217,.F.);
#3512=ORIENTED_EDGE('',*,*,#1797,.F.);
#3513=ORIENTED_EDGE('',*,*,#2217,.T.);
#3514=ORIENTED_EDGE('',*,*,#2218,.F.);
#3515=ORIENTED_EDGE('',*,*,#1569,.F.);
#3516=ORIENTED_EDGE('',*,*,#2219,.F.);
#3517=ORIENTED_EDGE('',*,*,#1811,.T.);
#3518=ORIENTED_EDGE('',*,*,#1798,.T.);
#3519=ORIENTED_EDGE('',*,*,#2219,.T.);
#3520=ORIENTED_EDGE('',*,*,#1572,.T.);
#3521=ORIENTED_EDGE('',*,*,#2220,.F.);
#3522=ORIENTED_EDGE('',*,*,#1812,.F.);
#3523=ORIENTED_EDGE('',*,*,#1570,.F.);
#3524=ORIENTED_EDGE('',*,*,#2218,.T.);
#3525=ORIENTED_EDGE('',*,*,#2216,.F.);
#3526=ORIENTED_EDGE('',*,*,#2221,.F.);
#3527=ORIENTED_EDGE('',*,*,#1813,.F.);
#3528=ORIENTED_EDGE('',*,*,#2220,.T.);
#3529=ORIENTED_EDGE('',*,*,#1571,.T.);
#3530=ORIENTED_EDGE('',*,*,#2221,.T.);
#3531=ORIENTED_EDGE('',*,*,#2215,.F.);
#3532=ORIENTED_EDGE('',*,*,#1796,.F.);
#3533=ORIENTED_EDGE('',*,*,#2222,.T.);
#3534=ORIENTED_EDGE('',*,*,#2223,.T.);
#3535=ORIENTED_EDGE('',*,*,#2224,.F.);
#3536=ORIENTED_EDGE('',*,*,#1801,.F.);
#3537=ORIENTED_EDGE('',*,*,#2224,.T.);
#3538=ORIENTED_EDGE('',*,*,#2225,.F.);
#3539=ORIENTED_EDGE('',*,*,#1565,.F.);
#3540=ORIENTED_EDGE('',*,*,#2226,.F.);
#3541=ORIENTED_EDGE('',*,*,#1808,.T.);
#3542=ORIENTED_EDGE('',*,*,#1802,.T.);
#3543=ORIENTED_EDGE('',*,*,#2226,.T.);
#3544=ORIENTED_EDGE('',*,*,#1568,.T.);
#3545=ORIENTED_EDGE('',*,*,#2227,.F.);
#3546=ORIENTED_EDGE('',*,*,#1809,.F.);
#3547=ORIENTED_EDGE('',*,*,#1566,.F.);
#3548=ORIENTED_EDGE('',*,*,#2225,.T.);
#3549=ORIENTED_EDGE('',*,*,#2223,.F.);
#3550=ORIENTED_EDGE('',*,*,#2228,.F.);
#3551=ORIENTED_EDGE('',*,*,#1810,.F.);
#3552=ORIENTED_EDGE('',*,*,#2227,.T.);
#3553=ORIENTED_EDGE('',*,*,#1567,.T.);
#3554=ORIENTED_EDGE('',*,*,#2228,.T.);
#3555=ORIENTED_EDGE('',*,*,#2222,.F.);
#3556=ORIENTED_EDGE('',*,*,#1800,.F.);
#3557=EDGE_LOOP('',(#2229,#2230,#2231,#2232));
#3558=EDGE_LOOP('',(#2233,#2234,#2235,#2236));
#3559=EDGE_LOOP('',(#2237,#2238,#2239,#2240,#2241,#2242,#2243,#2244,#2245,
#2246,#2247,#2248,#2249,#2250));
#3560=EDGE_LOOP('',(#2251,#2252,#2253,#2254,#2255,#2256));
#3561=EDGE_LOOP('',(#2257,#2258,#2259,#2260,#2261));
#3562=EDGE_LOOP('',(#2262,#2263,#2264,#2265,#2266,#2267,#2268,#2269));
#3563=EDGE_LOOP('',(#2270,#2271,#2272,#2273,#2274));
#3564=EDGE_LOOP('',(#2275,#2276,#2277,#2278,#2279,#2280,#2281,#2282,#2283,
#2284,#2285,#2286,#2287,#2288,#2289,#2290));
#3565=EDGE_LOOP('',(#2291,#2292,#2293,#2294,#2295,#2296,#2297));
#3566=EDGE_LOOP('',(#2298,#2299,#2300,#2301,#2302,#2303,#2304));
#3567=EDGE_LOOP('',(#2305,#2306,#2307,#2308,#2309));
#3568=EDGE_LOOP('',(#2310,#2311,#2312,#2313,#2314,#2315,#2316));
#3569=EDGE_LOOP('',(#2317,#2318,#2319,#2320,#2321));
#3570=EDGE_LOOP('',(#2322,#2323,#2324,#2325));
#3571=EDGE_LOOP('',(#2326,#2327,#2328,#2329,#2330));
#3572=EDGE_LOOP('',(#2331,#2332,#2333,#2334,#2335,#2336,#2337,#2338,#2339,
#2340,#2341,#2342,#2343,#2344,#2345,#2346));
#3573=EDGE_LOOP('',(#2347,#2348,#2349,#2350,#2351,#2352));
#3574=EDGE_LOOP('',(#2353,#2354,#2355));
#3575=EDGE_LOOP('',(#2356,#2357,#2358));
#3576=EDGE_LOOP('',(#2359,#2360,#2361));
#3577=EDGE_LOOP('',(#2362,#2363,#2364));
#3578=EDGE_LOOP('',(#2365,#2366,#2367));
#3579=EDGE_LOOP('',(#2368,#2369,#2370));
#3580=EDGE_LOOP('',(#2371,#2372,#2373));
#3581=EDGE_LOOP('',(#2374,#2375,#2376));
#3582=EDGE_LOOP('',(#2377,#2378,#2379,#2380));
#3583=EDGE_LOOP('',(#2381,#2382,#2383,#2384));
#3584=EDGE_LOOP('',(#2385,#2386,#2387,#2388,#2389,#2390,#2391));
#3585=EDGE_LOOP('',(#2392,#2393,#2394,#2395,#2396,#2397,#2398,#2399,#2400,
#2401));
#3586=EDGE_LOOP('',(#2402,#2403));
#3587=EDGE_LOOP('',(#2404,#2405,#2406,#2407));
#3588=EDGE_LOOP('',(#2408,#2409,#2410,#2411,#2412,#2413,#2414,#2415,#2416,
#2417,#2418,#2419,#2420,#2421,#2422,#2423,#2424,#2425,#2426,#2427,#2428,
#2429,#2430,#2431,#2432,#2433,#2434,#2435,#2436,#2437,#2438,#2439,#2440,
#2441,#2442,#2443,#2444,#2445,#2446,#2447,#2448,#2449,#2450,#2451,#2452,
#2453,#2454,#2455,#2456,#2457,#2458,#2459,#2460,#2461,#2462,#2463,#2464,
#2465,#2466,#2467,#2468,#2469,#2470,#2471,#2472,#2473));
#3589=EDGE_LOOP('',(#2474,#2475,#2476,#2477,#2478,#2479,#2480,#2481,#2482,
#2483,#2484,#2485,#2486,#2487,#2488,#2489,#2490,#2491,#2492,#2493,#2494,
#2495,#2496,#2497,#2498,#2499,#2500,#2501,#2502,#2503,#2504,#2505,#2506,
#2507,#2508,#2509,#2510,#2511,#2512,#2513,#2514,#2515,#2516,#2517,#2518,
#2519,#2520,#2521,#2522,#2523,#2524,#2525,#2526,#2527,#2528,#2529,#2530,
#2531,#2532,#2533,#2534,#2535,#2536,#2537,#2538,#2539,#2540,#2541,#2542,
#2543,#2544,#2545,#2546,#2547,#2548,#2549,#2550,#2551,#2552,#2553,#2554,
#2555,#2556,#2557,#2558,#2559,#2560,#2561,#2562,#2563,#2564,#2565,#2566,
#2567,#2568,#2569,#2570,#2571,#2572,#2573,#2574,#2575));
#3590=EDGE_LOOP('',(#2576,#2577));
#3591=EDGE_LOOP('',(#2578,#2579,#2580,#2581));
#3592=EDGE_LOOP('',(#2582,#2583,#2584));
#3593=EDGE_LOOP('',(#2585,#2586,#2587,#2588));
#3594=EDGE_LOOP('',(#2589,#2590,#2591,#2592));
#3595=EDGE_LOOP('',(#2593,#2594,#2595,#2596));
#3596=EDGE_LOOP('',(#2597,#2598));
#3597=EDGE_LOOP('',(#2599,#2600,#2601,#2602,#2603,#2604,#2605,#2606));
#3598=EDGE_LOOP('',(#2607,#2608,#2609,#2610,#2611,#2612,#2613,#2614,#2615,
#2616,#2617,#2618,#2619,#2620,#2621,#2622,#2623,#2624));
#3599=EDGE_LOOP('',(#2625,#2626,#2627,#2628,#2629,#2630,#2631,#2632,#2633,
#2634,#2635));
#3600=EDGE_LOOP('',(#2636,#2637,#2638,#2639));
#3601=EDGE_LOOP('',(#2640,#2641,#2642,#2643));
#3602=EDGE_LOOP('',(#2644,#2645,#2646,#2647));
#3603=EDGE_LOOP('',(#2648,#2649,#2650,#2651,#2652,#2653,#2654,#2655));
#3604=EDGE_LOOP('',(#2656,#2657,#2658,#2659,#2660,#2661,#2662,#2663,#2664,
#2665,#2666,#2667));
#3605=EDGE_LOOP('',(#2668,#2669,#2670,#2671));
#3606=EDGE_LOOP('',(#2672,#2673,#2674,#2675,#2676,#2677,#2678,#2679,#2680,
#2681));
#3607=EDGE_LOOP('',(#2682,#2683,#2684,#2685,#2686,#2687,#2688,#2689));
#3608=EDGE_LOOP('',(#2690,#2691));
#3609=EDGE_LOOP('',(#2692,#2693));
#3610=EDGE_LOOP('',(#2694,#2695));
#3611=EDGE_LOOP('',(#2696,#2697,#2698,#2699));
#3612=EDGE_LOOP('',(#2700,#2701,#2702,#2703));
#3613=EDGE_LOOP('',(#2704,#2705,#2706,#2707));
#3614=EDGE_LOOP('',(#2708,#2709,#2710,#2711,#2712,#2713,#2714,#2715,#2716,
#2717));
#3615=EDGE_LOOP('',(#2718,#2719,#2720,#2721));
#3616=EDGE_LOOP('',(#2722,#2723,#2724,#2725,#2726,#2727,#2728));
#3617=EDGE_LOOP('',(#2729,#2730,#2731,#2732));
#3618=EDGE_LOOP('',(#2733,#2734,#2735,#2736));
#3619=EDGE_LOOP('',(#2737,#2738,#2739));
#3620=EDGE_LOOP('',(#2740,#2741,#2742));
#3621=EDGE_LOOP('',(#2743,#2744,#2745));
#3622=EDGE_LOOP('',(#2746,#2747,#2748));
#3623=EDGE_LOOP('',(#2749,#2750,#2751));
#3624=EDGE_LOOP('',(#2752,#2753,#2754));
#3625=EDGE_LOOP('',(#2755,#2756,#2757));
#3626=EDGE_LOOP('',(#2758,#2759,#2760));
#3627=EDGE_LOOP('',(#2761,#2762,#2763,#2764));
#3628=EDGE_LOOP('',(#2765,#2766,#2767,#2768));
#3629=EDGE_LOOP('',(#2769,#2770,#2771,#2772));
#3630=EDGE_LOOP('',(#2773,#2774,#2775,#2776));
#3631=EDGE_LOOP('',(#2777,#2778,#2779,#2780));
#3632=EDGE_LOOP('',(#2781,#2782,#2783,#2784));
#3633=EDGE_LOOP('',(#2785,#2786,#2787,#2788));
#3634=EDGE_LOOP('',(#2789,#2790,#2791,#2792));
#3635=EDGE_LOOP('',(#2793,#2794,#2795,#2796));
#3636=EDGE_LOOP('',(#2797,#2798,#2799,#2800));
#3637=EDGE_LOOP('',(#2801,#2802,#2803,#2804));
#3638=EDGE_LOOP('',(#2805,#2806,#2807,#2808));
#3639=EDGE_LOOP('',(#2809,#2810,#2811,#2812));
#3640=EDGE_LOOP('',(#2813,#2814,#2815,#2816));
#3641=EDGE_LOOP('',(#2817,#2818,#2819,#2820));
#3642=EDGE_LOOP('',(#2821,#2822,#2823,#2824,#2825,#2826,#2827,#2828));
#3643=EDGE_LOOP('',(#2829,#2830,#2831,#2832,#2833,#2834,#2835,#2836));
#3644=EDGE_LOOP('',(#2837,#2838,#2839,#2840,#2841,#2842));
#3645=EDGE_LOOP('',(#2843,#2844,#2845));
#3646=EDGE_LOOP('',(#2846,#2847,#2848));
#3647=EDGE_LOOP('',(#2849,#2850,#2851,#2852,#2853,#2854,#2855,#2856,#2857));
#3648=EDGE_LOOP('',(#2858,#2859,#2860,#2861,#2862,#2863,#2864,#2865,#2866,
#2867));
#3649=EDGE_LOOP('',(#2868,#2869,#2870));
#3650=EDGE_LOOP('',(#2871,#2872,#2873));
#3651=EDGE_LOOP('',(#2874,#2875,#2876,#2877));
#3652=EDGE_LOOP('',(#2878,#2879,#2880,#2881));
#3653=EDGE_LOOP('',(#2882,#2883,#2884,#2885,#2886,#2887));
#3654=EDGE_LOOP('',(#2888,#2889,#2890,#2891,#2892,#2893));
#3655=EDGE_LOOP('',(#2894,#2895,#2896,#2897));
#3656=EDGE_LOOP('',(#2898,#2899,#2900,#2901));
#3657=EDGE_LOOP('',(#2902,#2903,#2904,#2905));
#3658=EDGE_LOOP('',(#2906,#2907,#2908,#2909));
#3659=EDGE_LOOP('',(#2910,#2911,#2912,#2913));
#3660=EDGE_LOOP('',(#2914,#2915,#2916,#2917,#2918,#2919));
#3661=EDGE_LOOP('',(#2920,#2921,#2922,#2923));
#3662=EDGE_LOOP('',(#2924,#2925,#2926,#2927));
#3663=EDGE_LOOP('',(#2928,#2929,#2930,#2931));
#3664=EDGE_LOOP('',(#2932,#2933,#2934,#2935,#2936,#2937,#2938,#2939));
#3665=EDGE_LOOP('',(#2940,#2941,#2942,#2943,#2944,#2945));
#3666=EDGE_LOOP('',(#2946,#2947,#2948,#2949));
#3667=EDGE_LOOP('',(#2950,#2951,#2952,#2953));
#3668=EDGE_LOOP('',(#2954,#2955,#2956,#2957,#2958,#2959));
#3669=EDGE_LOOP('',(#2960,#2961,#2962,#2963,#2964,#2965));
#3670=EDGE_LOOP('',(#2966,#2967,#2968,#2969));
#3671=EDGE_LOOP('',(#2970,#2971,#2972,#2973));
#3672=EDGE_LOOP('',(#2974,#2975,#2976,#2977));
#3673=EDGE_LOOP('',(#2978,#2979,#2980,#2981));
#3674=EDGE_LOOP('',(#2982,#2983,#2984,#2985,#2986,#2987,#2988,#2989,#2990));
#3675=EDGE_LOOP('',(#2991,#2992,#2993,#2994));
#3676=EDGE_LOOP('',(#2995,#2996,#2997,#2998,#2999,#3000));
#3677=EDGE_LOOP('',(#3001,#3002,#3003,#3004));
#3678=EDGE_LOOP('',(#3005,#3006,#3007,#3008,#3009,#3010));
#3679=EDGE_LOOP('',(#3011,#3012,#3013,#3014));
#3680=EDGE_LOOP('',(#3015,#3016,#3017,#3018,#3019));
#3681=EDGE_LOOP('',(#3020,#3021,#3022,#3023));
#3682=EDGE_LOOP('',(#3024,#3025,#3026,#3027));
#3683=EDGE_LOOP('',(#3028,#3029,#3030,#3031));
#3684=EDGE_LOOP('',(#3032,#3033,#3034,#3035));
#3685=EDGE_LOOP('',(#3036,#3037,#3038,#3039));
#3686=EDGE_LOOP('',(#3040,#3041,#3042,#3043));
#3687=EDGE_LOOP('',(#3044,#3045,#3046,#3047,#3048,#3049));
#3688=EDGE_LOOP('',(#3050,#3051,#3052,#3053));
#3689=EDGE_LOOP('',(#3054,#3055,#3056,#3057));
#3690=EDGE_LOOP('',(#3058,#3059,#3060,#3061,#3062,#3063));
#3691=EDGE_LOOP('',(#3064,#3065,#3066,#3067));
#3692=EDGE_LOOP('',(#3068,#3069,#3070,#3071));
#3693=EDGE_LOOP('',(#3072,#3073,#3074,#3075));
#3694=EDGE_LOOP('',(#3076,#3077,#3078,#3079));
#3695=EDGE_LOOP('',(#3080,#3081,#3082,#3083,#3084,#3085));
#3696=EDGE_LOOP('',(#3086,#3087,#3088,#3089));
#3697=EDGE_LOOP('',(#3090,#3091,#3092,#3093));
#3698=EDGE_LOOP('',(#3094,#3095,#3096,#3097));
#3699=EDGE_LOOP('',(#3098,#3099,#3100,#3101,#3102,#3103));
#3700=EDGE_LOOP('',(#3104,#3105,#3106,#3107,#3108,#3109));
#3701=EDGE_LOOP('',(#3110,#3111,#3112,#3113));
#3702=EDGE_LOOP('',(#3114,#3115,#3116,#3117));
#3703=EDGE_LOOP('',(#3118,#3119,#3120,#3121,#3122,#3123,#3124,#3125,#3126,
#3127,#3128));
#3704=EDGE_LOOP('',(#3129,#3130,#3131,#3132,#3133,#3134));
#3705=EDGE_LOOP('',(#3135,#3136,#3137,#3138));
#3706=EDGE_LOOP('',(#3139,#3140,#3141,#3142));
#3707=EDGE_LOOP('',(#3143,#3144,#3145,#3146));
#3708=EDGE_LOOP('',(#3147,#3148,#3149,#3150));
#3709=EDGE_LOOP('',(#3151,#3152,#3153,#3154));
#3710=EDGE_LOOP('',(#3155,#3156,#3157,#3158,#3159,#3160));
#3711=EDGE_LOOP('',(#3161,#3162,#3163,#3164));
#3712=EDGE_LOOP('',(#3165,#3166,#3167,#3168));
#3713=EDGE_LOOP('',(#3169,#3170,#3171,#3172));
#3714=EDGE_LOOP('',(#3173,#3174,#3175,#3176,#3177,#3178));
#3715=EDGE_LOOP('',(#3179,#3180,#3181,#3182,#3183,#3184));
#3716=EDGE_LOOP('',(#3185,#3186,#3187,#3188));
#3717=EDGE_LOOP('',(#3189,#3190,#3191,#3192));
#3718=EDGE_LOOP('',(#3193,#3194,#3195,#3196));
#3719=EDGE_LOOP('',(#3197,#3198,#3199,#3200,#3201,#3202));
#3720=EDGE_LOOP('',(#3203,#3204,#3205,#3206,#3207,#3208));
#3721=EDGE_LOOP('',(#3209,#3210,#3211,#3212));
#3722=EDGE_LOOP('',(#3213,#3214,#3215,#3216));
#3723=EDGE_LOOP('',(#3217,#3218,#3219,#3220,#3221,#3222,#3223,#3224,#3225,
#3226,#3227,#3228,#3229,#3230,#3231,#3232));
#3724=EDGE_LOOP('',(#3233,#3234,#3235,#3236,#3237,#3238));
#3725=EDGE_LOOP('',(#3239,#3240,#3241,#3242));
#3726=EDGE_LOOP('',(#3243,#3244,#3245,#3246));
#3727=EDGE_LOOP('',(#3247,#3248,#3249,#3250,#3251,#3252));
#3728=EDGE_LOOP('',(#3253,#3254,#3255,#3256,#3257,#3258));
#3729=EDGE_LOOP('',(#3259,#3260,#3261,#3262));
#3730=EDGE_LOOP('',(#3263,#3264,#3265,#3266));
#3731=EDGE_LOOP('',(#3267,#3268,#3269,#3270));
#3732=EDGE_LOOP('',(#3271,#3272,#3273,#3274));
#3733=EDGE_LOOP('',(#3275,#3276,#3277,#3278,#3279,#3280,#3281,#3282,#3283));
#3734=EDGE_LOOP('',(#3284,#3285,#3286,#3287));
#3735=EDGE_LOOP('',(#3288,#3289,#3290,#3291,#3292,#3293));
#3736=EDGE_LOOP('',(#3294,#3295,#3296,#3297));
#3737=EDGE_LOOP('',(#3298,#3299,#3300,#3301,#3302,#3303));
#3738=EDGE_LOOP('',(#3304,#3305,#3306,#3307));
#3739=EDGE_LOOP('',(#3308,#3309,#3310,#3311,#3312));
#3740=EDGE_LOOP('',(#3313,#3314,#3315,#3316));
#3741=EDGE_LOOP('',(#3317,#3318,#3319,#3320));
#3742=EDGE_LOOP('',(#3321,#3322,#3323,#3324,#3325,#3326));
#3743=EDGE_LOOP('',(#3327,#3328,#3329,#3330));
#3744=EDGE_LOOP('',(#3331,#3332,#3333,#3334));
#3745=EDGE_LOOP('',(#3335,#3336,#3337,#3338));
#3746=EDGE_LOOP('',(#3339,#3340,#3341,#3342));
#3747=EDGE_LOOP('',(#3343,#3344,#3345,#3346));
#3748=EDGE_LOOP('',(#3347,#3348,#3349,#3350));
#3749=EDGE_LOOP('',(#3351,#3352,#3353,#3354));
#3750=EDGE_LOOP('',(#3355,#3356,#3357,#3358));
#3751=EDGE_LOOP('',(#3359,#3360,#3361,#3362));
#3752=EDGE_LOOP('',(#3363,#3364,#3365,#3366,#3367,#3368));
#3753=EDGE_LOOP('',(#3369,#3370,#3371,#3372));
#3754=EDGE_LOOP('',(#3373,#3374,#3375,#3376));
#3755=EDGE_LOOP('',(#3377,#3378,#3379,#3380,#3381,#3382,#3383,#3384,#3385,
#3386,#3387,#3388));
#3756=EDGE_LOOP('',(#3389,#3390,#3391,#3392));
#3757=EDGE_LOOP('',(#3393,#3394,#3395,#3396));
#3758=EDGE_LOOP('',(#3397,#3398,#3399,#3400));
#3759=EDGE_LOOP('',(#3401,#3402,#3403,#3404));
#3760=EDGE_LOOP('',(#3405,#3406,#3407,#3408));
#3761=EDGE_LOOP('',(#3409,#3410,#3411,#3412));
#3762=EDGE_LOOP('',(#3413,#3414,#3415,#3416,#3417,#3418));
#3763=EDGE_LOOP('',(#3419,#3420,#3421,#3422));
#3764=EDGE_LOOP('',(#3423,#3424,#3425,#3426,#3427,#3428));
#3765=EDGE_LOOP('',(#3429,#3430,#3431,#3432));
#3766=EDGE_LOOP('',(#3433,#3434,#3435,#3436,#3437,#3438));
#3767=EDGE_LOOP('',(#3439,#3440,#3441,#3442));
#3768=EDGE_LOOP('',(#3443,#3444,#3445,#3446,#3447,#3448));
#3769=EDGE_LOOP('',(#3449,#3450,#3451,#3452));
#3770=EDGE_LOOP('',(#3453,#3454,#3455,#3456));
#3771=EDGE_LOOP('',(#3457,#3458,#3459,#3460));
#3772=EDGE_LOOP('',(#3461,#3462,#3463,#3464));
#3773=EDGE_LOOP('',(#3465,#3466,#3467,#3468,#3469,#3470,#3471,#3472,#3473,
#3474));
#3774=EDGE_LOOP('',(#3475,#3476,#3477,#3478));
#3775=EDGE_LOOP('',(#3479,#3480,#3481,#3482));
#3776=EDGE_LOOP('',(#3483,#3484,#3485,#3486));
#3777=EDGE_LOOP('',(#3487,#3488,#3489,#3490));
#3778=EDGE_LOOP('',(#3491,#3492,#3493,#3494));
#3779=EDGE_LOOP('',(#3495,#3496,#3497,#3498));
#3780=EDGE_LOOP('',(#3499,#3500,#3501,#3502));
#3781=EDGE_LOOP('',(#3503,#3504,#3505,#3506,#3507,#3508));
#3782=EDGE_LOOP('',(#3509,#3510,#3511,#3512));
#3783=EDGE_LOOP('',(#3513,#3514,#3515,#3516,#3517,#3518));
#3784=EDGE_LOOP('',(#3519,#3520,#3521,#3522));
#3785=EDGE_LOOP('',(#3523,#3524,#3525,#3526));
#3786=EDGE_LOOP('',(#3527,#3528,#3529,#3530,#3531,#3532));
#3787=EDGE_LOOP('',(#3533,#3534,#3535,#3536));
#3788=EDGE_LOOP('',(#3537,#3538,#3539,#3540,#3541,#3542));
#3789=EDGE_LOOP('',(#3543,#3544,#3545,#3546));
#3790=EDGE_LOOP('',(#3547,#3548,#3549,#3550));
#3791=EDGE_LOOP('',(#3551,#3552,#3553,#3554,#3555,#3556));
#3792=FACE_BOUND('',#3557,.T.);
#3793=FACE_BOUND('',#3558,.T.);
#3794=FACE_BOUND('',#3559,.T.);
#3795=FACE_BOUND('',#3560,.T.);
#3796=FACE_BOUND('',#3561,.T.);
#3797=FACE_BOUND('',#3562,.T.);
#3798=FACE_BOUND('',#3563,.T.);
#3799=FACE_BOUND('',#3564,.T.);
#3800=FACE_BOUND('',#3565,.T.);
#3801=FACE_BOUND('',#3566,.T.);
#3802=FACE_BOUND('',#3567,.T.);
#3803=FACE_BOUND('',#3568,.T.);
#3804=FACE_BOUND('',#3569,.T.);
#3805=FACE_BOUND('',#3570,.T.);
#3806=FACE_BOUND('',#3571,.T.);
#3807=FACE_BOUND('',#3572,.T.);
#3808=FACE_BOUND('',#3573,.T.);
#3809=FACE_BOUND('',#3574,.T.);
#3810=FACE_BOUND('',#3575,.T.);
#3811=FACE_BOUND('',#3576,.T.);
#3812=FACE_BOUND('',#3577,.T.);
#3813=FACE_BOUND('',#3578,.T.);
#3814=FACE_BOUND('',#3579,.T.);
#3815=FACE_BOUND('',#3580,.T.);
#3816=FACE_BOUND('',#3581,.T.);
#3817=FACE_BOUND('',#3582,.T.);
#3818=FACE_BOUND('',#3583,.T.);
#3819=FACE_BOUND('',#3584,.T.);
#3820=FACE_BOUND('',#3585,.T.);
#3821=FACE_BOUND('',#3586,.T.);
#3822=FACE_BOUND('',#3587,.T.);
#3823=FACE_BOUND('',#3588,.T.);
#3824=FACE_BOUND('',#3589,.T.);
#3825=FACE_BOUND('',#3590,.T.);
#3826=FACE_BOUND('',#3591,.T.);
#3827=FACE_BOUND('',#3592,.T.);
#3828=FACE_BOUND('',#3593,.T.);
#3829=FACE_BOUND('',#3594,.T.);
#3830=FACE_BOUND('',#3595,.T.);
#3831=FACE_BOUND('',#3596,.T.);
#3832=FACE_BOUND('',#3597,.T.);
#3833=FACE_BOUND('',#3598,.T.);
#3834=FACE_BOUND('',#3599,.T.);
#3835=FACE_BOUND('',#3600,.T.);
#3836=FACE_BOUND('',#3601,.T.);
#3837=FACE_BOUND('',#3602,.T.);
#3838=FACE_BOUND('',#3603,.T.);
#3839=FACE_BOUND('',#3604,.T.);
#3840=FACE_BOUND('',#3605,.T.);
#3841=FACE_BOUND('',#3606,.T.);
#3842=FACE_BOUND('',#3607,.T.);
#3843=FACE_BOUND('',#3608,.T.);
#3844=FACE_BOUND('',#3609,.T.);
#3845=FACE_BOUND('',#3610,.T.);
#3846=FACE_BOUND('',#3611,.T.);
#3847=FACE_BOUND('',#3612,.T.);
#3848=FACE_BOUND('',#3613,.T.);
#3849=FACE_BOUND('',#3614,.T.);
#3850=FACE_BOUND('',#3615,.T.);
#3851=FACE_BOUND('',#3616,.T.);
#3852=FACE_BOUND('',#3617,.T.);
#3853=FACE_BOUND('',#3618,.T.);
#3854=FACE_BOUND('',#3619,.T.);
#3855=FACE_BOUND('',#3620,.T.);
#3856=FACE_BOUND('',#3621,.T.);
#3857=FACE_BOUND('',#3622,.T.);
#3858=FACE_BOUND('',#3623,.T.);
#3859=FACE_BOUND('',#3624,.T.);
#3860=FACE_BOUND('',#3625,.T.);
#3861=FACE_BOUND('',#3626,.T.);
#3862=FACE_BOUND('',#3627,.T.);
#3863=FACE_BOUND('',#3628,.T.);
#3864=FACE_BOUND('',#3629,.T.);
#3865=FACE_BOUND('',#3630,.T.);
#3866=FACE_BOUND('',#3631,.T.);
#3867=FACE_BOUND('',#3632,.T.);
#3868=FACE_BOUND('',#3633,.T.);
#3869=FACE_BOUND('',#3634,.T.);
#3870=FACE_BOUND('',#3635,.T.);
#3871=FACE_BOUND('',#3636,.T.);
#3872=FACE_BOUND('',#3637,.T.);
#3873=FACE_BOUND('',#3638,.T.);
#3874=FACE_BOUND('',#3639,.T.);
#3875=FACE_BOUND('',#3640,.T.);
#3876=FACE_BOUND('',#3641,.T.);
#3877=FACE_BOUND('',#3642,.T.);
#3878=FACE_BOUND('',#3643,.T.);
#3879=FACE_BOUND('',#3644,.T.);
#3880=FACE_BOUND('',#3645,.T.);
#3881=FACE_BOUND('',#3646,.T.);
#3882=FACE_BOUND('',#3647,.T.);
#3883=FACE_BOUND('',#3648,.T.);
#3884=FACE_BOUND('',#3649,.T.);
#3885=FACE_BOUND('',#3650,.T.);
#3886=FACE_BOUND('',#3651,.T.);
#3887=FACE_BOUND('',#3652,.T.);
#3888=FACE_BOUND('',#3653,.T.);
#3889=FACE_BOUND('',#3654,.T.);
#3890=FACE_BOUND('',#3655,.T.);
#3891=FACE_BOUND('',#3656,.T.);
#3892=FACE_BOUND('',#3657,.T.);
#3893=FACE_BOUND('',#3658,.T.);
#3894=FACE_BOUND('',#3659,.T.);
#3895=FACE_BOUND('',#3660,.T.);
#3896=FACE_BOUND('',#3661,.T.);
#3897=FACE_BOUND('',#3662,.T.);
#3898=FACE_BOUND('',#3663,.T.);
#3899=FACE_BOUND('',#3664,.T.);
#3900=FACE_BOUND('',#3665,.T.);
#3901=FACE_BOUND('',#3666,.T.);
#3902=FACE_BOUND('',#3667,.T.);
#3903=FACE_BOUND('',#3668,.T.);
#3904=FACE_BOUND('',#3669,.T.);
#3905=FACE_BOUND('',#3670,.T.);
#3906=FACE_BOUND('',#3671,.T.);
#3907=FACE_BOUND('',#3672,.T.);
#3908=FACE_BOUND('',#3673,.T.);
#3909=FACE_BOUND('',#3674,.T.);
#3910=FACE_BOUND('',#3675,.T.);
#3911=FACE_BOUND('',#3676,.T.);
#3912=FACE_BOUND('',#3677,.T.);
#3913=FACE_BOUND('',#3678,.T.);
#3914=FACE_BOUND('',#3679,.T.);
#3915=FACE_BOUND('',#3680,.T.);
#3916=FACE_BOUND('',#3681,.T.);
#3917=FACE_BOUND('',#3682,.T.);
#3918=FACE_BOUND('',#3683,.T.);
#3919=FACE_BOUND('',#3684,.T.);
#3920=FACE_BOUND('',#3685,.T.);
#3921=FACE_BOUND('',#3686,.T.);
#3922=FACE_BOUND('',#3687,.T.);
#3923=FACE_BOUND('',#3688,.T.);
#3924=FACE_BOUND('',#3689,.T.);
#3925=FACE_BOUND('',#3690,.T.);
#3926=FACE_BOUND('',#3691,.T.);
#3927=FACE_BOUND('',#3692,.T.);
#3928=FACE_BOUND('',#3693,.T.);
#3929=FACE_BOUND('',#3694,.T.);
#3930=FACE_BOUND('',#3695,.T.);
#3931=FACE_BOUND('',#3696,.T.);
#3932=FACE_BOUND('',#3697,.T.);
#3933=FACE_BOUND('',#3698,.T.);
#3934=FACE_BOUND('',#3699,.T.);
#3935=FACE_BOUND('',#3700,.T.);
#3936=FACE_BOUND('',#3701,.T.);
#3937=FACE_BOUND('',#3702,.T.);
#3938=FACE_BOUND('',#3703,.T.);
#3939=FACE_BOUND('',#3704,.T.);
#3940=FACE_BOUND('',#3705,.T.);
#3941=FACE_BOUND('',#3706,.T.);
#3942=FACE_BOUND('',#3707,.T.);
#3943=FACE_BOUND('',#3708,.T.);
#3944=FACE_BOUND('',#3709,.T.);
#3945=FACE_BOUND('',#3710,.T.);
#3946=FACE_BOUND('',#3711,.T.);
#3947=FACE_BOUND('',#3712,.T.);
#3948=FACE_BOUND('',#3713,.T.);
#3949=FACE_BOUND('',#3714,.T.);
#3950=FACE_BOUND('',#3715,.T.);
#3951=FACE_BOUND('',#3716,.T.);
#3952=FACE_BOUND('',#3717,.T.);
#3953=FACE_BOUND('',#3718,.T.);
#3954=FACE_BOUND('',#3719,.T.);
#3955=FACE_BOUND('',#3720,.T.);
#3956=FACE_BOUND('',#3721,.T.);
#3957=FACE_BOUND('',#3722,.T.);
#3958=FACE_BOUND('',#3723,.T.);
#3959=FACE_BOUND('',#3724,.T.);
#3960=FACE_BOUND('',#3725,.T.);
#3961=FACE_BOUND('',#3726,.T.);
#3962=FACE_BOUND('',#3727,.T.);
#3963=FACE_BOUND('',#3728,.T.);
#3964=FACE_BOUND('',#3729,.T.);
#3965=FACE_BOUND('',#3730,.T.);
#3966=FACE_BOUND('',#3731,.T.);
#3967=FACE_BOUND('',#3732,.T.);
#3968=FACE_BOUND('',#3733,.T.);
#3969=FACE_BOUND('',#3734,.T.);
#3970=FACE_BOUND('',#3735,.T.);
#3971=FACE_BOUND('',#3736,.T.);
#3972=FACE_BOUND('',#3737,.T.);
#3973=FACE_BOUND('',#3738,.T.);
#3974=FACE_BOUND('',#3739,.T.);
#3975=FACE_BOUND('',#3740,.T.);
#3976=FACE_BOUND('',#3741,.T.);
#3977=FACE_BOUND('',#3742,.T.);
#3978=FACE_BOUND('',#3743,.T.);
#3979=FACE_BOUND('',#3744,.T.);
#3980=FACE_BOUND('',#3745,.T.);
#3981=FACE_BOUND('',#3746,.T.);
#3982=FACE_BOUND('',#3747,.T.);
#3983=FACE_BOUND('',#3748,.T.);
#3984=FACE_BOUND('',#3749,.T.);
#3985=FACE_BOUND('',#3750,.T.);
#3986=FACE_BOUND('',#3751,.T.);
#3987=FACE_BOUND('',#3752,.T.);
#3988=FACE_BOUND('',#3753,.T.);
#3989=FACE_BOUND('',#3754,.T.);
#3990=FACE_BOUND('',#3755,.T.);
#3991=FACE_BOUND('',#3756,.T.);
#3992=FACE_BOUND('',#3757,.T.);
#3993=FACE_BOUND('',#3758,.T.);
#3994=FACE_BOUND('',#3759,.T.);
#3995=FACE_BOUND('',#3760,.T.);
#3996=FACE_BOUND('',#3761,.T.);
#3997=FACE_BOUND('',#3762,.T.);
#3998=FACE_BOUND('',#3763,.T.);
#3999=FACE_BOUND('',#3764,.T.);
#4000=FACE_BOUND('',#3765,.T.);
#4001=FACE_BOUND('',#3766,.T.);
#4002=FACE_BOUND('',#3767,.T.);
#4003=FACE_BOUND('',#3768,.T.);
#4004=FACE_BOUND('',#3769,.T.);
#4005=FACE_BOUND('',#3770,.T.);
#4006=FACE_BOUND('',#3771,.T.);
#4007=FACE_BOUND('',#3772,.T.);
#4008=FACE_BOUND('',#3773,.T.);
#4009=FACE_BOUND('',#3774,.T.);
#4010=FACE_BOUND('',#3775,.T.);
#4011=FACE_BOUND('',#3776,.T.);
#4012=FACE_BOUND('',#3777,.T.);
#4013=FACE_BOUND('',#3778,.T.);
#4014=FACE_BOUND('',#3779,.T.);
#4015=FACE_BOUND('',#3780,.T.);
#4016=FACE_BOUND('',#3781,.T.);
#4017=FACE_BOUND('',#3782,.T.);
#4018=FACE_BOUND('',#3783,.T.);
#4019=FACE_BOUND('',#3784,.T.);
#4020=FACE_BOUND('',#3785,.T.);
#4021=FACE_BOUND('',#3786,.T.);
#4022=FACE_BOUND('',#3787,.T.);
#4023=FACE_BOUND('',#3788,.T.);
#4024=FACE_BOUND('',#3789,.T.);
#4025=FACE_BOUND('',#3790,.T.);
#4026=FACE_BOUND('',#3791,.T.);
#4027=ADVANCED_FACE('',(#3792),#10257,.T.);
#4028=ADVANCED_FACE('',(#3793),#10258,.T.);
#4029=ADVANCED_FACE('',(#3794,#3795),#10259,.T.);
#4030=ADVANCED_FACE('',(#3796),#10260,.T.);
#4031=ADVANCED_FACE('',(#3797),#10261,.T.);
#4032=ADVANCED_FACE('',(#3798),#10262,.T.);
#4033=ADVANCED_FACE('',(#3799),#10263,.T.);
#4034=ADVANCED_FACE('',(#3800),#10264,.T.);
#4035=ADVANCED_FACE('',(#3801),#10265,.T.);
#4036=ADVANCED_FACE('',(#3802),#10266,.T.);
#4037=ADVANCED_FACE('',(#3803),#10267,.T.);
#4038=ADVANCED_FACE('',(#3804),#10268,.T.);
#4039=ADVANCED_FACE('',(#3805),#10269,.T.);
#4040=ADVANCED_FACE('',(#3806),#10270,.T.);
#4041=ADVANCED_FACE('',(#3807),#10271,.T.);
#4042=ADVANCED_FACE('',(#3808),#10272,.T.);
#4043=ADVANCED_FACE('',(#3809),#257,.T.);
#4044=ADVANCED_FACE('',(#3810),#258,.F.);
#4045=ADVANCED_FACE('',(#3811),#259,.T.);
#4046=ADVANCED_FACE('',(#3812),#260,.F.);
#4047=ADVANCED_FACE('',(#3813),#261,.T.);
#4048=ADVANCED_FACE('',(#3814),#262,.F.);
#4049=ADVANCED_FACE('',(#3815),#263,.T.);
#4050=ADVANCED_FACE('',(#3816),#264,.F.);
#4051=ADVANCED_FACE('',(#3817),#10273,.F.);
#4052=ADVANCED_FACE('',(#3818),#253,.F.);
#4053=ADVANCED_FACE('',(#3819),#249,.F.);
#4054=ADVANCED_FACE('',(#3820),#250,.T.);
#4055=ADVANCED_FACE('',(#3821,#3822,#3823),#10274,.T.);
#4056=ADVANCED_FACE('',(#3824,#3825),#10275,.T.);
#4057=ADVANCED_FACE('',(#3826),#10276,.T.);
#4058=ADVANCED_FACE('',(#3827),#10277,.T.);
#4059=ADVANCED_FACE('',(#3828),#10278,.T.);
#4060=ADVANCED_FACE('',(#3829),#254,.T.);
#4061=ADVANCED_FACE('',(#3830),#10279,.T.);
#4062=ADVANCED_FACE('',(#3831,#3832),#10280,.F.);
#4063=ADVANCED_FACE('',(#3833),#10281,.T.);
#4064=ADVANCED_FACE('',(#3834),#10282,.F.);
#4065=ADVANCED_FACE('',(#3835),#10283,.F.);
#4066=ADVANCED_FACE('',(#3836),#171,.F.);
#4067=ADVANCED_FACE('',(#3837),#10284,.F.);
#4068=ADVANCED_FACE('',(#3838),#10285,.T.);
#4069=ADVANCED_FACE('',(#3839),#10286,.T.);
#4070=ADVANCED_FACE('',(#3840,#3841),#172,.F.);
#4071=ADVANCED_FACE('',(#3842,#3843),#10287,.F.);
#4072=ADVANCED_FACE('',(#3844,#3845),#173,.F.);
#4073=ADVANCED_FACE('',(#3846),#10288,.T.);
#4074=ADVANCED_FACE('',(#3847),#255,.T.);
#4075=ADVANCED_FACE('',(#3848),#10289,.T.);
#4076=ADVANCED_FACE('',(#3849),#251,.T.);
#4077=ADVANCED_FACE('',(#3850),#174,.F.);
#4078=ADVANCED_FACE('',(#3851),#252,.F.);
#4079=ADVANCED_FACE('',(#3852),#256,.F.);
#4080=ADVANCED_FACE('',(#3853),#10290,.F.);
#4081=ADVANCED_FACE('',(#3854),#265,.F.);
#4082=ADVANCED_FACE('',(#3855),#266,.T.);
#4083=ADVANCED_FACE('',(#3856),#267,.F.);
#4084=ADVANCED_FACE('',(#3857),#268,.T.);
#4085=ADVANCED_FACE('',(#3858),#269,.F.);
#4086=ADVANCED_FACE('',(#3859),#270,.T.);
#4087=ADVANCED_FACE('',(#3860),#271,.F.);
#4088=ADVANCED_FACE('',(#3861),#272,.T.);
#4089=ADVANCED_FACE('',(#3862),#10291,.F.);
#4090=ADVANCED_FACE('',(#3863),#175,.T.);
#4091=ADVANCED_FACE('',(#3864),#176,.F.);
#4092=ADVANCED_FACE('',(#3865),#177,.F.);
#4093=ADVANCED_FACE('',(#3866),#169,.F.);
#4094=ADVANCED_FACE('',(#3867),#10292,.F.);
#4095=ADVANCED_FACE('',(#3868),#10293,.F.);
#4096=ADVANCED_FACE('',(#3869),#170,.F.);
#4097=ADVANCED_FACE('',(#3870),#10294,.T.);
#4098=ADVANCED_FACE('',(#3871),#166,.T.);
#4099=ADVANCED_FACE('',(#3872),#167,.T.);
#4100=ADVANCED_FACE('',(#3873),#10295,.T.);
#4101=ADVANCED_FACE('',(#3874),#168,.T.);
#4102=ADVANCED_FACE('',(#3875),#10296,.F.);
#4103=ADVANCED_FACE('',(#3876),#10297,.F.);
#4104=ADVANCED_FACE('',(#3877),#178,.F.);
#4105=ADVANCED_FACE('',(#3878),#179,.T.);
#4106=ADVANCED_FACE('',(#3879),#10298,.T.);
#4107=ADVANCED_FACE('',(#3880),#180,.F.);
#4108=ADVANCED_FACE('',(#3881),#181,.F.);
#4109=ADVANCED_FACE('',(#3882),#182,.F.);
#4110=ADVANCED_FACE('',(#3883),#183,.F.);
#4111=ADVANCED_FACE('',(#3884),#184,.F.);
#4112=ADVANCED_FACE('',(#3885),#185,.F.);
#4113=ADVANCED_FACE('',(#3886),#10299,.T.);
#4114=ADVANCED_FACE('',(#3887),#10300,.T.);
#4115=ADVANCED_FACE('',(#3888),#186,.T.);
#4116=ADVANCED_FACE('',(#3889),#187,.F.);
#4117=ADVANCED_FACE('',(#3890),#188,.T.);
#4118=ADVANCED_FACE('',(#3891),#189,.F.);
#4119=ADVANCED_FACE('',(#3892),#190,.T.);
#4120=ADVANCED_FACE('',(#3893),#191,.F.);
#4121=ADVANCED_FACE('',(#3894),#192,.T.);
#4122=ADVANCED_FACE('',(#3895),#193,.F.);
#4123=ADVANCED_FACE('',(#3896),#194,.T.);
#4124=ADVANCED_FACE('',(#3897),#195,.F.);
#4125=ADVANCED_FACE('',(#3898),#196,.T.);
#4126=ADVANCED_FACE('',(#3899),#10301,.T.);
#4127=ADVANCED_FACE('',(#3900),#197,.T.);
#4128=ADVANCED_FACE('',(#3901),#104,.T.);
#4129=ADVANCED_FACE('',(#3902),#105,.T.);
#4130=ADVANCED_FACE('',(#3903),#106,.T.);
#4131=ADVANCED_FACE('',(#3904),#107,.T.);
#4132=ADVANCED_FACE('',(#3905),#108,.T.);
#4133=ADVANCED_FACE('',(#3906),#198,.T.);
#4134=ADVANCED_FACE('',(#3907),#109,.T.);
#4135=ADVANCED_FACE('',(#3908),#110,.T.);
#4136=ADVANCED_FACE('',(#3909),#10302,.T.);
#4137=ADVANCED_FACE('',(#3910),#111,.T.);
#4138=ADVANCED_FACE('',(#3911),#112,.T.);
#4139=ADVANCED_FACE('',(#3912),#113,.T.);
#4140=ADVANCED_FACE('',(#3913),#114,.T.);
#4141=ADVANCED_FACE('',(#3914),#199,.T.);
#4142=ADVANCED_FACE('',(#3915),#10303,.T.);
#4143=ADVANCED_FACE('',(#3916),#200,.T.);
#4144=ADVANCED_FACE('',(#3917),#201,.F.);
#4145=ADVANCED_FACE('',(#3918),#202,.T.);
#4146=ADVANCED_FACE('',(#3919),#10304,.T.);
#4147=ADVANCED_FACE('',(#3920),#203,.T.);
#4148=ADVANCED_FACE('',(#3921),#204,.T.);
#4149=ADVANCED_FACE('',(#3922),#205,.F.);
#4150=ADVANCED_FACE('',(#3923),#206,.T.);
#4151=ADVANCED_FACE('',(#3924),#10305,.T.);
#4152=ADVANCED_FACE('',(#3925),#207,.T.);
#4153=ADVANCED_FACE('',(#3926),#208,.T.);
#4154=ADVANCED_FACE('',(#3927),#209,.F.);
#4155=ADVANCED_FACE('',(#3928),#115,.T.);
#4156=ADVANCED_FACE('',(#3929),#116,.T.);
#4157=ADVANCED_FACE('',(#3930),#117,.T.);
#4158=ADVANCED_FACE('',(#3931),#210,.F.);
#4159=ADVANCED_FACE('',(#3932),#211,.T.);
#4160=ADVANCED_FACE('',(#3933),#212,.T.);
#4161=ADVANCED_FACE('',(#3934),#118,.T.);
#4162=ADVANCED_FACE('',(#3935),#119,.T.);
#4163=ADVANCED_FACE('',(#3936),#213,.F.);
#4164=ADVANCED_FACE('',(#3937),#214,.T.);
#4165=ADVANCED_FACE('',(#3938),#10306,.T.);
#4166=ADVANCED_FACE('',(#3939),#215,.T.);
#4167=ADVANCED_FACE('',(#3940),#216,.T.);
#4168=ADVANCED_FACE('',(#3941),#217,.F.);
#4169=ADVANCED_FACE('',(#3942),#120,.T.);
#4170=ADVANCED_FACE('',(#3943),#121,.T.);
#4171=ADVANCED_FACE('',(#3944),#122,.T.);
#4172=ADVANCED_FACE('',(#3945),#123,.T.);
#4173=ADVANCED_FACE('',(#3946),#218,.F.);
#4174=ADVANCED_FACE('',(#3947),#219,.T.);
#4175=ADVANCED_FACE('',(#3948),#220,.T.);
#4176=ADVANCED_FACE('',(#3949),#124,.T.);
#4177=ADVANCED_FACE('',(#3950),#125,.T.);
#4178=ADVANCED_FACE('',(#3951),#221,.F.);
#4179=ADVANCED_FACE('',(#3952),#222,.T.);
#4180=ADVANCED_FACE('',(#3953),#223,.T.);
#4181=ADVANCED_FACE('',(#3954),#126,.T.);
#4182=ADVANCED_FACE('',(#3955),#127,.T.);
#4183=ADVANCED_FACE('',(#3956),#224,.F.);
#4184=ADVANCED_FACE('',(#3957),#225,.T.);
#4185=ADVANCED_FACE('',(#3958),#10307,.T.);
#4186=ADVANCED_FACE('',(#3959),#226,.T.);
#4187=ADVANCED_FACE('',(#3960),#128,.T.);
#4188=ADVANCED_FACE('',(#3961),#129,.T.);
#4189=ADVANCED_FACE('',(#3962),#130,.T.);
#4190=ADVANCED_FACE('',(#3963),#131,.T.);
#4191=ADVANCED_FACE('',(#3964),#132,.T.);
#4192=ADVANCED_FACE('',(#3965),#227,.T.);
#4193=ADVANCED_FACE('',(#3966),#133,.T.);
#4194=ADVANCED_FACE('',(#3967),#134,.T.);
#4195=ADVANCED_FACE('',(#3968),#10308,.T.);
#4196=ADVANCED_FACE('',(#3969),#135,.T.);
#4197=ADVANCED_FACE('',(#3970),#136,.T.);
#4198=ADVANCED_FACE('',(#3971),#137,.T.);
#4199=ADVANCED_FACE('',(#3972),#138,.T.);
#4200=ADVANCED_FACE('',(#3973),#228,.T.);
#4201=ADVANCED_FACE('',(#3974),#10309,.T.);
#4202=ADVANCED_FACE('',(#3975),#139,.T.);
#4203=ADVANCED_FACE('',(#3976),#140,.T.);
#4204=ADVANCED_FACE('',(#3977),#229,.T.);
#4205=ADVANCED_FACE('',(#3978),#230,.T.);
#4206=ADVANCED_FACE('',(#3979),#231,.T.);
#4207=ADVANCED_FACE('',(#3980),#232,.T.);
#4208=ADVANCED_FACE('',(#3981),#233,.T.);
#4209=ADVANCED_FACE('',(#3982),#141,.T.);
#4210=ADVANCED_FACE('',(#3983),#234,.F.);
#4211=ADVANCED_FACE('',(#3984),#235,.T.);
#4212=ADVANCED_FACE('',(#3985),#236,.F.);
#4213=ADVANCED_FACE('',(#3986),#237,.T.);
#4214=ADVANCED_FACE('',(#3987),#238,.F.);
#4215=ADVANCED_FACE('',(#3988),#142,.T.);
#4216=ADVANCED_FACE('',(#3989),#143,.T.);
#4217=ADVANCED_FACE('',(#3990),#10310,.T.);
#4218=ADVANCED_FACE('',(#3991),#144,.T.);
#4219=ADVANCED_FACE('',(#3992),#145,.T.);
#4220=ADVANCED_FACE('',(#3993),#146,.T.);
#4221=ADVANCED_FACE('',(#3994),#147,.T.);
#4222=ADVANCED_FACE('',(#3995),#148,.T.);
#4223=ADVANCED_FACE('',(#3996),#149,.T.);
#4224=ADVANCED_FACE('',(#3997),#150,.T.);
#4225=ADVANCED_FACE('',(#3998),#151,.T.);
#4226=ADVANCED_FACE('',(#3999),#152,.T.);
#4227=ADVANCED_FACE('',(#4000),#153,.T.);
#4228=ADVANCED_FACE('',(#4001),#154,.T.);
#4229=ADVANCED_FACE('',(#4002),#155,.T.);
#4230=ADVANCED_FACE('',(#4003),#156,.T.);
#4231=ADVANCED_FACE('',(#4004),#239,.F.);
#4232=ADVANCED_FACE('',(#4005),#157,.T.);
#4233=ADVANCED_FACE('',(#4006),#240,.T.);
#4234=ADVANCED_FACE('',(#4007),#158,.T.);
#4235=ADVANCED_FACE('',(#4008),#10311,.T.);
#4236=ADVANCED_FACE('',(#4009),#159,.T.);
#4237=ADVANCED_FACE('',(#4010),#160,.T.);
#4238=ADVANCED_FACE('',(#4011),#161,.T.);
#4239=ADVANCED_FACE('',(#4012),#162,.T.);
#4240=ADVANCED_FACE('',(#4013),#163,.T.);
#4241=ADVANCED_FACE('',(#4014),#164,.T.);
#4242=ADVANCED_FACE('',(#4015),#165,.T.);
#4243=ADVANCED_FACE('',(#4016),#10312,.T.);
#4244=ADVANCED_FACE('',(#4017),#241,.T.);
#4245=ADVANCED_FACE('',(#4018),#242,.F.);
#4246=ADVANCED_FACE('',(#4019),#243,.T.);
#4247=ADVANCED_FACE('',(#4020),#10313,.T.);
#4248=ADVANCED_FACE('',(#4021),#244,.T.);
#4249=ADVANCED_FACE('',(#4022),#245,.T.);
#4250=ADVANCED_FACE('',(#4023),#246,.F.);
#4251=ADVANCED_FACE('',(#4024),#247,.T.);
#4252=ADVANCED_FACE('',(#4025),#10314,.T.);
#4253=ADVANCED_FACE('',(#4026),#248,.T.);
#4254=AXIS2_PLACEMENT_3D('',#5368,#4585,#4586);
#4255=AXIS2_PLACEMENT_3D('',#5369,#4587,#4588);
#4256=AXIS2_PLACEMENT_3D('',#5374,#4590,#4591);
#4257=AXIS2_PLACEMENT_3D('',#5377,#4593,#4594);
#4258=AXIS2_PLACEMENT_3D('',#5378,#4595,#4596);
#4259=AXIS2_PLACEMENT_3D('',#5383,#4598,#4599);
#4260=AXIS2_PLACEMENT_3D('',#5386,#4601,#4602);
#4261=AXIS2_PLACEMENT_3D('',#5387,#4603,#4604);
#4262=AXIS2_PLACEMENT_3D('',#5564,#4607,#4608);
#4263=AXIS2_PLACEMENT_3D('',#5587,#4610,#4611);
#4264=AXIS2_PLACEMENT_3D('',#5588,#4612,#4613);
#4265=AXIS2_PLACEMENT_3D('',#5593,#4615,#4616);
#4266=AXIS2_PLACEMENT_3D('',#5655,#4617,#4618);
#4267=AXIS2_PLACEMENT_3D('',#5675,#4621,#4622);
#4268=AXIS2_PLACEMENT_3D('',#5814,#4627,#4628);
#4269=AXIS2_PLACEMENT_3D('',#5815,#4629,#4630);
#4270=AXIS2_PLACEMENT_3D('',#5837,#4632,#4633);
#4271=AXIS2_PLACEMENT_3D('',#5840,#4635,#4636);
#4272=AXIS2_PLACEMENT_3D('',#5841,#4637,#4638);
#4273=AXIS2_PLACEMENT_3D('',#5869,#4640,#4641);
#4274=AXIS2_PLACEMENT_3D('',#5872,#4643,#4644);
#4275=AXIS2_PLACEMENT_3D('',#5883,#4646,#4647);
#4276=AXIS2_PLACEMENT_3D('',#5887,#4649,#4650);
#4277=AXIS2_PLACEMENT_3D('',#5888,#4651,#4652);
#4278=AXIS2_PLACEMENT_3D('',#5911,#4654,#4655);
#4279=AXIS2_PLACEMENT_3D('',#5915,#4657,#4658);
#4280=AXIS2_PLACEMENT_3D('',#5916,#4659,#4660);
#4281=AXIS2_PLACEMENT_3D('',#5931,#4662,#4663);
#4282=AXIS2_PLACEMENT_3D('',#5935,#4665,#4666);
#4283=AXIS2_PLACEMENT_3D('',#5936,#4667,#4668);
#4284=AXIS2_PLACEMENT_3D('',#5937,#4669,#4670);
#4285=AXIS2_PLACEMENT_3D('',#5942,#4672,#4673);
#4286=AXIS2_PLACEMENT_3D('',#5945,#4675,#4676);
#4287=AXIS2_PLACEMENT_3D('',#5965,#4679,#4680);
#4288=AXIS2_PLACEMENT_3D('',#6104,#4685,#4686);
#4289=AXIS2_PLACEMENT_3D('',#6105,#4687,#4688);
#4290=AXIS2_PLACEMENT_3D('',#6110,#4690,#4691);
#4291=AXIS2_PLACEMENT_3D('',#6114,#4693,#4694);
#4292=AXIS2_PLACEMENT_3D('',#6117,#4696,#4697);
#4293=AXIS2_PLACEMENT_3D('',#6118,#4698,#4699);
#4294=AXIS2_PLACEMENT_3D('',#6121,#4700,#4701);
#4295=AXIS2_PLACEMENT_3D('',#6137,#4702,#4703);
#4296=AXIS2_PLACEMENT_3D('',#6154,#4704,#4705);
#4297=AXIS2_PLACEMENT_3D('',#6156,#4706,#4707);
#4298=AXIS2_PLACEMENT_3D('',#6157,#4708,#4709);
#4299=AXIS2_PLACEMENT_3D('',#6158,#4710,#4711);
#4300=AXIS2_PLACEMENT_3D('',#6161,#4712,#4713);
#4301=AXIS2_PLACEMENT_3D('',#6177,#4714,#4715);
#4302=AXIS2_PLACEMENT_3D('',#6194,#4716,#4717);
#4303=AXIS2_PLACEMENT_3D('',#6196,#4718,#4719);
#4304=AXIS2_PLACEMENT_3D('',#6197,#4720,#4721);
#4305=AXIS2_PLACEMENT_3D('',#6214,#4722,#4723);
#4306=AXIS2_PLACEMENT_3D('',#6216,#4724,#4725);
#4307=AXIS2_PLACEMENT_3D('',#6217,#4726,#4727);
#4308=AXIS2_PLACEMENT_3D('',#6234,#4728,#4729);
#4309=AXIS2_PLACEMENT_3D('',#6236,#4730,#4731);
#4310=AXIS2_PLACEMENT_3D('',#6237,#4732,#4733);
#4311=AXIS2_PLACEMENT_3D('',#6254,#4734,#4735);
#4312=AXIS2_PLACEMENT_3D('',#6256,#4736,#4737);
#4313=AXIS2_PLACEMENT_3D('',#6257,#4738,#4739);
#4314=AXIS2_PLACEMENT_3D('',#6274,#4740,#4741);
#4315=AXIS2_PLACEMENT_3D('',#6276,#4742,#4743);
#4316=AXIS2_PLACEMENT_3D('',#6277,#4744,#4745);
#4317=AXIS2_PLACEMENT_3D('',#6278,#4746,#4747);
#4318=AXIS2_PLACEMENT_3D('',#6283,#4749,#4750);
#4319=AXIS2_PLACEMENT_3D('',#6286,#4752,$);
#4320=AXIS2_PLACEMENT_3D('',#6287,#4753,#4754);
#4321=AXIS2_PLACEMENT_3D('',#6290,#4755,#4756);
#4322=AXIS2_PLACEMENT_3D('',#6291,#4757,#4758);
#4323=AXIS2_PLACEMENT_3D('',#6292,#4759,#4760);
#4324=AXIS2_PLACEMENT_3D('',#6293,#4761,#4762);
#4325=AXIS2_PLACEMENT_3D('',#6298,#4764,#4765);
#4326=AXIS2_PLACEMENT_3D('',#6302,#4767,#4768);
#4327=AXIS2_PLACEMENT_3D('',#6304,#4769,#4770);
#4328=AXIS2_PLACEMENT_3D('',#6306,#4771,#4772);
#4329=AXIS2_PLACEMENT_3D('',#6307,#4773,#4774);
#4330=AXIS2_PLACEMENT_3D('',#6308,#4775,#4776);
#4331=AXIS2_PLACEMENT_3D('',#6313,#4778,#4779);
#4332=AXIS2_PLACEMENT_3D('',#6317,#4781,#4782);
#4333=AXIS2_PLACEMENT_3D('',#6329,#4783,#4784);
#4334=AXIS2_PLACEMENT_3D('',#6340,#4785,#4786);
#4335=AXIS2_PLACEMENT_3D('',#6355,#4787,#4788);
#4336=AXIS2_PLACEMENT_3D('',#6360,#4790,#4791);
#4337=AXIS2_PLACEMENT_3D('',#6366,#4795,#4796);
#4338=AXIS2_PLACEMENT_3D('',#6370,#4798,#4799);
#4339=AXIS2_PLACEMENT_3D('',#6374,#4801,#4802);
#4340=AXIS2_PLACEMENT_3D('',#6378,#4804,#4805);
#4341=AXIS2_PLACEMENT_3D('',#6382,#4807,#4808);
#4342=AXIS2_PLACEMENT_3D('',#6406,#4811,#4812);
#4343=AXIS2_PLACEMENT_3D('',#6410,#4814,#4815);
#4344=AXIS2_PLACEMENT_3D('',#6414,#4817,#4818);
#4345=AXIS2_PLACEMENT_3D('',#6418,#4820,#4821);
#4346=AXIS2_PLACEMENT_3D('',#6458,#4823,#4824);
#4347=AXIS2_PLACEMENT_3D('',#6462,#4826,#4827);
#4348=AXIS2_PLACEMENT_3D('',#6538,#4830,#4831);
#4349=AXIS2_PLACEMENT_3D('',#6542,#4833,#4834);
#4350=AXIS2_PLACEMENT_3D('',#6546,#4836,#4837);
#4351=AXIS2_PLACEMENT_3D('',#6553,#4838,#4839);
#4352=AXIS2_PLACEMENT_3D('',#6557,#4841,#4842);
#4353=AXIS2_PLACEMENT_3D('',#6561,#4844,#4845);
#4354=AXIS2_PLACEMENT_3D('',#6607,#4848,#4849);
#4355=AXIS2_PLACEMENT_3D('',#6611,#4851,#4852);
#4356=AXIS2_PLACEMENT_3D('',#6615,#4854,#4855);
#4357=AXIS2_PLACEMENT_3D('',#6619,#4857,#4858);
#4358=AXIS2_PLACEMENT_3D('',#6637,#4861,#4862);
#4359=AXIS2_PLACEMENT_3D('',#6652,#4863,#4864);
#4360=AXIS2_PLACEMENT_3D('',#6653,#4865,#4866);
#4361=AXIS2_PLACEMENT_3D('',#6657,#4868,#4869);
#4362=AXIS2_PLACEMENT_3D('',#6658,#4870,#4871);
#4363=AXIS2_PLACEMENT_3D('',#6662,#4873,#4874);
#4364=AXIS2_PLACEMENT_3D('',#6672,#4875,#4876);
#4365=AXIS2_PLACEMENT_3D('',#6783,#4879,#4880);
#4366=AXIS2_PLACEMENT_3D('',#6836,#4881,#4882);
#4367=AXIS2_PLACEMENT_3D('',#6927,#4884,#4885);
#4368=AXIS2_PLACEMENT_3D('',#6931,#4887,#4888);
#4369=AXIS2_PLACEMENT_3D('',#6950,#4890,#4891);
#4370=AXIS2_PLACEMENT_3D('',#6954,#4893,#4894);
#4371=AXIS2_PLACEMENT_3D('',#6973,#4896,#4897);
#4372=AXIS2_PLACEMENT_3D('',#6977,#4899,#4900);
#4373=AXIS2_PLACEMENT_3D('',#6983,#4901,#4902);
#4374=AXIS2_PLACEMENT_3D('',#6987,#4904,#4905);
#4375=AXIS2_PLACEMENT_3D('',#7002,#4907,#4908);
#4376=AXIS2_PLACEMENT_3D('',#7006,#4910,#4911);
#4377=AXIS2_PLACEMENT_3D('',#7007,#4912,#4913);
#4378=AXIS2_PLACEMENT_3D('',#7011,#4915,#4916);
#4379=AXIS2_PLACEMENT_3D('',#7094,#4918,#4919);
#4380=AXIS2_PLACEMENT_3D('',#7098,#4921,#4922);
#4381=AXIS2_PLACEMENT_3D('',#7102,#4924,#4925);
#4382=AXIS2_PLACEMENT_3D('',#7103,#4926,#4927);
#4383=AXIS2_PLACEMENT_3D('',#7118,#4928,#4929);
#4384=AXIS2_PLACEMENT_3D('',#7144,#4930,#4931);
#4385=AXIS2_PLACEMENT_3D('',#7165,#4932,#4933);
#4386=AXIS2_PLACEMENT_3D('',#7183,#4934,$);
#4387=AXIS2_PLACEMENT_3D('',#7184,#4935,#4936);
#4388=AXIS2_PLACEMENT_3D('',#7186,#4937,#4938);
#4389=AXIS2_PLACEMENT_3D('',#7188,#4939,#4940);
#4390=AXIS2_PLACEMENT_3D('',#7189,#4941,#4942);
#4391=AXIS2_PLACEMENT_3D('',#7192,#4944,#4945);
#4392=AXIS2_PLACEMENT_3D('',#7195,#4947,#4948);
#4393=AXIS2_PLACEMENT_3D('',#7228,#4953,#4954);
#4394=AXIS2_PLACEMENT_3D('',#7229,#4955,#4956);
#4395=AXIS2_PLACEMENT_3D('',#7251,#4963,#4964);
#4396=AXIS2_PLACEMENT_3D('',#7289,#4967,#4968);
#4397=AXIS2_PLACEMENT_3D('',#7315,#4975,#4976);
#4398=AXIS2_PLACEMENT_3D('',#7316,#4977,#4978);
#4399=AXIS2_PLACEMENT_3D('',#7317,#4979,#4980);
#4400=AXIS2_PLACEMENT_3D('',#7319,#4981,#4982);
#4401=AXIS2_PLACEMENT_3D('',#7322,#4984,$);
#4402=AXIS2_PLACEMENT_3D('',#7326,#4986,#4987);
#4403=AXIS2_PLACEMENT_3D('',#7327,#4988,#4989);
#4404=AXIS2_PLACEMENT_3D('',#7329,#4990,#4991);
#4405=AXIS2_PLACEMENT_3D('',#7330,#4992,#4993);
#4406=AXIS2_PLACEMENT_3D('',#7333,#4995,#4996);
#4407=AXIS2_PLACEMENT_3D('',#7334,#4997,#4998);
#4408=AXIS2_PLACEMENT_3D('',#7339,#5001,#5002);
#4409=AXIS2_PLACEMENT_3D('',#7343,#5004,#5005);
#4410=AXIS2_PLACEMENT_3D('',#7365,#5007,#5008);
#4411=AXIS2_PLACEMENT_3D('',#7366,#5009,#5010);
#4412=AXIS2_PLACEMENT_3D('',#7367,#5011,#5012);
#4413=AXIS2_PLACEMENT_3D('',#7378,#5015,#5016);
#4414=AXIS2_PLACEMENT_3D('',#7389,#5019,#5020);
#4415=AXIS2_PLACEMENT_3D('',#7390,#5021,$);
#4416=AXIS2_PLACEMENT_3D('',#7391,#5022,#5023);
#4417=AXIS2_PLACEMENT_3D('',#7392,#5024,#5025);
#4418=AXIS2_PLACEMENT_3D('',#7396,#5027,#5028);
#4419=AXIS2_PLACEMENT_3D('',#7397,#5029,#5030);
#4420=AXIS2_PLACEMENT_3D('',#7401,#5032,#5033);
#4421=AXIS2_PLACEMENT_3D('',#7405,#5035,#5036);
#4422=AXIS2_PLACEMENT_3D('',#7406,#5037,#5038);
#4423=AXIS2_PLACEMENT_3D('',#7407,#5039,#5040);
#4424=AXIS2_PLACEMENT_3D('',#7408,#5041,#5042);
#4425=AXIS2_PLACEMENT_3D('',#7437,#5043,$);
#4426=AXIS2_PLACEMENT_3D('',#7438,#5044,#5045);
#4427=AXIS2_PLACEMENT_3D('',#7439,#5046,#5047);
#4428=AXIS2_PLACEMENT_3D('',#7440,#5048,#5049);
#4429=AXIS2_PLACEMENT_3D('',#7441,#5050,#5051);
#4430=AXIS2_PLACEMENT_3D('',#7442,#5052,$);
#4431=AXIS2_PLACEMENT_3D('',#7443,#5053,#5054);
#4432=AXIS2_PLACEMENT_3D('',#7470,#5055,#5056);
#4433=AXIS2_PLACEMENT_3D('',#7489,#5057,$);
#4434=AXIS2_PLACEMENT_3D('',#7491,#5059,#5060);
#4435=AXIS2_PLACEMENT_3D('',#7492,#5061,#5062);
#4436=AXIS2_PLACEMENT_3D('',#7493,#5063,#5064);
#4437=AXIS2_PLACEMENT_3D('',#7495,#5065,#5066);
#4438=AXIS2_PLACEMENT_3D('',#7496,#5067,$);
#4439=AXIS2_PLACEMENT_3D('',#7497,#5068,#5069);
#4440=AXIS2_PLACEMENT_3D('',#7498,#5070,#5071);
#4441=AXIS2_PLACEMENT_3D('',#7499,#5072,#5073);
#4442=AXIS2_PLACEMENT_3D('',#7500,#5074,#5075);
#4443=AXIS2_PLACEMENT_3D('',#7501,#5076,#5077);
#4444=AXIS2_PLACEMENT_3D('',#7502,#5078,#5079);
#4445=AXIS2_PLACEMENT_3D('',#7503,#5080,#5081);
#4446=AXIS2_PLACEMENT_3D('',#7504,#5082,#5083);
#4447=AXIS2_PLACEMENT_3D('',#7505,#5084,#5085);
#4448=AXIS2_PLACEMENT_3D('',#7506,#5086,#5087);
#4449=AXIS2_PLACEMENT_3D('',#7507,#5088,#5089);
#4450=AXIS2_PLACEMENT_3D('',#7508,#5090,#5091);
#4451=AXIS2_PLACEMENT_3D('',#7516,#5092,#5093);
#4452=AXIS2_PLACEMENT_3D('',#7519,#5095,$);
#4453=AXIS2_PLACEMENT_3D('',#7522,#5097,#5098);
#4454=AXIS2_PLACEMENT_3D('',#7525,#5100,$);
#4455=AXIS2_PLACEMENT_3D('',#7526,#5101,#5102);
#4456=AXIS2_PLACEMENT_3D('',#7531,#5105,$);
#4457=AXIS2_PLACEMENT_3D('',#7534,#5108,$);
#4458=AXIS2_PLACEMENT_3D('',#7547,#5109,#5110);
#4459=AXIS2_PLACEMENT_3D('',#7548,#5111,#5112);
#4460=AXIS2_PLACEMENT_3D('',#7549,#5113,#5114);
#4461=AXIS2_PLACEMENT_3D('',#7550,#5115,#5116);
#4462=AXIS2_PLACEMENT_3D('',#7551,#5117,$);
#4463=AXIS2_PLACEMENT_3D('',#7564,#5118,#5119);
#4464=AXIS2_PLACEMENT_3D('',#7565,#5120,#5121);
#4465=AXIS2_PLACEMENT_3D('',#7614,#5122,#5123);
#4466=AXIS2_PLACEMENT_3D('',#7627,#5124,#5125);
#4467=AXIS2_PLACEMENT_3D('',#7628,#5126,#5127);
#4468=AXIS2_PLACEMENT_3D('',#7629,#5128,#5129);
#4469=AXIS2_PLACEMENT_3D('',#7678,#5130,#5131);
#4470=AXIS2_PLACEMENT_3D('',#7679,#5132,#5133);
#4471=AXIS2_PLACEMENT_3D('',#7680,#5134,$);
#4472=AXIS2_PLACEMENT_3D('',#7681,#5135,#5136);
#4473=AXIS2_PLACEMENT_3D('',#7685,#5139,$);
#4474=AXIS2_PLACEMENT_3D('',#7689,#5142,#5143);
#4475=AXIS2_PLACEMENT_3D('',#7690,#5144,#5145);
#4476=AXIS2_PLACEMENT_3D('',#7692,#5147,$);
#4477=AXIS2_PLACEMENT_3D('',#7694,#5149,$);
#4478=AXIS2_PLACEMENT_3D('',#7696,#5151,$);
#4479=AXIS2_PLACEMENT_3D('',#7697,#5152,$);
#4480=AXIS2_PLACEMENT_3D('',#7706,#5159,$);
#4481=AXIS2_PLACEMENT_3D('',#7708,#5161,$);
#4482=AXIS2_PLACEMENT_3D('',#7710,#5163,#5164);
#4483=AXIS2_PLACEMENT_3D('',#7711,#5165,#5166);
#4484=AXIS2_PLACEMENT_3D('',#7712,#5167,#5168);
#4485=AXIS2_PLACEMENT_3D('',#7713,#5169,#5170);
#4486=AXIS2_PLACEMENT_3D('',#7714,#5171,$);
#4487=AXIS2_PLACEMENT_3D('',#7715,#5172,$);
#4488=AXIS2_PLACEMENT_3D('',#7716,#5173,$);
#4489=AXIS2_PLACEMENT_3D('',#7722,#5177,$);
#4490=AXIS2_PLACEMENT_3D('',#7723,#5178,#5179);
#4491=AXIS2_PLACEMENT_3D('',#7726,#5181,$);
#4492=AXIS2_PLACEMENT_3D('',#7730,#5184,$);
#4493=AXIS2_PLACEMENT_3D('',#7731,#5185,#5186);
#4494=AXIS2_PLACEMENT_3D('',#7734,#5188,$);
#4495=AXIS2_PLACEMENT_3D('',#7738,#5191,$);
#4496=AXIS2_PLACEMENT_3D('',#7739,#5192,#5193);
#4497=AXIS2_PLACEMENT_3D('',#7741,#5195,$);
#4498=AXIS2_PLACEMENT_3D('',#7743,#5197,$);
#4499=AXIS2_PLACEMENT_3D('',#7745,#5199,$);
#4500=AXIS2_PLACEMENT_3D('',#7747,#5201,#5202);
#4501=AXIS2_PLACEMENT_3D('',#7748,#5203,#5204);
#4502=AXIS2_PLACEMENT_3D('',#7749,#5205,$);
#4503=AXIS2_PLACEMENT_3D('',#7965,#5206,$);
#4504=AXIS2_PLACEMENT_3D('',#8056,#5207,#5208);
#4505=AXIS2_PLACEMENT_3D('',#8199,#5209,$);
#4506=AXIS2_PLACEMENT_3D('',#8200,#5210,#5211);
#4507=AXIS2_PLACEMENT_3D('',#8201,#5212,$);
#4508=AXIS2_PLACEMENT_3D('',#8207,#5216,$);
#4509=AXIS2_PLACEMENT_3D('',#8208,#5217,#5218);
#4510=AXIS2_PLACEMENT_3D('',#8211,#5220,$);
#4511=AXIS2_PLACEMENT_3D('',#8215,#5223,#5224);
#4512=AXIS2_PLACEMENT_3D('',#8216,#5225,#5226);
#4513=AXIS2_PLACEMENT_3D('',#8217,#5227,$);
#4514=AXIS2_PLACEMENT_3D('',#8218,#5228,$);
#4515=AXIS2_PLACEMENT_3D('',#8224,#5232,$);
#4516=AXIS2_PLACEMENT_3D('',#8225,#5233,#5234);
#4517=AXIS2_PLACEMENT_3D('',#8227,#5236,$);
#4518=AXIS2_PLACEMENT_3D('',#8229,#5238,#5239);
#4519=AXIS2_PLACEMENT_3D('',#8230,#5240,#5241);
#4520=AXIS2_PLACEMENT_3D('',#8231,#5242,$);
#4521=AXIS2_PLACEMENT_3D('',#8232,#5243,$);
#4522=AXIS2_PLACEMENT_3D('',#8238,#5247,$);
#4523=AXIS2_PLACEMENT_3D('',#8239,#5248,#5249);
#4524=AXIS2_PLACEMENT_3D('',#8371,#5250,$);
#4525=AXIS2_PLACEMENT_3D('',#8373,#5252,$);
#4526=AXIS2_PLACEMENT_3D('',#8375,#5254,$);
#4527=AXIS2_PLACEMENT_3D('',#8499,#5255,$);
#4528=AXIS2_PLACEMENT_3D('',#8501,#5257,$);
#4529=AXIS2_PLACEMENT_3D('',#8503,#5259,#5260);
#4530=AXIS2_PLACEMENT_3D('',#8504,#5261,#5262);
#4531=AXIS2_PLACEMENT_3D('',#8505,#5263,$);
#4532=AXIS2_PLACEMENT_3D('',#8506,#5264,$);
#4533=AXIS2_PLACEMENT_3D('',#8512,#5268,$);
#4534=AXIS2_PLACEMENT_3D('',#8513,#5269,#5270);
#4535=AXIS2_PLACEMENT_3D('',#8762,#5271,$);
#4536=AXIS2_PLACEMENT_3D('',#8764,#5273,$);
#4537=AXIS2_PLACEMENT_3D('',#8766,#5275,$);
#4538=AXIS2_PLACEMENT_3D('',#8858,#5276,$);
#4539=AXIS2_PLACEMENT_3D('',#8860,#5278,$);
#4540=AXIS2_PLACEMENT_3D('',#8862,#5280,$);
#4541=AXIS2_PLACEMENT_3D('',#8946,#5281,$);
#4542=AXIS2_PLACEMENT_3D('',#8948,#5283,$);
#4543=AXIS2_PLACEMENT_3D('',#8950,#5285,#5286);
#4544=AXIS2_PLACEMENT_3D('',#8951,#5287,#5288);
#4545=AXIS2_PLACEMENT_3D('',#8952,#5289,$);
#4546=AXIS2_PLACEMENT_3D('',#9168,#5290,$);
#4547=AXIS2_PLACEMENT_3D('',#9259,#5291,#5292);
#4548=AXIS2_PLACEMENT_3D('',#9402,#5293,$);
#4549=AXIS2_PLACEMENT_3D('',#9403,#5294,#5295);
#4550=AXIS2_PLACEMENT_3D('',#9468,#5296,$);
#4551=AXIS2_PLACEMENT_3D('',#9469,#5297,#5298);
#4552=AXIS2_PLACEMENT_3D('',#9472,#5300,$);
#4553=AXIS2_PLACEMENT_3D('',#9476,#5303,$);
#4554=AXIS2_PLACEMENT_3D('',#9477,#5304,#5305);
#4555=AXIS2_PLACEMENT_3D('',#9480,#5307,$);
#4556=AXIS2_PLACEMENT_3D('',#9484,#5310,$);
#4557=AXIS2_PLACEMENT_3D('',#9485,#5311,#5312);
#4558=AXIS2_PLACEMENT_3D('',#9506,#5313,$);
#4559=AXIS2_PLACEMENT_3D('',#9507,#5314,#5315);
#4560=AXIS2_PLACEMENT_3D('',#9510,#5317,$);
#4561=AXIS2_PLACEMENT_3D('',#9514,#5320,$);
#4562=AXIS2_PLACEMENT_3D('',#9515,#5321,#5322);
#4563=AXIS2_PLACEMENT_3D('',#9518,#5324,$);
#4564=AXIS2_PLACEMENT_3D('',#9522,#5327,$);
#4565=AXIS2_PLACEMENT_3D('',#9523,#5328,#5329);
#4566=AXIS2_PLACEMENT_3D('',#9578,#5330,#5331);
#4567=AXIS2_PLACEMENT_3D('',#9983,#5332,$);
#4568=AXIS2_PLACEMENT_3D('',#10034,#5333,$);
#4569=AXIS2_PLACEMENT_3D('',#10047,#5334,#5335);
#4570=AXIS2_PLACEMENT_3D('',#10228,#5336,#5337);
#4571=AXIS2_PLACEMENT_3D('',#10229,#5338,$);
#4572=AXIS2_PLACEMENT_3D('',#10235,#5342,$);
#4573=AXIS2_PLACEMENT_3D('',#10236,#5343,#5344);
#4574=AXIS2_PLACEMENT_3D('',#10238,#5346,$);
#4575=AXIS2_PLACEMENT_3D('',#10240,#5348,#5349);
#4576=AXIS2_PLACEMENT_3D('',#10241,#5350,#5351);
#4577=AXIS2_PLACEMENT_3D('',#10242,#5352,$);
#4578=AXIS2_PLACEMENT_3D('',#10243,#5353,$);
#4579=AXIS2_PLACEMENT_3D('',#10249,#5357,$);
#4580=AXIS2_PLACEMENT_3D('',#10250,#5358,#5359);
#4581=AXIS2_PLACEMENT_3D('',#10252,#5361,$);
#4582=AXIS2_PLACEMENT_3D('',#10254,#5363,#5364);
#4583=AXIS2_PLACEMENT_3D('',#10255,#5365,#5366);
#4584=AXIS2_PLACEMENT_3D('',#10256,#5367,$);
#4585=DIRECTION('',(0.,0.,1.));
#4586=DIRECTION('',(0.6,0.,0.));
#4587=DIRECTION('',(0.,0.,1.));
#4588=DIRECTION('',(0.6,0.,0.));
#4589=DIRECTION('',(0.,0.,1.));
#4590=DIRECTION('',(0.,0.,1.));
#4591=DIRECTION('',(0.6,0.,0.));
#4592=DIRECTION('',(0.,0.,1.));
#4593=DIRECTION('',(0.,0.,1.));
#4594=DIRECTION('',(0.6,0.,0.));
#4595=DIRECTION('',(0.,0.,1.));
#4596=DIRECTION('',(0.6,0.,0.));
#4597=DIRECTION('',(0.,0.,1.));
#4598=DIRECTION('',(0.,0.,1.));
#4599=DIRECTION('',(0.6,0.,0.));
#4600=DIRECTION('',(0.,0.,1.));
#4601=DIRECTION('',(0.,0.,1.));
#4602=DIRECTION('',(0.6,0.,0.));
#4603=DIRECTION('',(0.,0.,1.));
#4604=DIRECTION('',(0.6,0.,0.));
#4605=DIRECTION('',(-0.000573454900306713,-0.00010449975822386,0.999999830114624));
#4606=DIRECTION('',(0.,0.,1.));
#4607=DIRECTION('',(0.,0.,1.));
#4608=DIRECTION('',(0.6,0.,0.));
#4609=DIRECTION('',(3.15976982095637E-5,-2.3714847595306E-5,0.999999999219596));
#4610=DIRECTION('',(0.,0.,1.));
#4611=DIRECTION('',(0.6,0.,0.));
#4612=DIRECTION('',(0.,0.,1.));
#4613=DIRECTION('',(0.6,0.,0.));
#4614=DIRECTION('',(0.,0.,1.));
#4615=DIRECTION('',(0.,0.,1.));
#4616=DIRECTION('',(0.6,0.,0.));
#4617=DIRECTION('',(0.,0.,1.));
#4618=DIRECTION('',(0.65,0.,0.));
#4619=DIRECTION('',(-1.11302880875687E-5,-3.39248333570784E-6,0.999999999932304));
#4620=DIRECTION('',(0.,0.,-1.));
#4621=DIRECTION('',(0.,0.,1.));
#4622=DIRECTION('',(0.6,0.,0.));
#4623=DIRECTION('',(2.93595373894789E-5,1.80499464955807E-5,0.999999999406109));
#4624=DIRECTION('',(0.,0.,-1.));
#4625=DIRECTION('',(2.05103156296973E-5,9.51824876989809E-6,0.999999999744365));
#4626=DIRECTION('',(0.,0.,1.));
#4627=DIRECTION('',(0.,0.,1.));
#4628=DIRECTION('',(0.6,0.,0.));
#4629=DIRECTION('',(0.,0.,1.));
#4630=DIRECTION('',(0.6,0.,0.));
#4631=DIRECTION('',(-2.22384224485407E-6,-7.17855252382747E-5,0.999999997420946));
#4632=DIRECTION('',(0.,0.,1.));
#4633=DIRECTION('',(0.6,0.,0.));
#4634=DIRECTION('',(-3.37175430876383E-15,-3.93371336022447E-15,1.));
#4635=DIRECTION('',(0.,0.,1.));
#4636=DIRECTION('',(0.6,0.,0.));
#4637=DIRECTION('',(0.,0.,1.));
#4638=DIRECTION('',(0.6,0.,0.));
#4639=DIRECTION('',(1.80560933201724E-5,9.52917436933487E-6,0.999999999791586));
#4640=DIRECTION('',(0.,0.,1.));
#4641=DIRECTION('',(0.6,0.,0.));
#4642=DIRECTION('',(-3.37175430876383E-15,-3.93371336022447E-15,1.));
#4643=DIRECTION('',(0.,0.,1.));
#4644=DIRECTION('',(0.6,0.,0.));
#4645=DIRECTION('',(6.18208428538057E-6,2.06713532608327E-5,0.999999999767239));
#4646=DIRECTION('',(0.,0.,1.));
#4647=DIRECTION('',(0.6,0.,0.));
#4648=DIRECTION('',(0.,0.,1.));
#4649=DIRECTION('',(0.,0.,1.));
#4650=DIRECTION('',(0.6,0.,0.));
#4651=DIRECTION('',(0.,0.,1.));
#4652=DIRECTION('',(0.6,0.,0.));
#4653=DIRECTION('',(-0.000193039860329562,-0.000103865069413534,0.99999997597383));
#4654=DIRECTION('',(0.,0.,1.));
#4655=DIRECTION('',(0.6,0.,0.));
#4656=DIRECTION('',(-3.37175430876389E-15,-3.93371336022454E-15,1.));
#4657=DIRECTION('',(0.,0.,1.));
#4658=DIRECTION('',(0.6,0.,0.));
#4659=DIRECTION('',(0.,0.,1.));
#4660=DIRECTION('',(0.6,0.,0.));
#4661=DIRECTION('',(-3.01644161491638E-7,2.10498279790292E-5,0.999999999778407));
#4662=DIRECTION('',(0.,0.,1.));
#4663=DIRECTION('',(0.6,0.,0.));
#4664=DIRECTION('',(0.,0.,1.));
#4665=DIRECTION('',(0.,0.,1.));
#4666=DIRECTION('',(0.6,0.,0.));
#4667=DIRECTION('',(0.,0.,1.));
#4668=DIRECTION('',(0.6,0.,0.));
#4669=DIRECTION('',(0.,0.,1.));
#4670=DIRECTION('',(0.6,0.,0.));
#4671=DIRECTION('',(0.,0.,1.));
#4672=DIRECTION('',(0.,0.,1.));
#4673=DIRECTION('',(0.6,0.,0.));
#4674=DIRECTION('',(0.,0.,1.));
#4675=DIRECTION('',(0.,0.,1.));
#4676=DIRECTION('',(0.65,0.,0.));
#4677=DIRECTION('',(-1.11302880637176E-5,-3.39248205106008E-6,0.999999999932304));
#4678=DIRECTION('',(0.,0.,-1.));
#4679=DIRECTION('',(0.,0.,1.));
#4680=DIRECTION('',(0.6,0.,0.));
#4681=DIRECTION('',(2.93595373335132E-5,1.80499464302389E-5,0.999999999406109));
#4682=DIRECTION('',(0.,0.,-1.));
#4683=DIRECTION('',(2.05103158740286E-5,9.51824881852984E-6,0.999999999744365));
#4684=DIRECTION('',(0.,0.,1.));
#4685=DIRECTION('',(0.,0.,1.));
#4686=DIRECTION('',(0.6,0.,0.));
#4687=DIRECTION('',(0.,0.,1.));
#4688=DIRECTION('',(0.6,0.,0.));
#4689=DIRECTION('',(0.,0.,1.));
#4690=DIRECTION('',(0.,0.,1.));
#4691=DIRECTION('',(0.6,0.,0.));
#4692=DIRECTION('',(2.04348745985686E-15,4.59784678467793E-15,1.));
#4693=DIRECTION('',(0.,0.,1.));
#4694=DIRECTION('',(0.6,0.,0.));
#4695=DIRECTION('',(0.,0.,1.));
#4696=DIRECTION('',(-6.98296672221876E-15,1.,0.));
#4697=DIRECTION('',(0.,0.,-1.));
#4698=DIRECTION('',(6.98296672221876E-15,-1.,0.));
#4699=DIRECTION('',(1.1,7.68126339444064E-15,0.));
#4700=DIRECTION('',(-6.98296672221876E-15,1.,-1.22464679914735E-16));
#4701=DIRECTION('',(-1.1,-7.68126339444064E-15,1.92678538844662E-46));
#4702=DIRECTION('',(-6.98296672221876E-15,1.,0.));
#4703=DIRECTION('',(0.,0.,1.));
#4704=DIRECTION('',(-6.98296672221876E-15,1.,1.22464679914735E-16));
#4705=DIRECTION('',(-1.1,-7.68126339444064E-15,-1.92678538844662E-46));
#4706=DIRECTION('',(6.98296672221876E-15,-1.,0.));
#4707=DIRECTION('',(1.1,7.68126339444064E-15,0.));
#4708=DIRECTION('',(0.,-1.,0.));
#4709=DIRECTION('',(0.,0.,-1.));
#4710=DIRECTION('',(0.,1.,0.));
#4711=DIRECTION('',(0.,0.,1.1));
#4712=DIRECTION('',(0.,-1.,-1.22464679914735E-16));
#4713=DIRECTION('',(0.,1.34711147906209E-16,-1.1));
#4714=DIRECTION('',(0.,-1.,0.));
#4715=DIRECTION('',(0.,0.,1.));
#4716=DIRECTION('',(0.,-1.,1.22464679914735E-16));
#4717=DIRECTION('',(0.,-1.34711147906209E-16,-1.1));
#4718=DIRECTION('',(0.,1.,0.));
#4719=DIRECTION('',(0.,0.,1.1));
#4720=DIRECTION('',(1.,6.98296672221876E-15,0.));
#4721=DIRECTION('',(0.,0.,1.));
#4722=DIRECTION('',(1.,6.98296672221876E-15,1.22464679914735E-16));
#4723=DIRECTION('',(-7.68126339444064E-15,1.1,-1.92678538844662E-46));
#4724=DIRECTION('',(-1.,-6.98296672221876E-15,0.));
#4725=DIRECTION('',(7.68126339444064E-15,-1.1,0.));
#4726=DIRECTION('',(1.,6.98296672221876E-15,0.));
#4727=DIRECTION('',(0.,0.,1.));
#4728=DIRECTION('',(1.,6.98296672221876E-15,1.22464679914735E-16));
#4729=DIRECTION('',(-8.37956006666252E-15,1.2,-2.10194769648723E-46));
#4730=DIRECTION('',(-1.,-6.98296672221876E-15,0.));
#4731=DIRECTION('',(8.37956006666252E-15,-1.2,0.));
#4732=DIRECTION('',(-1.,0.,0.));
#4733=DIRECTION('',(0.,0.,1.));
#4734=DIRECTION('',(-1.,0.,1.22464679914735E-16));
#4735=DIRECTION('',(1.34711147906209E-16,0.,1.1));
#4736=DIRECTION('',(1.,0.,0.));
#4737=DIRECTION('',(0.,0.,-1.1));
#4738=DIRECTION('',(-1.,0.,0.));
#4739=DIRECTION('',(0.,0.,1.));
#4740=DIRECTION('',(-1.,0.,1.22464679914735E-16));
#4741=DIRECTION('',(1.46957615897682E-16,0.,1.2));
#4742=DIRECTION('',(1.,0.,0.));
#4743=DIRECTION('',(0.,0.,-1.2));
#4744=DIRECTION('',(0.,0.,1.));
#4745=DIRECTION('',(0.515,0.,0.));
#4746=DIRECTION('',(0.,0.,1.));
#4747=DIRECTION('',(0.515,0.,0.));
#4748=DIRECTION('',(1.76992076389518E-16,-1.78636980348961E-32,1.));
#4749=DIRECTION('',(0.,0.,1.));
#4750=DIRECTION('',(0.514999999999999,0.,0.));
#4751=DIRECTION('',(-1.76992076389518E-16,0.,1.));
#4752=DIRECTION('',(0.,0.,1.));
#4753=DIRECTION('',(0.,0.,1.));
#4754=DIRECTION('',(0.515,0.,0.));
#4755=DIRECTION('',(1.22464679914735E-16,1.,0.));
#4756=DIRECTION('',(-0.5075,6.21508250567282E-17,0.));
#4757=DIRECTION('',(0.,-1.,0.));
#4758=DIRECTION('',(0.,0.,-0.5075));
#4759=DIRECTION('',(0.,0.,1.));
#4760=DIRECTION('',(0.515000000000002,0.,0.));
#4761=DIRECTION('',(0.,0.,1.));
#4762=DIRECTION('',(0.44,0.,0.));
#4763=DIRECTION('',(-0.342020143325669,4.18853873767699E-17,0.939692620785908));
#4764=DIRECTION('',(0.,0.,1.));
#4765=DIRECTION('',(0.515000000000002,0.,0.));
#4766=DIRECTION('',(0.342020143325669,0.,0.939692620785908));
#4767=DIRECTION('',(0.,0.,1.));
#4768=DIRECTION('',(0.44,0.,0.));
#4769=DIRECTION('',(0.,0.,1.));
#4770=DIRECTION('',(0.44,0.,0.));
#4771=DIRECTION('',(0.,0.,1.));
#4772=DIRECTION('',(0.44,0.,0.));
#4773=DIRECTION('',(0.,0.,1.));
#4774=DIRECTION('',(0.56,0.,0.));
#4775=DIRECTION('',(0.,0.,1.));
#4776=DIRECTION('',(0.56,0.,0.));
#4777=DIRECTION('',(-0.342020143325668,4.18853873767698E-17,0.939692620785909));
#4778=DIRECTION('',(0.,0.,1.));
#4779=DIRECTION('',(0.65,0.,0.));
#4780=DIRECTION('',(0.342020143325668,0.,0.939692620785909));
#4781=DIRECTION('',(0.,0.,1.));
#4782=DIRECTION('',(0.56,0.,0.));
#4783=DIRECTION('',(0.,0.,1.));
#4784=DIRECTION('',(0.56,0.,0.));
#4785=DIRECTION('',(0.,0.,1.));
#4786=DIRECTION('',(0.65,0.,0.));
#4787=DIRECTION('',(0.,0.,1.));
#4788=DIRECTION('',(0.558882594536379,0.331888905394992,0.));
#4789=DIRECTION('',(0.,-5.61959051460648E-16,-1.));
#4790=DIRECTION('',(0.,0.,1.));
#4791=DIRECTION('',(0.558882594536379,0.331888905394992,0.));
#4792=DIRECTION('',(0.,0.,1.));
#4793=DIRECTION('',(-4.61926997319033E-14,-5.7572444174528E-13,1.));
#4794=DIRECTION('',(1.85939871184822E-17,-1.31499646981153E-16,1.));
#4795=DIRECTION('',(0.,0.,1.));
#4796=DIRECTION('',(0.65,0.,0.));
#4797=DIRECTION('',(-1.04292571744534E-16,0.,1.));
#4798=DIRECTION('',(0.,0.,1.));
#4799=DIRECTION('',(0.558882594536379,0.331888905394992,0.));
#4800=DIRECTION('',(0.,-1.08069048357816E-16,-1.));
#4801=DIRECTION('',(0.,0.,1.));
#4802=DIRECTION('',(0.558882594536379,0.331888905394992,0.));
#4803=DIRECTION('',(0.,1.37063183283084E-16,1.));
#4804=DIRECTION('',(0.,0.,1.));
#4805=DIRECTION('',(0.598915662158063,0.252586677443147,0.));
#4806=DIRECTION('',(0.,-5.01749153089859E-18,-1.));
#4807=DIRECTION('',(0.,0.,1.));
#4808=DIRECTION('',(0.649880478272352,0.0124645080327971,0.));
#4809=DIRECTION('',(-9.70228875900889E-6,2.2577090415651E-7,0.999999999952907));
#4810=DIRECTION('',(-5.60192083384331E-6,5.60126986222376E-5,0.999999998415598));
#4811=DIRECTION('',(0.,0.,1.));
#4812=DIRECTION('',(0.634792354730345,0.139780779708457,0.));
#4813=DIRECTION('',(0.,0.,-1.));
#4814=DIRECTION('',(0.,0.,1.));
#4815=DIRECTION('',(0.634792354730345,0.139780779708457,0.));
#4816=DIRECTION('',(0.,0.,1.));
#4817=DIRECTION('',(0.,0.,1.));
#4818=DIRECTION('',(0.634792354730345,0.139780779708457,0.));
#4819=DIRECTION('',(0.,0.,-1.));
#4820=DIRECTION('',(0.,0.,1.));
#4821=DIRECTION('',(0.634792354730345,0.139780779708457,0.));
#4822=DIRECTION('',(0.000157309983523679,-5.49614042927595E-5,0.999999986116406));
#4823=DIRECTION('',(0.,0.,1.));
#4824=DIRECTION('',(0.634792354730345,0.139780779708457,0.));
#4825=DIRECTION('',(0.,0.,-1.));
#4826=DIRECTION('',(0.,0.,1.));
#4827=DIRECTION('',(0.634792354730345,0.139780779708457,0.));
#4828=DIRECTION('',(-1.39798062191204E-5,3.95397472895111E-5,0.999999999120587));
#4829=DIRECTION('',(-4.87577497433041E-6,4.8752084181486E-5,0.999999998799731));
#4830=DIRECTION('',(0.,0.,1.));
#4831=DIRECTION('',(0.647922877454574,0.0519224890676925,0.));
#4832=DIRECTION('',(0.,-2.4083959348313E-15,1.));
#4833=DIRECTION('',(0.,0.,1.));
#4834=DIRECTION('',(0.634792354730345,0.139780779708457,0.));
#4835=DIRECTION('',(1.60559728988753E-15,-2.4083959348313E-15,-1.));
#4836=DIRECTION('',(0.,0.,1.));
#4837=DIRECTION('',(0.591476137580916,0.26954772985941,0.));
#4838=DIRECTION('',(0.,0.,1.));
#4839=DIRECTION('',(0.56599907539967,0.319601387116386,0.));
#4840=DIRECTION('',(0.,0.,-1.));
#4841=DIRECTION('',(0.,0.,1.));
#4842=DIRECTION('',(0.634792354730345,0.139780779708457,0.));
#4843=DIRECTION('',(0.,0.,1.));
#4844=DIRECTION('',(0.,0.,1.));
#4845=DIRECTION('',(0.647922877454574,0.0519224890676925,0.));
#4846=DIRECTION('',(-2.16936621652719E-5,7.88625925406101E-7,0.999999999764382));
#4847=DIRECTION('',(0.000503989381392971,2.07054097895864E-5,0.999999872782987));
#4848=DIRECTION('',(0.,0.,1.));
#4849=DIRECTION('',(0.558882594536379,0.331888905394992,0.));
#4850=DIRECTION('',(0.,-5.61959051460638E-16,-1.));
#4851=DIRECTION('',(0.,0.,1.));
#4852=DIRECTION('',(0.558882594536379,0.331888905394992,0.));
#4853=DIRECTION('',(0.,0.,1.));
#4854=DIRECTION('',(0.,0.,1.));
#4855=DIRECTION('',(0.558882594536379,0.331888905394992,0.));
#4856=DIRECTION('',(0.,-5.61959051460648E-16,-1.));
#4857=DIRECTION('',(0.,0.,1.));
#4858=DIRECTION('',(0.558882594536379,0.331888905394992,0.));
#4859=DIRECTION('',(-1.81529200854157E-17,2.5676070106352E-16,1.));
#4860=DIRECTION('',(4.61926997319033E-14,5.75724441752228E-13,1.));
#4861=DIRECTION('',(0.,0.,1.));
#4862=DIRECTION('',(0.65,0.,0.));
#4863=DIRECTION('',(0.,0.,1.));
#4864=DIRECTION('',(0.65,0.,0.));
#4865=DIRECTION('',(0.,0.,1.));
#4866=DIRECTION('',(0.558882594536379,0.331888905394992,0.));
#4867=DIRECTION('',(0.,0.,1.));
#4868=DIRECTION('',(0.,0.,1.));
#4869=DIRECTION('',(0.558882594536379,0.331888905394992,0.));
#4870=DIRECTION('',(0.,0.,1.));
#4871=DIRECTION('',(0.558882594536379,0.331888905394992,0.));
#4872=DIRECTION('',(0.,0.,1.));
#4873=DIRECTION('',(0.,0.,1.));
#4874=DIRECTION('',(0.558882594536379,0.331888905394992,0.));
#4875=DIRECTION('',(0.,0.,1.));
#4876=DIRECTION('',(0.647489672081039,-0.0570712234702276,0.));
#4877=DIRECTION('',(0.,0.,1.));
#4878=DIRECTION('',(6.58777389981985E-7,-4.13277906320002E-5,0.99999999914579));
#4879=DIRECTION('',(0.,0.,1.));
#4880=DIRECTION('',(0.647922877454574,0.0519224890676925,0.));
#4881=DIRECTION('',(0.,0.,1.));
#4882=DIRECTION('',(0.647922877454574,0.0519224890676925,0.));
#4883=DIRECTION('',(0.,0.,1.));
#4884=DIRECTION('',(0.,0.,1.));
#4885=DIRECTION('',(0.648916096723803,-0.0375219857249616,0.));
#4886=DIRECTION('',(-1.12391810292128E-15,-5.61959051460638E-16,1.));
#4887=DIRECTION('',(0.,0.,1.));
#4888=DIRECTION('',(0.645795814235291,-0.0738089853349702,0.));
#4889=DIRECTION('',(-1.81279225827526E-6,2.27966740334263E-6,0.999999999995759));
#4890=DIRECTION('',(0.,0.,1.));
#4891=DIRECTION('',(0.642172087729918,-0.100573404738022,0.));
#4892=DIRECTION('',(-1.12391810292128E-15,-1.12391810292128E-15,1.));
#4893=DIRECTION('',(0.,0.,1.));
#4894=DIRECTION('',(0.64694834862569,-0.0629113202094229,0.));
#4895=DIRECTION('',(-1.27577365612053E-5,1.73410759644967E-5,0.999999999768263));
#4896=DIRECTION('',(0.,0.,1.));
#4897=DIRECTION('',(0.635948848297512,-0.134421212422251,0.));
#4898=DIRECTION('',(0.,5.61959051460648E-16,1.));
#4899=DIRECTION('',(0.,0.,1.));
#4900=DIRECTION('',(0.634792354730345,0.139780779708457,0.));
#4901=DIRECTION('',(0.,0.,1.));
#4902=DIRECTION('',(0.645364697130638,-0.0774881132657149,0.));
#4903=DIRECTION('',(-1.1239181029213E-15,-1.1239181029213E-15,1.));
#4904=DIRECTION('',(0.,0.,1.));
#4905=DIRECTION('',(0.644318071130659,-0.0857567677473148,0.));
#4906=DIRECTION('',(2.10726137650578E-7,-2.26104536682121E-6,0.999999999997422));
#4907=DIRECTION('',(0.,0.,1.));
#4908=DIRECTION('',(0.638904450910943,-0.119587217570216,0.));
#4909=DIRECTION('',(-1.12391810292128E-15,5.61959051460638E-16,1.));
#4910=DIRECTION('',(0.,0.,1.));
#4911=DIRECTION('',(0.634792354730345,0.139780779708457,0.));
#4912=DIRECTION('',(0.,0.,1.));
#4913=DIRECTION('',(0.634792354730345,0.139780779708457,0.));
#4914=DIRECTION('',(3.37175430876389E-15,3.93371336022454E-15,1.));
#4915=DIRECTION('',(0.,0.,1.));
#4916=DIRECTION('',(0.634792354730345,0.139780779708457,0.));
#4917=DIRECTION('',(0.,0.,1.));
#4918=DIRECTION('',(0.,0.,1.));
#4919=DIRECTION('',(0.649880478272352,0.0124645080327971,0.));
#4920=DIRECTION('',(0.,0.,1.));
#4921=DIRECTION('',(0.,0.,1.));
#4922=DIRECTION('',(0.645510732424923,-0.0762620110162313,0.));
#4923=DIRECTION('',(2.04348745985686E-15,4.08697491971371E-15,1.));
#4924=DIRECTION('',(0.,0.,1.));
#4925=DIRECTION('',(0.558882594536379,0.331888905394992,0.));
#4926=DIRECTION('',(0.,0.,1.));
#4927=DIRECTION('',(0.65,0.,0.));
#4928=DIRECTION('',(0.,0.,1.));
#4929=DIRECTION('',(0.65,0.,0.));
#4930=DIRECTION('',(0.,0.,1.));
#4931=DIRECTION('',(0.65,0.,0.));
#4932=DIRECTION('',(0.,0.,1.));
#4933=DIRECTION('',(0.65,0.,0.));
#4934=DIRECTION('',(0.,0.,1.));
#4935=DIRECTION('',(1.22464679914735E-16,1.,0.));
#4936=DIRECTION('',(-0.763088235294118,9.34513564819944E-17,0.));
#4937=DIRECTION('',(0.,0.,1.));
#4938=DIRECTION('',(0.65,0.,0.));
#4939=DIRECTION('',(0.,-1.,0.));
#4940=DIRECTION('',(0.,0.,-0.763088235294118));
#4941=DIRECTION('',(0.,0.,1.));
#4942=DIRECTION('',(0.65,0.,0.));
#4943=DIRECTION('',(0.,0.,1.));
#4944=DIRECTION('',(0.,0.,1.));
#4945=DIRECTION('',(0.65,0.,0.));
#4946=DIRECTION('',(0.,0.,1.));
#4947=DIRECTION('',(0.,0.,1.));
#4948=DIRECTION('',(0.515000000000001,0.,0.));
#4949=DIRECTION('',(-1.12354732338566E-12,1.11584695211426E-11,1.));
#4950=DIRECTION('',(1.43466662035857E-15,-2.27281813468278E-14,1.));
#4951=DIRECTION('',(-4.07077456947153E-13,-4.04123097067047E-12,1.));
#4952=DIRECTION('',(3.50426096428705E-15,6.27560564311697E-14,1.));
#4953=DIRECTION('',(0.,0.,1.));
#4954=DIRECTION('',(0.56,0.,0.));
#4955=DIRECTION('',(0.,0.,1.));
#4956=DIRECTION('',(0.56,0.,0.));
#4957=DIRECTION('',(0.,0.,1.));
#4958=DIRECTION('',(0.,0.,1.));
#4959=DIRECTION('',(6.75900106892199E-14,-2.70901846449779E-16,1.));
#4960=DIRECTION('',(2.47875189501527E-14,2.70901846449756E-16,-1.));
#4961=DIRECTION('',(0.,2.92880050837571E-14,1.));
#4962=DIRECTION('',(0.,0.,1.));
#4963=DIRECTION('',(0.,0.,1.));
#4964=DIRECTION('',(0.56,0.,0.));
#4965=DIRECTION('',(0.,0.,1.));
#4966=DIRECTION('',(0.,0.,-1.));
#4967=DIRECTION('',(0.,0.,1.));
#4968=DIRECTION('',(0.44,0.,0.));
#4969=DIRECTION('',(0.,0.,-1.));
#4970=DIRECTION('',(0.,1.09091280601166E-16,1.));
#4971=DIRECTION('',(0.,4.5105751612585E-17,1.));
#4972=DIRECTION('',(0.,0.,1.));
#4973=DIRECTION('',(0.,-1.85951046479259E-18,1.));
#4974=DIRECTION('',(0.,0.,-1.));
#4975=DIRECTION('',(0.,0.,-1.));
#4976=DIRECTION('',(-0.44,0.,0.));
#4977=DIRECTION('',(0.,0.,1.));
#4978=DIRECTION('',(0.44,0.,0.));
#4979=DIRECTION('',(0.,0.,1.));
#4980=DIRECTION('',(0.44,0.,0.));
#4981=DIRECTION('',(0.,0.,1.));
#4982=DIRECTION('',(0.44,0.,0.));
#4983=DIRECTION('',(0.,1.1238458489863E-16,-1.));
#4984=DIRECTION('',(0.,0.,-1.));
#4985=DIRECTION('',(0.,-1.,0.));
#4986=DIRECTION('',(0.,0.,1.));
#4987=DIRECTION('',(0.44,0.,0.));
#4988=DIRECTION('',(0.,0.,-1.));
#4989=DIRECTION('',(-0.00749999999999997,0.,0.));
#4990=DIRECTION('',(0.,0.,1.));
#4991=DIRECTION('',(-0.425,0.,0.));
#4992=DIRECTION('',(0.,0.,1.));
#4993=DIRECTION('',(0.44,0.,0.));
#4994=DIRECTION('',(0.,1.1238458489863E-16,-1.));
#4995=DIRECTION('',(0.,0.,1.));
#4996=DIRECTION('',(0.44,0.,0.));
#4997=DIRECTION('',(0.,0.,-1.));
#4998=DIRECTION('',(-0.425,0.,0.));
#4999=DIRECTION('',(0.,1.61342242991686E-16,-1.));
#5000=DIRECTION('',(0.,0.,-1.));
#5001=DIRECTION('',(0.,0.,1.));
#5002=DIRECTION('',(-0.425,0.,0.));
#5003=DIRECTION('',(0.,0.,-1.));
#5004=DIRECTION('',(0.,0.,1.));
#5005=DIRECTION('',(-0.425,7.54951656745107E-16,0.));
#5006=DIRECTION('',(0.,1.61342242991686E-16,-1.));
#5007=DIRECTION('',(0.,0.,1.));
#5008=DIRECTION('',(0.56,0.,0.));
#5009=DIRECTION('',(0.,0.,1.));
#5010=DIRECTION('',(0.56,0.,0.));
#5011=DIRECTION('',(0.,0.,1.));
#5012=DIRECTION('',(0.56,0.,0.));
#5013=DIRECTION('',(0.,6.32648350123116E-17,-1.));
#5014=DIRECTION('',(-2.93910446408222E-15,-3.59890342540681E-16,1.));
#5015=DIRECTION('',(0.,0.,1.));
#5016=DIRECTION('',(0.56,0.,0.));
#5017=DIRECTION('',(6.56799875136729E-15,3.59890342540674E-16,-1.));
#5018=DIRECTION('',(0.,6.99076426886056E-15,-1.));
#5019=DIRECTION('',(0.,0.,1.));
#5020=DIRECTION('',(0.56,0.,0.));
#5021=DIRECTION('',(0.,0.,1.));
#5022=DIRECTION('',(0.,0.,-1.));
#5023=DIRECTION('',(0.00749999999999997,0.,0.));
#5024=DIRECTION('',(0.,0.,-1.));
#5025=DIRECTION('',(-0.00749999999999997,0.,0.));
#5026=DIRECTION('',(0.,1.,0.));
#5027=DIRECTION('',(0.,0.,-1.));
#5028=DIRECTION('',(0.1,0.,0.));
#5029=DIRECTION('',(0.,0.,-1.));
#5030=DIRECTION('',(0.1,0.,0.));
#5031=DIRECTION('',(0.,1.,0.));
#5032=DIRECTION('',(0.,0.,1.));
#5033=DIRECTION('',(0.3,0.,0.));
#5034=DIRECTION('',(1.,0.,0.));
#5035=DIRECTION('',(0.,0.,1.));
#5036=DIRECTION('',(0.3,0.,0.));
#5037=DIRECTION('',(0.,0.,1.));
#5038=DIRECTION('',(0.515000000000001,0.,0.));
#5039=DIRECTION('',(0.,0.,1.));
#5040=DIRECTION('',(0.515000000000002,0.,0.));
#5041=DIRECTION('',(0.,0.,1.));
#5042=DIRECTION('',(0.515,0.,0.));
#5043=DIRECTION('',(0.,0.,-1.));
#5044=DIRECTION('',(0.,0.,1.));
#5045=DIRECTION('',(0.514999999999999,0.,0.));
#5046=DIRECTION('',(0.,0.,1.));
#5047=DIRECTION('',(0.65,0.,0.));
#5048=DIRECTION('',(0.,0.,1.));
#5049=DIRECTION('',(0.65,0.,0.));
#5050=DIRECTION('',(0.,0.,1.));
#5051=DIRECTION('',(0.65,0.,0.));
#5052=DIRECTION('',(0.,0.,1.));
#5053=DIRECTION('',(0.,0.,1.));
#5054=DIRECTION('',(0.65,0.,0.));
#5055=DIRECTION('',(0.,0.,1.));
#5056=DIRECTION('',(0.56,0.,0.));
#5057=DIRECTION('',(0.,0.,-1.));
#5058=DIRECTION('',(0.,-1.,0.));
#5059=DIRECTION('',(0.,0.,-1.));
#5060=DIRECTION('',(-0.00749999999999997,0.,0.));
#5061=DIRECTION('',(0.,0.,1.));
#5062=DIRECTION('',(0.515000000000002,0.,0.));
#5063=DIRECTION('',(0.,0.,1.));
#5064=DIRECTION('',(0.44,0.,0.));
#5065=DIRECTION('',(0.,0.,1.));
#5066=DIRECTION('',(0.44,0.,0.));
#5067=DIRECTION('',(0.,0.,1.));
#5068=DIRECTION('',(0.,0.,1.));
#5069=DIRECTION('',(0.515,0.,0.));
#5070=DIRECTION('',(0.,0.,1.));
#5071=DIRECTION('',(0.515,0.,0.));
#5072=DIRECTION('',(-1.,0.,0.));
#5073=DIRECTION('',(0.,0.,1.));
#5074=DIRECTION('',(-1.,0.,0.));
#5075=DIRECTION('',(0.,0.,1.));
#5076=DIRECTION('',(1.,6.98296672221876E-15,0.));
#5077=DIRECTION('',(0.,0.,1.));
#5078=DIRECTION('',(1.,6.98296672221876E-15,0.));
#5079=DIRECTION('',(0.,0.,1.));
#5080=DIRECTION('',(0.,-1.,0.));
#5081=DIRECTION('',(0.,0.,1.));
#5082=DIRECTION('',(0.,-1.,0.));
#5083=DIRECTION('',(0.,0.,-1.));
#5084=DIRECTION('',(-6.98296672221876E-15,1.,0.));
#5085=DIRECTION('',(0.,0.,1.));
#5086=DIRECTION('',(-6.98296672221876E-15,1.,0.));
#5087=DIRECTION('',(0.,0.,-1.));
#5088=DIRECTION('',(1.,0.,0.));
#5089=DIRECTION('',(0.,0.,-1.5));
#5090=DIRECTION('',(-1.,0.,0.));
#5091=DIRECTION('',(0.,0.,-1.5));
#5092=DIRECTION('',(1.,0.,0.));
#5093=DIRECTION('',(0.,0.,-1.5));
#5094=DIRECTION('',(1.,0.,0.));
#5095=DIRECTION('',(1.,0.,0.));
#5096=DIRECTION('',(0.,9.13117710866887E-17,1.));
#5097=DIRECTION('',(1.,0.,0.));
#5098=DIRECTION('',(0.,0.,-1.2));
#5099=DIRECTION('',(0.,0.,-1.));
#5100=DIRECTION('',(1.,0.,0.));
#5101=DIRECTION('',(-1.,0.,0.));
#5102=DIRECTION('',(0.,0.,-1.2));
#5103=DIRECTION('',(0.,-9.13117710866887E-17,-1.));
#5104=DIRECTION('',(0.,-1.66048310282767E-17,1.));
#5105=DIRECTION('',(0.,-1.,0.));
#5106=DIRECTION('',(0.,0.,-1.));
#5107=DIRECTION('',(0.,0.,1.));
#5108=DIRECTION('',(1.,0.,0.));
#5109=DIRECTION('',(0.,0.,1.));
#5110=DIRECTION('',(0.3,0.,0.));
#5111=DIRECTION('',(0.,0.,1.));
#5112=DIRECTION('',(0.3,0.,0.));
#5113=DIRECTION('',(0.,0.,-1.));
#5114=DIRECTION('',(-0.3,0.,0.));
#5115=DIRECTION('',(0.,0.,-1.));
#5116=DIRECTION('',(-0.3,0.,0.));
#5117=DIRECTION('',(1.,0.,0.));
#5118=DIRECTION('',(0.,0.,1.));
#5119=DIRECTION('',(0.1,0.,0.));
#5120=DIRECTION('',(0.,0.,1.));
#5121=DIRECTION('',(0.1,0.,0.));
#5122=DIRECTION('',(-0.992573172722324,0.108531428890469,0.0549493014963153));
#5123=DIRECTION('',(-0.0108695652173913,-0.0994075075232493,8.67361737988403E-20));
#5124=DIRECTION('',(-0.992573172722324,-0.108531428890469,-0.0549493014963149));
#5125=DIRECTION('',(0.0108695652173913,-0.0994075075232494,0.));
#5126=DIRECTION('',(0.,0.,1.));
#5127=DIRECTION('',(0.1,0.,0.));
#5128=DIRECTION('',(0.,0.,1.));
#5129=DIRECTION('',(0.1,0.,0.));
#5130=DIRECTION('',(0.,0.,-1.));
#5131=DIRECTION('',(-0.00749999999999997,0.,0.));
#5132=DIRECTION('',(0.,0.,-1.));
#5133=DIRECTION('',(-0.00749999999999997,0.,0.));
#5134=DIRECTION('',(1.,0.,0.));
#5135=DIRECTION('',(-1.,0.,0.));
#5136=DIRECTION('',(0.,0.,-1.62));
#5137=DIRECTION('',(0.,-1.,0.));
#5138=DIRECTION('',(0.,-4.32191910391612E-15,1.));
#5139=DIRECTION('',(1.,0.,0.));
#5140=DIRECTION('',(0.,-5.40239887989515E-16,1.));
#5141=DIRECTION('',(0.,-1.,0.));
#5142=DIRECTION('',(-1.,0.,0.));
#5143=DIRECTION('',(0.,0.,-1.62));
#5144=DIRECTION('',(1.,0.,0.));
#5145=DIRECTION('',(0.,0.,-1.62));
#5146=DIRECTION('',(1.,0.,0.));
#5147=DIRECTION('',(0.,0.,1.));
#5148=DIRECTION('',(1.,0.,0.));
#5149=DIRECTION('',(0.,0.,1.));
#5150=DIRECTION('',(1.,0.,0.));
#5151=DIRECTION('',(0.,1.,3.13535552632557E-16));
#5152=DIRECTION('',(0.,-1.,-3.87252822731797E-16));
#5153=DIRECTION('',(0.,-3.24143932793709E-15,-1.));
#5154=DIRECTION('',(1.,0.,0.));
#5155=DIRECTION('',(1.,0.,0.));
#5156=DIRECTION('',(0.,5.40239887989515E-16,-1.));
#5157=DIRECTION('',(1.,0.,0.));
#5158=DIRECTION('',(1.,0.,0.));
#5159=DIRECTION('',(0.,0.,1.));
#5160=DIRECTION('',(0.,-1.,0.));
#5161=DIRECTION('',(0.,0.,1.));
#5162=DIRECTION('',(0.,-1.,0.));
#5163=DIRECTION('',(1.,0.,0.));
#5164=DIRECTION('',(0.,0.,-1.62));
#5165=DIRECTION('',(-1.,0.,0.));
#5166=DIRECTION('',(0.,0.,-1.62));
#5167=DIRECTION('',(1.,0.,0.));
#5168=DIRECTION('',(0.,0.,-1.62));
#5169=DIRECTION('',(-1.,0.,0.));
#5170=DIRECTION('',(0.,0.,-1.62));
#5171=DIRECTION('',(1.,0.,0.));
#5172=DIRECTION('',(1.,0.,0.));
#5173=DIRECTION('',(0.510598315992295,-0.859819376209813,0.));
#5174=DIRECTION('',(-0.859819376209813,-0.510598315992295,-3.5527136788005E-14));
#5175=DIRECTION('',(0.,0.,-1.));
#5176=DIRECTION('',(-0.859819376209814,-0.510598315992294,0.));
#5177=DIRECTION('',(0.,0.,-1.));
#5178=DIRECTION('',(0.,0.,1.));
#5179=DIRECTION('',(0.6,0.,0.));
#5180=DIRECTION('',(-0.921408711012405,-0.388594888374073,0.));
#5181=DIRECTION('',(-0.388594888374073,0.921408711012405,0.));
#5182=DIRECTION('',(0.,0.,1.));
#5183=DIRECTION('',(-0.921408711012405,-0.388594888374074,0.));
#5184=DIRECTION('',(0.,0.,-1.));
#5185=DIRECTION('',(0.,0.,1.));
#5186=DIRECTION('',(0.6,0.,0.));
#5187=DIRECTION('',(-0.999816120419002,-0.0191761662043034,0.));
#5188=DIRECTION('',(0.0191761662043033,-0.999816120419002,0.));
#5189=DIRECTION('',(0.,-1.00349830617972E-17,-1.));
#5190=DIRECTION('',(-0.999816120419002,-0.0191761662043034,0.));
#5191=DIRECTION('',(0.,0.,-1.));
#5192=DIRECTION('',(0.,0.,1.));
#5193=DIRECTION('',(0.6,0.,0.));
#5194=DIRECTION('',(-0.993093434499881,0.117326170794202,0.));
#5195=DIRECTION('',(0.117326170794202,0.993093434499881,0.));
#5196=DIRECTION('',(-0.993093434499881,0.117326170794202,0.));
#5197=DIRECTION('',(0.,0.,-1.));
#5198=DIRECTION('',(-0.796387897616845,0.604786174221453,0.));
#5199=DIRECTION('',(0.604786174221458,0.796387897616841,0.));
#5200=DIRECTION('',(-0.796387897616845,0.604786174221453,0.));
#5201=DIRECTION('',(0.,0.,1.));
#5202=DIRECTION('',(0.6,0.,0.));
#5203=DIRECTION('',(0.,0.,1.));
#5204=DIRECTION('',(0.6,0.,0.));
#5205=DIRECTION('',(0.,0.,-1.));
#5206=DIRECTION('',(0.251637079893793,0.967821667469026,0.));
#5207=DIRECTION('',(0.,0.,1.));
#5208=DIRECTION('',(0.6,0.,0.));
#5209=DIRECTION('',(-0.117326170794202,-0.993093434499881,0.));
#5210=DIRECTION('',(0.,0.,1.));
#5211=DIRECTION('',(0.65,0.,0.));
#5212=DIRECTION('',(0.510598315992295,-0.859819376209813,0.));
#5213=DIRECTION('',(-0.859819376209813,-0.510598315992295,0.));
#5214=DIRECTION('',(0.,0.,-1.));
#5215=DIRECTION('',(-0.859819376209814,-0.510598315992294,0.));
#5216=DIRECTION('',(0.,0.,-1.));
#5217=DIRECTION('',(0.,0.,1.));
#5218=DIRECTION('',(0.6,0.,0.));
#5219=DIRECTION('',(-0.927207620073089,-0.374547766350832,0.));
#5220=DIRECTION('',(-0.374547766350833,0.927207620073089,0.));
#5221=DIRECTION('',(0.,0.,1.));
#5222=DIRECTION('',(-0.927207620073089,-0.374547766350832,0.));
#5223=DIRECTION('',(0.,0.,1.));
#5224=DIRECTION('',(0.6,0.,0.));
#5225=DIRECTION('',(0.,0.,1.));
#5226=DIRECTION('',(0.6,0.,0.));
#5227=DIRECTION('',(0.,0.,-1.));
#5228=DIRECTION('',(0.215047353397627,-0.976603622662069,0.));
#5229=DIRECTION('',(-0.976603622662069,-0.215047353397627,0.));
#5230=DIRECTION('',(0.,0.,-1.));
#5231=DIRECTION('',(-0.976603622662069,-0.215047353397627,0.));
#5232=DIRECTION('',(0.,0.,-1.));
#5233=DIRECTION('',(0.,0.,1.));
#5234=DIRECTION('',(0.6,0.,0.));
#5235=DIRECTION('',(-0.79638789761684,0.60478617422146,0.));
#5236=DIRECTION('',(0.604786174221458,0.796387897616841,0.));
#5237=DIRECTION('',(-0.796387897616846,0.604786174221452,0.));
#5238=DIRECTION('',(0.,0.,1.));
#5239=DIRECTION('',(0.6,0.,0.));
#5240=DIRECTION('',(0.,0.,1.));
#5241=DIRECTION('',(0.6,0.,0.));
#5242=DIRECTION('',(0.,0.,-1.));
#5243=DIRECTION('',(0.215047353397627,-0.976603622662069,0.));
#5244=DIRECTION('',(-0.976603622662069,-0.215047353397627,0.));
#5245=DIRECTION('',(0.,0.,-1.));
#5246=DIRECTION('',(-0.976603622662069,-0.215047353397627,0.));
#5247=DIRECTION('',(0.,0.,-1.));
#5248=DIRECTION('',(0.,0.,1.));
#5249=DIRECTION('',(0.6,0.,0.));
#5250=DIRECTION('',(0.,0.,-1.));
#5251=DIRECTION('',(-0.796387897616841,0.604786174221458,0.));
#5252=DIRECTION('',(0.604786174221458,0.796387897616841,0.));
#5253=DIRECTION('',(-0.796387897616846,0.604786174221452,0.));
#5254=DIRECTION('',(0.,0.,-1.));
#5255=DIRECTION('',(0.,0.,-1.));
#5256=DIRECTION('',(-0.796387897616846,0.604786174221451,0.));
#5257=DIRECTION('',(0.604786174221458,0.796387897616841,0.));
#5258=DIRECTION('',(-0.796387897616846,0.604786174221452,0.));
#5259=DIRECTION('',(0.,0.,1.));
#5260=DIRECTION('',(0.6,0.,0.));
#5261=DIRECTION('',(0.,0.,1.));
#5262=DIRECTION('',(0.6,0.,0.));
#5263=DIRECTION('',(0.,0.,-1.));
#5264=DIRECTION('',(0.215047353397627,-0.976603622662069,0.));
#5265=DIRECTION('',(-0.976603622662069,-0.215047353397627,0.));
#5266=DIRECTION('',(0.,0.,-1.));
#5267=DIRECTION('',(-0.976603622662069,-0.215047353397627,0.));
#5268=DIRECTION('',(0.,0.,-1.));
#5269=DIRECTION('',(0.,0.,1.));
#5270=DIRECTION('',(0.6,0.,0.));
#5271=DIRECTION('',(0.,0.,-1.));
#5272=DIRECTION('',(-0.796387897616841,0.604786174221458,0.));
#5273=DIRECTION('',(0.604786174221458,0.796387897616841,0.));
#5274=DIRECTION('',(-0.796387897616846,0.604786174221452,0.));
#5275=DIRECTION('',(0.,0.,-1.));
#5276=DIRECTION('',(0.,0.,-1.));
#5277=DIRECTION('',(-0.796387897616841,0.604786174221458,0.));
#5278=DIRECTION('',(0.604786174221458,0.796387897616841,0.));
#5279=DIRECTION('',(-0.796387897616846,0.604786174221452,0.));
#5280=DIRECTION('',(0.,0.,-1.));
#5281=DIRECTION('',(0.,0.,-1.));
#5282=DIRECTION('',(-0.796387897616846,0.604786174221452,0.));
#5283=DIRECTION('',(0.604786174221458,0.796387897616841,0.));
#5284=DIRECTION('',(-0.796387897616846,0.604786174221452,0.));
#5285=DIRECTION('',(0.,0.,1.));
#5286=DIRECTION('',(0.6,0.,0.));
#5287=DIRECTION('',(0.,0.,1.));
#5288=DIRECTION('',(0.6,0.,0.));
#5289=DIRECTION('',(0.,0.,-1.));
#5290=DIRECTION('',(0.251637079893793,0.967821667469026,0.));
#5291=DIRECTION('',(0.,0.,1.));
#5292=DIRECTION('',(0.6,0.,0.));
#5293=DIRECTION('',(-0.117326170794202,-0.993093434499881,0.));
#5294=DIRECTION('',(0.,0.,1.));
#5295=DIRECTION('',(0.65,0.,0.));
#5296=DIRECTION('',(0.,0.,-1.));
#5297=DIRECTION('',(0.,0.,1.));
#5298=DIRECTION('',(0.6,0.,0.));
#5299=DIRECTION('',(-0.996804426853191,-0.0798807524118345,0.));
#5300=DIRECTION('',(-0.0798807524118346,0.996804426853191,0.));
#5301=DIRECTION('',(0.,-2.20769627359536E-15,1.));
#5302=DIRECTION('',(-0.996804426853191,-0.0798807524118342,0.));
#5303=DIRECTION('',(0.,0.,-1.));
#5304=DIRECTION('',(0.,0.,1.));
#5305=DIRECTION('',(0.6,0.,0.));
#5306=DIRECTION('',(-0.976603622662069,-0.215047353397627,0.));
#5307=DIRECTION('',(0.215047353397627,-0.976603622662069,0.));
#5308=DIRECTION('',(1.60559728988753E-15,-2.80979525730318E-15,-1.));
#5309=DIRECTION('',(-0.976603622662069,-0.215047353397627,0.));
#5310=DIRECTION('',(0.,0.,-1.));
#5311=DIRECTION('',(0.,0.,1.));
#5312=DIRECTION('',(0.6,0.,0.));
#5313=DIRECTION('',(0.,0.,-1.));
#5314=DIRECTION('',(0.,0.,1.));
#5315=DIRECTION('',(0.6,0.,0.));
#5316=DIRECTION('',(-0.976603622662069,-0.215047353397627,0.));
#5317=DIRECTION('',(0.215047353397627,-0.976603622662069,0.));
#5318=DIRECTION('',(0.,0.,-1.));
#5319=DIRECTION('',(-0.976603622662069,-0.215047353397627,0.));
#5320=DIRECTION('',(0.,0.,-1.));
#5321=DIRECTION('',(0.,0.,1.));
#5322=DIRECTION('',(0.6,0.,0.));
#5323=DIRECTION('',(-0.996804426853191,-0.0798807524118345,0.));
#5324=DIRECTION('',(-0.0798807524118346,0.996804426853191,0.));
#5325=DIRECTION('',(0.,0.,1.));
#5326=DIRECTION('',(-0.996804426853191,-0.0798807524118345,0.));
#5327=DIRECTION('',(0.,0.,-1.));
#5328=DIRECTION('',(0.,0.,1.));
#5329=DIRECTION('',(0.6,0.,0.));
#5330=DIRECTION('',(0.,0.,1.));
#5331=DIRECTION('',(0.6,0.,0.));
#5332=DIRECTION('',(0.,0.,-1.));
#5333=DIRECTION('',(0.604786174221458,0.796387897616841,0.));
#5334=DIRECTION('',(0.,0.,1.));
#5335=DIRECTION('',(0.6,0.,0.));
#5336=DIRECTION('',(0.,0.,1.));
#5337=DIRECTION('',(0.65,0.,0.));
#5338=DIRECTION('',(0.510598315992295,-0.859819376209813,0.));
#5339=DIRECTION('',(-0.859819376209813,-0.510598315992295,0.));
#5340=DIRECTION('',(0.,0.,-1.));
#5341=DIRECTION('',(-0.859819376209814,-0.510598315992294,0.));
#5342=DIRECTION('',(0.,0.,-1.));
#5343=DIRECTION('',(0.,0.,1.));
#5344=DIRECTION('',(0.6,0.,0.));
#5345=DIRECTION('',(-0.796387897616845,0.604786174221453,0.));
#5346=DIRECTION('',(0.604786174221458,0.796387897616841,0.));
#5347=DIRECTION('',(-0.796387897616845,0.604786174221453,0.));
#5348=DIRECTION('',(0.,0.,1.));
#5349=DIRECTION('',(0.6,0.,0.));
#5350=DIRECTION('',(0.,0.,1.));
#5351=DIRECTION('',(0.6,0.,0.));
#5352=DIRECTION('',(0.,0.,-1.));
#5353=DIRECTION('',(0.510598315992295,-0.859819376209813,0.));
#5354=DIRECTION('',(-0.859819376209813,-0.510598315992295,0.));
#5355=DIRECTION('',(0.,0.,-1.));
#5356=DIRECTION('',(-0.859819376209814,-0.510598315992294,0.));
#5357=DIRECTION('',(0.,0.,-1.));
#5358=DIRECTION('',(0.,0.,1.));
#5359=DIRECTION('',(0.6,0.,0.));
#5360=DIRECTION('',(-0.796387897616845,0.604786174221453,0.));
#5361=DIRECTION('',(0.604786174221458,0.796387897616841,0.));
#5362=DIRECTION('',(-0.796387897616845,0.604786174221453,0.));
#5363=DIRECTION('',(0.,0.,1.));
#5364=DIRECTION('',(0.6,0.,0.));
#5365=DIRECTION('',(0.,0.,1.));
#5366=DIRECTION('',(0.6,0.,0.));
#5367=DIRECTION('',(0.,0.,-1.));
#5368=CARTESIAN_POINT('',(0.,0.,0.));
#5369=CARTESIAN_POINT('',(0.,0.,-13.4257951371699));
#5370=CARTESIAN_POINT('',(0.477832738570104,-0.362871704532875,-13.4257951371699));
#5371=CARTESIAN_POINT('',(0.6,-7.34788079488412E-17,-13.4257951371699));
#5372=CARTESIAN_POINT('',(0.6,0.,-13.4257951371699));
#5373=CARTESIAN_POINT('',(0.6,-7.34788079488412E-17,-13.3270136492893));
#5374=CARTESIAN_POINT('',(0.,0.,-13.3270136492893));
#5375=CARTESIAN_POINT('',(0.477832738570104,-0.362871704532875,-13.3270136492893));
#5376=CARTESIAN_POINT('',(0.477832738570104,-0.362871704532875,-13.4257951371699));
#5377=CARTESIAN_POINT('',(0.,0.,0.));
#5378=CARTESIAN_POINT('',(0.,0.,-13.1887195662564));
#5379=CARTESIAN_POINT('',(0.477832738570104,-0.362871704532875,-13.1887195662564));
#5380=CARTESIAN_POINT('',(0.6,-7.34788079488412E-17,-13.1887195662564));
#5381=CARTESIAN_POINT('',(0.6,0.,-13.1887195662564));
#5382=CARTESIAN_POINT('',(0.6,-7.34788079488412E-17,-13.0899380783758));
#5383=CARTESIAN_POINT('',(0.,0.,-13.0899380783758));
#5384=CARTESIAN_POINT('',(0.477832738570104,-0.362871704532875,-13.0899380783758));
#5385=CARTESIAN_POINT('',(0.477832738570104,-0.362871704532875,-13.1887195662564));
#5386=CARTESIAN_POINT('',(0.,0.,0.));
#5387=CARTESIAN_POINT('',(0.,0.,-12.951643995343));
#5388=CARTESIAN_POINT('',(0.577720275107503,-0.161985442956184,-12.951643995343));
#5389=CARTESIAN_POINT('',(0.597682774228651,-0.0526811293571331,-12.951643995343));
#5390=CARTESIAN_POINT('',(0.600064509438053,9.08660039196979E-6,-12.9501802253877));
#5391=CARTESIAN_POINT('',(0.600220924485039,-0.0163378148778428,-12.9516963191206));
#5392=CARTESIAN_POINT('',(0.599519419656809,-0.0318438514139494,-12.951558797877));
#5393=CARTESIAN_POINT('',(0.597682774228651,-0.0526811293571332,-12.951643995343));
#5394=CARTESIAN_POINT('',(0.600064502535572,8.43307780054023E-6,-12.950221909651));
#5395=CARTESIAN_POINT('',(0.600064509438053,9.08660039196979E-6,-12.9501802253877));
#5396=CARTESIAN_POINT('',(0.600000235346051,9.79869141811797E-7,-12.838508470348));
#5397=CARTESIAN_POINT('',(0.599999908268119,-2.57256896972478E-6,-12.8373650504188));
#5398=CARTESIAN_POINT('',(0.598653040175591,-0.0401813077004972,-12.8429843586743));
#5399=CARTESIAN_POINT('',(0.59918348493758,-0.0322783202771777,-12.8427623776258));
#5400=CARTESIAN_POINT('',(0.599503750482876,-0.0251901538219462,-12.8422518432411));
#5401=CARTESIAN_POINT('',(0.599800316746244,-0.0157924888557069,-12.8410531883537));
#5402=CARTESIAN_POINT('',(0.599868218558507,-0.0128656264351343,-12.8405814958009));
#5403=CARTESIAN_POINT('',(0.599960234481025,-0.00742435327814388,-12.8394938288481));
#5404=CARTESIAN_POINT('',(0.599981050589209,-0.00567051913404542,-12.8391046255343));
#5405=CARTESIAN_POINT('',(0.59999813260191,-0.0017316161228393,-12.8379302237459));
#5406=CARTESIAN_POINT('',(0.599999850241891,-0.000865735569253765,-12.8376537911399));
#5407=CARTESIAN_POINT('',(0.599999816577382,-2.70227488885874E-6,-12.8373677799004));
#5408=CARTESIAN_POINT('',(0.598653040175604,-0.0401813077004983,-12.8429843586743));
#5409=CARTESIAN_POINT('',(0.596857027534507,-0.0613326070102453,-12.8425213204499));
#5410=CARTESIAN_POINT('',(0.597580361223282,-0.0542934998135475,-12.8426756665321));
#5411=CARTESIAN_POINT('',(0.59817915695204,-0.0472415963944785,-12.8428300125921));
#5412=CARTESIAN_POINT('',(0.598653040175591,-0.0401813077004972,-12.8429843586743));
#5413=CARTESIAN_POINT('',(0.59685702753452,-0.0613326070102466,-12.8425213204499));
#5414=CARTESIAN_POINT('',(0.593057990573843,-0.0910067020417499,-12.6796862115217));
#5415=CARTESIAN_POINT('',(0.593393788475039,-0.0888184277272804,-12.6979086264158));
#5416=CARTESIAN_POINT('',(0.593693565687717,-0.0867845137112491,-12.7138721398244));
#5417=CARTESIAN_POINT('',(0.594096407558451,-0.0839664157024436,-12.7344290593395));
#5418=CARTESIAN_POINT('',(0.59422287286529,-0.0830658418984495,-12.7407166406543));
#5419=CARTESIAN_POINT('',(0.594401646395787,-0.0817732960300718,-12.7493009248412));
#5420=CARTESIAN_POINT('',(0.594459416121401,-0.0813521663677212,-12.752021171606));
#5421=CARTESIAN_POINT('',(0.594543431923689,-0.0807350645843036,-12.7558897698068));
#5422=CARTESIAN_POINT('',(0.594570997348734,-0.0805317960977795,-12.757144007216));
#5423=CARTESIAN_POINT('',(0.594625263542408,-0.0801301255965868,-12.7595818913857));
#5424=CARTESIAN_POINT('',(0.594632806415365,-0.0800746053236766,-12.7599282651597));
#5425=CARTESIAN_POINT('',(0.595405178825318,-0.074314164975345,-12.7936838803409));
#5426=CARTESIAN_POINT('',(0.596153251843393,-0.0681813859473436,-12.820552989671));
#5427=CARTESIAN_POINT('',(0.596857027534507,-0.0613326070102453,-12.8425213204499));
#5428=CARTESIAN_POINT('',(0.593057990573843,-0.0910067020417499,-12.6796862115217));
#5429=CARTESIAN_POINT('',(0.590928513911402,-0.103939845326334,-12.5985001761698));
#5430=CARTESIAN_POINT('',(0.591756480439066,-0.0992326127128448,-12.6186470330326));
#5431=CARTESIAN_POINT('',(0.59245751760736,-0.094919768694061,-12.6457090305739));
#5432=CARTESIAN_POINT('',(0.593057990573843,-0.0910067020417499,-12.6796862115217));
#5433=CARTESIAN_POINT('',(0.590928513911402,-0.103939845326334,-12.5985001761698));
#5434=CARTESIAN_POINT('',(0.547883238183996,-0.244589364685014,-12.467614704728));
#5435=CARTESIAN_POINT('',(0.55622989758809,-0.225892743152745,-12.4682259483495));
#5436=CARTESIAN_POINT('',(0.561211651114788,-0.21282713481495,-12.4704925733745));
#5437=CARTESIAN_POINT('',(0.571716877825673,-0.182739481967613,-12.4827826351245));
#5438=CARTESIAN_POINT('',(0.576224993831025,-0.167736858547522,-12.4925878927019));
#5439=CARTESIAN_POINT('',(0.582983983252788,-0.142480077560581,-12.5164846473741));
#5440=CARTESIAN_POINT('',(0.585395562871253,-0.131813430083651,-12.5314912565761));
#5441=CARTESIAN_POINT('',(0.588671332541738,-0.116313402595329,-12.5612586865701));
#5442=CARTESIAN_POINT('',(0.589933436033234,-0.109597154993531,-12.5786338227753));
#5443=CARTESIAN_POINT('',(0.590928513911402,-0.103939845326334,-12.5985001761698));
#5444=CARTESIAN_POINT('',(0.547883238183996,-0.244589364685014,-12.467614704728));
#5445=CARTESIAN_POINT('',(0.472263156901351,-0.370091219341353,-12.6519039180553));
#5446=CARTESIAN_POINT('',(0.472446755746297,-0.369856933939307,-12.6380823155017));
#5447=CARTESIAN_POINT('',(0.472925702200697,-0.369246332031429,-12.6255003121483));
#5448=CARTESIAN_POINT('',(0.474080553478355,-0.36776082199417,-12.6084867060818));
#5449=CARTESIAN_POINT('',(0.474538157772042,-0.367170651665361,-12.6031254038778));
#5450=CARTESIAN_POINT('',(0.475331951442003,-0.36614167148093,-12.5955483002991));
#5451=CARTESIAN_POINT('',(0.475614441816745,-0.365774719977342,-12.5931000740608));
#5452=CARTESIAN_POINT('',(0.476214876846988,-0.364992649390047,-12.5883585714931));
#5453=CARTESIAN_POINT('',(0.476407922995142,-0.364741094968692,-12.5868902223272));
#5454=CARTESIAN_POINT('',(0.478709838319304,-0.361726551306924,-12.571686579637));
#5455=CARTESIAN_POINT('',(0.481020430217442,-0.358665355623792,-12.560506252114));
#5456=CARTESIAN_POINT('',(0.486505131207232,-0.351189761981109,-12.5401107703268));
#5457=CARTESIAN_POINT('',(0.489315343437863,-0.347300710472081,-12.5317392928138));
#5458=CARTESIAN_POINT('',(0.497146691027652,-0.33599472677169,-12.5135868040408));
#5459=CARTESIAN_POINT('',(0.50137186446217,-0.329689478038013,-12.5055782961523));
#5460=CARTESIAN_POINT('',(0.50806812462668,-0.31919274011033,-12.4951671390667));
#5461=CARTESIAN_POINT('',(0.510359715020088,-0.315520628795109,-12.491963687496));
#5462=CARTESIAN_POINT('',(0.515041215583384,-0.307819512313687,-12.4860906526036));
#5463=CARTESIAN_POINT('',(0.517785949628128,-0.303174777127501,-12.4830699034355));
#5464=CARTESIAN_POINT('',(0.52815014225563,-0.285189742335087,-12.4728124866814));
#5465=CARTESIAN_POINT('',(0.537869534441895,-0.267020186399207,-12.4683447957084));
#5466=CARTESIAN_POINT('',(0.547883238183996,-0.244589364685014,-12.467614704728));
#5467=CARTESIAN_POINT('',(0.472263156901351,-0.370091219341353,-12.6519039180553));
#5468=CARTESIAN_POINT('',(0.513661085937797,-0.310084325294271,-12.8528625074624));
#5469=CARTESIAN_POINT('',(0.506958458759973,-0.321187365577038,-12.8349983853805));
#5470=CARTESIAN_POINT('',(0.500931247638078,-0.330376937576181,-12.8183015002755));
#5471=CARTESIAN_POINT('',(0.493328699086365,-0.341536313725742,-12.79500482221));
#5472=CARTESIAN_POINT('',(0.491032411088202,-0.344818047845433,-12.787530827002));
#5473=CARTESIAN_POINT('',(0.487982184899834,-0.349108100643828,-12.7767571804109));
#5474=CARTESIAN_POINT('',(0.487031038242358,-0.350432643897256,-12.7732388559173));
#5475=CARTESIAN_POINT('',(0.485264927053969,-0.352874227865335,-12.7663479890037));
#5476=CARTESIAN_POINT('',(0.484633663754623,-0.35374097083925,-12.7637893170125));
#5477=CARTESIAN_POINT('',(0.479991268186827,-0.360066358296327,-12.7432217079523));
#5478=CARTESIAN_POINT('',(0.476961128448649,-0.36402754996038,-12.7244745661718));
#5479=CARTESIAN_POINT('',(0.473513315573075,-0.368501173887084,-12.6914321225665));
#5480=CARTESIAN_POINT('',(0.472514241912374,-0.369770816711517,-12.6727489800888));
#5481=CARTESIAN_POINT('',(0.472263156901351,-0.370091219341353,-12.6519039180553));
#5482=CARTESIAN_POINT('',(0.513661085937797,-0.310084325294271,-12.8528625074624));
#5483=CARTESIAN_POINT('',(0.477832738570105,-0.362871704532875,-12.8824969538266));
#5484=CARTESIAN_POINT('',(0.491187938991109,-0.345285455972833,-12.8651752559375));
#5485=CARTESIAN_POINT('',(0.499685704719605,-0.333234832776771,-12.8586245521974));
#5486=CARTESIAN_POINT('',(0.513661085937797,-0.310084325294271,-12.8528625074624));
#5487=CARTESIAN_POINT('',(0.477832738570105,-0.362871704532875,-12.8824969538266));
#5488=CARTESIAN_POINT('',(0.477832738570105,-0.362871704532875,-12.9812784417072));
#5489=CARTESIAN_POINT('',(0.477832738570105,-0.362871704532875,-12.9812784417072));
#5490=CARTESIAN_POINT('',(0.577720275107503,-0.161985442956184,-12.951643995343));
#5491=CARTESIAN_POINT('',(0.570882278665293,-0.18637312319265,-12.9517985506592));
#5492=CARTESIAN_POINT('',(0.563370414387413,-0.207313970912577,-12.9520686461169));
#5493=CARTESIAN_POINT('',(0.552617839812929,-0.23389067896378,-12.9526472848471));
#5494=CARTESIAN_POINT('',(0.549114718233161,-0.241944407555454,-12.9528690700516));
#5495=CARTESIAN_POINT('',(0.544127476265763,-0.252866184185553,-12.9532451063));
#5496=CARTESIAN_POINT('',(0.542509324624358,-0.256313665004123,-12.9533776781231));
#5497=CARTESIAN_POINT('',(0.540163985026278,-0.261201330057077,-12.9535873754681));
#5498=CARTESIAN_POINT('',(0.539395834495429,-0.26278329110347,-12.9536590811848));
#5499=CARTESIAN_POINT('',(0.538265823842509,-0.265086087850143,-12.9537693496626));
#5500=CARTESIAN_POINT('',(0.537892855009908,-0.265841995805166,-12.9538065574722));
#5501=CARTESIAN_POINT('',(0.537154601727693,-0.267330552027161,-12.9538818763924));
#5502=CARTESIAN_POINT('',(0.537075091850072,-0.267492863794039,-12.9538894863254));
#5503=CARTESIAN_POINT('',(0.531251367231742,-0.279115600908244,-12.9545110617722));
#5504=CARTESIAN_POINT('',(0.526243228815298,-0.288371316155514,-12.9553753854982));
#5505=CARTESIAN_POINT('',(0.519210253758387,-0.300737760109959,-12.9571395894138));
#5506=CARTESIAN_POINT('',(0.516945236972138,-0.304607069326186,-12.9578056104401));
#5507=CARTESIAN_POINT('',(0.51260503127716,-0.311855618229029,-12.9592935586016));
#5508=CARTESIAN_POINT('',(0.510826297916768,-0.31476131414366,-12.9599798404643));
#5509=CARTESIAN_POINT('',(0.499510262940384,-0.332837139775505,-12.9651574677751));
#5510=CARTESIAN_POINT('',(0.489325628197687,-0.347737763649,-12.9719112500731));
#5511=CARTESIAN_POINT('',(0.477832738570105,-0.362871704532875,-12.9812784417072));
#5512=CARTESIAN_POINT('',(0.549954041761092,-0.239896961111722,-12.5663961926086));
#5513=CARTESIAN_POINT('',(0.544385669683046,-0.252662227983632,-12.5672319965528));
#5514=CARTESIAN_POINT('',(0.540499405726668,-0.260675125433825,-12.5698474104003));
#5515=CARTESIAN_POINT('',(0.531933139447017,-0.277737760790392,-12.5828787545965));
#5516=CARTESIAN_POINT('',(0.528258787345355,-0.284559028509533,-12.5920365432116));
#5517=CARTESIAN_POINT('',(0.522870620550114,-0.294342489762203,-12.6124902964802));
#5518=CARTESIAN_POINT('',(0.520806768424418,-0.297931696929953,-12.6261206734868));
#5519=CARTESIAN_POINT('',(0.519082030983388,-0.300926620926777,-12.6458348736145));
#5520=CARTESIAN_POINT('',(0.518535537591687,-0.301862700060542,-12.6586550975461));
#5521=CARTESIAN_POINT('',(0.518313988414928,-0.302242633348457,-12.674438444978));
#5522=CARTESIAN_POINT('',(0.549954041761093,-0.239896961111722,-12.5663961926086));
#5523=CARTESIAN_POINT('',(0.518313988414928,-0.302242633348457,-12.674438444978));
#5524=CARTESIAN_POINT('',(0.575555528139107,-0.169516471260211,-12.694349088629));
#5525=CARTESIAN_POINT('',(0.57487510070375,-0.171826711492358,-12.6747604549576));
#5526=CARTESIAN_POINT('',(0.574148619930148,-0.174242105321812,-12.6581429768372));
#5527=CARTESIAN_POINT('',(0.572983718356805,-0.178020773385234,-12.6376734948729));
#5528=CARTESIAN_POINT('',(0.572582882451904,-0.179306255641542,-12.6315931233158));
#5529=CARTESIAN_POINT('',(0.571962015811536,-0.181273067817821,-12.6235867496269));
#5530=CARTESIAN_POINT('',(0.571751791143484,-0.181935103115429,-12.6211036556716));
#5531=CARTESIAN_POINT('',(0.571431446349827,-0.182937763263618,-12.6176575606504));
#5532=CARTESIAN_POINT('',(0.571323830100018,-0.183273584498561,-12.6165552866287));
#5533=CARTESIAN_POINT('',(0.571106910705936,-0.183948422551069,-12.6144435872223));
#5534=CARTESIAN_POINT('',(0.57108479805925,-0.184017838076327,-12.6141963985667));
#5535=CARTESIAN_POINT('',(0.567729916676643,-0.194391449665553,-12.5848673560528));
#5536=CARTESIAN_POINT('',(0.561025842321621,-0.214515307923544,-12.567424513344));
#5537=CARTESIAN_POINT('',(0.549954041761092,-0.239896961111722,-12.5663961926086));
#5538=CARTESIAN_POINT('',(0.575555528139163,-0.169516471260228,-12.694349088629));
#5539=CARTESIAN_POINT('',(0.582920357101331,-0.142140273240403,-12.8429843586743));
#5540=CARTESIAN_POINT('',(0.58035608286612,-0.152656417742019,-12.8100531406935));
#5541=CARTESIAN_POINT('',(0.577837581312992,-0.161768266557902,-12.7605083938711));
#5542=CARTESIAN_POINT('',(0.575555528139107,-0.169516471260211,-12.694349088629));
#5543=CARTESIAN_POINT('',(0.58292035710074,-0.142140273243156,-12.8429843586657));
#5544=CARTESIAN_POINT('',(0.576076069090739,-0.16773897168208,-12.8425213204499));
#5545=CARTESIAN_POINT('',(0.578545562941707,-0.159257839980585,-12.8426756665427));
#5546=CARTESIAN_POINT('',(0.580827733501568,-0.150722168211082,-12.8428300125815));
#5547=CARTESIAN_POINT('',(0.582920357101331,-0.142140273240403,-12.8429843586743));
#5548=CARTESIAN_POINT('',(0.576076069090759,-0.167738971682085,-12.8425213204499));
#5549=CARTESIAN_POINT('',(0.551816978230087,-0.235580182818962,-12.8278584433426));
#5550=CARTESIAN_POINT('',(0.553995815663135,-0.230476529897176,-12.8307527944917));
#5551=CARTESIAN_POINT('',(0.55616581097105,-0.225197652447443,-12.8331866985512));
#5552=CARTESIAN_POINT('',(0.55938746464016,-0.217012124992326,-12.8361468390719));
#5553=CARTESIAN_POINT('',(0.560455780153887,-0.214239083149023,-12.8370184358136));
#5554=CARTESIAN_POINT('',(0.562577759951321,-0.208603284405088,-12.838531395767));
#5555=CARTESIAN_POINT('',(0.563880886357363,-0.205046037090818,-12.8392984415861));
#5556=CARTESIAN_POINT('',(0.567856198006542,-0.19397896689743,-12.841301260781));
#5557=CARTESIAN_POINT('',(0.571827393805749,-0.182330453509326,-12.8422419987809));
#5558=CARTESIAN_POINT('',(0.576076069090739,-0.16773897168208,-12.8425213204499));
#5559=CARTESIAN_POINT('',(0.55181697823009,-0.235580182818964,-12.8278584433426));
#5560=CARTESIAN_POINT('',(0.518313988414928,-0.302242633348457,-12.674438444978));
#5561=CARTESIAN_POINT('',(0.519170389319842,-0.300773996830206,-12.744550019289));
#5562=CARTESIAN_POINT('',(0.532931402465405,-0.27981727112537,-12.7956578875788));
#5563=CARTESIAN_POINT('',(0.551816978230087,-0.235580182818962,-12.8278584433426));
#5564=CARTESIAN_POINT('',(0.,0.,0.));
#5565=CARTESIAN_POINT('',(0.599999963257774,-4.54375627078694E-6,-12.5862973308715));
#5566=CARTESIAN_POINT('',(0.599999970957913,-0.00011250486575927,-12.5862414647894));
#5567=CARTESIAN_POINT('',(0.599999969245037,-0.000213153362521586,-12.5861896128447));
#5568=CARTESIAN_POINT('',(0.599999363917719,-0.00140200161438905,-12.5855816813225));
#5569=CARTESIAN_POINT('',(0.599995774042923,-0.00260801794453503,-12.5850015412702));
#5570=CARTESIAN_POINT('',(0.599952761346867,-0.00918554210273529,-12.58200367878));
#5571=CARTESIAN_POINT('',(0.599845326163567,-0.0162001501834047,-12.5792945798816));
#5572=CARTESIAN_POINT('',(0.599480625703652,-0.0249595554038546,-12.5762743413967));
#5573=CARTESIAN_POINT('',(0.599999981628719,-2.28007042835405E-6,-12.5862973732664));
#5574=CARTESIAN_POINT('',(0.599480625703652,-0.0249595554038546,-12.5762743413967));
#5575=CARTESIAN_POINT('',(0.599999963257774,-4.54375627078694E-6,-12.5862973308715));
#5576=CARTESIAN_POINT('',(0.599999999991293,-2.28566610644004E-6,-12.5851345174922));
#5577=CARTESIAN_POINT('',(0.600003263859427,-3.51048677905347E-6,-12.4818365061223));
#5578=CARTESIAN_POINT('',(0.59979070053949,-0.0158466257085845,-12.4774928535161));
#5579=CARTESIAN_POINT('',(0.5999960016606,-0.00807603116584075,-12.4795520456413));
#5580=CARTESIAN_POINT('',(0.600023235966451,-0.00473046124397211,-12.4804179037864));
#5581=CARTESIAN_POINT('',(0.600003263905772,-7.02097355810693E-6,-12.4818388360222));
#5582=CARTESIAN_POINT('',(0.59979070053949,-0.0158466257085845,-12.4774928535161));
#5583=CARTESIAN_POINT('',(0.599480625703652,-0.0249595554038546,-12.5762743413967));
#5584=CARTESIAN_POINT('',(0.599607063755942,-0.0219227560108586,-12.5433471787693));
#5585=CARTESIAN_POINT('',(0.599710426013059,-0.0188849958530492,-12.5104200161434));
#5586=CARTESIAN_POINT('',(0.59979070053949,-0.0158466257085845,-12.4774928535161));
#5587=CARTESIAN_POINT('',(0.,0.,0.));
#5588=CARTESIAN_POINT('',(0.,0.,-12.3194424729071));
#5589=CARTESIAN_POINT('',(0.549897061404236,-0.240027543958991,-12.3194424729071));
#5590=CARTESIAN_POINT('',(0.6,-7.34788079488412E-17,-12.3194424729071));
#5591=CARTESIAN_POINT('',(0.6,0.,-12.3194424729071));
#5592=CARTESIAN_POINT('',(0.6,-7.34788079488412E-17,-12.2206609850265));
#5593=CARTESIAN_POINT('',(0.,0.,-12.2206609850265));
#5594=CARTESIAN_POINT('',(0.551199758607549,-0.237020729285392,-12.2206609850265));
#5595=CARTESIAN_POINT('',(0.472263156901351,-0.370091219341353,-12.3486138810468));
#5596=CARTESIAN_POINT('',(0.472469515591847,-0.369827890730637,-12.3353271072883));
#5597=CARTESIAN_POINT('',(0.472987830912472,-0.369167064060387,-12.3235588026977));
#5598=CARTESIAN_POINT('',(0.474225704244285,-0.367573712034165,-12.3081840497989));
#5599=CARTESIAN_POINT('',(0.474714967501967,-0.366942169344812,-12.303438749484));
#5600=CARTESIAN_POINT('',(0.475562018883478,-0.365842835380082,-12.2968902249889));
#5601=CARTESIAN_POINT('',(0.475863222739582,-0.365451049627737,-12.2948022878201));
#5602=CARTESIAN_POINT('',(0.476502964175237,-0.364616513013782,-12.2908162221415));
#5603=CARTESIAN_POINT('',(0.4766776227411,-0.364388779099876,-12.2897458698024));
#5604=CARTESIAN_POINT('',(0.479281984879878,-0.36097173388742,-12.2765908680475));
#5605=CARTESIAN_POINT('',(0.482041282645179,-0.357308120764759,-12.2672731687631));
#5606=CARTESIAN_POINT('',(0.488783239309209,-0.348028499277072,-12.2510503744333));
#5607=CARTESIAN_POINT('',(0.493170201120885,-0.341813696139866,-12.2436329910096));
#5608=CARTESIAN_POINT('',(0.501352496422357,-0.329695502658865,-12.2332599819146));
#5609=CARTESIAN_POINT('',(0.506134012610813,-0.322384115777416,-12.2294799621988));
#5610=CARTESIAN_POINT('',(0.514100011720797,-0.309397749111809,-12.2259196598725));
#5611=CARTESIAN_POINT('',(0.516547803438179,-0.305288377041855,-12.2251767610365));
#5612=CARTESIAN_POINT('',(0.520129308949115,-0.299117299015838,-12.2241252308239));
#5613=CARTESIAN_POINT('',(0.521312151296946,-0.297051041065585,-12.2238069598917));
#5614=CARTESIAN_POINT('',(0.523655529843623,-0.292900266562174,-12.2232348963048));
#5615=CARTESIAN_POINT('',(0.525071137974235,-0.290351085429439,-12.2229319295013));
#5616=CARTESIAN_POINT('',(0.533118501437259,-0.275691202283373,-12.221380515196));
#5617=CARTESIAN_POINT('',(0.541912424111362,-0.258618741188571,-12.2206809991893));
#5618=CARTESIAN_POINT('',(0.551199758607549,-0.237020729285392,-12.2206609850265));
#5619=CARTESIAN_POINT('',(0.472263156901353,-0.370091219341352,-12.348613881047));
#5620=CARTESIAN_POINT('',(0.477056155045969,-0.363892051208536,-12.4182239607877));
#5621=CARTESIAN_POINT('',(0.474034211369091,-0.367853766850494,-12.3920878681626));
#5622=CARTESIAN_POINT('',(0.472412007813015,-0.369901274814772,-12.3688845325637));
#5623=CARTESIAN_POINT('',(0.472263156901351,-0.370091219341353,-12.3486138810468));
#5624=CARTESIAN_POINT('',(0.477056155046106,-0.363892051208627,-12.4182239607877));
#5625=CARTESIAN_POINT('',(0.519458551640687,-0.300271232600394,-12.4083458119996));
#5626=CARTESIAN_POINT('',(0.506695563208983,-0.322350748603057,-12.4116385539278));
#5627=CARTESIAN_POINT('',(0.492523337831822,-0.343614843380812,-12.4149312188596));
#5628=CARTESIAN_POINT('',(0.477056155045969,-0.363892051208536,-12.4182239607877));
#5629=CARTESIAN_POINT('',(0.519458551640828,-0.300271232600476,-12.4083458119996));
#5630=CARTESIAN_POINT('',(0.518313988414928,-0.302242633348457,-12.3696049472215));
#5631=CARTESIAN_POINT('',(0.518376214087708,-0.302135922934102,-12.3801505610635));
#5632=CARTESIAN_POINT('',(0.518759826840979,-0.301480001649991,-12.3930641824034));
#5633=CARTESIAN_POINT('',(0.519458551640687,-0.300271232600394,-12.4083458119996));
#5634=CARTESIAN_POINT('',(0.518313988414961,-0.302242633348402,-12.3696049472268));
#5635=CARTESIAN_POINT('',(0.549897061404236,-0.240027543958991,-12.3194424729071));
#5636=CARTESIAN_POINT('',(0.544784458039878,-0.251740389575853,-12.3195300585005));
#5637=CARTESIAN_POINT('',(0.540243267388374,-0.2611574545358,-12.3200259447531));
#5638=CARTESIAN_POINT('',(0.534791396584283,-0.272056360234334,-12.3213822581521));
#5639=CARTESIAN_POINT('',(0.533198305473185,-0.275150809881098,-12.3219364414534));
#5640=CARTESIAN_POINT('',(0.531185895937054,-0.279004738744658,-12.3229208346577));
#5641=CARTESIAN_POINT('',(0.530577814794738,-0.280158034238226,-12.3232744854345));
#5642=CARTESIAN_POINT('',(0.529763571443077,-0.281692906898669,-12.3238432411629));
#5643=CARTESIAN_POINT('',(0.529508460996571,-0.282172015274245,-12.3240392063328));
#5644=CARTESIAN_POINT('',(0.529031372719352,-0.283065475022237,-12.3244438965271));
#5645=CARTESIAN_POINT('',(0.529071600926237,-0.282991549504838,-12.3243777386547));
#5646=CARTESIAN_POINT('',(0.52673464614946,-0.287343398237397,-12.3268276778961));
#5647=CARTESIAN_POINT('',(0.525094861129261,-0.290316105241938,-12.3293556638334));
#5648=CARTESIAN_POINT('',(0.523017505585142,-0.294031805062476,-12.3339996945556));
#5649=CARTESIAN_POINT('',(0.522388639041652,-0.295146422441577,-12.3356897134324));
#5650=CARTESIAN_POINT('',(0.521262759223673,-0.297130336260663,-12.339353768458));
#5651=CARTESIAN_POINT('',(0.520635543929094,-0.298226409228452,-12.3419696269771));
#5652=CARTESIAN_POINT('',(0.519140224009204,-0.300830849538254,-12.349340739051));
#5653=CARTESIAN_POINT('',(0.518459900703307,-0.301992409284067,-12.3580611052878));
#5654=CARTESIAN_POINT('',(0.518313988414928,-0.302242633348457,-12.3696049472215));
#5655=CARTESIAN_POINT('',(0.,0.,0.));
#5656=CARTESIAN_POINT('',(0.645510732424923,-0.0762620110162313,-11.9934635629011));
#5657=CARTESIAN_POINT('',(0.647402871408939,-0.0602462253695357,-11.9914150837825));
#5658=CARTESIAN_POINT('',(0.64836728145609,-0.0477616756210964,-11.9890987504315));
#5659=CARTESIAN_POINT('',(0.649738159528967,-0.0223971733217827,-11.9817233218018));
#5660=CARTESIAN_POINT('',(0.650000001709356,-0.00956350361082688,-11.9755218115812));
#5661=CARTESIAN_POINT('',(0.650002413215116,1.16184867359158E-7,-11.9690922931272));
#5662=CARTESIAN_POINT('',(0.645510732424923,-0.0762620110162313,-11.9934635629011));
#5663=CARTESIAN_POINT('',(0.650001206607553,5.91600840871549E-8,-11.969092294713));
#5664=CARTESIAN_POINT('',(0.650002413215116,1.16184867359158E-7,-11.9690922931272));
#5665=CARTESIAN_POINT('',(0.650000086365566,-2.68247828478778E-7,-11.7677961815969));
#5666=CARTESIAN_POINT('',(0.649999465404473,-7.90129817602764E-7,-11.7042469896851));
#5667=CARTESIAN_POINT('',(0.649999465404499,-7.82300267592288E-7,-11.7042464424686));
#5668=CARTESIAN_POINT('',(0.650000000248786,-0.0104313310113944,-11.6966406059912));
#5669=CARTESIAN_POINT('',(0.649707586587377,-0.023397111090337,-11.6897510135408));
#5670=CARTESIAN_POINT('',(0.648262029232465,-0.0492312332973063,-11.6809223123155));
#5671=CARTESIAN_POINT('',(0.647355453227676,-0.0606475909316199,-11.6789840731864));
#5672=CARTESIAN_POINT('',(0.645510732424923,-0.0762620110162313,-11.6773628016831));
#5673=CARTESIAN_POINT('',(0.645510732424923,-0.0762620110162312,-11.6773628016831));
#5674=CARTESIAN_POINT('',(0.645510732424923,-0.0762620110162313,-11.6773628016831));
#5675=CARTESIAN_POINT('',(0.,0.,0.));
#5676=CARTESIAN_POINT('',(0.586130906453333,-0.128259738422446,-12.0922450507817));
#5677=CARTESIAN_POINT('',(0.584465979414025,-0.135868246023747,-12.092090704696));
#5678=CARTESIAN_POINT('',(0.582652886180048,-0.14344432925712,-12.0919363586429));
#5679=CARTESIAN_POINT('',(0.580693000481415,-0.150982247936276,-12.0917820125572));
#5680=CARTESIAN_POINT('',(0.586130906453348,-0.12825973842245,-12.0922450507817));
#5681=CARTESIAN_POINT('',(0.580693000481431,-0.150982247936279,-12.0917820125572));
#5682=CARTESIAN_POINT('',(0.599999315595621,-1.71858076052786E-6,-12.0682549194443));
#5683=CARTESIAN_POINT('',(0.599999241343758,-0.00189296488139024,-12.0690775653957));
#5684=CARTESIAN_POINT('',(0.599991003168156,-0.00376519971349437,-12.0698646200603));
#5685=CARTESIAN_POINT('',(0.599903810408815,-0.0131005997584604,-12.0736445459018));
#5686=CARTESIAN_POINT('',(0.599690437832888,-0.0209269452548082,-12.0763729804918));
#5687=CARTESIAN_POINT('',(0.598899741534998,-0.0372244255188781,-12.0812157449168));
#5688=CARTESIAN_POINT('',(0.598226418634336,-0.0466385898472677,-12.0835201669348));
#5689=CARTESIAN_POINT('',(0.596961052180128,-0.0607248564839809,-12.0864154364176));
#5690=CARTESIAN_POINT('',(0.59616498677113,-0.0681946584476359,-12.0876500539898));
#5691=CARTESIAN_POINT('',(0.593140777022491,-0.0918522193722143,-12.0907148551991));
#5692=CARTESIAN_POINT('',(0.590281527598462,-0.109291920742,-12.091905944355));
#5693=CARTESIAN_POINT('',(0.586130906453333,-0.128259738422446,-12.0922450507817));
#5694=CARTESIAN_POINT('',(0.599999657796302,-1.22774674177331E-6,-12.0682540744357));
#5695=CARTESIAN_POINT('',(0.599999315595621,-1.71858076052786E-6,-12.0682549194443));
#5696=CARTESIAN_POINT('',(0.600000289513202,-1.04574671116384E-6,-12.02522173364));
#5697=CARTESIAN_POINT('',(0.600002226961331,-1.25218208622255E-6,-11.9690935588086));
#5698=CARTESIAN_POINT('',(0.595856060699929,-0.0703957024765212,-11.9934635629011));
#5699=CARTESIAN_POINT('',(0.596954269955958,-0.0611000406946112,-11.9921756764594));
#5700=CARTESIAN_POINT('',(0.597727619553507,-0.0527056868175479,-11.9906592705847));
#5701=CARTESIAN_POINT('',(0.59857529025017,-0.041493024135729,-11.9880417031909));
#5702=CARTESIAN_POINT('',(0.598805395606482,-0.0379851529747764,-11.9871120309311));
#5703=CARTESIAN_POINT('',(0.59918514222097,-0.0314314968715812,-11.9851383868212));
#5704=CARTESIAN_POINT('',(0.59929808163854,-0.0292460958045736,-11.9844311032167));
#5705=CARTESIAN_POINT('',(0.599768297085965,-0.0182233068454165,-11.980117673544));
#5706=CARTESIAN_POINT('',(0.599929519624307,-0.0112802774720922,-11.9765676087005));
#5707=CARTESIAN_POINT('',(0.599994492079729,-0.00307004965092651,-11.9712579371934));
#5708=CARTESIAN_POINT('',(0.600002517770374,-0.00151002977174338,-11.9701937158062));
#5709=CARTESIAN_POINT('',(0.600002226964098,7.12991188801467E-8,-11.9690923053733));
#5710=CARTESIAN_POINT('',(0.595856060699929,-0.0703957024765212,-11.9934635629011));
#5711=CARTESIAN_POINT('',(0.595856060699929,-0.0703957024765212,-11.6773628016831));
#5712=CARTESIAN_POINT('',(0.595856060699929,-0.0703957024765211,-11.6773628016831));
#5713=CARTESIAN_POINT('',(0.599999506809042,2.07993856529657E-7,-11.7042488552342));
#5714=CARTESIAN_POINT('',(0.599997097308783,-0.00569230062677797,-11.6997525777738));
#5715=CARTESIAN_POINT('',(0.599913834866048,-0.0120240171972713,-11.6955938913818));
#5716=CARTESIAN_POINT('',(0.599220259436289,-0.034582555052679,-11.6834874604792));
#5717=CARTESIAN_POINT('',(0.598332466733368,-0.0494344578001023,-11.6797206130859));
#5718=CARTESIAN_POINT('',(0.595856060699929,-0.0703957024765212,-11.6773628016831));
#5719=CARTESIAN_POINT('',(0.599999753404521,1.04466949450599E-7,-11.7042488546391));
#5720=CARTESIAN_POINT('',(0.599999506809042,2.07993856529657E-7,-11.7042488552342));
#5721=CARTESIAN_POINT('',(0.599999916593318,1.79728214624601E-7,-11.688336004412));
#5722=CARTESIAN_POINT('',(0.600001557000097,1.17176209806576E-6,-11.6042885083367));
#5723=CARTESIAN_POINT('',(0.585044716983146,-0.133126553061777,-11.5785813138025));
#5724=CARTESIAN_POINT('',(0.589708509228487,-0.112630814597209,-11.5789456506187));
#5725=CARTESIAN_POINT('',(0.592555180437821,-0.0952778326053627,-11.5800252180486));
#5726=CARTESIAN_POINT('',(0.59542543823097,-0.0742860977564149,-11.5827177695981));
#5727=CARTESIAN_POINT('',(0.596461761082102,-0.0656097257912858,-11.5841826954737));
#5728=CARTESIAN_POINT('',(0.598071554539546,-0.0488025020078091,-11.5877148065846));
#5729=CARTESIAN_POINT('',(0.598656339034954,-0.0410171351528031,-11.5896584919926));
#5730=CARTESIAN_POINT('',(0.599726922724407,-0.0213150244145969,-11.5954970961739));
#5731=CARTESIAN_POINT('',(0.600005215566074,-0.0105304143050258,-11.5994876095042));
#5732=CARTESIAN_POINT('',(0.60000155700071,1.15942896210974E-6,-11.6042898051675));
#5733=CARTESIAN_POINT('',(0.585044716983146,-0.133126553061777,-11.5785813138025));
#5734=CARTESIAN_POINT('',(0.472263156901351,-0.370091219341353,-11.8440565624817));
#5735=CARTESIAN_POINT('',(0.472555791060572,-0.369717796994028,-11.8221864072648));
#5736=CARTESIAN_POINT('',(0.473421523073884,-0.368615631419356,-11.803395740891));
#5737=CARTESIAN_POINT('',(0.475556662932172,-0.365851357657571,-11.7798289756472));
#5738=CARTESIAN_POINT('',(0.476672091108173,-0.364401537097469,-11.7703021310494));
#5739=CARTESIAN_POINT('',(0.479310290806979,-0.360924379623995,-11.7523391478766));
#5740=CARTESIAN_POINT('',(0.480733146930386,-0.359033662095408,-11.7442386405006));
#5741=CARTESIAN_POINT('',(0.486236367746085,-0.351585424871429,-11.7180207463054));
#5742=CARTESIAN_POINT('',(0.490847343824798,-0.345196569408136,-11.7017580527234));
#5743=CARTESIAN_POINT('',(0.501618184327347,-0.329349333722024,-11.6716644706554));
#5744=CARTESIAN_POINT('',(0.508172737373145,-0.319233197624816,-11.657089833374));
#5745=CARTESIAN_POINT('',(0.520750879136879,-0.298274852029547,-11.6333473590895));
#5746=CARTESIAN_POINT('',(0.527400447813892,-0.286477250448596,-11.6230491530384));
#5747=CARTESIAN_POINT('',(0.537543459454864,-0.266649847256692,-11.6099613905988));
#5748=CARTESIAN_POINT('',(0.540951627339559,-0.259685630893204,-11.6059920608917));
#5749=CARTESIAN_POINT('',(0.546049336320056,-0.248689454556996,-11.6006279529902));
#5750=CARTESIAN_POINT('',(0.547746086460461,-0.244932440378961,-11.5989382314663));
#5751=CARTESIAN_POINT('',(0.551124644083648,-0.237232591071327,-11.5957554173048));
#5752=CARTESIAN_POINT('',(0.553156662120366,-0.232442728383843,-11.5939696718161));
#5753=CARTESIAN_POINT('',(0.565026638494028,-0.203733764258664,-11.584050543728));
#5754=CARTESIAN_POINT('',(0.57622699896972,-0.171877344853166,-11.5792889933344));
#5755=CARTESIAN_POINT('',(0.585044716983146,-0.133126553061777,-11.5785813138025));
#5756=CARTESIAN_POINT('',(0.472263156901351,-0.370091219341353,-11.8440565624817));
#5757=CARTESIAN_POINT('',(0.551143461192633,-0.237151608016063,-12.0891581292854));
#5758=CARTESIAN_POINT('',(0.530936728197677,-0.284112321693709,-12.0723175572651));
#5759=CARTESIAN_POINT('',(0.510241556199329,-0.316734920296494,-12.0435051382355));
#5760=CARTESIAN_POINT('',(0.481127193351309,-0.359421868040652,-11.9618046159676));
#5761=CARTESIAN_POINT('',(0.472641583982063,-0.369608319022583,-11.9089383784205));
#5762=CARTESIAN_POINT('',(0.472263156901351,-0.370091219341353,-11.8440565624817));
#5763=CARTESIAN_POINT('',(0.551143461192633,-0.237151608016063,-12.0891581292854));
#5764=CARTESIAN_POINT('',(0.554683708485757,-0.228748734511227,-11.9923831403774));
#5765=CARTESIAN_POINT('',(0.553524932057749,-0.231558605384466,-12.0246414700139));
#5766=CARTESIAN_POINT('',(0.552344804202553,-0.23435967103488,-12.0568997996489));
#5767=CARTESIAN_POINT('',(0.551143461192633,-0.237151608016063,-12.0891581292854));
#5768=CARTESIAN_POINT('',(0.554683708485757,-0.228748734511227,-11.9923831403774));
#5769=CARTESIAN_POINT('',(0.518313988414928,-0.302242633348457,-11.8456000232298));
#5770=CARTESIAN_POINT('',(0.518463682470909,-0.301985923954624,-11.855216165783));
#5771=CARTESIAN_POINT('',(0.518717345682512,-0.301550692059466,-11.8638084111203));
#5772=CARTESIAN_POINT('',(0.519251768732988,-0.300628885531693,-11.8751609332625));
#5773=CARTESIAN_POINT('',(0.519455547118852,-0.300276780256458,-11.8786891330015));
#5774=CARTESIAN_POINT('',(0.519799260886996,-0.299681132088367,-11.8835974711474));
#5775=CARTESIAN_POINT('',(0.519920172082973,-0.29947133371313,-11.8851695902856));
#5776=CARTESIAN_POINT('',(0.520174592907701,-0.29902919246792,-11.8881858414078));
#5777=CARTESIAN_POINT('',(0.520251550395664,-0.298895433167397,-11.8890715324772));
#5778=CARTESIAN_POINT('',(0.522018393205554,-0.295815414118069,-11.9065187463705));
#5779=CARTESIAN_POINT('',(0.524468527984838,-0.291512240752426,-11.9206603848123));
#5780=CARTESIAN_POINT('',(0.529342219919185,-0.282503929264355,-11.9400551907751));
#5781=CARTESIAN_POINT('',(0.531205752862298,-0.278999833064166,-11.9461781007241));
#5782=CARTESIAN_POINT('',(0.5343151764283,-0.272969608050701,-11.9548494275898));
#5783=CARTESIAN_POINT('',(0.535403868863723,-0.270830468887825,-11.9576543635354));
#5784=CARTESIAN_POINT('',(0.537676633375709,-0.266289848837699,-11.9630932227407));
#5785=CARTESIAN_POINT('',(0.539168157663762,-0.263253017086283,-11.9663658825473));
#5786=CARTESIAN_POINT('',(0.543764212930743,-0.25375526129102,-11.9759142843956));
#5787=CARTESIAN_POINT('',(0.548820421152796,-0.242966386769342,-11.9839493020572));
#5788=CARTESIAN_POINT('',(0.554683708485757,-0.228748734511227,-11.9923831403774));
#5789=CARTESIAN_POINT('',(0.518313988414928,-0.302242633348457,-11.8456000232298));
#5790=CARTESIAN_POINT('',(0.580693000481415,-0.150982247936276,-11.6773628016831));
#5791=CARTESIAN_POINT('',(0.577532981331784,-0.163136001285826,-11.6784816301146));
#5792=CARTESIAN_POINT('',(0.57427662119527,-0.174105929669251,-11.6800652595804));
#5793=CARTESIAN_POINT('',(0.569531016540353,-0.188841333658377,-11.6831381667458));
#5794=CARTESIAN_POINT('',(0.567971700100926,-0.19346658028345,-11.684278698439));
#5795=CARTESIAN_POINT('',(0.565696353599585,-0.199982319155121,-11.6861638399358));
#5796=CARTESIAN_POINT('',(0.564948470190765,-0.20208388065294,-11.6868212777609));
#5797=CARTESIAN_POINT('',(0.563478334409917,-0.206147605955692,-11.6881942680635));
#5798=CARTESIAN_POINT('',(0.562983114204931,-0.207502144275625,-11.6886708259676));
#5799=CARTESIAN_POINT('',(0.558311251746704,-0.220005850637807,-11.6935888478531));
#5800=CARTESIAN_POINT('',(0.554591829861054,-0.229150566482056,-11.6983737694019));
#5801=CARTESIAN_POINT('',(0.547420381709092,-0.245790572555482,-11.7096446205805));
#5802=CARTESIAN_POINT('',(0.544194444243283,-0.252815778801532,-11.7156159776729));
#5803=CARTESIAN_POINT('',(0.537293280662031,-0.267169125670825,-11.731317990088));
#5804=CARTESIAN_POINT('',(0.534119505189888,-0.273409579459235,-11.73985617396));
#5805=CARTESIAN_POINT('',(0.529912470554846,-0.281428293782894,-11.7536942162648));
#5806=CARTESIAN_POINT('',(0.528601958484729,-0.283877447624935,-11.7584786914491));
#5807=CARTESIAN_POINT('',(0.526182554077243,-0.28833722543003,-11.76839123065));
#5808=CARTESIAN_POINT('',(0.524937105654362,-0.290592817005495,-11.7742424634935));
#5809=CARTESIAN_POINT('',(0.520616122139908,-0.298344191120754,-11.7971259115224));
#5810=CARTESIAN_POINT('',(0.518642092112882,-0.301679970383222,-11.8193862090064));
#5811=CARTESIAN_POINT('',(0.518313988414928,-0.302242633348457,-11.8456000232298));
#5812=CARTESIAN_POINT('',(0.580693000481415,-0.150982247936276,-11.6773628016831));
#5813=CARTESIAN_POINT('',(0.580693000481415,-0.150982247936276,-12.0917820125572));
#5814=CARTESIAN_POINT('',(0.,0.,0.));
#5815=CARTESIAN_POINT('',(0.,0.,-11.4711564457324));
#5816=CARTESIAN_POINT('',(0.477832738570105,-0.362871704532875,-11.4711564457324));
#5817=CARTESIAN_POINT('',(0.598999473898895,-0.0346356791307337,-11.4711564457324));
#5818=CARTESIAN_POINT('',(0.59999981510621,4.93735230748482E-6,-11.4692845459105));
#5819=CARTESIAN_POINT('',(0.599999849529857,-0.000308996470626031,-11.4693226464862));
#5820=CARTESIAN_POINT('',(0.599999757722099,-0.00060227822976003,-11.4693576247482));
#5821=CARTESIAN_POINT('',(0.599986568360421,-0.00969193777668686,-11.4704123726778));
#5822=CARTESIAN_POINT('',(0.599790487128868,-0.0209556670595834,-11.4710015857227));
#5823=CARTESIAN_POINT('',(0.598999473898895,-0.0346356791307338,-11.4711564457324));
#5824=CARTESIAN_POINT('',(0.599999907553105,2.46867691439721E-6,-11.4692844383247));
#5825=CARTESIAN_POINT('',(0.59999981510621,4.93735230748482E-6,-11.4692845459105));
#5826=CARTESIAN_POINT('',(0.599999831238,5.22807731633176E-9,-11.4006509859271));
#5827=CARTESIAN_POINT('',(0.599999792187059,-1.73566742571591E-6,-11.3655316282627));
#5828=CARTESIAN_POINT('',(0.596119213140268,-0.068131371078434,-11.3723749578518));
#5829=CARTESIAN_POINT('',(0.59842635677994,-0.0479448897363882,-11.3720138631561));
#5830=CARTESIAN_POINT('',(0.599323373535293,-0.0313067054495383,-11.3709461376391));
#5831=CARTESIAN_POINT('',(0.599918341504569,-0.0118379683376977,-11.3682842604387));
#5832=CARTESIAN_POINT('',(0.5999854311376,-0.00626121207587813,-11.3672202722562));
#5833=CARTESIAN_POINT('',(0.599999119362598,-0.00113045032336157,-11.365854396761));
#5834=CARTESIAN_POINT('',(0.59999959464261,-0.000591881847799429,-11.365703300348));
#5835=CARTESIAN_POINT('',(0.599999584379755,-2.51048704558124E-6,-11.3655332769864));
#5836=CARTESIAN_POINT('',(0.596119213140268,-0.0681313710784343,-11.3723749578518));
#5837=CARTESIAN_POINT('',(0.,0.,-11.3723749578518));
#5838=CARTESIAN_POINT('',(0.477832738570104,-0.362871704532875,-11.3723749578518));
#5839=CARTESIAN_POINT('',(0.477832738570105,-0.362871704532875,-11.4711564457324));
#5840=CARTESIAN_POINT('',(0.,0.,0.));
#5841=CARTESIAN_POINT('',(0.,0.,-11.1451775357264));
#5842=CARTESIAN_POINT('',(0.477832738570105,-0.362871704532875,-11.1451775357264));
#5843=CARTESIAN_POINT('',(0.592774234827617,-0.0928369889889436,-11.1451775357264));
#5844=CARTESIAN_POINT('',(0.599999250075357,-6.05552912295033E-8,-11.165687369495));
#5845=CARTESIAN_POINT('',(0.599998526088651,-0.00382740256048802,-11.1634609042069));
#5846=CARTESIAN_POINT('',(0.599962883559647,-0.00777083815700561,-11.1614836997254));
#5847=CARTESIAN_POINT('',(0.599725817733149,-0.019873000175124,-11.1560990514637));
#5848=CARTESIAN_POINT('',(0.599389321358897,-0.0286865933188743,-11.153158555084));
#5849=CARTESIAN_POINT('',(0.598632729083336,-0.0405525661326685,-11.1503245074263));
#5850=CARTESIAN_POINT('',(0.59841035050705,-0.0436812753447999,-11.1496597381479));
#5851=CARTESIAN_POINT('',(0.598148121293255,-0.0471362535960218,-11.1489812404402));
#5852=CARTESIAN_POINT('',(0.598003681664871,-0.0489403560307207,-11.1486622723507));
#5853=CARTESIAN_POINT('',(0.597524122227079,-0.0545817761654696,-11.1477662103755));
#5854=CARTESIAN_POINT('',(0.59714293484724,-0.0586482734471369,-11.1472499587828));
#5855=CARTESIAN_POINT('',(0.595758530474479,-0.0717564758896932,-11.1459445731772));
#5856=CARTESIAN_POINT('',(0.594517205872506,-0.0817079299930313,-11.1453988191735));
#5857=CARTESIAN_POINT('',(0.592774234827617,-0.0928369889889436,-11.1451775357264));
#5858=CARTESIAN_POINT('',(0.599999625037461,2.10635446255175E-7,-11.1656869030501));
#5859=CARTESIAN_POINT('',(0.599999250075357,-6.05552912295033E-8,-11.165687369495));
#5860=CARTESIAN_POINT('',(0.599999930813245,1.15957802574279E-7,-11.1318178539062));
#5861=CARTESIAN_POINT('',(0.600001544403686,1.90736219786918E-6,-11.0386224943315));
#5862=CARTESIAN_POINT('',(0.597183091039099,-0.0580719878856211,-11.0463960478457));
#5863=CARTESIAN_POINT('',(0.5987784941082,-0.0416656658197074,-11.0462632133959));
#5864=CARTESIAN_POINT('',(0.599515020466911,-0.0271751103136527,-11.0449332657446));
#5865=CARTESIAN_POINT('',(0.599946675144703,-0.00951255757005574,-11.0413670494081));
#5866=CARTESIAN_POINT('',(0.600010456324793,-0.00544507980239166,-11.04043572031));
#5867=CARTESIAN_POINT('',(0.600001544442894,1.15030621395901E-6,-11.0386184904919));
#5868=CARTESIAN_POINT('',(0.597183091039099,-0.0580719878856211,-11.0463960478457));
#5869=CARTESIAN_POINT('',(0.,0.,-11.0463960478457));
#5870=CARTESIAN_POINT('',(0.477832738570104,-0.362871704532875,-11.0463960478457));
#5871=CARTESIAN_POINT('',(0.477832738570105,-0.362871704532875,-11.1451775357264));
#5872=CARTESIAN_POINT('',(0.,0.,0.));
#5873=CARTESIAN_POINT('',(0.599999243337376,-2.53009174071273E-6,-10.8428131758832));
#5874=CARTESIAN_POINT('',(0.599998610425573,-0.00117762067600534,-10.8421110568619));
#5875=CARTESIAN_POINT('',(0.599996216182636,-0.00226542840073685,-10.8414762532729));
#5876=CARTESIAN_POINT('',(0.599861213974274,-0.0289579072536768,-10.8264332774701));
#5877=CARTESIAN_POINT('',(0.598500991410397,-0.0698102898980065,-10.8191518097724));
#5878=CARTESIAN_POINT('',(0.58702970612078,-0.124081119159001,-10.8191986257203));
#5879=CARTESIAN_POINT('',(0.59999962165812,-2.52212078155425E-6,-10.8428152628619));
#5880=CARTESIAN_POINT('',(0.587030076263999,-0.124081197396583,-10.8191986257203));
#5881=CARTESIAN_POINT('',(0.599999243337376,-2.53009174071273E-6,-10.8428131758832));
#5882=CARTESIAN_POINT('',(0.599999999997333,-1.26504746578472E-6,-10.7204171378255));
#5883=CARTESIAN_POINT('',(0.,0.,-10.7204171378397));
#5884=CARTESIAN_POINT('',(0.477832738570104,-0.362871704532875,-10.7204171378397));
#5885=CARTESIAN_POINT('',(0.477832738570104,-0.362871704532875,-10.8191986257203));
#5886=CARTESIAN_POINT('',(0.477832738570104,-0.362871704532875,-10.8191986257203));
#5887=CARTESIAN_POINT('',(0.,0.,-10.8191986257203));
#5888=CARTESIAN_POINT('',(0.,0.,0.));
#5889=CARTESIAN_POINT('',(0.600020602709546,8.17015875344825E-6,-10.5779319417458));
#5890=CARTESIAN_POINT('',(0.600065674956421,-0.00762101183624254,-10.5789267302542));
#5891=CARTESIAN_POINT('',(0.599901915647111,-0.013912125271758,-10.5790808015925));
#5892=CARTESIAN_POINT('',(0.599075175195215,-0.0358304059844518,-10.5801901016754));
#5893=CARTESIAN_POINT('',(0.598045588656308,-0.052169160354254,-10.5806457246536));
#5894=CARTESIAN_POINT('',(0.595721258889819,-0.0715274891683522,-10.5808882862084));
#5895=CARTESIAN_POINT('',(0.600020600978619,8.34394665835702E-6,-10.577965991856));
#5896=CARTESIAN_POINT('',(0.595721258889819,-0.0715274891683521,-10.5808882862084));
#5897=CARTESIAN_POINT('',(0.600020602709546,8.17015875344825E-6,-10.5779319417458));
#5898=CARTESIAN_POINT('',(0.600000608152374,-1.72837220807301E-6,-10.47750523813));
#5899=CARTESIAN_POINT('',(0.599999996909552,-4.08493910852013E-6,-10.4711721570489));
#5900=CARTESIAN_POINT('',(0.594755142582147,-0.0791600933052137,-10.4821067983278));
#5901=CARTESIAN_POINT('',(0.597693130022704,-0.0570860523818943,-10.4818720013021));
#5902=CARTESIAN_POINT('',(0.598945630334821,-0.0385411040671987,-10.4804075870655));
#5903=CARTESIAN_POINT('',(0.599826158650667,-0.0162450176472057,-10.476366281967));
#5904=CARTESIAN_POINT('',(0.599947138626969,-0.00973083796484954,-10.4747117473062));
#5905=CARTESIAN_POINT('',(0.599995360915443,-0.0027423579422436,-10.4722592877786));
#5906=CARTESIAN_POINT('',(0.599999731432199,-0.00140234400151568,-10.471749581313));
#5907=CARTESIAN_POINT('',(0.5999999955911,-8.20591553959082E-5,-10.4712049913748));
#5908=CARTESIAN_POINT('',(0.599999995473356,-4.3006257731007E-5,-10.4711888099918));
#5909=CARTESIAN_POINT('',(0.59999999381919,-2.91845177317772E-6,-10.4711721781138));
#5910=CARTESIAN_POINT('',(0.594755142582147,-0.0791600933052137,-10.4821067983278));
#5911=CARTESIAN_POINT('',(0.,0.,-10.4821067983278));
#5912=CARTESIAN_POINT('',(0.477832738570104,-0.362871704532875,-10.4821067983278));
#5913=CARTESIAN_POINT('',(0.477832738570105,-0.362871704532875,-10.5808882862084));
#5914=CARTESIAN_POINT('',(0.477832738570105,-0.362871704532875,-10.5808882862084));
#5915=CARTESIAN_POINT('',(0.,0.,-10.5808882862084));
#5916=CARTESIAN_POINT('',(0.,0.,0.));
#5917=CARTESIAN_POINT('',(0.600000036913562,-2.5759627702802E-6,-10.2488679702566));
#5918=CARTESIAN_POINT('',(0.600000632535419,-0.00198115095426344,-10.2476582765141));
#5919=CARTESIAN_POINT('',(0.59999398421235,-0.0031453729298186,-10.2470117689704));
#5920=CARTESIAN_POINT('',(0.599952829209097,-0.00831035339672097,-10.2442246610714));
#5921=CARTESIAN_POINT('',(0.599891934516986,-0.012058259724876,-10.2424502295308));
#5922=CARTESIAN_POINT('',(0.599574131321379,-0.0239541218731225,-10.2375176175764));
#5923=CARTESIAN_POINT('',(0.59918347592506,-0.032754950890522,-10.2347501198297));
#5924=CARTESIAN_POINT('',(0.597130497338755,-0.0617257455676458,-10.2280103572584));
#5925=CARTESIAN_POINT('',(0.594607908230339,-0.084476928973277,-10.2256009218978));
#5926=CARTESIAN_POINT('',(0.589757954687025,-0.110388200834045,-10.2252749298382));
#5927=CARTESIAN_POINT('',(0.600000036913896,-1.2879813851401E-6,-10.24886785835));
#5928=CARTESIAN_POINT('',(0.589757954687025,-0.110388200834045,-10.2252749298382));
#5929=CARTESIAN_POINT('',(0.600000036913562,-2.5759627702802E-6,-10.2488679702566));
#5930=CARTESIAN_POINT('',(0.599999999997235,-1.28798130621124E-6,-10.126493441944));
#5931=CARTESIAN_POINT('',(0.,0.,-10.1264934419576));
#5932=CARTESIAN_POINT('',(0.477832738570104,-0.362871704532875,-10.1264934419576));
#5933=CARTESIAN_POINT('',(0.477832738570104,-0.362871704532875,-10.2252749298382));
#5934=CARTESIAN_POINT('',(0.477832738570104,-0.362871704532875,-10.2252749298382));
#5935=CARTESIAN_POINT('',(0.,0.,-10.2252749298382));
#5936=CARTESIAN_POINT('',(0.,0.,0.));
#5937=CARTESIAN_POINT('',(0.,0.,-9.98819935892472));
#5938=CARTESIAN_POINT('',(0.477832738570104,-0.362871704532875,-9.98819935892472));
#5939=CARTESIAN_POINT('',(0.6,-7.34788079488412E-17,-9.98819935892472));
#5940=CARTESIAN_POINT('',(0.6,0.,-9.98819935892472));
#5941=CARTESIAN_POINT('',(0.6,-7.34788079488412E-17,-9.88941787104411));
#5942=CARTESIAN_POINT('',(0.,0.,-9.88941787104411));
#5943=CARTESIAN_POINT('',(0.477832738570104,-0.362871704532875,-9.88941787104411));
#5944=CARTESIAN_POINT('',(0.477832738570104,-0.362871704532875,-9.98819935892472));
#5945=CARTESIAN_POINT('',(0.,0.,0.));
#5946=CARTESIAN_POINT('',(0.645510732424923,-0.0762620110162313,-9.68197674649483));
#5947=CARTESIAN_POINT('',(0.647402871408888,-0.0602462253699613,-9.67992826738348));
#5948=CARTESIAN_POINT('',(0.648367281454699,-0.0477616756435593,-9.67761193404006));
#5949=CARTESIAN_POINT('',(0.649738159529383,-0.0223971733173696,-9.67023650538938));
#5950=CARTESIAN_POINT('',(0.650000001709356,-0.00956350360121857,-9.66403499516616));
#5951=CARTESIAN_POINT('',(0.650002413215115,1.16184868624328E-7,-9.65760547672101));
#5952=CARTESIAN_POINT('',(0.645510732424923,-0.0762620110162313,-9.68197674649483));
#5953=CARTESIAN_POINT('',(0.650001206607552,5.9160084613563E-8,-9.65760547830681));
#5954=CARTESIAN_POINT('',(0.650002413215115,1.16184868624328E-7,-9.65760547672101));
#5955=CARTESIAN_POINT('',(0.6500000863655,-2.68247716163188E-7,-9.45630935306043));
#5956=CARTESIAN_POINT('',(0.649999465404478,-7.90129474977151E-7,-9.3927601732775));
#5957=CARTESIAN_POINT('',(0.649999465404504,-7.82299926090011E-7,-9.39275962606344));
#5958=CARTESIAN_POINT('',(0.650000000248786,-0.0104313310239389,-9.38515378957588));
#5959=CARTESIAN_POINT('',(0.649707586587557,-0.0233971110859916,-9.37826419713557));
#5960=CARTESIAN_POINT('',(0.64826202923264,-0.0492312332953088,-9.36943549590992));
#5961=CARTESIAN_POINT('',(0.647355453227015,-0.0606475909372177,-9.36749725677843));
#5962=CARTESIAN_POINT('',(0.645510732424923,-0.0762620110162313,-9.36587598527688));
#5963=CARTESIAN_POINT('',(0.645510732424923,-0.0762620110162312,-9.36587598527688));
#5964=CARTESIAN_POINT('',(0.645510732424923,-0.0762620110162313,-9.36587598527688));
#5965=CARTESIAN_POINT('',(0.,0.,0.));
#5966=CARTESIAN_POINT('',(0.586130906453333,-0.128259738422446,-9.78075823437544));
#5967=CARTESIAN_POINT('',(0.584465979414025,-0.135868246023747,-9.78060388828975));
#5968=CARTESIAN_POINT('',(0.582652886180048,-0.14344432925712,-9.78044954223669));
#5969=CARTESIAN_POINT('',(0.580693000481415,-0.150982247936276,-9.780295196151));
#5970=CARTESIAN_POINT('',(0.586130906453348,-0.12825973842245,-9.78075823437544));
#5971=CARTESIAN_POINT('',(0.580693000481431,-0.150982247936279,-9.780295196151));
#5972=CARTESIAN_POINT('',(0.599999315595625,-1.71858075522708E-6,-9.75676810303808));
#5973=CARTESIAN_POINT('',(0.599999241343762,-0.0018929648823087,-9.75759074898987));
#5974=CARTESIAN_POINT('',(0.599991003168147,-0.00376519971556137,-9.758377803655));
#5975=CARTESIAN_POINT('',(0.599903810408701,-0.0131005997660126,-9.76215772949881));
#5976=CARTESIAN_POINT('',(0.599690437832558,-0.0209269452638614,-9.76488616408952));
#5977=CARTESIAN_POINT('',(0.598899741534549,-0.0372244255258893,-9.76972892851359));
#5978=CARTESIAN_POINT('',(0.598226418634553,-0.0466385898451174,-9.77203335052852));
#5979=CARTESIAN_POINT('',(0.596961052179558,-0.0607248564900666,-9.77492862001145));
#5980=CARTESIAN_POINT('',(0.596164986770147,-0.0681946584563786,-9.77616323758375));
#5981=CARTESIAN_POINT('',(0.593140777020643,-0.0918522193845743,-9.77922803879309));
#5982=CARTESIAN_POINT('',(0.590281527596504,-0.109291920750948,-9.78041912794895));
#5983=CARTESIAN_POINT('',(0.586130906453333,-0.128259738422446,-9.78075823437544));
#5984=CARTESIAN_POINT('',(0.599999657796304,-1.2277467391147E-6,-9.75676725802944));
#5985=CARTESIAN_POINT('',(0.599999315595625,-1.71858075522708E-6,-9.75676810303808));
#5986=CARTESIAN_POINT('',(0.600000289513793,-8.59291357874354E-7,-9.71373491733456));
#5987=CARTESIAN_POINT('',(0.600002226962868,-8.22538499653954E-7,-9.65760611568801));
#5988=CARTESIAN_POINT('',(0.595856060699929,-0.0703957024765212,-9.68197674649483));
#5989=CARTESIAN_POINT('',(0.596954269954835,-0.0611000407041162,-9.68068886005804));
#5990=CARTESIAN_POINT('',(0.597727619552246,-0.0527056868318474,-9.67917245418573));
#5991=CARTESIAN_POINT('',(0.598575290249177,-0.0414930241500488,-9.67655488679191));
#5992=CARTESIAN_POINT('',(0.598805395605662,-0.0379851529879084,-9.67562521453152));
#5993=CARTESIAN_POINT('',(0.599185142220545,-0.0314314968799427,-9.6736515704192));
#5994=CARTESIAN_POINT('',(0.599298081638445,-0.0292460958068095,-9.67294428681205));
#5995=CARTESIAN_POINT('',(0.599768297086155,-0.0182233068409446,-9.66863085713451));
#5996=CARTESIAN_POINT('',(0.599929519624378,-0.0112802774667328,-9.66508079229037));
#5997=CARTESIAN_POINT('',(0.599994492079735,-0.00307004964932798,-9.65977112078596));
#5998=CARTESIAN_POINT('',(0.600002517770372,-0.00151002977101024,-9.65870689939944));
#5999=CARTESIAN_POINT('',(0.600002226964097,7.12991177005908E-8,-9.65760548896704));
#6000=CARTESIAN_POINT('',(0.595856060699929,-0.0703957024765212,-9.68197674649483));
#6001=CARTESIAN_POINT('',(0.595856060699929,-0.0703957024765212,-9.36587598527688));
#6002=CARTESIAN_POINT('',(0.595856060699929,-0.0703957024765211,-9.36587598527688));
#6003=CARTESIAN_POINT('',(0.599999506809046,2.07993849485953E-7,-9.39276203882801));
#6004=CARTESIAN_POINT('',(0.59999709730881,-0.00569230062787244,-9.38826576136612));
#6005=CARTESIAN_POINT('',(0.599913834866068,-0.012024017196045,-9.38410707497498));
#6006=CARTESIAN_POINT('',(0.599220259436373,-0.0345825550514338,-9.37200064407282));
#6007=CARTESIAN_POINT('',(0.598332466731733,-0.0494344578139392,-9.3682337966764));
#6008=CARTESIAN_POINT('',(0.595856060699929,-0.0703957024765212,-9.36587598527688));
#6009=CARTESIAN_POINT('',(0.599999753404523,1.04466945790302E-7,-9.39276203823294));
#6010=CARTESIAN_POINT('',(0.599999506809046,2.07993849485953E-7,-9.39276203882801));
#6011=CARTESIAN_POINT('',(0.59999991659332,1.79728210719053E-7,-9.37684918816781));
#6012=CARTESIAN_POINT('',(0.600001557000178,1.1714988769576E-6,-9.29280169181046));
#6013=CARTESIAN_POINT('',(0.585044716983146,-0.133126553061777,-9.26709449739627));
#6014=CARTESIAN_POINT('',(0.589708509227608,-0.112630814601074,-9.26745883421237));
#6015=CARTESIAN_POINT('',(0.592555180437183,-0.095277832609771,-9.26853840164225));
#6016=CARTESIAN_POINT('',(0.595425438230987,-0.0742860977564172,-9.27123095319181));
#6017=CARTESIAN_POINT('',(0.5964617610821,-0.0656097257913077,-9.2726958790671));
#6018=CARTESIAN_POINT('',(0.598071554539543,-0.0488025020078382,-9.2762279901778));
#6019=CARTESIAN_POINT('',(0.598656339034826,-0.0410171351551511,-9.27817167558526));
#6020=CARTESIAN_POINT('',(0.599726922724555,-0.0213150244118608,-9.28401027976898));
#6021=CARTESIAN_POINT('',(0.60000521556617,-0.010530414303659,-9.28800079309866));
#6022=CARTESIAN_POINT('',(0.600001557000738,1.15942895992805E-6,-9.2928029887613));
#6023=CARTESIAN_POINT('',(0.585044716983146,-0.133126553061777,-9.26709449739628));
#6024=CARTESIAN_POINT('',(0.472263156901351,-0.370091219341353,-9.53256974607541));
#6025=CARTESIAN_POINT('',(0.472555791060556,-0.369717796994049,-9.51069959085972));
#6026=CARTESIAN_POINT('',(0.473421523073865,-0.36861563141938,-9.49190892448613));
#6027=CARTESIAN_POINT('',(0.475556662932172,-0.365851357657572,-9.46834215924098));
#6028=CARTESIAN_POINT('',(0.476672091107942,-0.364401537097771,-9.45881531464459));
#6029=CARTESIAN_POINT('',(0.47931029080668,-0.360924379624392,-9.44085233147228));
#6030=CARTESIAN_POINT('',(0.480733146929996,-0.359033662095937,-9.4327518240966));
#6031=CARTESIAN_POINT('',(0.486236367746868,-0.35158542487037,-9.40653392989472));
#6032=CARTESIAN_POINT('',(0.490847343825934,-0.34519656940652,-9.39027123631044));
#6033=CARTESIAN_POINT('',(0.501618184328431,-0.329349333720373,-9.36017765424249));
#6034=CARTESIAN_POINT('',(0.50817273737084,-0.319233197628655,-9.34560301696906));
#6035=CARTESIAN_POINT('',(0.520750879139181,-0.298274852025709,-9.32186054268186));
#6036=CARTESIAN_POINT('',(0.527400447817098,-0.286477250442695,-9.31156233663016));
#6037=CARTESIAN_POINT('',(0.537543459457848,-0.266649847250677,-9.29847457419047));
#6038=CARTESIAN_POINT('',(0.540951627342209,-0.259685630887649,-9.29450524448355));
#6039=CARTESIAN_POINT('',(0.546049336321907,-0.248689454552922,-9.28914113658264));
#6040=CARTESIAN_POINT('',(0.547746086461997,-0.24493244037551,-9.28745141505891));
#6041=CARTESIAN_POINT('',(0.551124644084472,-0.237232591069398,-9.28426860089795));
#6042=CARTESIAN_POINT('',(0.553156662120118,-0.232442728384443,-9.28248285541006));
#6043=CARTESIAN_POINT('',(0.565026638496011,-0.203733764253868,-9.27256372731996));
#6044=CARTESIAN_POINT('',(0.576226998970876,-0.171877344848084,-9.26780217692635));
#6045=CARTESIAN_POINT('',(0.585044716983146,-0.133126553061777,-9.26709449739627));
#6046=CARTESIAN_POINT('',(0.472263156901351,-0.370091219341353,-9.53256974607541));
#6047=CARTESIAN_POINT('',(0.551143461192633,-0.237151608016063,-9.77767131287917));
#6048=CARTESIAN_POINT('',(0.530936728197677,-0.284112321693708,-9.76083074085881));
#6049=CARTESIAN_POINT('',(0.510241556199329,-0.316734920296494,-9.73201832182925));
#6050=CARTESIAN_POINT('',(0.481127193351309,-0.359421868040652,-9.65031779956133));
#6051=CARTESIAN_POINT('',(0.472641583982063,-0.369608319022583,-9.59745156201423));
#6052=CARTESIAN_POINT('',(0.472263156901351,-0.370091219341353,-9.53256974607541));
#6053=CARTESIAN_POINT('',(0.551143461192633,-0.237151608016063,-9.77767131287917));
#6054=CARTESIAN_POINT('',(0.554683708485757,-0.228748734511227,-9.68089632397114));
#6055=CARTESIAN_POINT('',(0.55352493205775,-0.231558605384464,-9.7131546536076));
#6056=CARTESIAN_POINT('',(0.552344804202553,-0.234359671034882,-9.74541298324271));
#6057=CARTESIAN_POINT('',(0.551143461192633,-0.237151608016063,-9.77767131287917));
#6058=CARTESIAN_POINT('',(0.554683708485755,-0.228748734511232,-9.68089632397113));
#6059=CARTESIAN_POINT('',(0.518313988414928,-0.302242633348457,-9.53411320682354));
#6060=CARTESIAN_POINT('',(0.518463682470909,-0.301985923954623,-9.54372934937673));
#6061=CARTESIAN_POINT('',(0.518717345682513,-0.301550692059466,-9.55232159471406));
#6062=CARTESIAN_POINT('',(0.519251768732988,-0.300628885531693,-9.56367411685628));
#6063=CARTESIAN_POINT('',(0.519455547118852,-0.300276780256458,-9.56720231659528));
#6064=CARTESIAN_POINT('',(0.519799260886995,-0.299681132088368,-9.57211065474117));
#6065=CARTESIAN_POINT('',(0.519920172082973,-0.29947133371313,-9.57368277387936));
#6066=CARTESIAN_POINT('',(0.520174592907701,-0.29902919246792,-9.57669902500155));
#6067=CARTESIAN_POINT('',(0.520251550395605,-0.298895433167499,-9.57758471607038));
#6068=CARTESIAN_POINT('',(0.522018393206017,-0.295815414117261,-9.59503192996881));
#6069=CARTESIAN_POINT('',(0.524468527984204,-0.291512240753599,-9.60917356840639));
#6070=CARTESIAN_POINT('',(0.529342219919502,-0.28250392926377,-9.62856837436866));
#6071=CARTESIAN_POINT('',(0.531205752862763,-0.278999833063282,-9.63469128431761));
#6072=CARTESIAN_POINT('',(0.534315176428754,-0.272969608049812,-9.64336261118332));
#6073=CARTESIAN_POINT('',(0.535403868864135,-0.270830468887008,-9.64616754712894));
#6074=CARTESIAN_POINT('',(0.537676633375967,-0.266289848837177,-9.65160640633427));
#6075=CARTESIAN_POINT('',(0.539168157664557,-0.263253017084641,-9.65487906614247));
#6076=CARTESIAN_POINT('',(0.543764212927563,-0.253755261297593,-9.66442746798389));
#6077=CARTESIAN_POINT('',(0.548820421150012,-0.242966386776093,-9.67246248564543));
#6078=CARTESIAN_POINT('',(0.554683708485757,-0.228748734511227,-9.68089632397114));
#6079=CARTESIAN_POINT('',(0.518313988414928,-0.302242633348457,-9.53411320682354));
#6080=CARTESIAN_POINT('',(0.580693000481415,-0.150982247936276,-9.36587598527688));
#6081=CARTESIAN_POINT('',(0.577532981331063,-0.163136001288599,-9.36699481370944));
#6082=CARTESIAN_POINT('',(0.574276621194023,-0.174105929673364,-9.36857844317581));
#6083=CARTESIAN_POINT('',(0.569531016539001,-0.188841333662456,-9.3716513503412));
#6084=CARTESIAN_POINT('',(0.567971700099651,-0.193466580287176,-9.37279188203424));
#6085=CARTESIAN_POINT('',(0.565696353598629,-0.199982319157821,-9.37467702353067));
#6086=CARTESIAN_POINT('',(0.56494847018995,-0.202083880655214,-9.37533446135562));
#6087=CARTESIAN_POINT('',(0.563478334409454,-0.206147605956952,-9.37670745165782));
#6088=CARTESIAN_POINT('',(0.562983114205016,-0.207502144275397,-9.37718400956128));
#6089=CARTESIAN_POINT('',(0.558311251746364,-0.220005850638717,-9.38210203144711));
#6090=CARTESIAN_POINT('',(0.554591829860498,-0.229150566483404,-9.38688695299609));
#6091=CARTESIAN_POINT('',(0.547420381708495,-0.245790572556812,-9.39815780417467));
#6092=CARTESIAN_POINT('',(0.544194444243685,-0.252815778800697,-9.40412916126497));
#6093=CARTESIAN_POINT('',(0.537293280661632,-0.267169125671656,-9.41983117368341));
#6094=CARTESIAN_POINT('',(0.534119505189257,-0.273409579460467,-9.42836935755626));
#6095=CARTESIAN_POINT('',(0.529912470554197,-0.281428293784117,-9.44220739986098));
#6096=CARTESIAN_POINT('',(0.528601958484128,-0.283877447626052,-9.44699187504512));
#6097=CARTESIAN_POINT('',(0.526182554076855,-0.288337225430737,-9.45690441424523));
#6098=CARTESIAN_POINT('',(0.524937105654367,-0.290592817005487,-9.46275564708695));
#6099=CARTESIAN_POINT('',(0.520616122139894,-0.298344191120779,-9.48563909511748));
#6100=CARTESIAN_POINT('',(0.518642092112867,-0.301679970383247,-9.50789939260146));
#6101=CARTESIAN_POINT('',(0.518313988414928,-0.302242633348457,-9.53411320682354));
#6102=CARTESIAN_POINT('',(0.580693000481415,-0.150982247936276,-9.36587598527688));
#6103=CARTESIAN_POINT('',(0.580693000481415,-0.150982247936276,-9.780295196151));
#6104=CARTESIAN_POINT('',(0.,0.,0.));
#6105=CARTESIAN_POINT('',(0.,0.,-9.11892226557536));
#6106=CARTESIAN_POINT('',(0.595856060699929,-0.0703957024765212,-9.11892226557536));
#6107=CARTESIAN_POINT('',(0.6,-7.34788079488412E-17,-9.11892226557536));
#6108=CARTESIAN_POINT('',(0.6,0.,-9.11892226557536));
#6109=CARTESIAN_POINT('',(0.6,-7.34788079488412E-17,-8.66452742132456));
#6110=CARTESIAN_POINT('',(0.,0.,-8.66452742132456));
#6111=CARTESIAN_POINT('',(0.477832738570104,-0.362871704532875,-8.66452742132456));
#6112=CARTESIAN_POINT('',(0.477832738570104,-0.362871704532876,-8.77318705799323));
#6113=CARTESIAN_POINT('',(0.477832738570104,-0.362871704532875,-8.77318705799323));
#6114=CARTESIAN_POINT('',(0.,0.,-8.77318705799323));
#6115=CARTESIAN_POINT('',(0.595856060699929,-0.0703957024765212,-8.77318705799323));
#6116=CARTESIAN_POINT('',(0.595856060699929,-0.0703957024765212,-9.11892226557536));
#6117=CARTESIAN_POINT('',(1.565,1.09283429202724E-14,-20.));
#6118=CARTESIAN_POINT('',(1.565,1.09283429202724E-14,-20.));
#6119=CARTESIAN_POINT('',(0.465000000000001,3.24707952583174E-15,-20.));
#6120=CARTESIAN_POINT('',(0.515000000000034,1.37188758061366E-13,-20.3278719262153));
#6121=CARTESIAN_POINT('',(1.565,1.09283429202724E-14,-20.));
#6122=CARTESIAN_POINT('',(0.515000000005774,2.43931289267611E-11,-19.6721280737469));
#6123=CARTESIAN_POINT('',(0.515000000004915,4.87862578535222E-11,-19.6721280737459));
#6124=CARTESIAN_POINT('',(0.514999999996688,0.0343237781363937,-19.6721280738007));
#6125=CARTESIAN_POINT('',(0.51122459471736,0.0670404109316642,-19.6897270070719));
#6126=CARTESIAN_POINT('',(0.502372454892775,0.116047057294973,-19.7381562823179));
#6127=CARTESIAN_POINT('',(0.497552953512945,0.133654868586522,-19.7679006142985));
#6128=CARTESIAN_POINT('',(0.485506597764603,0.174064945673667,-19.8617857735497));
#6129=CARTESIAN_POINT('',(0.480672682816934,0.184875023780371,-19.9306473700341));
#6130=CARTESIAN_POINT('',(0.480637324222982,0.184966929444142,-20.068550090329));
#6131=CARTESIAN_POINT('',(0.485476222155419,0.174134211443062,-20.1378584368059));
#6132=CARTESIAN_POINT('',(0.497494892861896,0.133865802371741,-20.2317058652058));
#6133=CARTESIAN_POINT('',(0.502354589072669,0.116104422087399,-20.2617333617589));
#6134=CARTESIAN_POINT('',(0.511188081848255,0.0672838388241948,-20.3100857704655));
#6135=CARTESIAN_POINT('',(0.515000000000081,0.034563714526373,-20.3278719262249));
#6136=CARTESIAN_POINT('',(0.515000000000018,2.74377516122732E-13,-20.3278719262153));
#6137=CARTESIAN_POINT('',(1.65,1.1521895091661E-14,-20.));
#6138=CARTESIAN_POINT('',(0.650000000000199,2.48102900429086E-12,-20.4582575694978));
#6139=CARTESIAN_POINT('',(0.650000000000201,-0.0495839768265185,-20.4582575694963));
#6140=CARTESIAN_POINT('',(0.643702021800185,-0.0978385018688358,-20.4361617328599));
#6141=CARTESIAN_POINT('',(0.628050950376275,-0.171687707914814,-20.3722747930125));
#6142=CARTESIAN_POINT('',(0.618987256679361,-0.199660188195457,-20.3310632627973));
#6143=CARTESIAN_POINT('',(0.595977385050924,-0.263341252436089,-20.1987589454499));
#6144=CARTESIAN_POINT('',(0.586380635574505,-0.280459893337064,-20.0996570230006));
#6145=CARTESIAN_POINT('',(0.586346685298171,-0.280530864945811,-19.9009066787243));
#6146=CARTESIAN_POINT('',(0.595972980567598,-0.263300216415538,-19.8014234836578));
#6147=CARTESIAN_POINT('',(0.618856127191951,-0.200049476929468,-19.6696128498627));
#6148=CARTESIAN_POINT('',(0.627928707601231,-0.172214604728427,-19.628236141726));
#6149=CARTESIAN_POINT('',(0.643751213599732,-0.0976560643298344,-19.5636255780711));
#6150=CARTESIAN_POINT('',(0.650000000000066,-0.0499440015882333,-19.5417424305012));
#6151=CARTESIAN_POINT('',(0.65,-1.5703349147041E-15,-19.5417424305044));
#6152=CARTESIAN_POINT('',(0.650000000000446,1.24051450214543E-12,-20.4582575694977));
#6153=CARTESIAN_POINT('',(0.65,1.4970523112759E-15,-19.5417424305044));
#6154=CARTESIAN_POINT('',(1.65,1.1521895091661E-14,-20.));
#6155=CARTESIAN_POINT('',(0.55,3.85466178886208E-15,-20.));
#6156=CARTESIAN_POINT('',(1.65,1.1521895091661E-14,-20.));
#6157=CARTESIAN_POINT('',(-1.565,0.,-20.));
#6158=CARTESIAN_POINT('',(-1.565,0.,-20.));
#6159=CARTESIAN_POINT('',(-0.465000000000001,4.12433940232011E-33,-20.));
#6160=CARTESIAN_POINT('',(-0.515000000005774,2.43931604613676E-11,-20.3278719262531));
#6161=CARTESIAN_POINT('',(-1.565,0.,-20.));
#6162=CARTESIAN_POINT('',(-0.515000000000034,1.37235024133499E-13,-19.6721280737847));
#6163=CARTESIAN_POINT('',(-0.515000000000018,2.74440585413265E-13,-19.6721280737847));
#6164=CARTESIAN_POINT('',(-0.515000000000013,-0.0345848054591082,-19.6721280737755));
#6165=CARTESIAN_POINT('',(-0.511176280867883,-0.0673403876492222,-19.6899814651856));
#6166=CARTESIAN_POINT('',(-0.502377837066068,-0.115984597061367,-19.7381367478457));
#6167=CARTESIAN_POINT('',(-0.497545635497356,-0.133692796091796,-19.7679088754032));
#6168=CARTESIAN_POINT('',(-0.485401427952944,-0.174390786047688,-19.8627037016804));
#6169=CARTESIAN_POINT('',(-0.480652141281044,-0.18492841626771,-19.9316027538425));
#6170=CARTESIAN_POINT('',(-0.480657765512821,-0.184913797520784,-20.0685258135843));
#6171=CARTESIAN_POINT('',(-0.485453757766208,-0.17422294632178,-20.1377322935881));
#6172=CARTESIAN_POINT('',(-0.497536357273869,-0.133720116957932,-20.2320049115631));
#6173=CARTESIAN_POINT('',(-0.502402974702746,-0.11588570930316,-20.2620129917962));
#6174=CARTESIAN_POINT('',(-0.511204085151816,-0.0671463322524687,-20.3101584813859));
#6175=CARTESIAN_POINT('',(-0.515000000003317,-0.0343447225584038,-20.3278719262309));
#6176=CARTESIAN_POINT('',(-0.515000000004915,4.87863209227352E-11,-20.3278719262541));
#6177=CARTESIAN_POINT('',(-1.65,0.,-20.));
#6178=CARTESIAN_POINT('',(-0.650000000000199,-2.48094940221898E-12,-20.4582575694978));
#6179=CARTESIAN_POINT('',(-0.650000000000201,0.049583976826519,-20.4582575694963));
#6180=CARTESIAN_POINT('',(-0.643702021800185,0.0978385018688359,-20.4361617328599));
#6181=CARTESIAN_POINT('',(-0.628050950376274,0.171687707914816,-20.3722747930125));
#6182=CARTESIAN_POINT('',(-0.61898725667936,0.199660188195459,-20.3310632627973));
#6183=CARTESIAN_POINT('',(-0.595977385050922,0.263341252436093,-20.1987589454499));
#6184=CARTESIAN_POINT('',(-0.586380635574503,0.280459893337068,-20.0996570230006));
#6185=CARTESIAN_POINT('',(-0.586346685298169,0.280530864945815,-19.9009066787243));
#6186=CARTESIAN_POINT('',(-0.595972980567596,0.263300216415543,-19.8014234836578));
#6187=CARTESIAN_POINT('',(-0.61885612719195,0.200049476929472,-19.6696128498627));
#6188=CARTESIAN_POINT('',(-0.627928707601231,0.172214604728429,-19.628236141726));
#6189=CARTESIAN_POINT('',(-0.643751213599732,0.0976560643298344,-19.5636255780711));
#6190=CARTESIAN_POINT('',(-0.650000000000066,0.0499440015882331,-19.5417424305012));
#6191=CARTESIAN_POINT('',(-0.65,1.64993695589576E-15,-19.5417424305044));
#6192=CARTESIAN_POINT('',(-0.650000000000446,-1.24043490008852E-12,-20.4582575694977));
#6193=CARTESIAN_POINT('',(-0.65,8.24933590597667E-16,-19.5417424305044));
#6194=CARTESIAN_POINT('',(-1.65,0.,-20.));
#6195=CARTESIAN_POINT('',(-0.55,-1.40300916417549E-17,-20.));
#6196=CARTESIAN_POINT('',(-1.65,0.,-20.));
#6197=CARTESIAN_POINT('',(1.09283429202724E-14,-1.565,-16.));
#6198=CARTESIAN_POINT('',(3.69032168118093E-15,-0.515000000000001,-16.3278719262151));
#6199=CARTESIAN_POINT('',(0.0343237780883698,-0.515000000000001,-16.3278719262151));
#6200=CARTESIAN_POINT('',(0.0670404108943573,-0.511224594722548,-16.3102729929539));
#6201=CARTESIAN_POINT('',(0.116047057270177,-0.502372454898804,-16.2618437177177));
#6202=CARTESIAN_POINT('',(0.13365486856781,-0.497552953518088,-16.2320993857363));
#6203=CARTESIAN_POINT('',(0.174064945667209,-0.485506597767397,-16.1382142264827));
#6204=CARTESIAN_POINT('',(0.184875023777497,-0.48067268281804,-16.0693526299948));
#6205=CARTESIAN_POINT('',(0.184966929446991,-0.480637324221886,-15.9314499096921));
#6206=CARTESIAN_POINT('',(0.17413421144746,-0.485476222153819,-15.8621415632101));
#6207=CARTESIAN_POINT('',(0.133865802376838,-0.497494892860519,-15.7682941348032));
#6208=CARTESIAN_POINT('',(0.116104422092422,-0.50235458907154,-15.7382666382477));
#6209=CARTESIAN_POINT('',(0.0672838388280196,-0.511188081847783,-15.6899142295367));
#6210=CARTESIAN_POINT('',(0.0345637145284629,-0.51500000000008,-15.6721280737751));
#6211=CARTESIAN_POINT('',(2.77973746985876E-13,-0.515000000000018,-15.6721280737847));
#6212=CARTESIAN_POINT('',(3.62750640255566E-15,-0.515000000000001,-16.3278719262151));
#6213=CARTESIAN_POINT('',(1.40804025336606E-13,-0.515000000000034,-15.6721280737847));
#6214=CARTESIAN_POINT('',(1.09283429202724E-14,-1.565,-16.));
#6215=CARTESIAN_POINT('',(3.25711770845596E-15,-0.464999999999999,-16.));
#6216=CARTESIAN_POINT('',(1.09283429202724E-14,-1.565,-16.));
#6217=CARTESIAN_POINT('',(1.22201917638828E-14,-1.75,-16.));
#6218=CARTESIAN_POINT('',(1.54582071802471E-15,-0.65,-16.4795831523313));
#6219=CARTESIAN_POINT('',(-0.0512785796936521,-0.65,-16.4795831523313));
#6220=CARTESIAN_POINT('',(-0.100965687725737,-0.643261774482525,-16.4556037656037));
#6221=CARTESIAN_POINT('',(-0.176133442683,-0.626862657188137,-16.387527909578));
#6222=CARTESIAN_POINT('',(-0.204026578468922,-0.617568970165188,-16.3444398795749));
#6223=CARTESIAN_POINT('',(-0.268086688137534,-0.593887731961144,-16.2054186021708));
#6224=CARTESIAN_POINT('',(-0.284757486431659,-0.584305721347415,-16.1032956110979));
#6225=CARTESIAN_POINT('',(-0.284839443322479,-0.58426577309127,-15.8973834108168));
#6226=CARTESIAN_POINT('',(-0.267834646063173,-0.593962190541756,-15.7943035370167));
#6227=CARTESIAN_POINT('',(-0.204508173371602,-0.617400216537415,-15.6564718353936));
#6228=CARTESIAN_POINT('',(-0.176576268637106,-0.626750593929577,-15.6129555760196));
#6229=CARTESIAN_POINT('',(-0.101017107120253,-0.643265909018919,-15.5443609005506));
#6230=CARTESIAN_POINT('',(-0.0517175967919568,-0.650000000000097,-15.5204168476636));
#6231=CARTESIAN_POINT('',(-3.66588782330662E-15,-0.65,-15.5204168476687));
#6232=CARTESIAN_POINT('',(2.8165654198633E-15,-0.65,-16.4795831523313));
#6233=CARTESIAN_POINT('',(4.46781643905894E-16,-0.650000000000002,-15.5204168476687));
#6234=CARTESIAN_POINT('',(1.22201917638828E-14,-1.75,-16.));
#6235=CARTESIAN_POINT('',(3.85531469653101E-15,-0.55,-16.));
#6236=CARTESIAN_POINT('',(1.22201917638828E-14,-1.75,-16.));
#6237=CARTESIAN_POINT('',(0.,1.565,-16.));
#6238=CARTESIAN_POINT('',(-5.6932870313077E-14,0.515000000000047,-16.3278719262247));
#6239=CARTESIAN_POINT('',(-0.0345848054586902,0.515000000000043,-16.3278719262247));
#6240=CARTESIAN_POINT('',(-0.0673403876488866,0.51117628086793,-16.3100185348147));
#6241=CARTESIAN_POINT('',(-0.115984597061151,0.50237783706612,-16.2618632521546));
#6242=CARTESIAN_POINT('',(-0.133692796091631,0.497545635497402,-16.2320911245972));
#6243=CARTESIAN_POINT('',(-0.174390786047628,0.48540142795297,-16.1372962983199));
#6244=CARTESIAN_POINT('',(-0.184928416267689,0.480652141281053,-16.0683972461578));
#6245=CARTESIAN_POINT('',(-0.184913797520814,0.48065776551281,-15.9314741864159));
#6246=CARTESIAN_POINT('',(-0.174222946321823,0.485453757766193,-15.862267706412));
#6247=CARTESIAN_POINT('',(-0.133720116957981,0.497536357273856,-15.767995088437));
#6248=CARTESIAN_POINT('',(-0.115885709303208,0.502402974702735,-15.7379870082038));
#6249=CARTESIAN_POINT('',(-0.0671463322525023,0.511204085151812,-15.6898415186141));
#6250=CARTESIAN_POINT('',(-0.0343447225584234,0.515000000003317,-15.6721280737691));
#6251=CARTESIAN_POINT('',(4.87862578535222E-11,0.515000000004915,-15.6721280737458));
#6252=CARTESIAN_POINT('',(-2.84861386518722E-14,0.515000000001368,-16.3278719262243));
#6253=CARTESIAN_POINT('',(2.43931289267611E-11,0.515000000005774,-15.6721280737469));
#6254=CARTESIAN_POINT('',(0.,1.565,-16.));
#6255=CARTESIAN_POINT('',(-1.00381826245082E-17,0.464999999999999,-16.));
#6256=CARTESIAN_POINT('',(0.,1.565,-16.));
#6257=CARTESIAN_POINT('',(0.,1.75,-16.));
#6258=CARTESIAN_POINT('',(3.01178584221305E-15,0.65,-16.4795831523313));
#6259=CARTESIAN_POINT('',(0.0512785796936566,0.65,-16.4795831523313));
#6260=CARTESIAN_POINT('',(0.100965687725741,0.643261774482524,-16.4556037656037));
#6261=CARTESIAN_POINT('',(0.176133442683004,0.626862657188136,-16.387527909578));
#6262=CARTESIAN_POINT('',(0.204026578468927,0.617568970165186,-16.3444398795749));
#6263=CARTESIAN_POINT('',(0.268086688137538,0.593887731961142,-16.2054186021708));
#6264=CARTESIAN_POINT('',(0.284757486431663,0.584305721347413,-16.1032956110979));
#6265=CARTESIAN_POINT('',(0.284839443322483,0.584265773091268,-15.8973834108168));
#6266=CARTESIAN_POINT('',(0.267834646063178,0.593962190541754,-15.7943035370167));
#6267=CARTESIAN_POINT('',(0.204508173371609,0.617400216537413,-15.6564718353936));
#6268=CARTESIAN_POINT('',(0.176576268637111,0.626750593929575,-15.6129555760196));
#6269=CARTESIAN_POINT('',(0.101017107120257,0.643265909018918,-15.5443609005506));
#6270=CARTESIAN_POINT('',(0.0517175967919615,0.650000000000096,-15.5204168476636));
#6271=CARTESIAN_POINT('',(8.20481619922668E-15,0.65,-15.5204168476687));
#6272=CARTESIAN_POINT('',(1.50598894047811E-15,0.65,-16.4795831523313));
#6273=CARTESIAN_POINT('',(4.19517994410435E-15,0.650000000000002,-15.5204168476687));
#6274=CARTESIAN_POINT('',(0.,1.75,-16.));
#6275=CARTESIAN_POINT('',(-1.46829993106873E-17,0.55,-16.));
#6276=CARTESIAN_POINT('',(0.,1.75,-16.));
#6277=CARTESIAN_POINT('',(0.,0.,0.));
#6278=CARTESIAN_POINT('',(0.,0.,-6.9));
#6279=CARTESIAN_POINT('',(-0.515,1.7742228169248E-16,-6.9));
#6280=CARTESIAN_POINT('',(0.515,-6.30693101560887E-17,-6.9));
#6281=CARTESIAN_POINT('',(-0.515,6.30693101560887E-17,-6.9));
#6282=CARTESIAN_POINT('',(-0.514999999999999,5.20481196301653E-16,0.));
#6283=CARTESIAN_POINT('',(0.,0.,0.));
#6284=CARTESIAN_POINT('',(0.514999999999999,-5.20481196301653E-16,0.));
#6285=CARTESIAN_POINT('',(0.515,0.,-6.9));
#6286=CARTESIAN_POINT('',(0.,0.,-7.25));
#6287=CARTESIAN_POINT('',(0.,0.,-7.6));
#6288=CARTESIAN_POINT('',(-0.515,1.36714870296144E-13,-7.6));
#6289=CARTESIAN_POINT('',(0.515,2.43921510334459E-11,-7.6));
#6290=CARTESIAN_POINT('',(-0.1475,1.80635402874234E-17,-7.25));
#6291=CARTESIAN_POINT('',(0.1475,0.,-7.25));
#6292=CARTESIAN_POINT('',(0.,0.,-24.7));
#6293=CARTESIAN_POINT('',(0.,0.,-24.9060608064591));
#6294=CARTESIAN_POINT('',(-0.44,-4.38151670045302E-17,-24.9060608064591));
#6295=CARTESIAN_POINT('',(-0.35,-0.266645832519467,-24.9060608064591));
#6296=CARTESIAN_POINT('',(-0.44,5.38844591624835E-17,-24.9060608064591));
#6297=CARTESIAN_POINT('',(-0.515000000000002,6.30693101560889E-17,-24.7));
#6298=CARTESIAN_POINT('',(0.,0.,-24.7));
#6299=CARTESIAN_POINT('',(0.515000000000002,-6.3069310156089E-17,-24.7));
#6300=CARTESIAN_POINT('',(0.44,0.,-24.9060608064591));
#6301=CARTESIAN_POINT('',(0.44,-5.38844591624835E-17,-24.9060608064591));
#6302=CARTESIAN_POINT('',(0.,0.,-24.9060608064591));
#6303=CARTESIAN_POINT('',(0.35,-0.266645832519468,-24.9060608064591));
#6304=CARTESIAN_POINT('',(0.,0.,-24.9060608064591));
#6305=CARTESIAN_POINT('',(-4.04133443718626E-17,-0.44,-24.9060608064591));
#6306=CARTESIAN_POINT('',(0.,0.,-24.9060608064591));
#6307=CARTESIAN_POINT('',(0.,0.,-25.014934176149));
#6308=CARTESIAN_POINT('',(0.,0.,-25.014934176149));
#6309=CARTESIAN_POINT('',(-0.35,0.437149859887888,-25.014934176149));
#6310=CARTESIAN_POINT('',(-0.56,6.85802207522518E-17,-25.014934176149));
#6311=CARTESIAN_POINT('',(-0.56,6.85802207522518E-17,-25.014934176149));
#6312=CARTESIAN_POINT('',(-0.65,6.5691801474966E-16,-24.7676612083981));
#6313=CARTESIAN_POINT('',(0.,0.,-24.7676612083981));
#6314=CARTESIAN_POINT('',(0.65,-6.5691801474966E-16,-24.7676612083981));
#6315=CARTESIAN_POINT('',(0.56,0.,-25.014934176149));
#6316=CARTESIAN_POINT('',(0.56,-6.85802207522518E-17,-25.014934176149));
#6317=CARTESIAN_POINT('',(0.,0.,-25.014934176149));
#6318=CARTESIAN_POINT('',(0.349999999999996,0.437149859887894,-25.014934176149));
#6319=CARTESIAN_POINT('',(0.35,0.4371498598879,-25.014934176149));
#6320=CARTESIAN_POINT('',(0.35,0.438100912476385,-25.0128944071821));
#6321=CARTESIAN_POINT('',(0.35,0.439050953081707,-25.0108542085684));
#6322=CARTESIAN_POINT('',(0.35,0.44,-25.0088135880759));
#6323=CARTESIAN_POINT('',(0.35,0.44,-25.0088135880759));
#6324=CARTESIAN_POINT('',(0.35,0.44,-25.0088135880759));
#6325=CARTESIAN_POINT('',(0.34880609261906,0.44,-25.0108556107746));
#6326=CARTESIAN_POINT('',(0.347609502915465,0.44,-25.0128958224127));
#6327=CARTESIAN_POINT('',(0.346410161513775,0.44,-25.014934176149));
#6328=CARTESIAN_POINT('',(0.346410161513775,0.44,-25.014934176149));
#6329=CARTESIAN_POINT('',(0.,0.,-25.014934176149));
#6330=CARTESIAN_POINT('',(-0.346410161513765,0.440000000000004,-25.014934176149));
#6331=CARTESIAN_POINT('',(-0.346410161513758,0.44,-25.014934176149));
#6332=CARTESIAN_POINT('',(-0.347609710450454,0.44,-25.0128954696944));
#6333=CARTESIAN_POINT('',(-0.348806297392253,0.44,-25.0108552605368));
#6334=CARTESIAN_POINT('',(-0.35,0.44,-25.0088135880759));
#6335=CARTESIAN_POINT('',(-0.35,0.44,-25.0088135880759));
#6336=CARTESIAN_POINT('',(-0.35,0.437149859887888,-25.014934176149));
#6337=CARTESIAN_POINT('',(-0.35,0.438100912476391,-25.0128944071821));
#6338=CARTESIAN_POINT('',(-0.35,0.43905095308171,-25.0108542085684));
#6339=CARTESIAN_POINT('',(-0.35,0.44,-25.0088135880759));
#6340=CARTESIAN_POINT('',(0.,0.,0.));
#6341=CARTESIAN_POINT('',(8.20481619922668E-15,0.65,-15.5204168476687));
#6342=CARTESIAN_POINT('',(-0.0517419699637789,0.650000000000009,-15.5204168476639));
#6343=CARTESIAN_POINT('',(-0.1012692398514,0.643209532269043,-15.5445965570805));
#6344=CARTESIAN_POINT('',(-0.1762832034729,0.626815916769169,-15.6126827636506));
#6345=CARTESIAN_POINT('',(-0.20433663997297,0.617460416302421,-15.6561458342502));
#6346=CARTESIAN_POINT('',(-0.267928753930745,0.593933914977353,-15.7944139513466));
#6347=CARTESIAN_POINT('',(-0.284810968376716,0.58427965263554,-15.8978636995641));
#6348=CARTESIAN_POINT('',(-0.284786083876115,0.584291782093584,-16.102343915158));
#6349=CARTESIAN_POINT('',(-0.267933562590621,0.593928808221558,-16.2055276836342));
#6350=CARTESIAN_POINT('',(-0.204397393369171,0.617439601405177,-16.3437459889355));
#6351=CARTESIAN_POINT('',(-0.176368775578081,0.62680722973553,-16.3872929964806));
#6352=CARTESIAN_POINT('',(-0.100861441248422,0.643288596134684,-16.4557199222329));
#6353=CARTESIAN_POINT('',(-0.0513027459669224,0.65,-16.4795831523313));
#6354=CARTESIAN_POINT('',(3.01178584221305E-15,0.65,-16.4795831523313));
#6355=CARTESIAN_POINT('',(0.,0.,-9.88941787104411));
#6356=CARTESIAN_POINT('',(0.602684953047508,0.243456048128041,-9.88941787104411));
#6357=CARTESIAN_POINT('',(0.558882594536379,0.331888905394992,-9.88941787104411));
#6358=CARTESIAN_POINT('',(0.558882594536379,0.331888905394992,-9.88941787104411));
#6359=CARTESIAN_POINT('',(0.558882594536379,0.331888905394992,-9.98819935892472));
#6360=CARTESIAN_POINT('',(0.,0.,-9.98819935892472));
#6361=CARTESIAN_POINT('',(0.602684953047508,0.243456048128041,-9.98819935892472));
#6362=CARTESIAN_POINT('',(0.602684953047508,0.243456048128041,-9.98819935892472));
#6363=CARTESIAN_POINT('',(-0.65,7.9602041944578E-17,-24.7676612083981));
#6364=CARTESIAN_POINT('',(-0.65,1.64993695589576E-15,-19.5417424305044));
#6365=CARTESIAN_POINT('',(-0.65,8.0124700795093E-16,-7.6));
#6366=CARTESIAN_POINT('',(0.,0.,-7.6));
#6367=CARTESIAN_POINT('',(0.65,-7.96020419445779E-17,-7.6));
#6368=CARTESIAN_POINT('',(0.65,0.,-8.66452742132456));
#6369=CARTESIAN_POINT('',(0.65,-1.94289029309402E-16,-8.66452742132456));
#6370=CARTESIAN_POINT('',(0.,0.,-8.66452742132456));
#6371=CARTESIAN_POINT('',(0.558882594536379,0.331888905394992,-8.66452742132456));
#6372=CARTESIAN_POINT('',(0.558882594536379,0.331888905394992,-8.66452742132456));
#6373=CARTESIAN_POINT('',(0.558882594536379,0.331888905394992,-9.17819115830372));
#6374=CARTESIAN_POINT('',(0.,0.,-9.17819115830372));
#6375=CARTESIAN_POINT('',(0.598915662158063,0.252586677443147,-9.17819115830372));
#6376=CARTESIAN_POINT('',(0.598915662158063,0.252586677443147,-9.17819115830372));
#6377=CARTESIAN_POINT('',(0.598915662158063,0.252586677443147,-8.77318705799323));
#6378=CARTESIAN_POINT('',(0.,0.,-8.77318705799323));
#6379=CARTESIAN_POINT('',(0.649880478272351,0.0124645080327971,-8.77318705799323));
#6380=CARTESIAN_POINT('',(0.649880478272352,0.0124645080327971,-8.77318705799323));
#6381=CARTESIAN_POINT('',(0.649880478272352,0.0124645080327971,-9.11892226557536));
#6382=CARTESIAN_POINT('',(0.,0.,-9.11892226557536));
#6383=CARTESIAN_POINT('',(0.649999999999999,-1.96281381278353E-8,-9.11892226557126));
#6384=CARTESIAN_POINT('',(0.650001687005306,-3.92563778315067E-8,-9.29279931131924));
#6385=CARTESIAN_POINT('',(0.650000843502653,-1.96281889157533E-8,-9.29279930306179));
#6386=CARTESIAN_POINT('',(0.650001687005306,-3.92563778315067E-8,-9.29279931131924));
#6387=CARTESIAN_POINT('',(0.650000002708736,0.0442841056926022,-9.31142936529833));
#6388=CARTESIAN_POINT('',(0.644836832399081,0.0858830329337979,-9.34514687593438));
#6389=CARTESIAN_POINT('',(0.638059539070072,0.124710198230874,-9.40682059625691));
#6390=CARTESIAN_POINT('',(0.635997224234068,0.134345205420212,-9.42936756101362));
#6391=CARTESIAN_POINT('',(0.633223550654167,0.146864013120196,-9.4775504574721));
#6392=CARTESIAN_POINT('',(0.632779110351289,0.148631221407634,-9.49653499081118));
#6393=CARTESIAN_POINT('',(0.63259486441945,0.14941130315387,-9.52732197953175));
#6394=CARTESIAN_POINT('',(0.632594864419438,0.149411303153965,-9.5273219795354));
#6395=CARTESIAN_POINT('',(0.63259486441945,0.14941130315387,-9.52732197953175));
#6396=CARTESIAN_POINT('',(0.632763374775067,0.148697844511087,-9.55572840978154));
#6397=CARTESIAN_POINT('',(0.633317936869084,0.146449642646421,-9.57750076885567));
#6398=CARTESIAN_POINT('',(0.6360183886242,0.13423753693827,-9.62387653764936));
#6399=CARTESIAN_POINT('',(0.638116135356823,0.124433066466949,-9.64584238256924));
#6400=CARTESIAN_POINT('',(0.644931288264496,0.085245494601637,-9.70634545931833));
#6401=CARTESIAN_POINT('',(0.649999464640849,0.046835827956642,-9.73791413297549));
#6402=CARTESIAN_POINT('',(0.649999256874277,7.43039368200436E-6,-9.75676235090315));
#6403=CARTESIAN_POINT('',(0.649999256895468,3.71530125080767E-6,-9.75676235110898));
#6404=CARTESIAN_POINT('',(0.65,0.,-9.88941787104411));
#6405=CARTESIAN_POINT('',(0.65,-1.66533453693773E-16,-9.88941787104411));
#6406=CARTESIAN_POINT('',(0.,0.,-9.88941787104411));
#6407=CARTESIAN_POINT('',(0.634792354730345,0.139780779708457,-9.88941787104411));
#6408=CARTESIAN_POINT('',(0.634792354730345,0.139780779708457,-9.88941787104411));
#6409=CARTESIAN_POINT('',(0.634792354730345,0.139780779708457,-9.98819935892472));
#6410=CARTESIAN_POINT('',(0.,0.,-9.98819935892472));
#6411=CARTESIAN_POINT('',(0.65,-1.66533453693773E-16,-9.98819935892472));
#6412=CARTESIAN_POINT('',(0.65,0.,-10.1264934419576));
#6413=CARTESIAN_POINT('',(0.65,-1.66533453693773E-16,-10.1264934419576));
#6414=CARTESIAN_POINT('',(0.,0.,-10.1264934419576));
#6415=CARTESIAN_POINT('',(0.634792354730345,0.139780779708457,-10.1264934419576));
#6416=CARTESIAN_POINT('',(0.634792354730345,0.139780779708457,-10.1264934419576));
#6417=CARTESIAN_POINT('',(0.634792354730345,0.139780779708457,-10.2252749298382));
#6418=CARTESIAN_POINT('',(0.,0.,-10.2252749298382));
#6419=CARTESIAN_POINT('',(0.647014853452291,0.0622236242283425,-10.2252749298382));
#6420=CARTESIAN_POINT('',(0.647014853452291,0.0622236242283426,-10.2252749298382));
#6421=CARTESIAN_POINT('',(0.646206671925719,0.0706272724963852,-10.2314031321635));
#6422=CARTESIAN_POINT('',(0.645335483952739,0.0779932240746323,-10.2371830559226));
#6423=CARTESIAN_POINT('',(0.643677490890829,0.0906648640354058,-10.2480463463083));
#6424=CARTESIAN_POINT('',(0.643121452673451,0.0944924698374779,-10.2514961829882));
#6425=CARTESIAN_POINT('',(0.64042217023233,0.111783553593986,-10.2706020370102));
#6426=CARTESIAN_POINT('',(0.638602750065233,0.121404539749082,-10.284796686156));
#6427=CARTESIAN_POINT('',(0.63645325584293,0.132062056596796,-10.3063087748535));
#6428=CARTESIAN_POINT('',(0.635465805253247,0.136731460417441,-10.3176275011243));
#6429=CARTESIAN_POINT('',(0.634652288896972,0.140420052817532,-10.3297902502783));
#6430=CARTESIAN_POINT('',(0.634152108016053,0.142661918304219,-10.338086310355));
#6431=CARTESIAN_POINT('',(0.633868531033931,0.143913689849436,-10.3434763227552));
#6432=CARTESIAN_POINT('',(0.633110346662474,0.147236969297847,-10.3594132659428));
#6433=CARTESIAN_POINT('',(0.632728354273929,0.148846118361198,-10.3761098351306));
#6434=CARTESIAN_POINT('',(0.63259486441945,0.14941130315387,-10.3967534189559));
#6435=CARTESIAN_POINT('',(0.63259486441945,0.14941130315387,-10.3967534189559));
#6436=CARTESIAN_POINT('',(0.63259486441945,0.14941130315387,-10.3967534189559));
#6437=CARTESIAN_POINT('',(0.632661568952388,0.149128881783603,-10.4086258305241));
#6438=CARTESIAN_POINT('',(0.632845650038579,0.148351252769741,-10.4196210886893));
#6439=CARTESIAN_POINT('',(0.633437597475025,0.145803021491913,-10.4398572982139));
#6440=CARTESIAN_POINT('',(0.633734621343518,0.144528412484922,-10.4472706333596));
#6441=CARTESIAN_POINT('',(0.635588961356085,0.13623069192216,-10.4778448758704));
#6442=CARTESIAN_POINT('',(0.637349319536146,0.128115346832602,-10.4963611376936));
#6443=CARTESIAN_POINT('',(0.640400395186297,0.111441725341278,-10.5221695239974));
#6444=CARTESIAN_POINT('',(0.641515920192741,0.104947500488582,-10.529925823065));
#6445=CARTESIAN_POINT('',(0.643774114546203,0.0900641058346414,-10.5437454284659));
#6446=CARTESIAN_POINT('',(0.645083973161272,0.080181651167376,-10.5506421820153));
#6447=CARTESIAN_POINT('',(0.647721631659017,0.0566251387178683,-10.5637922702661));
#6448=CARTESIAN_POINT('',(0.649323208471306,0.0373856167005077,-10.5707153772575));
#6449=CARTESIAN_POINT('',(0.649835450556874,0.0146248828899647,-10.5757948657395));
#6450=CARTESIAN_POINT('',(0.649835450556874,0.0146248828899647,-10.5757948657395));
#6451=CARTESIAN_POINT('',(0.649835450556874,0.0146248828899647,-10.5757948657395));
#6452=CARTESIAN_POINT('',(0.649954266782597,0.0093454563018976,-10.5767694482371));
#6453=CARTESIAN_POINT('',(0.650000030749244,0.00252682357531369,-10.5777223506484));
#6454=CARTESIAN_POINT('',(0.650022402860047,-7.82717422504764E-6,-10.5780049448272));
#6455=CARTESIAN_POINT('',(0.650011201406462,-3.91358711252382E-6,-10.5780049465083));
#6456=CARTESIAN_POINT('',(0.65,0.,-10.7204171378397));
#6457=CARTESIAN_POINT('',(0.65,-1.66533453693773E-16,-10.7204171378397));
#6458=CARTESIAN_POINT('',(0.,0.,-10.7204171378397));
#6459=CARTESIAN_POINT('',(0.634792354730345,0.139780779708457,-10.7204171378397));
#6460=CARTESIAN_POINT('',(0.634792354730345,0.139780779708457,-10.7204171378397));
#6461=CARTESIAN_POINT('',(0.634792354730345,0.139780779708457,-10.8191986257203));
#6462=CARTESIAN_POINT('',(0.,0.,-10.8191986257203));
#6463=CARTESIAN_POINT('',(0.647835677466871,0.0529993867987189,-10.8191986257203));
#6464=CARTESIAN_POINT('',(0.647835677466871,0.0529993867987185,-10.8191986257203));
#6465=CARTESIAN_POINT('',(0.645213568970618,0.0850506148726092,-10.8388348661998));
#6466=CARTESIAN_POINT('',(0.641574865891087,0.105863900345293,-10.8578836268877));
#6467=CARTESIAN_POINT('',(0.63728752465923,0.128003722738556,-10.8933283201641));
#6468=CARTESIAN_POINT('',(0.636494818636651,0.131854403132659,-10.9006167445794));
#6469=CARTESIAN_POINT('',(0.635100957007202,0.138412471205846,-10.9155925649303));
#6470=CARTESIAN_POINT('',(0.634395965290523,0.141579408133954,-10.9249731404332));
#6471=CARTESIAN_POINT('',(0.633256551328979,0.146622026096859,-10.9435542468178));
#6472=CARTESIAN_POINT('',(0.632770077811183,0.148669464421134,-10.9598410445226));
#6473=CARTESIAN_POINT('',(0.63259486441945,0.14941130315387,-10.980027235676));
#6474=CARTESIAN_POINT('',(0.632594864419044,0.149411303153774,-10.980027235676));
#6475=CARTESIAN_POINT('',(0.63259486441945,0.14941130315387,-10.980027235676));
#6476=CARTESIAN_POINT('',(0.6326659735061,0.149110233274422,-10.9902550706406));
#6477=CARTESIAN_POINT('',(0.63288159646205,0.148197366145822,-11.0040329535677));
#6478=CARTESIAN_POINT('',(0.633254622291344,0.146591195248207,-11.0154650322149));
#6479=CARTESIAN_POINT('',(0.633536981584626,0.145366048795074,-11.0225651281397));
#6480=CARTESIAN_POINT('',(0.633628169195531,0.144970784100242,-11.0246918018628));
#6481=CARTESIAN_POINT('',(0.634833238028495,0.139662881775243,-11.0456492390719));
#6482=CARTESIAN_POINT('',(0.63622379735436,0.133435747397887,-11.0601643813443));
#6483=CARTESIAN_POINT('',(0.638882017176989,0.119796589595737,-11.0804429026968));
#6484=CARTESIAN_POINT('',(0.639827801967124,0.114688802061072,-11.0867262854962));
#6485=CARTESIAN_POINT('',(0.641758694030968,0.103338841313185,-11.0983408024588));
#6486=CARTESIAN_POINT('',(0.642979310330298,0.0954174857837189,-11.1048682356869));
#6487=CARTESIAN_POINT('',(0.645140068701934,0.0800115752857867,-11.1158443680275));
#6488=CARTESIAN_POINT('',(0.646990855210802,0.0653469698357578,-11.1229163619535));
#6489=CARTESIAN_POINT('',(0.648354048149131,0.0462280028622729,-11.129742928245));
#6490=CARTESIAN_POINT('',(0.648354048144052,0.0462280028619107,-11.129742928245));
#6491=CARTESIAN_POINT('',(0.648354048149131,0.0462280028622729,-11.129742928245));
#6492=CARTESIAN_POINT('',(0.647747591783645,0.054733636141737,-11.1353409871323));
#6493=CARTESIAN_POINT('',(0.647026264737245,0.062507683135771,-11.1408372284209));
#6494=CARTESIAN_POINT('',(0.645510022927995,0.0765963968495456,-11.1516260758006));
#6495=CARTESIAN_POINT('',(0.644850527891546,0.0819258943960251,-11.1560037704689));
#6496=CARTESIAN_POINT('',(0.642139346104397,0.101652752854958,-11.1743208702141));
#6497=CARTESIAN_POINT('',(0.640384869906444,0.111810345685523,-11.1860853662013));
#6498=CARTESIAN_POINT('',(0.637664913201567,0.126123123270438,-11.2085721647176));
#6499=CARTESIAN_POINT('',(0.636821407451863,0.13027499783428,-11.2162815898841));
#6500=CARTESIAN_POINT('',(0.635332308970485,0.137353329875636,-11.2321280915391));
#6501=CARTESIAN_POINT('',(0.634584152504147,0.140735921377411,-11.2419074941967));
#6502=CARTESIAN_POINT('',(0.633327419996894,0.146324857018547,-11.2620332221381));
#6503=CARTESIAN_POINT('',(0.632788349081038,0.148592105404567,-11.2793110944086));
#6504=CARTESIAN_POINT('',(0.63259486441945,0.14941130315387,-11.3004496869887));
#6505=CARTESIAN_POINT('',(0.63259486441945,0.14941130315387,-11.3004496869887));
#6506=CARTESIAN_POINT('',(0.63259486441945,0.14941130315387,-11.3004496869887));
#6507=CARTESIAN_POINT('',(0.632726750347434,0.148852909250794,-11.3255630240913));
#6508=CARTESIAN_POINT('',(0.633404067050775,0.146036079107589,-11.3468989210243));
#6509=CARTESIAN_POINT('',(0.635667790886927,0.135844426409461,-11.382015834551));
#6510=CARTESIAN_POINT('',(0.637958082028332,0.125284264454836,-11.4034274332863));
#6511=CARTESIAN_POINT('',(0.645009495633479,0.0849081617023495,-11.4496203353377));
#6512=CARTESIAN_POINT('',(0.64999959622083,0.0495348773808351,-11.463708590197));
#6513=CARTESIAN_POINT('',(0.649999799706332,5.29868050493857E-6,-11.4692843321596));
#6514=CARTESIAN_POINT('',(0.649999799716904,2.64965529655889E-6,-11.4692843326103));
#6515=CARTESIAN_POINT('',(0.650001687005275,-3.92563800612667E-8,-11.6042861277255));
#6516=CARTESIAN_POINT('',(0.650000743606619,2.70648445430831E-7,-11.5899946710186));
#6517=CARTESIAN_POINT('',(0.650000843502637,-1.96281900306333E-8,-11.604286119468));
#6518=CARTESIAN_POINT('',(0.650001687005275,-3.92563800612667E-8,-11.6042861277255));
#6519=CARTESIAN_POINT('',(0.650000002708736,0.0442841057029582,-11.6229161817093));
#6520=CARTESIAN_POINT('',(0.644836832399052,0.0858830329339977,-11.6566336923408));
#6521=CARTESIAN_POINT('',(0.638059539070051,0.124710198230983,-11.7183074126634));
#6522=CARTESIAN_POINT('',(0.635997224234102,0.134345205420055,-11.7408543774195));
#6523=CARTESIAN_POINT('',(0.633223550654173,0.14686401312017,-11.7890372738784));
#6524=CARTESIAN_POINT('',(0.632779110351294,0.148631221407615,-11.8080218072168));
#6525=CARTESIAN_POINT('',(0.63259486441945,0.14941130315387,-11.838808795938));
#6526=CARTESIAN_POINT('',(0.632594864419438,0.149411303153965,-11.8388087959417));
#6527=CARTESIAN_POINT('',(0.63259486441945,0.14941130315387,-11.838808795938));
#6528=CARTESIAN_POINT('',(0.632763374775066,0.148697844511092,-11.8672152261876));
#6529=CARTESIAN_POINT('',(0.633317936869078,0.146449642646444,-11.8889875852615));
#6530=CARTESIAN_POINT('',(0.636018388624185,0.134237536938338,-11.9353633540551));
#6531=CARTESIAN_POINT('',(0.638116135356577,0.12443306646815,-11.9573291989731));
#6532=CARTESIAN_POINT('',(0.644931288264075,0.0852454946044758,-12.017832275719));
#6533=CARTESIAN_POINT('',(0.649999464640842,0.0468358279653474,-12.0494009493782));
#6534=CARTESIAN_POINT('',(0.649999256874273,7.43039377651618E-6,-12.0682491673094));
#6535=CARTESIAN_POINT('',(0.649999256895464,3.71530129809281E-6,-12.0682491675152));
#6536=CARTESIAN_POINT('',(0.65,0.,-12.2206609850265));
#6537=CARTESIAN_POINT('',(0.65,-3.68260028347119E-16,-12.2206609850265));
#6538=CARTESIAN_POINT('',(0.,0.,-12.2206609850265));
#6539=CARTESIAN_POINT('',(0.647922877454574,0.0519224890676924,-12.2206609850265));
#6540=CARTESIAN_POINT('',(0.647922877454574,0.0519224890676925,-12.2206609850265));
#6541=CARTESIAN_POINT('',(0.647922877454574,0.0519224890676924,-12.1515139435101));
#6542=CARTESIAN_POINT('',(0.,0.,-12.1515139435101));
#6543=CARTESIAN_POINT('',(0.634792354730345,0.139780779708457,-12.1515139435101));
#6544=CARTESIAN_POINT('',(0.634792354730345,0.139780779708457,-12.1515139435101));
#6545=CARTESIAN_POINT('',(0.634792354730345,0.139780779708457,-12.2206609850265));
#6546=CARTESIAN_POINT('',(0.,0.,-12.2206609850265));
#6547=CARTESIAN_POINT('',(0.591476137580916,0.26954772985941,-12.2206609850265));
#6548=CARTESIAN_POINT('',(0.591476137580916,0.26954772985941,-12.2206609850265));
#6549=CARTESIAN_POINT('',(0.583710125886229,0.286588906959945,-12.2535881476534));
#6550=CARTESIAN_POINT('',(0.575207196392856,0.303294236464336,-12.2865153102802));
#6551=CARTESIAN_POINT('',(0.56599907539967,0.319601387116386,-12.3194424729071));
#6552=CARTESIAN_POINT('',(0.56599907539967,0.319601387116386,-12.3194424729071));
#6553=CARTESIAN_POINT('',(0.,0.,-12.3194424729071));
#6554=CARTESIAN_POINT('',(0.634792354730345,0.139780779708457,-12.3194424729071));
#6555=CARTESIAN_POINT('',(0.634792354730345,0.139780779708457,-12.3194424729071));
#6556=CARTESIAN_POINT('',(0.634792354730345,0.139780779708457,-12.4083458119996));
#6557=CARTESIAN_POINT('',(0.,0.,-12.4083458119996));
#6558=CARTESIAN_POINT('',(0.647922877454574,0.0519224890676924,-12.4083458119996));
#6559=CARTESIAN_POINT('',(0.647922877454574,0.0519224890676925,-12.4083458119996));
#6560=CARTESIAN_POINT('',(0.647922877454574,0.0519224890676924,-12.3194424729071));
#6561=CARTESIAN_POINT('',(0.,0.,-12.3194424729071));
#6562=CARTESIAN_POINT('',(0.649999999999986,-9.60501731835904E-8,-12.319442472888));
#6563=CARTESIAN_POINT('',(0.650003522906628,-1.28067611556931E-7,-12.4818358300121));
#6564=CARTESIAN_POINT('',(0.6500017614533,-9.60505715316117E-8,-12.4818357945554));
#6565=CARTESIAN_POINT('',(0.650003522906628,-1.28067611556931E-7,-12.4818358300121));
#6566=CARTESIAN_POINT('',(0.650000000365731,0.00169986221821884,-12.4823064901872));
#6567=CARTESIAN_POINT('',(0.649970817170087,0.00704125590575496,-12.4838586600524));
#6568=CARTESIAN_POINT('',(0.649861074236917,0.0138645825440444,-12.4860413992174));
#6569=CARTESIAN_POINT('',(0.649619326692506,0.0238809711318051,-12.4894753722826));
#6570=CARTESIAN_POINT('',(0.64858584499053,0.0457154164641581,-12.4986070263255));
#6571=CARTESIAN_POINT('',(0.647128416996332,0.061780286696111,-12.5083525301752));
#6572=CARTESIAN_POINT('',(0.643971557555818,0.0903803114226819,-12.5304013669584));
#6573=CARTESIAN_POINT('',(0.641200479997065,0.107322933557791,-12.551549357104));
#6574=CARTESIAN_POINT('',(0.637749992210703,0.125753784592065,-12.5899250941247));
#6575=CARTESIAN_POINT('',(0.636991251112442,0.129452496678055,-12.5999056647637));
#6576=CARTESIAN_POINT('',(0.635360243890361,0.137233973102719,-12.6251932599856));
#6577=CARTESIAN_POINT('',(0.634652042555138,0.14044038853785,-12.638675434599));
#6578=CARTESIAN_POINT('',(0.633796908142676,0.144233001396359,-12.6601562620228));
#6579=CARTESIAN_POINT('',(0.633688265899915,0.144705689796404,-12.663733908762));
#6580=CARTESIAN_POINT('',(0.633354899398806,0.146157881779341,-12.6755577749632));
#6581=CARTESIAN_POINT('',(0.632916146277572,0.148051688820321,-12.6943795381999));
#6582=CARTESIAN_POINT('',(0.632669808352458,0.149093996858167,-12.7164591932416));
#6583=CARTESIAN_POINT('',(0.63259486441945,0.14941130315387,-12.7326269151827));
#6584=CARTESIAN_POINT('',(0.632594864417726,0.149411303153463,-12.7326269151827));
#6585=CARTESIAN_POINT('',(0.63259486441945,0.14941130315387,-12.7326269151827));
#6586=CARTESIAN_POINT('',(0.632651706043204,0.149170640509795,-12.7467739730101));
#6587=CARTESIAN_POINT('',(0.632820299208755,0.148456790188493,-12.7657911466985));
#6588=CARTESIAN_POINT('',(0.633110278678777,0.147212809990736,-12.7815032008081));
#6589=CARTESIAN_POINT('',(0.633329802152137,0.146265505502912,-12.7912434325302));
#6590=CARTESIAN_POINT('',(0.633393525072946,0.145991105061475,-12.7939414530343));
#6591=CARTESIAN_POINT('',(0.63397765363683,0.143441193995138,-12.8117629671097));
#6592=CARTESIAN_POINT('',(0.634771820457992,0.139933864953792,-12.8287993218014));
#6593=CARTESIAN_POINT('',(0.635833164134609,0.134980063549283,-12.8446579374178));
#6594=CARTESIAN_POINT('',(0.636592042076616,0.131354490345477,-12.8549686280342));
#6595=CARTESIAN_POINT('',(0.636898549935904,0.129874692028466,-12.8588605566977));
#6596=CARTESIAN_POINT('',(0.641625568282346,0.106194805348071,-12.9130961970476));
#6597=CARTESIAN_POINT('',(0.647240543271977,0.0793481438707998,-12.9339576896848));
#6598=CARTESIAN_POINT('',(0.649427519017574,0.0272744851954877,-12.9468592670238));
#6599=CARTESIAN_POINT('',(0.649427519017574,0.0272744851954877,-12.9468592670238));
#6600=CARTESIAN_POINT('',(0.649427519017574,0.0272744851954877,-12.9468592670238));
#6601=CARTESIAN_POINT('',(0.649817485455348,0.0179890693803575,-12.9484138694004));
#6602=CARTESIAN_POINT('',(0.649999965829941,0.00889556149983803,-12.9495500383086));
#6603=CARTESIAN_POINT('',(0.650070392373722,2.89193184973734E-6,-12.9502677452975));
#6604=CARTESIAN_POINT('',(0.650035196183645,1.44601283407532E-6,-12.9502677497396));
#6605=CARTESIAN_POINT('',(0.65,0.,-13.0899380783758));
#6606=CARTESIAN_POINT('',(0.65,-1.94289029309402E-16,-13.0899380783758));
#6607=CARTESIAN_POINT('',(0.,0.,-13.0899380783758));
#6608=CARTESIAN_POINT('',(0.558882594536379,0.331888905394992,-13.0899380783758));
#6609=CARTESIAN_POINT('',(0.558882594536379,0.331888905394992,-13.0899380783758));
#6610=CARTESIAN_POINT('',(0.558882594536379,0.331888905394992,-13.1887195662564));
#6611=CARTESIAN_POINT('',(0.,0.,-13.1887195662564));
#6612=CARTESIAN_POINT('',(0.65,-1.94289029309402E-16,-13.1887195662564));
#6613=CARTESIAN_POINT('',(0.65,0.,-13.3270136492893));
#6614=CARTESIAN_POINT('',(0.65,-1.94289029309402E-16,-13.3270136492893));
#6615=CARTESIAN_POINT('',(0.,0.,-13.3270136492893));
#6616=CARTESIAN_POINT('',(0.558882594536379,0.331888905394992,-13.3270136492893));
#6617=CARTESIAN_POINT('',(0.558882594536379,0.331888905394992,-13.3270136492893));
#6618=CARTESIAN_POINT('',(0.558882594536379,0.331888905394992,-13.4257951371699));
#6619=CARTESIAN_POINT('',(0.,0.,-13.4257951371699));
#6620=CARTESIAN_POINT('',(0.65,-1.94289029309402E-16,-13.4257951371699));
#6621=CARTESIAN_POINT('',(0.65,-1.5703349147041E-15,-19.5417424305044));
#6622=CARTESIAN_POINT('',(0.65,-1.5703349147041E-15,-19.5417424305044));
#6623=CARTESIAN_POINT('',(0.650000000000008,0.0499646028677356,-19.5417424305014));
#6624=CARTESIAN_POINT('',(0.643673469313389,0.0980303388424188,-19.5639411402141));
#6625=CARTESIAN_POINT('',(0.627994680551717,0.171895792939329,-19.6279686487885));
#6626=CARTESIAN_POINT('',(0.618900667217555,0.199918024179041,-19.6693809848273));
#6627=CARTESIAN_POINT('',(0.59596748024239,0.263332055757517,-19.8014059157397));
#6628=CARTESIAN_POINT('',(0.586357910649901,0.280507398823102,-19.9013430283994));
#6629=CARTESIAN_POINT('',(0.586369367629585,0.280483448499017,-20.0988483994729));
#6630=CARTESIAN_POINT('',(0.595931449506696,0.263417981815182,-20.1983460944356));
#6631=CARTESIAN_POINT('',(0.618884345659759,0.199969993026393,-20.3305452890734));
#6632=CARTESIAN_POINT('',(0.62797107150423,0.172046762471317,-20.3719444646443));
#6633=CARTESIAN_POINT('',(0.643755698517947,0.0976030519435851,-20.4363850981929));
#6634=CARTESIAN_POINT('',(0.649999999999799,0.0496044296047993,-20.4582575694949));
#6635=CARTESIAN_POINT('',(0.650000000000199,2.48102900429086E-12,-20.4582575694978));
#6636=CARTESIAN_POINT('',(0.65,0.,-24.7676612083981));
#6637=CARTESIAN_POINT('',(0.,0.,0.));
#6638=CARTESIAN_POINT('',(-0.65,1.64993695589576E-15,-19.5417424305044));
#6639=CARTESIAN_POINT('',(-0.650000000000008,-0.0499646028677351,-19.5417424305014));
#6640=CARTESIAN_POINT('',(-0.64367346931339,-0.098030338842416,-19.5639411402141));
#6641=CARTESIAN_POINT('',(-0.627994680551718,-0.171895792939326,-19.6279686487885));
#6642=CARTESIAN_POINT('',(-0.618900667217555,-0.199918024179039,-19.6693809848273));
#6643=CARTESIAN_POINT('',(-0.595967480242392,-0.263332055757514,-19.8014059157397));
#6644=CARTESIAN_POINT('',(-0.586357910649903,-0.280507398823098,-19.9013430283994));
#6645=CARTESIAN_POINT('',(-0.586369367629587,-0.280483448499013,-20.0988483994729));
#6646=CARTESIAN_POINT('',(-0.595931449506698,-0.263417981815179,-20.1983460944356));
#6647=CARTESIAN_POINT('',(-0.61888434565976,-0.19996999302639,-20.3305452890734));
#6648=CARTESIAN_POINT('',(-0.627971071504231,-0.172046762471313,-20.3719444646443));
#6649=CARTESIAN_POINT('',(-0.643755698517948,-0.0976030519435827,-20.4363850981929));
#6650=CARTESIAN_POINT('',(-0.649999999999799,-0.0496044296047988,-20.4582575694949));
#6651=CARTESIAN_POINT('',(-0.650000000000199,-2.48094940221898E-12,-20.4582575694978));
#6652=CARTESIAN_POINT('',(0.,0.,-24.7676612083981));
#6653=CARTESIAN_POINT('',(0.,0.,-13.4257951371699));
#6654=CARTESIAN_POINT('',(0.517652133450947,-0.393111013243948,-13.4257951371699));
#6655=CARTESIAN_POINT('',(0.517652133450947,-0.393111013243948,-13.4257951371699));
#6656=CARTESIAN_POINT('',(0.517652133450947,-0.393111013243948,-13.3270136492893));
#6657=CARTESIAN_POINT('',(0.,0.,-13.3270136492893));
#6658=CARTESIAN_POINT('',(0.,0.,-13.1887195662564));
#6659=CARTESIAN_POINT('',(0.517652133450947,-0.393111013243948,-13.1887195662564));
#6660=CARTESIAN_POINT('',(0.517652133450947,-0.393111013243948,-13.1887195662564));
#6661=CARTESIAN_POINT('',(0.517652133450947,-0.393111013243948,-13.0899380783758));
#6662=CARTESIAN_POINT('',(0.,0.,-13.0899380783758));
#6663=CARTESIAN_POINT('',(0.650070392373722,2.89193184973734E-6,-12.9502677452975));
#6664=CARTESIAN_POINT('',(0.650000017721532,-0.00461158679015561,-12.9506401641243));
#6665=CARTESIAN_POINT('',(0.64998613946749,-0.00559095807569811,-12.950651790929));
#6666=CARTESIAN_POINT('',(0.649882807373932,-0.0128676723548542,-12.9509694719336));
#6667=CARTESIAN_POINT('',(0.649793338526867,-0.0170673832674671,-12.9511062309318));
#6668=CARTESIAN_POINT('',(0.649313599112324,-0.0313458684639942,-12.9514502634144));
#6669=CARTESIAN_POINT('',(0.648720495431072,-0.0431071736594134,-12.9515912923868));
#6670=CARTESIAN_POINT('',(0.647489672081039,-0.0570712234702276,-12.951643995343));
#6671=CARTESIAN_POINT('',(0.647489672081039,-0.0570712234702278,-12.951643995343));
#6672=CARTESIAN_POINT('',(0.,0.,-12.951643995343));
#6673=CARTESIAN_POINT('',(0.625863631366462,-0.175484229869199,-12.951643995343));
#6674=CARTESIAN_POINT('',(0.625863631366462,-0.175484229869199,-12.951643995343));
#6675=CARTESIAN_POINT('',(0.618457814038459,-0.201897040465313,-12.9517985625405));
#6676=CARTESIAN_POINT('',(0.610318022188874,-0.224589936048077,-12.952068725716));
#6677=CARTESIAN_POINT('',(0.598669409125964,-0.253381373570403,-12.9526473644463));
#6678=CARTESIAN_POINT('',(0.59487435689744,-0.26210626381772,-12.9528691430175));
#6679=CARTESIAN_POINT('',(0.589471492307345,-0.273938238045748,-12.9532451593661));
#6680=CARTESIAN_POINT('',(0.586841983009394,-0.279540424936491,-12.9534440046634));
#6681=CARTESIAN_POINT('',(0.584345515948787,-0.284681840134577,-12.953659105645));
#6682=CARTESIAN_POINT('',(0.582713264970203,-0.288008129988771,-12.9538061186737));
#6683=CARTESIAN_POINT('',(0.582532076508604,-0.288385455200569,-12.9538204629399));
#6684=CARTESIAN_POINT('',(0.57552342204059,-0.302373023937873,-12.9545108995603));
#6685=CARTESIAN_POINT('',(0.5700986135807,-0.312399006544686,-12.9553751421803));
#6686=CARTESIAN_POINT('',(0.559939973745139,-0.330261705771402,-12.9577274140679));
#6687=CARTESIAN_POINT('',(0.555843967625448,-0.337079780517693,-12.9589460309011));
#6688=CARTESIAN_POINT('',(0.541142110243951,-0.360563996592209,-12.9651540359772));
#6689=CARTESIAN_POINT('',(0.530108827372089,-0.376707926159682,-12.9719083945708));
#6690=CARTESIAN_POINT('',(0.517652133450947,-0.393111013243948,-12.9812784417072));
#6691=CARTESIAN_POINT('',(0.517652133436147,-0.393111013232709,-12.9812784417072));
#6692=CARTESIAN_POINT('',(0.517652133450947,-0.393111013243948,-12.9812784417072));
#6693=CARTESIAN_POINT('',(0.517652133450947,-0.393111013243948,-12.8824969538266));
#6694=CARTESIAN_POINT('',(0.517652133450947,-0.393111013243948,-12.8824969538266));
#6695=CARTESIAN_POINT('',(0.532025643278346,-0.374183845658556,-12.8652885426756));
#6696=CARTESIAN_POINT('',(0.541205532383649,-0.361204257628886,-12.8586704688277));
#6697=CARTESIAN_POINT('',(0.556466176432613,-0.33592468573546,-12.8528625074624));
#6698=CARTESIAN_POINT('',(0.556466176248968,-0.335924685624598,-12.8528625074624));
#6699=CARTESIAN_POINT('',(0.556466176432613,-0.33592468573546,-12.8528625074624));
#6700=CARTESIAN_POINT('',(0.549205213662049,-0.347952620453355,-12.83499766238));
#6701=CARTESIAN_POINT('',(0.542675546121457,-0.357908306818273,-12.8182996804837));
#6702=CARTESIAN_POINT('',(0.534439452797705,-0.369997631621104,-12.7950030024182));
#6703=CARTESIAN_POINT('',(0.531951805361144,-0.373552847255237,-12.7875291588596));
#6704=CARTESIAN_POINT('',(0.527545913682273,-0.379749604182296,-12.7731649033353));
#6705=CARTESIAN_POINT('',(0.526044434314543,-0.381823296836409,-12.7679788248116));
#6706=CARTESIAN_POINT('',(0.51995298145437,-0.390123063401844,-12.7430697359782));
#6707=CARTESIAN_POINT('',(0.516706332767093,-0.394365198573221,-12.7244566308642));
#6708=CARTESIAN_POINT('',(0.512974314923109,-0.399207585594864,-12.6914500578741));
#6709=CARTESIAN_POINT('',(0.511892001390542,-0.400583044619633,-12.6727669157695));
#6710=CARTESIAN_POINT('',(0.511618419976464,-0.400932154286466,-12.6519039180553));
#6711=CARTESIAN_POINT('',(0.511618419976464,-0.400932154286466,-12.6519039180553));
#6712=CARTESIAN_POINT('',(0.511618419976464,-0.400932154286466,-12.6519039180553));
#6713=CARTESIAN_POINT('',(0.511817880862458,-0.400677627773069,-12.6380807866264));
#6714=CARTESIAN_POINT('',(0.512596587563512,-0.399684859412767,-12.6192066350215));
#6715=CARTESIAN_POINT('',(0.514083770830081,-0.397767214692915,-12.6031233017242));
#6716=CARTESIAN_POINT('',(0.515230081013494,-0.396281268967211,-12.5930212613721));
#6717=CARTESIAN_POINT('',(0.515610325246715,-0.39578869522634,-12.5899292260892));
#6718=CARTESIAN_POINT('',(0.520595356838004,-0.389260394541471,-12.5595305645888));
#6719=CARTESIAN_POINT('',(0.525854066918853,-0.382360122832277,-12.540809332696));
#6720=CARTESIAN_POINT('',(0.538573369543804,-0.363997481344426,-12.513589906293));
#6721=CARTESIAN_POINT('',(0.543149650697978,-0.35716847128247,-12.5055829495306));
#6722=CARTESIAN_POINT('',(0.552822162437897,-0.342006603224382,-12.4917014067498));
#6723=CARTESIAN_POINT('',(0.558692322150239,-0.332330687954818,-12.4851196722359));
#6724=CARTESIAN_POINT('',(0.572156417198813,-0.308966377139674,-12.4728159157823));
#6725=CARTESIAN_POINT('',(0.582690085460997,-0.289276147436082,-12.4683480106634));
#6726=CARTESIAN_POINT('',(0.593540174699329,-0.264971811742099,-12.467614704728));
#6727=CARTESIAN_POINT('',(0.593540174699329,-0.264971811742099,-12.467614704728));
#6728=CARTESIAN_POINT('',(0.593540174699329,-0.264971811742099,-12.467614704728));
#6729=CARTESIAN_POINT('',(0.602408924631901,-0.245105700891535,-12.4682142223478));
#6730=CARTESIAN_POINT('',(0.607981568111409,-0.230559333129484,-12.4704563379291));
#6731=CARTESIAN_POINT('',(0.619383276974294,-0.197897825811463,-12.482836340107));
#6732=CARTESIAN_POINT('',(0.624181249616468,-0.181921142866427,-12.4924502866278));
#6733=CARTESIAN_POINT('',(0.631461411438391,-0.154770864373232,-12.5162068999702));
#6734=CARTESIAN_POINT('',(0.634158486061629,-0.142885002484806,-12.5314770477552));
#6735=CARTESIAN_POINT('',(0.637697555694515,-0.126154416649997,-12.5608302975519));
#6736=CARTESIAN_POINT('',(0.639075309243424,-0.118839673010216,-12.5782791320573));
#6737=CARTESIAN_POINT('',(0.640172556737352,-0.112601499103528,-12.5985001761698));
#6738=CARTESIAN_POINT('',(0.640172556737352,-0.112601499103528,-12.5985001761698));
#6739=CARTESIAN_POINT('',(0.640172556737352,-0.112601499103528,-12.5985001761698));
#6740=CARTESIAN_POINT('',(0.641069504600334,-0.10750208736144,-12.6186484054825));
#6741=CARTESIAN_POINT('',(0.641828963990613,-0.102829836854685,-12.6457104172665));
#6742=CARTESIAN_POINT('',(0.64247948978833,-0.0985905938785624,-12.6796862115217));
#6743=CARTESIAN_POINT('',(0.64247948978833,-0.0985905938785624,-12.6796862115217));
#6744=CARTESIAN_POINT('',(0.64247948978833,-0.0985905938785624,-12.6796862115217));
#6745=CARTESIAN_POINT('',(0.642843301734486,-0.096219762094819,-12.6979094069865));
#6746=CARTESIAN_POINT('',(0.643330459661245,-0.0929145002699169,-12.7218552633426));
#6747=CARTESIAN_POINT('',(0.643809984316246,-0.089499919775941,-12.7438614562863));
#6748=CARTESIAN_POINT('',(0.643997724073286,-0.0881313432933152,-12.7520218305182));
#6749=CARTESIAN_POINT('',(0.644119069745096,-0.0872400497075102,-12.7571796686028));
#6750=CARTESIAN_POINT('',(0.644136347563855,-0.0871143739380106,-12.7579435992111));
#6751=CARTESIAN_POINT('',(0.645022060332916,-0.0805086284372774,-12.7936762125505));
#6752=CARTESIAN_POINT('',(0.645832523980465,-0.0738647788305277,-12.820545356173));
#6753=CARTESIAN_POINT('',(0.646595113162382,-0.0664436575944324,-12.8425213204499));
#6754=CARTESIAN_POINT('',(0.646595113162382,-0.0664436575944324,-12.8425213204499));
#6755=CARTESIAN_POINT('',(0.646595113162382,-0.0664436575944324,-12.8425213204499));
#6756=CARTESIAN_POINT('',(0.647378724620919,-0.0588179584976037,-12.8426756665247));
#6757=CARTESIAN_POINT('',(0.648027420056034,-0.0511783957266554,-12.8428300125995));
#6758=CARTESIAN_POINT('',(0.648540793523557,-0.0435297500088719,-12.8429843586743));
#6759=CARTESIAN_POINT('',(0.648540793523557,-0.0435297500088719,-12.8429843586743));
#6760=CARTESIAN_POINT('',(0.648540793523557,-0.0435297500088719,-12.8429843586743));
#6761=CARTESIAN_POINT('',(0.64915693794906,-0.0343499409229233,-12.8427462144518));
#6762=CARTESIAN_POINT('',(0.649511650027488,-0.0261845869034155,-12.8421763696846));
#6763=CARTESIAN_POINT('',(0.649930205968559,-0.0119056071831032,-12.8403732790608));
#6764=CARTESIAN_POINT('',(0.649999995412933,-0.0068268270153742,-12.8395109706044));
#6765=CARTESIAN_POINT('',(0.649999795947017,-4.35426604704348E-7,-12.8373588420138));
#6766=CARTESIAN_POINT('',(0.649999795947083,-2.17713370655664E-7,-12.8373588442124));
#6767=CARTESIAN_POINT('',(0.649999795947017,-4.35426604704348E-7,-12.8373588420138));
#6768=CARTESIAN_POINT('',(0.649999961387375,-5.40567828904681E-6,-12.5862946242382));
#6769=CARTESIAN_POINT('',(0.649999961342445,-1.08113559362077E-5,-12.5862946267734));
#6770=CARTESIAN_POINT('',(0.649999901401108,-0.00593201121068253,-12.5834638467471));
#6771=CARTESIAN_POINT('',(0.649940826255868,-0.0149468530087014,-12.5801237498896));
#6772=CARTESIAN_POINT('',(0.649437344512289,-0.0270395183541759,-12.5762743413967));
#6773=CARTESIAN_POINT('',(0.649437344510781,-0.027039518354113,-12.5762743413967));
#6774=CARTESIAN_POINT('',(0.649437344512289,-0.0270395183541759,-12.5762743413967));
#6775=CARTESIAN_POINT('',(0.649574319068936,-0.0237496523451422,-12.5433471787698));
#6776=CARTESIAN_POINT('',(0.649686294847482,-0.0204587455074246,-12.5104200161429));
#6777=CARTESIAN_POINT('',(0.649773258917781,-0.0171671778509666,-12.4774928535161));
#6778=CARTESIAN_POINT('',(0.649773258917779,-0.0171671778510437,-12.4774928535168));
#6779=CARTESIAN_POINT('',(0.649773258917781,-0.0171671778509666,-12.4774928535161));
#6780=CARTESIAN_POINT('',(0.649996748740913,-0.00870814562258688,-12.4795620082846));
#6781=CARTESIAN_POINT('',(0.649999999357985,-0.00298417876224682,-12.481009666279));
#6782=CARTESIAN_POINT('',(0.650003522906628,-1.28067611556931E-7,-12.4818358300121));
#6783=CARTESIAN_POINT('',(0.,0.,-12.3194424729071));
#6784=CARTESIAN_POINT('',(0.595721816521256,-0.260029839288907,-12.3194424729071));
#6785=CARTESIAN_POINT('',(0.595721816521256,-0.260029839288907,-12.3194424729071));
#6786=CARTESIAN_POINT('',(0.590183720671131,-0.27271747748046,-12.3195302193917));
#6787=CARTESIAN_POINT('',(0.585263692456609,-0.282920259686467,-12.3200261971003));
#6788=CARTESIAN_POINT('',(0.57935750546174,-0.294727410716073,-12.3213825104993));
#6789=CARTESIAN_POINT('',(0.576768715375979,-0.2997559319787,-12.3222137539078));
#6790=CARTESIAN_POINT('',(0.574792724963944,-0.303504362527725,-12.3232746273798));
#6791=CARTESIAN_POINT('',(0.573616555076893,-0.305721478615022,-12.3240329052642));
#6792=CARTESIAN_POINT('',(0.573666909760767,-0.305631895283044,-12.3238882283012));
#6793=CARTESIAN_POINT('',(0.570629862883831,-0.311287447000798,-12.3268267229066));
#6794=CARTESIAN_POINT('',(0.568853783161475,-0.314507274668693,-12.3293542313491));
#6795=CARTESIAN_POINT('',(0.565853175840829,-0.319874406333954,-12.3355462723121));
#6796=CARTESIAN_POINT('',(0.564345284020603,-0.322515257252455,-12.340499411101));
#6797=CARTESIAN_POINT('',(0.562402991780421,-0.32589820168893,-12.3493327259736));
#6798=CARTESIAN_POINT('',(0.561665987534208,-0.327156565401332,-12.3580530919168));
#6799=CARTESIAN_POINT('',(0.561506820782839,-0.327429519460828,-12.3696049472215));
#6800=CARTESIAN_POINT('',(0.561506820782873,-0.327429519460769,-12.3696049472268));
#6801=CARTESIAN_POINT('',(0.561506820782839,-0.327429519460828,-12.3696049472215));
#6802=CARTESIAN_POINT('',(0.56157858553346,-0.327306450541961,-12.3802360513587));
#6803=CARTESIAN_POINT('',(0.561994137627943,-0.326595852649466,-12.3931496729515));
#6804=CARTESIAN_POINT('',(0.562746764277411,-0.325293835317094,-12.4083458119996));
#6805=CARTESIAN_POINT('',(0.56274676427741,-0.325293835317094,-12.4083458119996));
#6806=CARTESIAN_POINT('',(0.562746764277411,-0.325293835317094,-12.4083458119996));
#6807=CARTESIAN_POINT('',(0.548920301248249,-0.349213124545176,-12.4116385282623));
#6808=CARTESIAN_POINT('',(0.53356681871149,-0.37224958488516,-12.414931244525));
#6809=CARTESIAN_POINT('',(0.516810834633134,-0.394216388809248,-12.4182239607877));
#6810=CARTESIAN_POINT('',(0.516810834633134,-0.394216388809247,-12.4182239607877));
#6811=CARTESIAN_POINT('',(0.516810834633134,-0.394216388809248,-12.4182239607877));
#6812=CARTESIAN_POINT('',(0.513555815555128,-0.39848366225146,-12.392235694265));
#6813=CARTESIAN_POINT('',(0.511798745911512,-0.40070204535411,-12.3690323343514));
#6814=CARTESIAN_POINT('',(0.511618419976464,-0.400932154286466,-12.3486138810468));
#6815=CARTESIAN_POINT('',(0.511618419990361,-0.400932154278292,-12.3486138822104));
#6816=CARTESIAN_POINT('',(0.511618419976464,-0.400932154286466,-12.3486138810468));
#6817=CARTESIAN_POINT('',(0.511842574351501,-0.400646117095482,-12.3353260457752));
#6818=CARTESIAN_POINT('',(0.512685282722683,-0.399571697720731,-12.317672792872));
#6819=CARTESIAN_POINT('',(0.514275364618312,-0.39751962654361,-12.3034372899753));
#6820=CARTESIAN_POINT('',(0.515498584190735,-0.395932082355062,-12.2947064547123));
#6821=CARTESIAN_POINT('',(0.515837070474663,-0.395494095109138,-12.2923753429233));
#6822=CARTESIAN_POINT('',(0.521476900265985,-0.388094374040948,-12.2660729755643));
#6823=CARTESIAN_POINT('',(0.529843308963863,-0.376850836215976,-12.248813754791));
#6824=CARTESIAN_POINT('',(0.540913915887271,-0.360454977632647,-12.2358546693799));
#6825=CARTESIAN_POINT('',(0.543315020559768,-0.356834932312575,-12.2336137559098));
#6826=CARTESIAN_POINT('',(0.548451388885907,-0.348888885626213,-12.229833736194));
#6827=CARTESIAN_POINT('',(0.551838716313549,-0.34349987009844,-12.2280254642194));
#6828=CARTESIAN_POINT('',(0.556291420835411,-0.33624096223564,-12.2261873904098));
#6829=CARTESIAN_POINT('',(0.558734480451646,-0.332179231130366,-12.2253656321923));
#6830=CARTESIAN_POINT('',(0.563998604016266,-0.323160696724765,-12.2239166731321));
#6831=CARTESIAN_POINT('',(0.567859965014612,-0.316308777468332,-12.2231042379747));
#6832=CARTESIAN_POINT('',(0.577538791238071,-0.29867685838341,-12.2213807987715));
#6833=CARTESIAN_POINT('',(0.587069523657671,-0.280175579892352,-12.220681277069));
#6834=CARTESIAN_POINT('',(0.597133071824845,-0.256772456725841,-12.2206609850265));
#6835=CARTESIAN_POINT('',(0.597133071821021,-0.256772456724197,-12.2206609850265));
#6836=CARTESIAN_POINT('',(0.,0.,-12.2206609850265));
#6837=CARTESIAN_POINT('',(0.649999256874273,7.43039377651618E-6,-12.0682491673094));
#6838=CARTESIAN_POINT('',(0.650000521999032,-0.0456596813259783,-12.0866299720067));
#6839=CARTESIAN_POINT('',(0.646773468934477,-0.085031207123996,-12.0913515670971));
#6840=CARTESIAN_POINT('',(0.634975148657777,-0.13894804995765,-12.0922450507817));
#6841=CARTESIAN_POINT('',(0.634975148657777,-0.13894804995765,-12.0922450507817));
#6842=CARTESIAN_POINT('',(0.634975148657777,-0.13894804995765,-12.0922450507817));
#6843=CARTESIAN_POINT('',(0.63317147782563,-0.147190599278216,-12.0920907047069));
#6844=CARTESIAN_POINT('',(0.631207293212099,-0.155398023937334,-12.0919363586321));
#6845=CARTESIAN_POINT('',(0.629084083854867,-0.163564101930965,-12.0917820125572));
#6846=CARTESIAN_POINT('',(0.629084083854867,-0.163564101930965,-12.0917820125572));
#6847=CARTESIAN_POINT('',(0.629084083854867,-0.163564101930965,-12.0917820125572));
#6848=CARTESIAN_POINT('',(0.629084083854867,-0.163564101930965,-11.6773628016831));
#6849=CARTESIAN_POINT('',(0.629084083854867,-0.163564101930965,-11.6773628016831));
#6850=CARTESIAN_POINT('',(0.625660544592349,-0.176731380295083,-11.6784825943643));
#6851=CARTESIAN_POINT('',(0.622132378515322,-0.188616827817634,-11.6800667930934));
#6852=CARTESIAN_POINT('',(0.616991253674211,-0.204580165027808,-11.6831397002588));
#6853=CARTESIAN_POINT('',(0.615302033043158,-0.209590671675851,-11.6842801041592));
#6854=CARTESIAN_POINT('',(0.612015635687152,-0.219001605462219,-11.686793114984));
#6855=CARTESIAN_POINT('',(0.610910016241009,-0.222086443955189,-11.6876881503346));
#6856=CARTESIAN_POINT('',(0.60079061931626,-0.249169854231242,-11.6975195503849));
#6857=CARTESIAN_POINT('',(0.593279602602942,-0.266114249006187,-11.7077728785696));
#6858=CARTESIAN_POINT('',(0.582068975184097,-0.289430610380697,-11.7313140365359));
#6859=CARTESIAN_POINT('',(0.578631442749859,-0.296189845374095,-11.7398502436318));
#6860=CARTESIAN_POINT('',(0.572554692324621,-0.307772473328224,-11.7583009667048));
#6861=CARTESIAN_POINT('',(0.569617292510216,-0.313130828980194,-11.7696721453471));
#6862=CARTESIAN_POINT('',(0.56400236907185,-0.323203390482389,-11.7971131686038));
#6863=CARTESIAN_POINT('',(0.561863890922199,-0.326817182127655,-11.8193734586473));
#6864=CARTESIAN_POINT('',(0.561506820782839,-0.327429519460828,-11.8456000232298));
#6865=CARTESIAN_POINT('',(0.561506820782839,-0.327429519460828,-11.8456000232298));
#6866=CARTESIAN_POINT('',(0.561506820782839,-0.327429519460828,-11.8456000232298));
#6867=CARTESIAN_POINT('',(0.561669211531065,-0.327151036589428,-11.8552170032064));
#6868=CARTESIAN_POINT('',(0.562081579745332,-0.32644349832189,-11.86810599926));
#6869=CARTESIAN_POINT('',(0.562743812826166,-0.325299320168431,-11.8786902844466));
#6870=CARTESIAN_POINT('',(0.563240177387191,-0.324439130119995,-11.8852343166005));
#6871=CARTESIAN_POINT('',(0.563393401304466,-0.324173727034914,-11.8871342380637));
#6872=CARTESIAN_POINT('',(0.565519003709047,-0.320468306348501,-11.9065136067385));
#6873=CARTESIAN_POINT('',(0.568176171325233,-0.315801355212852,-11.9206655782891));
#6874=CARTESIAN_POINT('',(0.573453105241621,-0.30604770950419,-11.9400525940367));
#6875=CARTESIAN_POINT('',(0.575471482456698,-0.302252516060165,-11.9461742056165));
#6876=CARTESIAN_POINT('',(0.57996291287227,-0.293542212089372,-11.9577359747708));
#6877=CARTESIAN_POINT('',(0.58310471623919,-0.287245121672552,-11.9644587706465));
#6878=CARTESIAN_POINT('',(0.589074515852385,-0.274908520918395,-11.9759091474581));
#6879=CARTESIAN_POINT('',(0.59455313037644,-0.263219225582318,-11.9839450066116));
#6880=CARTESIAN_POINT('',(0.60090735085957,-0.247811129053829,-11.9923831403774));
#6881=CARTESIAN_POINT('',(0.600907350852725,-0.247811129051006,-11.9923831403774));
#6882=CARTESIAN_POINT('',(0.60090735085957,-0.247811129053829,-11.9923831403774));
#6883=CARTESIAN_POINT('',(0.599652009729246,-0.250855155833127,-12.0246414700134));
#6884=CARTESIAN_POINT('',(0.598373537886081,-0.253889643621164,-12.0568997996494));
#6885=CARTESIAN_POINT('',(0.597072082958686,-0.256914242017402,-12.0891581292854));
#6886=CARTESIAN_POINT('',(0.597072082958719,-0.256914242017325,-12.0891581292846));
#6887=CARTESIAN_POINT('',(0.597072082958686,-0.256914242017402,-12.0891581292854));
#6888=CARTESIAN_POINT('',(0.575210050657712,-0.307721893088642,-12.0723395556301));
#6889=CARTESIAN_POINT('',(0.552761685882607,-0.343129496987868,-12.0435051382355));
#6890=CARTESIAN_POINT('',(0.521221126130585,-0.389373690377373,-11.9618046159676));
#6891=CARTESIAN_POINT('',(0.512028383485549,-0.400409011204716,-11.9089385110943));
#6892=CARTESIAN_POINT('',(0.511618419976464,-0.400932154286466,-11.8440565624817));
#6893=CARTESIAN_POINT('',(0.511618419976464,-0.400932154286466,-11.8440565624817));
#6894=CARTESIAN_POINT('',(0.511618419976464,-0.400932154286466,-11.8440565624817));
#6895=CARTESIAN_POINT('',(0.511773789747467,-0.400733891223992,-11.8333381302924));
#6896=CARTESIAN_POINT('',(0.512077946751635,-0.400345745231184,-11.8233593659656));
#6897=CARTESIAN_POINT('',(0.512981238476195,-0.399187660437432,-11.8048811730371));
#6898=CARTESIAN_POINT('',(0.513429989250194,-0.398612325195386,-11.7979501318291));
#6899=CARTESIAN_POINT('',(0.516113281892203,-0.395140024410294,-11.7699656874305));
#6900=CARTESIAN_POINT('',(0.518844133713824,-0.391593518397101,-11.7527804708937));
#6901=CARTESIAN_POINT('',(0.530764279051031,-0.375457261273392,-11.7004626221389));
#6902=CARTESIAN_POINT('',(0.543697866738853,-0.357202220785937,-11.668983021815));
#6903=CARTESIAN_POINT('',(0.564132908119108,-0.323155165802395,-11.6333687904441));
#6904=CARTESIAN_POINT('',(0.571335996403899,-0.310376959092757,-11.623069481593));
#6905=CARTESIAN_POINT('',(0.582324411459858,-0.288899548629893,-11.6099786707253));
#6906=CARTESIAN_POINT('',(0.586016820897105,-0.281355486426991,-11.6060080925042));
#6907=CARTESIAN_POINT('',(0.593380929593663,-0.265472590885537,-11.598852986865));
#6908=CARTESIAN_POINT('',(0.597811624707426,-0.255298254225191,-11.5950826932864));
#6909=CARTESIAN_POINT('',(0.612101735764981,-0.220740709896683,-11.5840540140053));
#6910=CARTESIAN_POINT('',(0.624248532504125,-0.186188956326975,-11.5792887994627));
#6911=CARTESIAN_POINT('',(0.633798443398409,-0.144220432483592,-11.5785813138025));
#6912=CARTESIAN_POINT('',(0.633798443398409,-0.144220432483592,-11.5785813138025));
#6913=CARTESIAN_POINT('',(0.633798443398409,-0.144220432483592,-11.5785813138025));
#6914=CARTESIAN_POINT('',(0.640321422708952,-0.115554216038756,-11.5790516926218));
#6915=CARTESIAN_POINT('',(0.643398473729043,-0.0955619165647529,-11.5801490773097));
#6916=CARTESIAN_POINT('',(0.648747155400387,-0.0471254098581309,-11.5882640386945));
#6917=CARTESIAN_POINT('',(0.649999998640913,-0.0222192243314959,-11.5949386608955));
#6918=CARTESIAN_POINT('',(0.650001687005275,-3.92563800612667E-8,-11.6042861277255));
#6919=CARTESIAN_POINT('',(0.649999799706332,5.29868050493857E-6,-11.4692843321596));
#6920=CARTESIAN_POINT('',(0.650000029792038,-0.00365198697832601,-11.4696960462786));
#6921=CARTESIAN_POINT('',(0.649986659484074,-0.00500216265954322,-11.4697989893722));
#6922=CARTESIAN_POINT('',(0.649920381909502,-0.0105440180740355,-11.4702266718617));
#6923=CARTESIAN_POINT('',(0.649761176161086,-0.0193926215868824,-11.4707814226973));
#6924=CARTESIAN_POINT('',(0.649359934072551,-0.0298461339712424,-11.4710758548372));
#6925=CARTESIAN_POINT('',(0.648916096723803,-0.0375219857249616,-11.4711564457324));
#6926=CARTESIAN_POINT('',(0.648916096723803,-0.0375219857249616,-11.4711564457324));
#6927=CARTESIAN_POINT('',(0.,0.,-11.4711564457324));
#6928=CARTESIAN_POINT('',(0.517652133450947,-0.393111013243948,-11.4711564457324));
#6929=CARTESIAN_POINT('',(0.517652133450947,-0.393111013243948,-11.4711564457324));
#6930=CARTESIAN_POINT('',(0.517652133450947,-0.393111013243948,-11.3723749578518));
#6931=CARTESIAN_POINT('',(0.,0.,-11.3723749578518));
#6932=CARTESIAN_POINT('',(0.645795814235291,-0.0738089853349703,-11.3723749578518));
#6933=CARTESIAN_POINT('',(0.645795814235291,-0.0738089853349702,-11.3723749578518));
#6934=CARTESIAN_POINT('',(0.649726587875296,-0.0394164631792858,-11.3718065844669));
#6935=CARTESIAN_POINT('',(0.649999893924072,-0.014697496799543,-11.369524218721));
#6936=CARTESIAN_POINT('',(0.649999549860815,-4.3923778903328E-6,-11.3655289636949));
#6937=CARTESIAN_POINT('',(0.649999549868944,-2.19619046617119E-6,-11.3655295151937));
#6938=CARTESIAN_POINT('',(0.649999549860815,-4.3923778903328E-6,-11.3655289636949));
#6939=CARTESIAN_POINT('',(0.64999918758946,-1.96840143345074E-6,-11.165684045321));
#6940=CARTESIAN_POINT('',(0.649999187583496,-3.93679794638058E-6,-11.1656840462818));
#6941=CARTESIAN_POINT('',(0.649999957706837,-0.00698311202993506,-11.1619406733174));
#6942=CARTESIAN_POINT('',(0.649832532627088,-0.0183639947441395,-11.1570892458424));
#6943=CARTESIAN_POINT('',(0.649270482496732,-0.0311000110726058,-11.1533832706531));
#6944=CARTESIAN_POINT('',(0.648789814577404,-0.0398891793707574,-11.1511671654793));
#6945=CARTESIAN_POINT('',(0.648389181883627,-0.0458502615644913,-11.1499285611343));
#6946=CARTESIAN_POINT('',(0.647148640930286,-0.0622179977989844,-11.1469508719457));
#6947=CARTESIAN_POINT('',(0.645484386117831,-0.0794240205992344,-11.1455657094223));
#6948=CARTESIAN_POINT('',(0.642172087729918,-0.100573404738022,-11.1451775357264));
#6949=CARTESIAN_POINT('',(0.642172087729918,-0.100573404738022,-11.1451775357264));
#6950=CARTESIAN_POINT('',(0.,0.,-11.1451775357264));
#6951=CARTESIAN_POINT('',(0.517652133450947,-0.393111013243948,-11.1451775357264));
#6952=CARTESIAN_POINT('',(0.517652133450947,-0.393111013243948,-11.1451775357264));
#6953=CARTESIAN_POINT('',(0.517652133450947,-0.393111013243947,-11.0463960478457));
#6954=CARTESIAN_POINT('',(0.,0.,-11.0463960478457));
#6955=CARTESIAN_POINT('',(0.64694834862569,-0.0629113202094231,-11.0463960478457));
#6956=CARTESIAN_POINT('',(0.64694834862569,-0.0629113202094229,-11.0463960478457));
#6957=CARTESIAN_POINT('',(0.649440630210782,-0.037281950957303,-11.0462045008695));
#6958=CARTESIAN_POINT('',(0.649999919578209,-0.0162574480796627,-11.0436153990489));
#6959=CARTESIAN_POINT('',(0.650001678045567,-3.21282623007316E-6,-11.038628744467));
#6960=CARTESIAN_POINT('',(0.650000839018815,-1.60641311503658E-6,-11.038628745825));
#6961=CARTESIAN_POINT('',(0.650001678045567,-3.21282623007316E-6,-11.038628744467));
#6962=CARTESIAN_POINT('',(0.649999777578274,-1.60640896796439E-6,-10.8722286148061));
#6963=CARTESIAN_POINT('',(0.649999179975385,-1.5142545944251E-6,-10.8428195978528));
#6964=CARTESIAN_POINT('',(0.649999179975452,1.82699569239043E-7,-10.8428204909608));
#6965=CARTESIAN_POINT('',(0.650000002918914,-0.0104082550457765,-10.8370337509246));
#6966=CARTESIAN_POINT('',(0.649867770534798,-0.015951931289973,-10.835058636123));
#6967=CARTESIAN_POINT('',(0.649167814350012,-0.0341135179038605,-10.8292716802876));
#6968=CARTESIAN_POINT('',(0.648589123474824,-0.0442456471869034,-10.8268624530652));
#6969=CARTESIAN_POINT('',(0.645723905299229,-0.077735137900614,-10.8210875234842));
#6970=CARTESIAN_POINT('',(0.642333551987473,-0.104215079884203,-10.8191745732116));
#6971=CARTESIAN_POINT('',(0.635948848297512,-0.134421212422251,-10.8191986257203));
#6972=CARTESIAN_POINT('',(0.635948848263402,-0.134421212583626,-10.8191986257205));
#6973=CARTESIAN_POINT('',(0.,0.,-10.8191986257203));
#6974=CARTESIAN_POINT('',(0.517652133450947,-0.393111013243948,-10.8191986257203));
#6975=CARTESIAN_POINT('',(0.517652133450947,-0.393111013243948,-10.8191986257203));
#6976=CARTESIAN_POINT('',(0.517652133450947,-0.393111013243948,-10.7204171378397));
#6977=CARTESIAN_POINT('',(0.,0.,-10.7204171378397));
#6978=CARTESIAN_POINT('',(0.650022402860047,-7.82717422504764E-6,-10.5780049448272));
#6979=CARTESIAN_POINT('',(0.649999838654144,-0.0132832877424726,-10.5794850351763));
#6980=CARTESIAN_POINT('',(0.649954524936354,-0.039261439433039,-10.5804461475287));
#6981=CARTESIAN_POINT('',(0.645364697130638,-0.0774881132657149,-10.5808882862084));
#6982=CARTESIAN_POINT('',(0.645364697130638,-0.0774881132657151,-10.5808882862084));
#6983=CARTESIAN_POINT('',(0.,0.,-10.5808882862084));
#6984=CARTESIAN_POINT('',(0.517652133450947,-0.393111013243948,-10.5808882862084));
#6985=CARTESIAN_POINT('',(0.517652133450947,-0.393111013243948,-10.5808882862084));
#6986=CARTESIAN_POINT('',(0.517652133450946,-0.393111013243948,-10.4821067983278));
#6987=CARTESIAN_POINT('',(0.,0.,-10.4821067983278));
#6988=CARTESIAN_POINT('',(0.644318071130659,-0.0857567677473149,-10.4821067983278));
#6989=CARTESIAN_POINT('',(0.644318071130659,-0.0857567677473148,-10.4821067983278));
#6990=CARTESIAN_POINT('',(0.64951134741568,-0.0467380191784254,-10.4817220331789));
#6991=CARTESIAN_POINT('',(0.649999911910699,-0.0179765749051615,-10.4780766372233));
#6992=CARTESIAN_POINT('',(0.649999993254369,-2.92980198216094E-6,-10.47117127595));
#6993=CARTESIAN_POINT('',(0.649999993258269,-1.46490100646183E-6,-10.4711716086943));
#6994=CARTESIAN_POINT('',(0.649999993254369,-2.92980198216094E-6,-10.47117127595));
#6995=CARTESIAN_POINT('',(0.649999999996533,-1.5010905615967E-6,-10.4391599142612));
#6996=CARTESIAN_POINT('',(0.650000020045284,-1.71622067488635E-6,-10.2488673024509));
#6997=CARTESIAN_POINT('',(0.650000040099627,-3.4324413497727E-6,-10.2488673032009));
#6998=CARTESIAN_POINT('',(0.64999985842035,-0.0268059101969393,-10.2337515359194));
#6999=CARTESIAN_POINT('',(0.648724732884663,-0.0671215612091916,-10.2258874109671));
#7000=CARTESIAN_POINT('',(0.638904450910943,-0.119587217570216,-10.2252749298382));
#7001=CARTESIAN_POINT('',(0.63890445089577,-0.119587217567375,-10.2252749298382));
#7002=CARTESIAN_POINT('',(0.,0.,-10.2252749298382));
#7003=CARTESIAN_POINT('',(0.517652133450947,-0.393111013243948,-10.2252749298382));
#7004=CARTESIAN_POINT('',(0.517652133450947,-0.393111013243948,-10.2252749298382));
#7005=CARTESIAN_POINT('',(0.517652133450947,-0.393111013243948,-10.1264934419576));
#7006=CARTESIAN_POINT('',(0.,0.,-10.1264934419576));
#7007=CARTESIAN_POINT('',(0.,0.,-9.98819935892472));
#7008=CARTESIAN_POINT('',(0.517652133450947,-0.393111013243948,-9.98819935892472));
#7009=CARTESIAN_POINT('',(0.517652133450946,-0.393111013243948,-9.98819935892472));
#7010=CARTESIAN_POINT('',(0.517652133450947,-0.393111013243948,-9.88941787104411));
#7011=CARTESIAN_POINT('',(0.,0.,-9.88941787104411));
#7012=CARTESIAN_POINT('',(0.649999256874277,7.43039368200436E-6,-9.75676235090315));
#7013=CARTESIAN_POINT('',(0.650000521999026,-0.0456596813176289,-9.77514315559699));
#7014=CARTESIAN_POINT('',(0.64677346893683,-0.0850312071132435,-9.7798647506907));
#7015=CARTESIAN_POINT('',(0.634975148657777,-0.13894804995765,-9.78075823437544));
#7016=CARTESIAN_POINT('',(0.634975148657777,-0.13894804995765,-9.78075823437544));
#7017=CARTESIAN_POINT('',(0.634975148657777,-0.13894804995765,-9.78075823437544));
#7018=CARTESIAN_POINT('',(0.63317147782563,-0.147190599278216,-9.78060388830063));
#7019=CARTESIAN_POINT('',(0.631207293212099,-0.155398023937334,-9.78044954222581));
#7020=CARTESIAN_POINT('',(0.629084083854867,-0.163564101930965,-9.780295196151));
#7021=CARTESIAN_POINT('',(0.629084083854867,-0.163564101930965,-9.780295196151));
#7022=CARTESIAN_POINT('',(0.629084083854867,-0.163564101930965,-9.780295196151));
#7023=CARTESIAN_POINT('',(0.629084083854867,-0.163564101930965,-9.36587598527688));
#7024=CARTESIAN_POINT('',(0.629084083854867,-0.163564101930965,-9.36587598527688));
#7025=CARTESIAN_POINT('',(0.625660544592817,-0.176731380293282,-9.3669957779588));
#7026=CARTESIAN_POINT('',(0.622132378516132,-0.188616827814962,-9.36857997668822));
#7027=CARTESIAN_POINT('',(0.61699125367509,-0.204580165025158,-9.37165288385362));
#7028=CARTESIAN_POINT('',(0.615302033043987,-0.209590671673429,-9.37279328775396));
#7029=CARTESIAN_POINT('',(0.612015635687704,-0.219001605460686,-9.37530629857839));
#7030=CARTESIAN_POINT('',(0.610910016240357,-0.222086443956936,-9.37620133392991));
#7031=CARTESIAN_POINT('',(0.60079061931887,-0.249169854224254,-9.38603273397258));
#7032=CARTESIAN_POINT('',(0.593279602602727,-0.266114249006634,-9.39628606216452));
#7033=CARTESIAN_POINT('',(0.582068975184207,-0.289430610380469,-9.41982722012903));
#7034=CARTESIAN_POINT('',(0.578631442750031,-0.296189845373759,-9.42836342722469));
#7035=CARTESIAN_POINT('',(0.572554692324799,-0.307772473327893,-9.44681415029764));
#7036=CARTESIAN_POINT('',(0.569617292510216,-0.313130828980195,-9.45818532894082));
#7037=CARTESIAN_POINT('',(0.564002369071852,-0.323203390482385,-9.48562635219752));
#7038=CARTESIAN_POINT('',(0.561863890922201,-0.326817182127652,-9.50788664224102));
#7039=CARTESIAN_POINT('',(0.561506820782839,-0.327429519460828,-9.53411320682354));
#7040=CARTESIAN_POINT('',(0.561506820782839,-0.327429519460828,-9.53411320682354));
#7041=CARTESIAN_POINT('',(0.561506820782839,-0.327429519460828,-9.53411320682354));
#7042=CARTESIAN_POINT('',(0.56166921153106,-0.327151036589435,-9.54373018679989));
#7043=CARTESIAN_POINT('',(0.562081579745324,-0.326443498321904,-9.55661918285327));
#7044=CARTESIAN_POINT('',(0.562743812826159,-0.325299320168442,-9.56720346803991));
#7045=CARTESIAN_POINT('',(0.563240177387187,-0.324439130120004,-9.57374750019396));
#7046=CARTESIAN_POINT('',(0.563393401304255,-0.324173727035282,-9.57564742165537));
#7047=CARTESIAN_POINT('',(0.565519003709887,-0.320468306347036,-9.59502679034063));
#7048=CARTESIAN_POINT('',(0.568176171320853,-0.315801355220948,-9.6091787618722));
#7049=CARTESIAN_POINT('',(0.573453105243811,-0.306047709500142,-9.62856577763576));
#7050=CARTESIAN_POINT('',(0.575471482459908,-0.302252516054053,-9.63468738921826));
#7051=CARTESIAN_POINT('',(0.579962912875387,-0.293542212083213,-9.64624915837254));
#7052=CARTESIAN_POINT('',(0.58310471623868,-0.287245121673606,-9.65297195424035));
#7053=CARTESIAN_POINT('',(0.589074515853404,-0.27490852091629,-9.66442233105156));
#7054=CARTESIAN_POINT('',(0.594553130377332,-0.263219225580156,-9.67245819020503));
#7055=CARTESIAN_POINT('',(0.60090735085957,-0.247811129053829,-9.68089632397114));
#7056=CARTESIAN_POINT('',(0.600907350852725,-0.247811129051006,-9.68089632397114));
#7057=CARTESIAN_POINT('',(0.60090735085957,-0.247811129053829,-9.68089632397114));
#7058=CARTESIAN_POINT('',(0.599652009729246,-0.250855155833127,-9.71315465360715));
#7059=CARTESIAN_POINT('',(0.598373537886081,-0.253889643621164,-9.74541298324316));
#7060=CARTESIAN_POINT('',(0.597072082958686,-0.256914242017402,-9.77767131287917));
#7061=CARTESIAN_POINT('',(0.597072082958718,-0.256914242017326,-9.77767131287837));
#7062=CARTESIAN_POINT('',(0.597072082958686,-0.256914242017402,-9.77767131287917));
#7063=CARTESIAN_POINT('',(0.575210050657712,-0.307721893088642,-9.76085273922388));
#7064=CARTESIAN_POINT('',(0.552761685882607,-0.343129496987869,-9.73201832182925));
#7065=CARTESIAN_POINT('',(0.521221126130585,-0.389373690377373,-9.65031779956133));
#7066=CARTESIAN_POINT('',(0.512028383485549,-0.400409011204716,-9.59745169468803));
#7067=CARTESIAN_POINT('',(0.511618419976464,-0.400932154286466,-9.53256974607541));
#7068=CARTESIAN_POINT('',(0.511618419976464,-0.400932154286466,-9.53256974607541));
#7069=CARTESIAN_POINT('',(0.511618419976464,-0.400932154286466,-9.53256974607541));
#7070=CARTESIAN_POINT('',(0.51177378974746,-0.400733891224003,-9.52185131388669));
#7071=CARTESIAN_POINT('',(0.512077946751624,-0.400345745231199,-9.51187254956023));
#7072=CARTESIAN_POINT('',(0.512981238476188,-0.399187660437442,-9.49339435663186));
#7073=CARTESIAN_POINT('',(0.513429989250316,-0.398612325195229,-9.48646331542236));
#7074=CARTESIAN_POINT('',(0.516113281891987,-0.395140024410575,-9.45847887102611));
#7075=CARTESIAN_POINT('',(0.518844133712928,-0.391593518398309,-9.4412936544923));
#7076=CARTESIAN_POINT('',(0.530764279052372,-0.375457261271585,-9.38897580572503));
#7077=CARTESIAN_POINT('',(0.543697866732869,-0.357202220795761,-9.35749620541365));
#7078=CARTESIAN_POINT('',(0.564132908120683,-0.323155165799845,-9.32188197403786));
#7079=CARTESIAN_POINT('',(0.571335996406514,-0.310376959087949,-9.31158266518588));
#7080=CARTESIAN_POINT('',(0.582324411462365,-0.28889954862484,-9.29849185431783));
#7081=CARTESIAN_POINT('',(0.586016820899303,-0.28135548642238,-9.29452127609681));
#7082=CARTESIAN_POINT('',(0.593380929594817,-0.265472590882919,-9.28736617045806));
#7083=CARTESIAN_POINT('',(0.59781162470642,-0.255298254227589,-9.28359587688101));
#7084=CARTESIAN_POINT('',(0.612101735766796,-0.220740709892435,-9.27256719759736));
#7085=CARTESIAN_POINT('',(0.624248532505235,-0.186188956322095,-9.26780198305469));
#7086=CARTESIAN_POINT('',(0.633798443398409,-0.144220432483592,-9.26709449739627));
#7087=CARTESIAN_POINT('',(0.633798443398409,-0.144220432483592,-9.26709449739628));
#7088=CARTESIAN_POINT('',(0.633798443398409,-0.144220432483592,-9.26709449739627));
#7089=CARTESIAN_POINT('',(0.640321422707963,-0.115554216043104,-9.26756487621549));
#7090=CARTESIAN_POINT('',(0.643398473729194,-0.0955619165641423,-9.26866226090368));
#7091=CARTESIAN_POINT('',(0.648747155400722,-0.0471254098543368,-9.27677722228852));
#7092=CARTESIAN_POINT('',(0.649999998640913,-0.0222192243262963,-9.28345184449158));
#7093=CARTESIAN_POINT('',(0.650001687005306,-3.92563778315067E-8,-9.29279931131924));
#7094=CARTESIAN_POINT('',(0.,0.,-9.11892226557536));
#7095=CARTESIAN_POINT('',(0.645510732424923,-0.0762620110162316,-9.11892226557536));
#7096=CARTESIAN_POINT('',(0.645510732424923,-0.0762620110162313,-9.11892226557536));
#7097=CARTESIAN_POINT('',(0.645510732424923,-0.0762620110162314,-8.77318705799323));
#7098=CARTESIAN_POINT('',(0.,0.,-8.77318705799323));
#7099=CARTESIAN_POINT('',(0.517652133450947,-0.393111013243948,-8.77318705799323));
#7100=CARTESIAN_POINT('',(0.517652133450946,-0.393111013243948,-8.77318705799323));
#7101=CARTESIAN_POINT('',(0.517652133450947,-0.393111013243948,-8.66452742132456));
#7102=CARTESIAN_POINT('',(0.,0.,-8.66452742132456));
#7103=CARTESIAN_POINT('',(0.,0.,-7.6));
#7104=CARTESIAN_POINT('',(-3.66588782330662E-15,-0.65,-15.5204168476687));
#7105=CARTESIAN_POINT('',(0.0517419699637834,-0.650000000000008,-15.5204168476639));
#7106=CARTESIAN_POINT('',(0.101269239851404,-0.643209532269042,-15.5445965570805));
#7107=CARTESIAN_POINT('',(0.176283203472904,-0.626815916769168,-15.6126827636506));
#7108=CARTESIAN_POINT('',(0.204336639972974,-0.617460416302419,-15.6561458342502));
#7109=CARTESIAN_POINT('',(0.267928753930749,-0.593933914977351,-15.7944139513466));
#7110=CARTESIAN_POINT('',(0.28481096837672,-0.584279652635538,-15.8978636995641));
#7111=CARTESIAN_POINT('',(0.284786083876119,-0.584291782093583,-16.102343915158));
#7112=CARTESIAN_POINT('',(0.267933562590625,-0.593928808221556,-16.2055276836342));
#7113=CARTESIAN_POINT('',(0.204397393369175,-0.617439601405176,-16.3437459889355));
#7114=CARTESIAN_POINT('',(0.176368775578084,-0.626807229735529,-16.3872929964806));
#7115=CARTESIAN_POINT('',(0.100861441248426,-0.643288596134683,-16.4557199222329));
#7116=CARTESIAN_POINT('',(0.0513027459669273,-0.65,-16.4795831523313));
#7117=CARTESIAN_POINT('',(1.54582071802471E-15,-0.65,-16.4795831523313));
#7118=CARTESIAN_POINT('',(0.,0.,0.));
#7119=CARTESIAN_POINT('',(0.649999795947017,-4.35426604704348E-7,-12.8373588420138));
#7120=CARTESIAN_POINT('',(0.650000007937329,0.0118123498032303,-12.8336346602715));
#7121=CARTESIAN_POINT('',(0.649628700815224,0.0235569617590248,-12.8266872277898));
#7122=CARTESIAN_POINT('',(0.649209155167743,0.0320542172948468,-12.8175172563301));
#7123=CARTESIAN_POINT('',(0.649209155167602,0.0320542172977018,-12.817517256327));
#7124=CARTESIAN_POINT('',(0.649209155167743,0.0320542172948468,-12.8175172563301));
#7125=CARTESIAN_POINT('',(0.648928248924829,0.0377435436935034,-12.8104853855088));
#7126=CARTESIAN_POINT('',(0.648616573003709,0.0425721015490491,-12.8029254074402));
#7127=CARTESIAN_POINT('',(0.648046570852749,0.050512222395893,-12.7867492368087));
#7128=CARTESIAN_POINT('',(0.647748763624857,0.0540813982899687,-12.7762786259561));
#7129=CARTESIAN_POINT('',(0.647283213588903,0.0594766767745084,-12.7544089813947));
#7130=CARTESIAN_POINT('',(0.647090169240773,0.0614363114930162,-12.7363717721092));
#7131=CARTESIAN_POINT('',(0.647059015304875,0.0617626967730933,-12.7148771165792));
#7132=CARTESIAN_POINT('',(0.647059015304875,0.0617626967730933,-12.7148771165792));
#7133=CARTESIAN_POINT('',(0.647059015304875,0.0617626967730933,-12.7148771165792));
#7134=CARTESIAN_POINT('',(0.647091893214727,0.0614182502206334,-12.6813751635855));
#7135=CARTESIAN_POINT('',(0.647491381704735,0.0575369872610964,-12.6552153089554));
#7136=CARTESIAN_POINT('',(0.648353480073957,0.0463860264221536,-12.6269886745555));
#7137=CARTESIAN_POINT('',(0.648772100205775,0.0408278038015307,-12.6175098038636));
#7138=CARTESIAN_POINT('',(0.649406097248276,0.028102628861543,-12.6044112059813));
#7139=CARTESIAN_POINT('',(0.649704764523252,0.0208761172116959,-12.5983257785914));
#7140=CARTESIAN_POINT('',(0.64988946196132,0.0123530878477304,-12.5929361585285));
#7141=CARTESIAN_POINT('',(0.649975511444425,0.00638326486250622,-12.589497702337));
#7142=CARTESIAN_POINT('',(0.650000032574231,0.00195257226383053,-12.5872332806875));
#7143=CARTESIAN_POINT('',(0.649999961342445,-1.08113559362077E-5,-12.5862946267734));
#7144=CARTESIAN_POINT('',(0.,0.,0.));
#7145=CARTESIAN_POINT('',(0.649999549860815,-4.3923778903328E-6,-11.3655289636949));
#7146=CARTESIAN_POINT('',(0.650000020924674,0.0028964384566487,-11.3647387698801));
#7147=CARTESIAN_POINT('',(0.649946203640385,0.00942308980506534,-11.3625302749683));
#7148=CARTESIAN_POINT('',(0.649762255496362,0.0181072797598814,-11.3584336783451));
#7149=CARTESIAN_POINT('',(0.649371118180514,0.0303861222658253,-11.3511906252347));
#7150=CARTESIAN_POINT('',(0.648767185407526,0.0404191378797279,-11.3406530975967));
#7151=CARTESIAN_POINT('',(0.64795749476284,0.0518039819821642,-11.3236746389439));
#7152=CARTESIAN_POINT('',(0.647627770615919,0.0555416549358756,-11.3153509748035));
#7153=CARTESIAN_POINT('',(0.647168329927442,0.0606610043181534,-11.2967351826912));
#7154=CARTESIAN_POINT('',(0.647097435666408,0.0613601845351286,-11.2888417275687));
#7155=CARTESIAN_POINT('',(0.647059015304875,0.0617626967730933,-11.2766803914674));
#7156=CARTESIAN_POINT('',(0.64705901531504,0.0617626967740635,-11.2766803914674));
#7157=CARTESIAN_POINT('',(0.647059015304875,0.0617626967730933,-11.2766803914674));
#7158=CARTESIAN_POINT('',(0.647112386434748,0.0612035522968072,-11.2527025168843));
#7159=CARTESIAN_POINT('',(0.647615705251253,0.0566139881335761,-11.2322231626506));
#7160=CARTESIAN_POINT('',(0.648737610417946,0.0408328809212625,-11.2024689109276));
#7161=CARTESIAN_POINT('',(0.649138396976738,0.0343393834682658,-11.1935822828605));
#7162=CARTESIAN_POINT('',(0.649771816216265,0.0188795799086094,-11.177871938407));
#7163=CARTESIAN_POINT('',(0.650000054300301,0.00896113875477029,-11.1704925888146));
#7164=CARTESIAN_POINT('',(0.649999187583496,-3.93679794638058E-6,-11.1656840462818));
#7165=CARTESIAN_POINT('',(0.,0.,0.));
#7166=CARTESIAN_POINT('',(0.647059015304875,0.0617626967730933,-10.9516275579103));
#7167=CARTESIAN_POINT('',(0.647134934258208,0.0609673292494402,-10.9269119109345));
#7168=CARTESIAN_POINT('',(0.647620057712817,0.0566330402951967,-10.9086477524221));
#7169=CARTESIAN_POINT('',(0.649155913786202,0.0348660293327305,-10.8689269663221));
#7170=CARTESIAN_POINT('',(0.649999994456646,0.0197667413114031,-10.8538100333315));
#7171=CARTESIAN_POINT('',(0.649999179975452,1.82699569239043E-7,-10.8428204909608));
#7172=CARTESIAN_POINT('',(0.647059016149563,0.0617626968537199,-10.9516275579103));
#7173=CARTESIAN_POINT('',(0.650001678045567,-3.21282623007316E-6,-11.038628744467));
#7174=CARTESIAN_POINT('',(0.650000018258472,0.00368901885368144,-11.0374959970341));
#7175=CARTESIAN_POINT('',(0.649931354511567,0.0105582899085158,-11.0350343223215));
#7176=CARTESIAN_POINT('',(0.649709716015178,0.0199881959793488,-11.030723460627));
#7177=CARTESIAN_POINT('',(0.649556765035227,0.024325096647904,-11.0283293742446));
#7178=CARTESIAN_POINT('',(0.649039498483645,0.0362013083732487,-11.0204311484922));
#7179=CARTESIAN_POINT('',(0.648620722023792,0.0426059419590064,-11.0142110425168));
#7180=CARTESIAN_POINT('',(0.647544254199789,0.0572963189773789,-10.9926868581693));
#7181=CARTESIAN_POINT('',(0.647094767152953,0.0613881413080465,-10.975175120691));
#7182=CARTESIAN_POINT('',(0.647059015304875,0.0617626967730933,-10.9516275579103));
#7183=CARTESIAN_POINT('',(0.,0.,-7.25));
#7184=CARTESIAN_POINT('',(0.028088235294118,-3.43981674466393E-18,-7.25));
#7185=CARTESIAN_POINT('',(-0.65,7.9602041944578E-17,-6.9));
#7186=CARTESIAN_POINT('',(0.,0.,-6.9));
#7187=CARTESIAN_POINT('',(0.65,-7.9602041944578E-17,-6.9));
#7188=CARTESIAN_POINT('',(-0.028088235294118,0.,-7.25));
#7189=CARTESIAN_POINT('',(0.,0.,0.));
#7190=CARTESIAN_POINT('',(-0.65,7.9602041944578E-17,-6.9));
#7191=CARTESIAN_POINT('',(-0.65,9.53121722035468E-17,0.));
#7192=CARTESIAN_POINT('',(0.,0.,0.));
#7193=CARTESIAN_POINT('',(0.65,-7.9602041944578E-17,0.));
#7194=CARTESIAN_POINT('',(0.65,0.,-6.9));
#7195=CARTESIAN_POINT('',(0.,0.,0.));
#7196=CARTESIAN_POINT('',(2.77973746985876E-13,-0.515000000000018,-15.6721280737847));
#7197=CARTESIAN_POINT('',(-0.0345848054570193,-0.515000000000013,-15.6721280737755));
#7198=CARTESIAN_POINT('',(-0.0673403876455527,-0.511176280868328,-15.6899814651835));
#7199=CARTESIAN_POINT('',(-0.115984597056231,-0.502377837067215,-15.7381367478391));
#7200=CARTESIAN_POINT('',(-0.133692796086705,-0.497545635498728,-15.7679088753942));
#7201=CARTESIAN_POINT('',(-0.174390786043141,-0.485401427954595,-15.8627037016639));
#7202=CARTESIAN_POINT('',(-0.184928416264896,-0.480652141282127,-15.9316027538217));
#7203=CARTESIAN_POINT('',(-0.184913797523606,-0.480657765511736,-16.0685258135555));
#7204=CARTESIAN_POINT('',(-0.174222946328229,-0.485453757763411,-16.1377322935556));
#7205=CARTESIAN_POINT('',(-0.133720116976694,-0.497536357268709,-16.2320049115282));
#7206=CARTESIAN_POINT('',(-0.115885709327506,-0.502402974696817,-16.2620129917613));
#7207=CARTESIAN_POINT('',(-0.0671463322898521,-0.511204085146598,-16.3101584813599));
#7208=CARTESIAN_POINT('',(-0.0343447226056626,-0.515000000000002,-16.3278719262151));
#7209=CARTESIAN_POINT('',(3.69032168118093E-15,-0.515000000000001,-16.3278719262151));
#7210=CARTESIAN_POINT('',(-0.515000000000002,6.3069310156089E-17,-24.7));
#7211=CARTESIAN_POINT('',(-0.515000000000018,2.74440585413265E-13,-19.6721280737847));
#7212=CARTESIAN_POINT('',(0.515000000004915,4.87862578535222E-11,-19.6721280737459));
#7213=CARTESIAN_POINT('',(0.515000000000018,2.74377516122732E-13,-20.3278719262153));
#7214=CARTESIAN_POINT('',(0.515000000000013,-0.0345848054591078,-20.3278719262245));
#7215=CARTESIAN_POINT('',(0.511176280867883,-0.0673403876492196,-20.3100185348144));
#7216=CARTESIAN_POINT('',(0.502377837066068,-0.115984597061364,-20.2618632521543));
#7217=CARTESIAN_POINT('',(0.497545635497357,-0.133692796091793,-20.2320911245968));
#7218=CARTESIAN_POINT('',(0.485401427952945,-0.174390786047685,-20.1372962983196));
#7219=CARTESIAN_POINT('',(0.480652141281046,-0.184928416267706,-20.0683972461575));
#7220=CARTESIAN_POINT('',(0.480657765512823,-0.184913797520781,-19.9314741864157));
#7221=CARTESIAN_POINT('',(0.48545375776621,-0.174222946321777,-19.8622677064119));
#7222=CARTESIAN_POINT('',(0.49753635727387,-0.133720116957929,-19.7679950884369));
#7223=CARTESIAN_POINT('',(0.502402974702746,-0.115885709303157,-19.7379870082038));
#7224=CARTESIAN_POINT('',(0.511204085151816,-0.0671463322524664,-19.6898415186141));
#7225=CARTESIAN_POINT('',(0.515000000003317,-0.0343447225584037,-19.6721280737691));
#7226=CARTESIAN_POINT('',(0.515000000004915,4.87862578535222E-11,-19.6721280737459));
#7227=CARTESIAN_POINT('',(0.515000000000002,0.,-24.7));
#7228=CARTESIAN_POINT('',(0.,0.,0.));
#7229=CARTESIAN_POINT('',(0.,0.,-30.));
#7230=CARTESIAN_POINT('',(-0.547826086956522,0.11613172886815,-30.));
#7231=CARTESIAN_POINT('',(-0.56,8.98012616073837E-17,-30.));
#7232=CARTESIAN_POINT('',(-0.56,6.85802207522518E-17,-30.));
#7233=CARTESIAN_POINT('',(-0.35,0.437149859887888,-25.4262260952379));
#7234=CARTESIAN_POINT('',(-0.35,0.437149859887888,-25.4262260952379));
#7235=CARTESIAN_POINT('',(-0.35,0.437149859887888,-25.4262260952379));
#7236=CARTESIAN_POINT('',(-0.348808129008799,0.438104120394862,-25.4257337007621));
#7237=CARTESIAN_POINT('',(-0.347611495804126,0.439054194532835,-25.4252446678691));
#7238=CARTESIAN_POINT('',(-0.346410161513786,0.44,-25.424759003545));
#7239=CARTESIAN_POINT('',(-0.346410161513784,0.439999999999998,-25.424759003545));
#7240=CARTESIAN_POINT('',(-0.346410161513786,0.44,-25.424759003545));
#7241=CARTESIAN_POINT('',(0.346410161513775,0.44,-25.014934176149));
#7242=CARTESIAN_POINT('',(0.346410161513782,0.44,-25.424759003545));
#7243=CARTESIAN_POINT('',(0.346410161513785,0.44,-25.424759003545));
#7244=CARTESIAN_POINT('',(0.347611495804126,0.439054194532835,-25.4252446678691));
#7245=CARTESIAN_POINT('',(0.348808129008799,0.438104120394862,-25.4257337007621));
#7246=CARTESIAN_POINT('',(0.35,0.437149859887888,-25.4262260952379));
#7247=CARTESIAN_POINT('',(0.35,0.437149859887888,-25.4262260952379));
#7248=CARTESIAN_POINT('',(0.35,0.437149859887888,-25.4262260952379));
#7249=CARTESIAN_POINT('',(0.56,0.,-30.));
#7250=CARTESIAN_POINT('',(0.56,-6.85802207522518E-17,-30.));
#7251=CARTESIAN_POINT('',(0.,0.,-30.));
#7252=CARTESIAN_POINT('',(0.547826086956522,0.11613172886815,-30.));
#7253=CARTESIAN_POINT('',(0.547826086956522,0.11613172886815,-30.));
#7254=CARTESIAN_POINT('',(0.547826086955263,0.116131728874088,-26.3524209045147));
#7255=CARTESIAN_POINT('',(0.547826086956522,0.11613172886815,-26.3524209045147));
#7256=CARTESIAN_POINT('',(0.547826086956522,0.116131728868151,-26.3001449062254));
#7257=CARTESIAN_POINT('',(0.545907194551379,0.125480269368446,-26.2499738777142));
#7258=CARTESIAN_POINT('',(0.539685482190751,0.149998477913184,-26.1510106605455));
#7259=CARTESIAN_POINT('',(0.535195634551853,0.165923209900166,-26.1021903245692));
#7260=CARTESIAN_POINT('',(0.516370309682194,0.220048218775785,-25.9588352901138));
#7261=CARTESIAN_POINT('',(0.496834137149356,0.264706595759529,-25.8673175544016));
#7262=CARTESIAN_POINT('',(0.4325921534063,0.360246818843474,-25.6975328501525));
#7263=CARTESIAN_POINT('',(0.387820020676161,0.412063390220877,-25.6182928019172));
#7264=CARTESIAN_POINT('',(0.288004283156924,0.481978925247424,-25.5222756042873));
#7265=CARTESIAN_POINT('',(0.250268350589878,0.503222842450802,-25.4950504051722));
#7266=CARTESIAN_POINT('',(0.161709275976306,0.538254202523735,-25.4536771115498));
#7267=CARTESIAN_POINT('',(0.112503258632505,0.551036233156874,-25.4407486563597));
#7268=CARTESIAN_POINT('',(0.0608695652173915,0.556682042130196,-25.438400631776));
#7269=CARTESIAN_POINT('',(0.0608695652174892,0.556682042130186,-25.4384006317761));
#7270=CARTESIAN_POINT('',(0.0608695652173915,0.556682042130196,-25.438400631776));
#7271=CARTESIAN_POINT('',(0.0202898550724638,0.561119169837276,-25.4365552833085));
#7272=CARTESIAN_POINT('',(-0.0202898550724639,0.561119169837276,-25.4365552833085));
#7273=CARTESIAN_POINT('',(-0.0608695652173915,0.556682042130196,-25.438400631776));
#7274=CARTESIAN_POINT('',(-0.0608695652172491,0.556682042130212,-25.438400631779));
#7275=CARTESIAN_POINT('',(-0.0608695652173915,0.556682042130196,-25.438400631776));
#7276=CARTESIAN_POINT('',(-0.164554315548721,0.545344788195812,-25.4431156604061));
#7277=CARTESIAN_POINT('',(-0.255989319637392,0.504535337537213,-25.4912493625097));
#7278=CARTESIAN_POINT('',(-0.387796539648566,0.411946941278609,-25.618501996409));
#7279=CARTESIAN_POINT('',(-0.432781268185663,0.359997370420919,-25.6979511094572));
#7280=CARTESIAN_POINT('',(-0.496838386654158,0.264668378068217,-25.8674105827235));
#7281=CARTESIAN_POINT('',(-0.516384196654591,0.219966619639612,-25.9591479680321));
#7282=CARTESIAN_POINT('',(-0.535089282984453,0.166249653571842,-26.1012778153868));
#7283=CARTESIAN_POINT('',(-0.53958561240148,0.150371457051709,-26.14969306079));
#7284=CARTESIAN_POINT('',(-0.545899071249474,0.125532514574896,-26.2495783342587));
#7285=CARTESIAN_POINT('',(-0.547826086956522,0.11613172886815,-26.3004869950115));
#7286=CARTESIAN_POINT('',(-0.547826086956522,0.11613172886815,-26.3524209045147));
#7287=CARTESIAN_POINT('',(-0.547826086956519,0.116131728868162,-26.3524209045147));
#7288=CARTESIAN_POINT('',(-0.547826086956522,0.11613172886815,-26.3524209045147));
#7289=CARTESIAN_POINT('',(0.,0.,0.));
#7290=CARTESIAN_POINT('',(-0.44,0.,-25.4));
#7291=CARTESIAN_POINT('',(-0.44,2.77555756156289E-17,-25.4));
#7292=CARTESIAN_POINT('',(-0.44,-2.69422295812418E-17,-30.));
#7293=CARTESIAN_POINT('',(-0.44,0.,-25.4));
#7294=CARTESIAN_POINT('',(-0.35,-0.266645832519468,-26.1367497817376));
#7295=CARTESIAN_POINT('',(-0.35,-0.266645832519467,-26.1367497817376));
#7296=CARTESIAN_POINT('',(-0.35,-0.266645832519468,-26.1367497817376));
#7297=CARTESIAN_POINT('',(-0.304516132617335,-0.326348072878955,-26.2552049173959));
#7298=CARTESIAN_POINT('',(-0.249061068805208,-0.36873639754515,-26.3745170733512));
#7299=CARTESIAN_POINT('',(-0.129313396884959,-0.425765184409247,-26.617817288851));
#7300=CARTESIAN_POINT('',(-0.0638501137006931,-0.440000000000071,-26.7433528789864));
#7301=CARTESIAN_POINT('',(0.,-0.439999999999999,-26.8658696863171));
#7302=CARTESIAN_POINT('',(-4.04133443718626E-17,-0.44,-26.8658696863171));
#7303=CARTESIAN_POINT('',(0.,-0.439999999999999,-26.8658696863171));
#7304=CARTESIAN_POINT('',(0.064485114117949,-0.440000000000071,-26.7421344281604));
#7305=CARTESIAN_POINT('',(0.129337452303413,-0.42575693436526,-26.6177698627919));
#7306=CARTESIAN_POINT('',(0.249071700037907,-0.36872812744442,-26.374494023552));
#7307=CARTESIAN_POINT('',(0.304520524338916,-0.326342308294003,-26.2551934798905));
#7308=CARTESIAN_POINT('',(0.35,-0.266645832519468,-26.1367497817376));
#7309=CARTESIAN_POINT('',(0.35,-0.266645832519467,-26.1367497817376));
#7310=CARTESIAN_POINT('',(0.35,-0.266645832519468,-26.1367497817376));
#7311=CARTESIAN_POINT('',(0.44,9.18485099360511E-19,-25.4));
#7312=CARTESIAN_POINT('',(0.44,4.59242549680255E-19,-25.4));
#7313=CARTESIAN_POINT('',(0.44,9.18485099360511E-19,-25.4));
#7314=CARTESIAN_POINT('',(0.44,2.69422295812418E-17,-30.));
#7315=CARTESIAN_POINT('',(0.,0.,-30.));
#7316=CARTESIAN_POINT('',(0.,0.,0.));
#7317=CARTESIAN_POINT('',(0.,0.,-25.4));
#7318=CARTESIAN_POINT('',(0.35,0.266645832519468,-25.4));
#7319=CARTESIAN_POINT('',(0.,0.,-24.9060608064591));
#7320=CARTESIAN_POINT('',(0.35,0.266645832519468,-24.9060608064591));
#7321=CARTESIAN_POINT('',(0.35,0.266645832519468,-24.9060608064591));
#7322=CARTESIAN_POINT('',(0.,0.44,-25.4));
#7323=CARTESIAN_POINT('',(-0.35,0.266645832519468,-25.4));
#7324=CARTESIAN_POINT('',(-0.35,0.266645832519468,-25.4));
#7325=CARTESIAN_POINT('',(-0.35,-0.241091269024824,-25.4));
#7326=CARTESIAN_POINT('',(0.,0.,-25.4));
#7327=CARTESIAN_POINT('',(-0.4325,0.,-25.4));
#7328=CARTESIAN_POINT('',(-0.425,4.59242549680255E-19,-25.4));
#7329=CARTESIAN_POINT('',(0.,0.,-25.4));
#7330=CARTESIAN_POINT('',(0.,0.,0.));
#7331=CARTESIAN_POINT('',(-0.35,0.266645832519468,-24.9060608064591));
#7332=CARTESIAN_POINT('',(-0.35,0.266645832519468,-24.9060608064591));
#7333=CARTESIAN_POINT('',(0.,0.,-24.9060608064591));
#7334=CARTESIAN_POINT('',(0.,0.,-25.3));
#7335=CARTESIAN_POINT('',(-0.35,-0.241091269024824,-25.4));
#7336=CARTESIAN_POINT('',(-0.35,-0.241091269024824,-26.0881167659745));
#7337=CARTESIAN_POINT('',(-0.425,0.,-25.4));
#7338=CARTESIAN_POINT('',(-0.425,9.18485099360511E-19,-30.));
#7339=CARTESIAN_POINT('',(0.,0.,-30.));
#7340=CARTESIAN_POINT('',(0.425,0.,-30.));
#7341=CARTESIAN_POINT('',(0.425,5.20474889637625E-17,-25.4));
#7342=CARTESIAN_POINT('',(0.425,-1.73183113374765E-18,-25.4));
#7343=CARTESIAN_POINT('',(0.,0.,-25.4));
#7344=CARTESIAN_POINT('',(0.35,-0.241091269024824,-25.4));
#7345=CARTESIAN_POINT('',(0.35,-0.241091269024824,-25.4));
#7346=CARTESIAN_POINT('',(0.35,-0.241091269024824,-26.0881167659745));
#7347=CARTESIAN_POINT('',(0.35,-0.241091269024824,-26.0881167659745));
#7348=CARTESIAN_POINT('',(0.312880327719963,-0.294979098934895,-26.1865793015548));
#7349=CARTESIAN_POINT('',(0.267110735649578,-0.336260785379077,-26.2859558283215));
#7350=CARTESIAN_POINT('',(0.187265038428506,-0.382760265183214,-26.4358498419402));
#7351=CARTESIAN_POINT('',(0.158842406070018,-0.395660042335504,-26.4862192691238));
#7352=CARTESIAN_POINT('',(0.110219076078743,-0.410810114329126,-26.5587330193102));
#7353=CARTESIAN_POINT('',(0.0930389400408325,-0.41518717505159,-26.5825979466644));
#7354=CARTESIAN_POINT('',(0.0530653068854705,-0.422161945106841,-26.6251580256391));
#7355=CARTESIAN_POINT('',(0.0281740166605466,-0.425122578334828,-26.64682089158));
#7356=CARTESIAN_POINT('',(-0.0317581402790632,-0.424869865195046,-26.644976993489));
#7357=CARTESIAN_POINT('',(-0.0557903270452474,-0.421795349522774,-26.6227176095657));
#7358=CARTESIAN_POINT('',(-0.0950997571876872,-0.414704610118694,-26.5798828323404));
#7359=CARTESIAN_POINT('',(-0.112118267240364,-0.410287412492326,-26.5560507036033));
#7360=CARTESIAN_POINT('',(-0.16009109189808,-0.395121385259516,-26.4840319626392));
#7361=CARTESIAN_POINT('',(-0.187974111153974,-0.382389410982853,-26.4345614208545));
#7362=CARTESIAN_POINT('',(-0.267016508529272,-0.336230421819022,-26.2860462014689));
#7363=CARTESIAN_POINT('',(-0.313163109700622,-0.294568575179179,-26.185829202507));
#7364=CARTESIAN_POINT('',(-0.35,-0.241091269024824,-26.0881167659745));
#7365=CARTESIAN_POINT('',(0.,0.,0.));
#7366=CARTESIAN_POINT('',(0.,0.,-30.));
#7367=CARTESIAN_POINT('',(0.,0.,-25.014934176149));
#7368=CARTESIAN_POINT('',(0.35,-0.437149859887888,-25.014934176149));
#7369=CARTESIAN_POINT('',(0.35,-0.437149859887888,-25.014934176149));
#7370=CARTESIAN_POINT('',(0.35,-0.437149859887888,-26.7698158958423));
#7371=CARTESIAN_POINT('',(0.35,-0.437149859887888,-26.7698158958423));
#7372=CARTESIAN_POINT('',(0.347632656282145,-0.439045251782699,-26.801726481796));
#7373=CARTESIAN_POINT('',(0.346410161513775,-0.44,-26.8338153212068));
#7374=CARTESIAN_POINT('',(0.346410161513763,-0.439999999999999,-26.8658696863171));
#7375=CARTESIAN_POINT('',(0.346410161513766,-0.440000000000002,-26.8658696863171));
#7376=CARTESIAN_POINT('',(0.346410161513763,-0.439999999999999,-26.8658696863171));
#7377=CARTESIAN_POINT('',(0.346410161513764,-0.440000000000004,-25.014934176149));
#7378=CARTESIAN_POINT('',(0.,0.,-25.014934176149));
#7379=CARTESIAN_POINT('',(-0.346410161513775,-0.44,-25.014934176149));
#7380=CARTESIAN_POINT('',(-0.346410161513775,-0.44,-25.014934176149));
#7381=CARTESIAN_POINT('',(-0.346410161513768,-0.440000000000001,-26.8658696863171));
#7382=CARTESIAN_POINT('',(-0.346410161513763,-0.439999999999999,-26.8658696863171));
#7383=CARTESIAN_POINT('',(-0.346410161513775,-0.44,-26.8338153212068));
#7384=CARTESIAN_POINT('',(-0.347632656282145,-0.439045251782699,-26.801726481796));
#7385=CARTESIAN_POINT('',(-0.35,-0.437149859887888,-26.7698158958423));
#7386=CARTESIAN_POINT('',(-0.349999999999999,-0.437149859887889,-26.7698158958423));
#7387=CARTESIAN_POINT('',(-0.35,-0.4371498598879,-25.014934176149));
#7388=CARTESIAN_POINT('',(-0.349999999999995,-0.437149859887896,-25.014934176149));
#7389=CARTESIAN_POINT('',(0.,0.,-25.014934176149));
#7390=CARTESIAN_POINT('',(0.,0.56,-30.));
#7391=CARTESIAN_POINT('',(-0.4325,0.,-30.));
#7392=CARTESIAN_POINT('',(0.4325,0.,-30.));
#7393=CARTESIAN_POINT('',(0.35,-0.0199999999999999,-30.));
#7394=CARTESIAN_POINT('',(0.35,-0.02,-30.));
#7395=CARTESIAN_POINT('',(0.35,0.0953939201416951,-30.));
#7396=CARTESIAN_POINT('',(0.45,0.095393920141695,-30.));
#7397=CARTESIAN_POINT('',(-0.45,0.095393920141695,-30.));
#7398=CARTESIAN_POINT('',(-0.35,0.095393920141695,-30.));
#7399=CARTESIAN_POINT('',(-0.35,-0.0200000000000001,-30.));
#7400=CARTESIAN_POINT('',(-0.35,-0.02,-30.));
#7401=CARTESIAN_POINT('',(-0.05,-0.0200000000000001,-30.));
#7402=CARTESIAN_POINT('',(-0.05,-0.32,-30.));
#7403=CARTESIAN_POINT('',(-0.05,-0.32,-30.));
#7404=CARTESIAN_POINT('',(0.05,-0.32,-30.));
#7405=CARTESIAN_POINT('',(0.05,-0.02,-30.));
#7406=CARTESIAN_POINT('',(0.,0.,0.));
#7407=CARTESIAN_POINT('',(0.,0.,-24.7));
#7408=CARTESIAN_POINT('',(0.,0.,-7.6));
#7409=CARTESIAN_POINT('',(-0.515000000004915,4.87863209227352E-11,-20.3278719262541));
#7410=CARTESIAN_POINT('',(-0.514999999996688,0.0343237781363935,-20.3278719261993));
#7411=CARTESIAN_POINT('',(-0.51122459471736,0.0670404109316641,-20.3102729929281));
#7412=CARTESIAN_POINT('',(-0.502372454892775,0.116047057294971,-20.2618437176821));
#7413=CARTESIAN_POINT('',(-0.497552953512945,0.13365486858652,-20.2320993857015));
#7414=CARTESIAN_POINT('',(-0.485506597764604,0.174064945673664,-20.1382142264503));
#7415=CARTESIAN_POINT('',(-0.480672682816935,0.184875023780368,-20.0693526299659));
#7416=CARTESIAN_POINT('',(-0.480637324222983,0.184966929444138,-19.931449909671));
#7417=CARTESIAN_POINT('',(-0.48547622215542,0.174134211443059,-19.8621415631941));
#7418=CARTESIAN_POINT('',(-0.497494892861897,0.133865802371739,-19.7682941347942));
#7419=CARTESIAN_POINT('',(-0.502354589072669,0.116104422087398,-19.7382666382412));
#7420=CARTESIAN_POINT('',(-0.511188081848255,0.0672838388241956,-19.6899142295345));
#7421=CARTESIAN_POINT('',(-0.515000000000081,0.0345637145263726,-19.6721280737752));
#7422=CARTESIAN_POINT('',(-0.515000000000018,2.74440585413265E-13,-19.6721280737847));
#7423=CARTESIAN_POINT('',(4.87862578535222E-11,0.515000000004915,-15.6721280737458));
#7424=CARTESIAN_POINT('',(0.0343237781363758,0.514999999996688,-15.6721280738007));
#7425=CARTESIAN_POINT('',(0.0670404109316321,0.511224594717364,-15.6897270070719));
#7426=CARTESIAN_POINT('',(0.116047057294927,0.502372454892785,-15.7381562823178));
#7427=CARTESIAN_POINT('',(0.133654868586479,0.497552953512956,-15.7679006142984));
#7428=CARTESIAN_POINT('',(0.17406494567363,0.485506597764616,-15.8617857735495));
#7429=CARTESIAN_POINT('',(0.184875023780347,0.480672682816943,-15.9306473700339));
#7430=CARTESIAN_POINT('',(0.184966929444167,0.480637324222972,-16.0685500903287));
#7431=CARTESIAN_POINT('',(0.174134211443123,0.485476222155393,-16.1378584368056));
#7432=CARTESIAN_POINT('',(0.133865802371909,0.49749489286185,-16.2317058652055));
#7433=CARTESIAN_POINT('',(0.116104422087609,0.502354589072617,-16.2617333617586));
#7434=CARTESIAN_POINT('',(0.0672838388245419,0.511188081848206,-16.3100857704653));
#7435=CARTESIAN_POINT('',(0.0345637145268175,0.515000000000051,-16.3278719262247));
#7436=CARTESIAN_POINT('',(-5.6932870313077E-14,0.515000000000047,-16.3278719262247));
#7437=CARTESIAN_POINT('',(0.,0.514999999999999,0.));
#7438=CARTESIAN_POINT('',(0.,0.,0.));
#7439=CARTESIAN_POINT('',(0.,0.,0.));
#7440=CARTESIAN_POINT('',(0.,0.,0.));
#7441=CARTESIAN_POINT('',(0.,0.,-6.9));
#7442=CARTESIAN_POINT('',(0.,0.,-7.25));
#7443=CARTESIAN_POINT('',(0.,0.,0.));
#7444=CARTESIAN_POINT('',(0.647059015304875,0.0617626967730933,-10.3692798176391));
#7445=CARTESIAN_POINT('',(0.64709467824425,0.0613890727631261,-10.355731795519));
#7446=CARTESIAN_POINT('',(0.647235499463756,0.0599387542695883,-10.3432976464426));
#7447=CARTESIAN_POINT('',(0.647683985179241,0.054880792376067,-10.3206570943771));
#7448=CARTESIAN_POINT('',(0.647937461072459,0.0520928236111898,-10.312204541607));
#7449=CARTESIAN_POINT('',(0.648794983683151,0.0400210554632396,-10.2882739140201));
#7450=CARTESIAN_POINT('',(0.649193841499439,0.033231718649865,-10.2780531688897));
#7451=CARTESIAN_POINT('',(0.649641366840191,0.0219167112340021,-10.2653389041884));
#7452=CARTESIAN_POINT('',(0.649765170074954,0.0179565930413564,-10.2615369581204));
#7453=CARTESIAN_POINT('',(0.649941456452804,0.00966015839388411,-10.2548053503159));
#7454=CARTESIAN_POINT('',(0.650000020246041,0.00383131161061317,-10.2510299823298));
#7455=CARTESIAN_POINT('',(0.650000040099627,-3.4324413497727E-6,-10.2488673032009));
#7456=CARTESIAN_POINT('',(0.647059015304875,0.0617626967730933,-10.3692798176391));
#7457=CARTESIAN_POINT('',(0.649999993254369,-2.92980198216094E-6,-10.47117127595));
#7458=CARTESIAN_POINT('',(0.650000016020611,0.00326747846191011,-10.4699139030158));
#7459=CARTESIAN_POINT('',(0.649944054942809,0.00960293466830232,-10.4669985818196));
#7460=CARTESIAN_POINT('',(0.649753649085675,0.0184305835391406,-10.4616815041667));
#7461=CARTESIAN_POINT('',(0.649349441188438,0.0308912158222007,-10.452561461015));
#7462=CARTESIAN_POINT('',(0.648730461545592,0.0410058034206137,-10.4400081378468));
#7463=CARTESIAN_POINT('',(0.647908781235825,0.0524108657516214,-10.4202185691631));
#7464=CARTESIAN_POINT('',(0.647603610381211,0.0558170432622251,-10.4113229663442));
#7465=CARTESIAN_POINT('',(0.647274919990727,0.0594699300094338,-10.3960429567865));
#7466=CARTESIAN_POINT('',(0.647231410913847,0.0599320111288212,-10.3926786621408));
#7467=CARTESIAN_POINT('',(0.647122002836378,0.0611020349620987,-10.3820599363333));
#7468=CARTESIAN_POINT('',(0.647082445557642,0.0615172289247725,-10.376030109134));
#7469=CARTESIAN_POINT('',(0.647059015304875,0.0617626967730933,-10.3692798176391));
#7470=CARTESIAN_POINT('',(0.,0.,-25.014934176149));
#7471=CARTESIAN_POINT('',(-0.35,-0.44,-25.0088135880759));
#7472=CARTESIAN_POINT('',(-0.35,-0.439050953081707,-25.0108542085684));
#7473=CARTESIAN_POINT('',(-0.35,-0.438100912476385,-25.0128944071821));
#7474=CARTESIAN_POINT('',(-0.35,-0.4371498598879,-25.014934176149));
#7475=CARTESIAN_POINT('',(-0.35,-0.44,-25.0088135880759));
#7476=CARTESIAN_POINT('',(-0.35,-0.44,-25.0088135880759));
#7477=CARTESIAN_POINT('',(-0.34880609261906,-0.44,-25.0108556107746));
#7478=CARTESIAN_POINT('',(-0.347609502915465,-0.44,-25.0128958224127));
#7479=CARTESIAN_POINT('',(-0.346410161513775,-0.44,-25.014934176149));
#7480=CARTESIAN_POINT('',(0.346410161513758,-0.44,-25.014934176149));
#7481=CARTESIAN_POINT('',(0.347609710450454,-0.44,-25.0128954696944));
#7482=CARTESIAN_POINT('',(0.348806297392254,-0.44,-25.0108552605368));
#7483=CARTESIAN_POINT('',(0.35,-0.44,-25.0088135880759));
#7484=CARTESIAN_POINT('',(0.35,-0.440000000000001,-25.0088135880759));
#7485=CARTESIAN_POINT('',(0.35,-0.44,-25.0088135880759));
#7486=CARTESIAN_POINT('',(0.35,-0.43905095308171,-25.0108542085684));
#7487=CARTESIAN_POINT('',(0.35,-0.438100912476391,-25.0128944071821));
#7488=CARTESIAN_POINT('',(0.35,-0.437149859887888,-25.014934176149));
#7489=CARTESIAN_POINT('',(0.,0.44,-25.4));
#7490=CARTESIAN_POINT('',(0.35,0.266645832519468,-25.4));
#7491=CARTESIAN_POINT('',(0.4325,0.,-25.4));
#7492=CARTESIAN_POINT('',(0.,0.,-24.7));
#7493=CARTESIAN_POINT('',(0.,0.,-24.9060608064591));
#7494=CARTESIAN_POINT('',(-7.07573965857719E-17,0.44,-24.9060608064591));
#7495=CARTESIAN_POINT('',(0.,0.,-24.9060608064591));
#7496=CARTESIAN_POINT('',(0.,0.,-7.25));
#7497=CARTESIAN_POINT('',(0.,0.,-6.9));
#7498=CARTESIAN_POINT('',(0.,0.,0.));
#7499=CARTESIAN_POINT('',(0.,1.75,-16.));
#7500=CARTESIAN_POINT('',(0.,1.565,-16.));
#7501=CARTESIAN_POINT('',(1.22201917638828E-14,-1.75,-16.));
#7502=CARTESIAN_POINT('',(1.09283429202724E-14,-1.565,-16.));
#7503=CARTESIAN_POINT('',(-1.65,0.,-20.));
#7504=CARTESIAN_POINT('',(-1.565,0.,-20.));
#7505=CARTESIAN_POINT('',(1.65,1.1521895091661E-14,-20.));
#7506=CARTESIAN_POINT('',(1.565,1.09283429202724E-14,-20.));
#7507=CARTESIAN_POINT('',(-0.35,1.18,-26.8658696863171));
#7508=CARTESIAN_POINT('',(-0.05,1.18,-26.8658696863171));
#7509=CARTESIAN_POINT('',(-0.05,-0.320000000000001,-26.8658696863171));
#7510=CARTESIAN_POINT('',(-0.0500000000000208,0.502444876194162,-25.5276174476848));
#7511=CARTESIAN_POINT('',(-0.05,0.502444876194012,-25.5276174476849));
#7512=CARTESIAN_POINT('',(-0.0166666666666667,0.50586186070058,-25.5258874334965));
#7513=CARTESIAN_POINT('',(0.0166666666666666,0.505861860700581,-25.5258874334965));
#7514=CARTESIAN_POINT('',(0.05,0.502444876194012,-25.5276174476849));
#7515=CARTESIAN_POINT('',(0.0499999999993371,0.502444876189177,-25.5276174476873));
#7516=CARTESIAN_POINT('',(0.05,1.18,-26.8658696863171));
#7517=CARTESIAN_POINT('',(0.05,-0.320000000000001,-26.8658696863171));
#7518=CARTESIAN_POINT('',(-0.05,-0.32,-26.8658696863171));
#7519=CARTESIAN_POINT('',(-0.35,1.18,-26.8658696863171));
#7520=CARTESIAN_POINT('',(-0.35,0.095393920141695,-30.));
#7521=CARTESIAN_POINT('',(-0.35,0.0953939201456599,-26.3524209045147));
#7522=CARTESIAN_POINT('',(-0.35,1.18,-26.8658696863171));
#7523=CARTESIAN_POINT('',(-0.35,-0.0199999999999998,-26.8658696863171));
#7524=CARTESIAN_POINT('',(-0.35,-0.0200000000000001,-26.8658696863171));
#7525=CARTESIAN_POINT('',(0.35,1.18,-26.8658696863171));
#7526=CARTESIAN_POINT('',(0.35,1.18,-26.8658696863171));
#7527=CARTESIAN_POINT('',(0.35,-0.0199999999999998,-26.8658696863171));
#7528=CARTESIAN_POINT('',(0.35,0.0953939201416953,-26.3524209045147));
#7529=CARTESIAN_POINT('',(0.35,0.0953939201416953,-26.3524209045147));
#7530=CARTESIAN_POINT('',(0.35,-0.0199999999999999,-30.));
#7531=CARTESIAN_POINT('',(-0.35,-0.32,-26.8658696863171));
#7532=CARTESIAN_POINT('',(0.05,-0.32,-26.8658696863171));
#7533=CARTESIAN_POINT('',(-0.05,-0.32,-30.));
#7534=CARTESIAN_POINT('',(0.05,1.18,-26.8658696863171));
#7535=CARTESIAN_POINT('',(0.05,0.502444876194012,-25.5276174476849));
#7536=CARTESIAN_POINT('',(0.0936009263120063,0.496485528606807,-25.5306346565306));
#7537=CARTESIAN_POINT('',(0.131865199323775,0.479398850263736,-25.5500859078156));
#7538=CARTESIAN_POINT('',(0.191550410433929,0.440512553693279,-25.5991884466219));
#7539=CARTESIAN_POINT('',(0.214696811924378,0.418316943724464,-25.6292770307857));
#7540=CARTESIAN_POINT('',(0.271789761217645,0.351654839162868,-25.7254318879977));
#7541=CARTESIAN_POINT('',(0.29395558517974,0.307096611943437,-25.7973554134231));
#7542=CARTESIAN_POINT('',(0.32565399687637,0.227263440315241,-25.9451399519155));
#7543=CARTESIAN_POINT('',(0.334873191147777,0.190942239245117,-26.0223702508566));
#7544=CARTESIAN_POINT('',(0.346946592944505,0.130039224709573,-26.183763064053));
#7545=CARTESIAN_POINT('',(0.350000000001553,0.104172277130119,-26.2657805812379));
#7546=CARTESIAN_POINT('',(0.35,0.0953939201416953,-26.3524209045147));
#7547=CARTESIAN_POINT('',(0.05,-0.02,-26.8658696863171));
#7548=CARTESIAN_POINT('',(0.05,-0.02,-26.8658696863171));
#7549=CARTESIAN_POINT('',(-0.05,-0.0200000000000001,-26.8658696863171));
#7550=CARTESIAN_POINT('',(-0.05,-0.02,-26.8658696863171));
#7551=CARTESIAN_POINT('',(-0.05,1.18,-26.8658696863171));
#7552=CARTESIAN_POINT('',(-0.35,0.0953939201416953,-26.3524209045147));
#7553=CARTESIAN_POINT('',(-0.35,0.104141481977885,-26.2660845221933));
#7554=CARTESIAN_POINT('',(-0.34689054379798,0.130355453546902,-26.1828659768273));
#7555=CARTESIAN_POINT('',(-0.334874396492863,0.190902510930664,-26.0225348830402));
#7556=CARTESIAN_POINT('',(-0.325661520238918,0.227372363692762,-25.9448422433635));
#7557=CARTESIAN_POINT('',(-0.293506468389706,0.308098081389087,-25.7955989308351));
#7558=CARTESIAN_POINT('',(-0.271322777761768,0.35237611860635,-25.7243272091654));
#7559=CARTESIAN_POINT('',(-0.214196322742407,0.418811596306453,-25.6285963029423));
#7560=CARTESIAN_POINT('',(-0.191136920875283,0.440875366599346,-25.5987043749928));
#7561=CARTESIAN_POINT('',(-0.131153166815993,0.479767570762385,-25.5496467489223));
#7562=CARTESIAN_POINT('',(-0.0935507382624673,0.496492388278315,-25.5306311834891));
#7563=CARTESIAN_POINT('',(-0.05,0.502444876194012,-25.5276174476849));
#7564=CARTESIAN_POINT('',(0.45,0.095393920141695,0.));
#7565=CARTESIAN_POINT('',(0.45,0.0953939201416949,-26.3524209045147));
#7566=CARTESIAN_POINT('',(0.35,0.095393920141695,-26.3524209045147));
#7567=CARTESIAN_POINT('',(0.35,1.04933312155864,-26.3524209045147));
#7568=CARTESIAN_POINT('',(0.547826086956522,0.11613172886815,-26.3524209045147));
#7569=CARTESIAN_POINT('',(0.35,0.0977383108329591,-26.3292836512375));
#7570=CARTESIAN_POINT('',(0.370060593559022,0.954697858556424,-26.3764593958888));
#7571=CARTESIAN_POINT('',(0.547826042023742,0.116131940828731,-26.328177759727));
#7572=CARTESIAN_POINT('',(0.349714488647465,0.101576209778434,-26.3064792157324));
#7573=CARTESIAN_POINT('',(0.384670961665472,0.870677591736801,-26.3763787282487));
#7574=CARTESIAN_POINT('',(0.547362637170671,0.118349077344704,-26.3042615470054));
#7575=CARTESIAN_POINT('',(0.348772427705392,0.110971709306089,-26.2613585483313));
#7576=CARTESIAN_POINT('',(0.404348481308209,0.741873728280175,-26.355840345863));
#7577=CARTESIAN_POINT('',(0.54583351690931,0.125212349619312,-26.2568123728775));
#7578=CARTESIAN_POINT('',(0.348107592843884,0.116558681188164,-26.2390458516587));
#7579=CARTESIAN_POINT('',(0.410797140998166,0.691493109751554,-26.3383875660548));
#7580=CARTESIAN_POINT('',(0.544754347232788,0.129905623838922,-26.2332816165716));
#7581=CARTESIAN_POINT('',(0.345548326114152,0.135206528267784,-26.1727513730739));
#7582=CARTESIAN_POINT('',(0.422741747505227,0.580648669364327,-26.2808546341677));
#7583=CARTESIAN_POINT('',(0.540600194256381,0.146569129443974,-26.163096818498));
#7584=CARTESIAN_POINT('',(0.343091008084817,0.150161519920878,-26.1293273630873));
#7585=CARTESIAN_POINT('',(0.42568543513348,0.530016479520141,-26.2323083300352));
#7586=CARTESIAN_POINT('',(0.536611483805008,0.161115172364343,-26.1167544317082));
#7587=CARTESIAN_POINT('',(0.336202899229919,0.183250701070926,-26.044390906105));
#7588=CARTESIAN_POINT('',(0.423935613137666,0.467983654128119,-26.1330628964248));
#7589=CARTESIAN_POINT('',(0.525430800531955,0.194505673875478,-26.0252165656805));
#7590=CARTESIAN_POINT('',(0.331801931591666,0.20125814463586,-26.0032809220825));
#7591=CARTESIAN_POINT('',(0.420704007867741,0.449935591051872,-26.0839850682388));
#7592=CARTESIAN_POINT('',(0.5182871882273,0.21324432472058,-25.9804597077826));
#7593=CARTESIAN_POINT('',(0.320376216253775,0.239289223989569,-25.9235993585874));
#7594=CARTESIAN_POINT('',(0.408628569256596,0.432497903299819,-25.9881301972661));
#7595=CARTESIAN_POINT('',(0.499741109723133,0.253680063778747,-25.8928213429326));
#7596=CARTESIAN_POINT('',(0.313359335397698,0.259324312966447,-25.88503065667));
#7597=CARTESIAN_POINT('',(0.400746648646515,0.430267138085413,-25.9414292441854));
#7598=CARTESIAN_POINT('',(0.488351380918275,0.275395675539425,-25.8499435363674));
#7599=CARTESIAN_POINT('',(0.286765734995111,0.321551851909676,-25.7731621943176));
#7600=CARTESIAN_POINT('',(0.369938474057135,0.438466587769609,-25.8145942116841));
#7601=CARTESIAN_POINT('',(0.445184969301663,0.343990901784172,-25.7243188154129));
#7602=CARTESIAN_POINT('',(0.261748045419107,0.367038377946054,-25.7020195689238));
#7603=CARTESIAN_POINT('',(0.340470547861832,0.459288888389175,-25.7239983891978));
#7604=CARTESIAN_POINT('',(0.404576523625343,0.395721333071801,-25.6425620599496));
#7605=CARTESIAN_POINT('',(0.181688878529956,0.451877435943646,-25.5825484607536));
#7606=CARTESIAN_POINT('',(0.234794561490446,0.513197044816087,-25.5753569068111));
#7607=CARTESIAN_POINT('',(0.274625439886179,0.494831693289965,-25.5032344582532));
#7608=CARTESIAN_POINT('',(0.125196187632826,0.492166905826235,-25.5328211688399));
#7609=CARTESIAN_POINT('',(0.156877421818875,0.546940664395492,-25.5066895985152));
#7610=CARTESIAN_POINT('',(0.182825707171654,0.543346930208964,-25.4439468197235));
#7611=CARTESIAN_POINT('',(0.0499999999999998,0.502444876194013,-25.5276174476848));
#7612=CARTESIAN_POINT('',(0.0575012849407881,0.557050341698802,-25.4999707814791));
#7613=CARTESIAN_POINT('',(0.060869565217391,0.556682042130196,-25.438400631776));
#7614=CARTESIAN_POINT('',(0.0500000000000002,0.457274534606947,-25.438400631776));
#7615=CARTESIAN_POINT('',(0.0500000000000002,0.502444876194013,-25.5276174476848));
#7616=CARTESIAN_POINT('',(0.0575012849407887,0.557050341698802,-25.4999707814791));
#7617=CARTESIAN_POINT('',(0.0608695652173916,0.556682042130196,-25.438400631776));
#7618=CARTESIAN_POINT('',(0.0166750456733338,0.505860983136352,-25.525887877806));
#7619=CARTESIAN_POINT('',(0.0191864402521085,0.560991504857477,-25.4981504293358));
#7620=CARTESIAN_POINT('',(0.0203002316030481,0.56111803523106,-25.4365557706274));
#7621=CARTESIAN_POINT('',(-0.0166750456733341,0.505860983136352,-25.525887877806));
#7622=CARTESIAN_POINT('',(-0.0191864402521086,0.560991504857462,-25.4981504293358));
#7623=CARTESIAN_POINT('',(-0.0203002316030485,0.56111803523106,-25.4365557706274));
#7624=CARTESIAN_POINT('',(-0.0500000000000003,0.502444876194013,-25.5276174476848));
#7625=CARTESIAN_POINT('',(-0.0575012849407888,0.557050341698802,-25.4999707814791));
#7626=CARTESIAN_POINT('',(-0.0608695652173917,0.556682042130196,-25.438400631776));
#7627=CARTESIAN_POINT('',(-0.0500000000000002,0.457274534606947,-25.438400631776));
#7628=CARTESIAN_POINT('',(-0.45,0.095393920141695,0.));
#7629=CARTESIAN_POINT('',(-0.45,0.095393920141695,-26.3524209045147));
#7630=CARTESIAN_POINT('',(-0.0500000000000002,0.502444876194013,-25.5276174476848));
#7631=CARTESIAN_POINT('',(-0.0575012849407886,0.557050341698802,-25.4999707814791));
#7632=CARTESIAN_POINT('',(-0.0608695652173916,0.556682042130196,-25.438400631776));
#7633=CARTESIAN_POINT('',(-0.124331365182092,0.492284994392596,-25.5327613807739));
#7634=CARTESIAN_POINT('',(-0.155700905456506,0.547060291325068,-25.5066102077645));
#7635=CARTESIAN_POINT('',(-0.181461858741618,0.543496058175516,-25.4438849423807));
#7636=CARTESIAN_POINT('',(-0.181370358870622,0.452024248420309,-25.5824063160125));
#7637=CARTESIAN_POINT('',(-0.23429310631539,0.513392786981163,-25.5750236712418));
#7638=CARTESIAN_POINT('',(-0.274108425015284,0.495015463570719,-25.5030586507228));
#7639=CARTESIAN_POINT('',(-0.260940978969994,0.368081675367362,-25.7004867017058));
#7640=CARTESIAN_POINT('',(-0.339305411328061,0.459955427861384,-25.7219124448206));
#7641=CARTESIAN_POINT('',(-0.403266500175281,0.396928038408569,-25.6407843203845));
#7642=CARTESIAN_POINT('',(-0.286108345928039,0.322876675339782,-25.7709292195532));
#7643=CARTESIAN_POINT('',(-0.369169966483247,0.438852813399383,-25.8120617009309));
#7644=CARTESIAN_POINT('',(-0.444117905413459,0.345472813590642,-25.7217862538371));
#7645=CARTESIAN_POINT('',(-0.313119455057836,0.259988995650425,-25.8837637155408));
#7646=CARTESIAN_POINT('',(-0.400484262653768,0.430226996837895,-25.9399668190174));
#7647=CARTESIAN_POINT('',(-0.48796200871713,0.276117950809395,-25.8485329106352));
#7648=CARTESIAN_POINT('',(-0.320287470191717,0.239567249000014,-25.923034451869));
#7649=CARTESIAN_POINT('',(-0.4085380467576,0.432418871041902,-25.9875044787019));
#7650=CARTESIAN_POINT('',(-0.49959705710652,0.253977805961247,-25.8921976879394));
#7651=CARTESIAN_POINT('',(-0.331803548671447,0.201270002177732,-26.0032386086726));
#7652=CARTESIAN_POINT('',(-0.420720249196489,0.449897074611336,-26.0840026698775));
#7653=CARTESIAN_POINT('',(-0.518289814088073,0.213254810034697,-25.9804154894999));
#7654=CARTESIAN_POINT('',(-0.336194430893315,0.1832754890456,-26.0443532747699));
#7655=CARTESIAN_POINT('',(-0.423919821968255,0.467979901436426,-26.1329443945423));
#7656=CARTESIAN_POINT('',(-0.525417053827896,0.194533598118682,-26.0251737605927));
#7657=CARTESIAN_POINT('',(-0.343047476774307,0.15038640863187,-26.1287242976627));
#7658=CARTESIAN_POINT('',(-0.425688878055708,0.529439015573181,-26.2315259731285));
#7659=CARTESIAN_POINT('',(-0.536540825284766,0.1613392204423,-26.1161067269542));
#7660=CARTESIAN_POINT('',(-0.345512363879709,0.135447403093903,-26.1719652987417));
#7661=CARTESIAN_POINT('',(-0.422833020198481,0.579601426321529,-26.280129786173));
#7662=CARTESIAN_POINT('',(-0.540541822211947,0.146793058453899,-26.1622620864941));
#7663=CARTESIAN_POINT('',(-0.348098937626596,0.116632164766606,-26.2387500275291));
#7664=CARTESIAN_POINT('',(-0.410876433901811,0.690881017569934,-26.3381818860066));
#7665=CARTESIAN_POINT('',(-0.544740297465656,0.129967012005526,-26.2329696778136));
#7666=CARTESIAN_POINT('',(-0.348770390655447,0.110991867831829,-26.261262434267));
#7667=CARTESIAN_POINT('',(-0.404383145113194,0.741645448738877,-26.3558023708137));
#7668=CARTESIAN_POINT('',(-0.545830209927305,0.125227169852937,-26.2567112889315));
#7669=CARTESIAN_POINT('',(-0.349716315365957,0.101558148943541,-26.3065652561163));
#7670=CARTESIAN_POINT('',(-0.384625991774971,0.870973612600495,-26.3764278251476));
#7671=CARTESIAN_POINT('',(-0.547365602745118,0.118335789472736,-26.3043520374053));
#7672=CARTESIAN_POINT('',(-0.35,0.097727515592142,-26.3293901240786));
#7673=CARTESIAN_POINT('',(-0.369984657571836,0.95505615785416,-26.376368488419));
#7674=CARTESIAN_POINT('',(-0.547826044340444,0.116131929900197,-26.3282890940759));
#7675=CARTESIAN_POINT('',(-0.35,0.0953939201416949,-26.3524209045147));
#7676=CARTESIAN_POINT('',(-0.350000000000001,1.04933312155863,-26.3524209045147));
#7677=CARTESIAN_POINT('',(-0.547826086956522,0.11613172886815,-26.3524209045147));
#7678=CARTESIAN_POINT('',(-0.4325,0.,-25.3));
#7679=CARTESIAN_POINT('',(0.4325,0.,-25.3));
#7680=CARTESIAN_POINT('',(0.35,1.18,-26.8658696863171));
#7681=CARTESIAN_POINT('',(0.35,1.18,-26.8658696863171));
#7682=CARTESIAN_POINT('',(0.35,0.44,-24.9060608064591));
#7683=CARTESIAN_POINT('',(0.35,0.44,-24.9060608064591));
#7684=CARTESIAN_POINT('',(0.35,0.44,-25.0088135880759));
#7685=CARTESIAN_POINT('',(-0.35,1.18,-26.8658696863171));
#7686=CARTESIAN_POINT('',(-0.35,0.44,-25.0088135880759));
#7687=CARTESIAN_POINT('',(-0.35,0.44,-24.9060608064591));
#7688=CARTESIAN_POINT('',(-0.35,0.44,-24.9060608064591));
#7689=CARTESIAN_POINT('',(-0.35,1.18,-26.8658696863171));
#7690=CARTESIAN_POINT('',(-0.35,1.18,-26.8658696863171));
#7691=CARTESIAN_POINT('',(-0.346410161513786,0.44,-25.424759003545));
#7692=CARTESIAN_POINT('',(-0.35,0.44,-24.9060608064591));
#7693=CARTESIAN_POINT('',(0.,0.44,-24.9060608064591));
#7694=CARTESIAN_POINT('',(-0.35,0.44,-24.9060608064591));
#7695=CARTESIAN_POINT('',(-0.35,0.44,-24.9060608064591));
#7696=CARTESIAN_POINT('',(-0.35,0.44,-25.424759003545));
#7697=CARTESIAN_POINT('',(-0.35,-0.44,-24.9060608064591));
#7698=CARTESIAN_POINT('',(-0.35,-0.44,-24.9060608064591));
#7699=CARTESIAN_POINT('',(-0.35,-0.44,-24.9060608064591));
#7700=CARTESIAN_POINT('',(-0.35,-0.44,-24.9060608064591));
#7701=CARTESIAN_POINT('',(0.,-0.44,-24.9060608064591));
#7702=CARTESIAN_POINT('',(0.35,-0.44,-24.9060608064591));
#7703=CARTESIAN_POINT('',(0.35,-0.44,-24.9060608064591));
#7704=CARTESIAN_POINT('',(0.,-0.439999999999999,-26.8658696863171));
#7705=CARTESIAN_POINT('',(-0.346410161513763,-0.439999999999999,-26.8658696863171));
#7706=CARTESIAN_POINT('',(-0.35,0.44,-24.9060608064591));
#7707=CARTESIAN_POINT('',(0.35,-0.266645832519468,-24.9060608064591));
#7708=CARTESIAN_POINT('',(-0.35,0.44,-24.9060608064591));
#7709=CARTESIAN_POINT('',(-0.35,-0.266645832519468,-24.9060608064591));
#7710=CARTESIAN_POINT('',(-0.35,1.18,-26.8658696863171));
#7711=CARTESIAN_POINT('',(-0.35,1.18,-26.8658696863171));
#7712=CARTESIAN_POINT('',(-0.35,1.18,-26.8658696863171));
#7713=CARTESIAN_POINT('',(0.35,1.18,-26.8658696863171));
#7714=CARTESIAN_POINT('',(-0.35,1.18,-26.8658696863171));
#7715=CARTESIAN_POINT('',(0.35,1.18,-26.8658696863171));
#7716=CARTESIAN_POINT('',(0.558882594536379,0.331888905394992,-8.92135928981414));
#7717=CARTESIAN_POINT('',(0.558882594536379,0.331888905394992,-8.66452742132456));
#7718=CARTESIAN_POINT('',(0.515891625725888,0.306358989595377,-8.66452742132456));
#7719=CARTESIAN_POINT('',(0.515891625725888,0.306358989595377,-8.66452742132456));
#7720=CARTESIAN_POINT('',(0.515891625725888,0.306358989595377,-9.17819115830372));
#7721=CARTESIAN_POINT('',(0.558882594536379,0.331888905394992,-9.17819115830372));
#7722=CARTESIAN_POINT('',(0.,0.,-9.17819115830372));
#7723=CARTESIAN_POINT('',(0.,0.,-9.17819115830372));
#7724=CARTESIAN_POINT('',(0.552845226607443,0.233156933024444,-9.17819115830372));
#7725=CARTESIAN_POINT('',(0.598915662158063,0.252586677443147,-9.17819115830372));
#7726=CARTESIAN_POINT('',(0.598915662158063,0.252586677443147,-8.97568910814848));
#7727=CARTESIAN_POINT('',(0.552845226607443,0.233156933024444,-9.17819115830372));
#7728=CARTESIAN_POINT('',(0.552845226607443,0.233156933024444,-8.77318705799323));
#7729=CARTESIAN_POINT('',(0.598915662158063,0.252586677443147,-8.77318705799323));
#7730=CARTESIAN_POINT('',(0.,0.,-8.77318705799323));
#7731=CARTESIAN_POINT('',(0.,0.,-8.77318705799323));
#7732=CARTESIAN_POINT('',(0.599889672251401,0.011505699722582,-8.77318705799323));
#7733=CARTESIAN_POINT('',(0.649880478272352,0.0124645080327971,-8.77318705799323));
#7734=CARTESIAN_POINT('',(0.649880478272352,0.0124645080327971,-8.94605466178429));
#7735=CARTESIAN_POINT('',(0.599889672251401,0.011505699722582,-8.77318705799323));
#7736=CARTESIAN_POINT('',(0.599889672251401,0.011505699722582,-9.11892226557536));
#7737=CARTESIAN_POINT('',(0.649880478272352,0.0124645080327971,-9.11892226557536));
#7738=CARTESIAN_POINT('',(0.,0.,-9.11892226557536));
#7739=CARTESIAN_POINT('',(0.,0.,-9.11892226557536));
#7740=CARTESIAN_POINT('',(0.645510732424923,-0.0762620110162313,-9.11892226557536));
#7741=CARTESIAN_POINT('',(0.645510732424923,-0.0762620110162313,-8.94605466178429));
#7742=CARTESIAN_POINT('',(0.645510732424923,-0.0762620110162313,-8.77318705799323));
#7743=CARTESIAN_POINT('',(0.,0.,-8.77318705799323));
#7744=CARTESIAN_POINT('',(0.517652133450946,-0.393111013243948,-8.77318705799323));
#7745=CARTESIAN_POINT('',(0.517652133450947,-0.393111013243948,-8.71885723965889));
#7746=CARTESIAN_POINT('',(0.517652133450947,-0.393111013243948,-8.66452742132456));
#7747=CARTESIAN_POINT('',(0.,0.,0.));
#7748=CARTESIAN_POINT('',(0.,0.,-8.66452742132456));
#7749=CARTESIAN_POINT('',(0.,0.,-8.66452742132456));
#7750=CARTESIAN_POINT('',(0.597072082958686,-0.256914242017402,-9.77767131287917));
#7751=CARTESIAN_POINT('',(0.57518103539083,-0.307789324951114,-9.76083041763015));
#7752=CARTESIAN_POINT('',(0.552761685882607,-0.343129496987868,-9.73201832182925));
#7753=CARTESIAN_POINT('',(0.521221126130585,-0.389373690377373,-9.65031779956133));
#7754=CARTESIAN_POINT('',(0.51202838250171,-0.400409012460166,-9.59745153898299));
#7755=CARTESIAN_POINT('',(0.511618419976464,-0.400932154286466,-9.53256974607541));
#7756=CARTESIAN_POINT('',(0.551143461192633,-0.237151608016063,-9.77767131287917));
#7757=CARTESIAN_POINT('',(0.530936728197677,-0.284112321693708,-9.76083074085881));
#7758=CARTESIAN_POINT('',(0.510241556199329,-0.316734920296494,-9.73201832182925));
#7759=CARTESIAN_POINT('',(0.481127193351309,-0.359421868040652,-9.65031779956133));
#7760=CARTESIAN_POINT('',(0.472641583982063,-0.369608319022583,-9.59745156201423));
#7761=CARTESIAN_POINT('',(0.472263156901351,-0.370091219341353,-9.53256974607541));
#7762=CARTESIAN_POINT('',(0.597072082958686,-0.256914242017402,-9.77767131287917));
#7763=CARTESIAN_POINT('',(0.551143461192633,-0.237151608016063,-9.77767131287917));
#7764=CARTESIAN_POINT('',(0.511618419976464,-0.400932154286466,-9.53256974607541));
#7765=CARTESIAN_POINT('',(0.472263156901351,-0.370091219341353,-9.53256974607541));
#7766=CARTESIAN_POINT('',(0.511618419976464,-0.400932154286466,-9.53256974607541));
#7767=CARTESIAN_POINT('',(0.511935440315014,-0.40052761341097,-9.51069959090028));
#7768=CARTESIAN_POINT('',(0.512873316663354,-0.399333600704328,-9.49190892448613));
#7769=CARTESIAN_POINT('',(0.515186384843186,-0.396338970795703,-9.46834215924098));
#7770=CARTESIAN_POINT('',(0.516394765366937,-0.394768331855918,-9.45881531464459));
#7771=CARTESIAN_POINT('',(0.51925281504057,-0.391001411259758,-9.44085233147228));
#7772=CARTESIAN_POINT('',(0.520794242507496,-0.388953133937265,-9.4327518240966));
#7773=CARTESIAN_POINT('',(0.526756065059107,-0.380884210276234,-9.40653392989472));
#7774=CARTESIAN_POINT('',(0.531751289144762,-0.373962950190397,-9.39027123631044));
#7775=CARTESIAN_POINT('',(0.543419699689134,-0.356795111530404,-9.36017765424249));
#7776=CARTESIAN_POINT('',(0.550520465485077,-0.34583596409771,-9.34560301696906));
#7777=CARTESIAN_POINT('',(0.564146785734113,-0.323131089694518,-9.32186054268186));
#7778=CARTESIAN_POINT('',(0.571350485135189,-0.310350354646252,-9.31156233663016));
#7779=CARTESIAN_POINT('',(0.582338747746002,-0.2888706678549,-9.29847457419047));
#7780=CARTESIAN_POINT('',(0.586030929620726,-0.281326100128287,-9.29450524448355));
#7781=CARTESIAN_POINT('',(0.591553447682066,-0.269413575765665,-9.28914113658264));
#7782=CARTESIAN_POINT('',(0.593391593667163,-0.26534347707347,-9.28745141505891));
#7783=CARTESIAN_POINT('',(0.597051697758178,-0.257001973658514,-9.28426860089795));
#7784=CARTESIAN_POINT('',(0.599253050630128,-0.251812955749813,-9.28248285541006));
#7785=CARTESIAN_POINT('',(0.612112191704012,-0.220711577941691,-9.27256372731996));
#7786=CARTESIAN_POINT('',(0.624245915218087,-0.186200458385234,-9.26780217695107));
#7787=CARTESIAN_POINT('',(0.633798443398409,-0.144220432483592,-9.26709449739627));
#7788=CARTESIAN_POINT('',(0.472263156901351,-0.370091219341353,-9.53256974607541));
#7789=CARTESIAN_POINT('',(0.472555791060556,-0.369717796994049,-9.51069959085972));
#7790=CARTESIAN_POINT('',(0.473421523073865,-0.36861563141938,-9.49190892448613));
#7791=CARTESIAN_POINT('',(0.475556662932172,-0.365851357657572,-9.46834215924098));
#7792=CARTESIAN_POINT('',(0.476672091107942,-0.364401537097771,-9.45881531464459));
#7793=CARTESIAN_POINT('',(0.47931029080668,-0.360924379624392,-9.44085233147228));
#7794=CARTESIAN_POINT('',(0.480733146929996,-0.359033662095937,-9.4327518240966));
#7795=CARTESIAN_POINT('',(0.486236367746868,-0.35158542487037,-9.40653392989472));
#7796=CARTESIAN_POINT('',(0.490847343825934,-0.34519656940652,-9.39027123631044));
#7797=CARTESIAN_POINT('',(0.501618184328431,-0.329349333720373,-9.36017765424249));
#7798=CARTESIAN_POINT('',(0.50817273737084,-0.319233197628655,-9.34560301696906));
#7799=CARTESIAN_POINT('',(0.520750879139181,-0.298274852025709,-9.32186054268186));
#7800=CARTESIAN_POINT('',(0.527400447817098,-0.286477250442695,-9.31156233663016));
#7801=CARTESIAN_POINT('',(0.537543459457848,-0.266649847250677,-9.29847457419047));
#7802=CARTESIAN_POINT('',(0.540951627342209,-0.259685630887649,-9.29450524448355));
#7803=CARTESIAN_POINT('',(0.546049336321907,-0.248689454552922,-9.28914113658264));
#7804=CARTESIAN_POINT('',(0.547746086461997,-0.24493244037551,-9.28745141505891));
#7805=CARTESIAN_POINT('',(0.551124644084472,-0.237232591069398,-9.28426860089795));
#7806=CARTESIAN_POINT('',(0.553156662120118,-0.232442728384443,-9.28248285541006));
#7807=CARTESIAN_POINT('',(0.565026638496011,-0.203733764253868,-9.27256372731996));
#7808=CARTESIAN_POINT('',(0.576226998970876,-0.171877344848084,-9.26780217692635));
#7809=CARTESIAN_POINT('',(0.585044716983146,-0.133126553061777,-9.26709449739627));
#7810=CARTESIAN_POINT('',(0.633798443398409,-0.144220432483592,-9.26709449739627));
#7811=CARTESIAN_POINT('',(0.585044716983146,-0.133126553061777,-9.26709449739627));
#7812=CARTESIAN_POINT('',(0.633798443398409,-0.144220432483592,-9.26709449739627));
#7813=CARTESIAN_POINT('',(0.638850885045113,-0.122016715604524,-9.26745883421587));
#7814=CARTESIAN_POINT('',(0.641934778806949,-0.103217651993919,-9.26853840164225));
#7815=CARTESIAN_POINT('',(0.645044224750237,-0.0804766059027854,-9.27123095319181));
#7816=CARTESIAN_POINT('',(0.646166907838942,-0.0710772029405833,-9.2726958790671));
#7817=CARTESIAN_POINT('',(0.647910850751172,-0.052869377175158,-9.2762279901778));
#7818=CARTESIAN_POINT('',(0.648544367287728,-0.0444352297514137,-9.27817167558526));
#7819=CARTESIAN_POINT('',(0.650038766330782,-0.0169335820769974,-9.28569470718464));
#7820=CARTESIAN_POINT('',(0.650218459164885,0.000282234299661912,-9.29220541788504));
#7821=CARTESIAN_POINT('',(0.649552037036077,0.0255574305442066,-9.30498002342375));
#7822=CARTESIAN_POINT('',(0.649176344244625,0.0335992305051876,-9.30961682004936));
#7823=CARTESIAN_POINT('',(0.648202703183093,0.0489089951183638,-9.31964760285932));
#7824=CARTESIAN_POINT('',(0.647649450229425,0.0557185404035971,-9.32465692359068));
#7825=CARTESIAN_POINT('',(0.644072978050678,0.0924113465969931,-9.35544315567427));
#7826=CARTESIAN_POINT('',(0.640001868258373,0.114502691384039,-9.3853510044114));
#7827=CARTESIAN_POINT('',(0.636384271497044,0.132394817111363,-9.42719466481914));
#7828=CARTESIAN_POINT('',(0.635724546836409,0.135505105198487,-9.4358055580185));
#7829=CARTESIAN_POINT('',(0.634861224621612,0.139474222414933,-9.44908513949426));
#7830=CARTESIAN_POINT('',(0.634594398574649,0.140681199120009,-9.4535722069323));
#7831=CARTESIAN_POINT('',(0.634228542913789,0.142318192707372,-9.46039361850853));
#7832=CARTESIAN_POINT('',(0.634112315646785,0.142834944396516,-9.46268255743714));
#7833=CARTESIAN_POINT('',(0.63389173270837,0.143810713786086,-9.46729070543409));
#7834=CARTESIAN_POINT('',(0.633762186898743,0.144380047490252,-9.47020852012419));
#7835=CARTESIAN_POINT('',(0.633104806874372,0.147258933495717,-9.48583016677211));
#7836=CARTESIAN_POINT('',(0.632732703743441,0.148827703073883,-9.50428940741148));
#7837=CARTESIAN_POINT('',(0.63259486441945,0.14941130315387,-9.52732197953175));
#7838=CARTESIAN_POINT('',(0.585044716983146,-0.133126553061777,-9.26709449739627));
#7839=CARTESIAN_POINT('',(0.589708509227608,-0.112630814601074,-9.26745883421237));
#7840=CARTESIAN_POINT('',(0.592555180437183,-0.095277832609771,-9.26853840164225));
#7841=CARTESIAN_POINT('',(0.595425438230987,-0.0742860977564172,-9.27123095319181));
#7842=CARTESIAN_POINT('',(0.5964617610821,-0.0656097257913077,-9.2726958790671));
#7843=CARTESIAN_POINT('',(0.598071554539543,-0.0488025020078382,-9.2762279901778));
#7844=CARTESIAN_POINT('',(0.598656339034826,-0.0410171351551511,-9.27817167558526));
#7845=CARTESIAN_POINT('',(0.600035784305337,-0.0156309988403053,-9.28569470718464));
#7846=CARTESIAN_POINT('',(0.60020165461374,0.000260523968918686,-9.29220541788504));
#7847=CARTESIAN_POINT('',(0.59958649572561,0.0235914743484984,-9.30498002342375));
#7848=CARTESIAN_POINT('',(0.599239702379654,0.0310146743124809,-9.30961682004936));
#7849=CARTESIAN_POINT('',(0.598340956784393,0.0451467647246435,-9.31964760285932));
#7850=CARTESIAN_POINT('',(0.597830261750238,0.0514324988340897,-9.32465692359068));
#7851=CARTESIAN_POINT('',(0.59452890281601,0.0853027814741475,-9.35544315567427));
#7852=CARTESIAN_POINT('',(0.590770955315421,0.105694792046805,-9.3853510044114));
#7853=CARTESIAN_POINT('',(0.587431635228041,0.122210600410489,-9.42719466481914));
#7854=CARTESIAN_POINT('',(0.586822658618224,0.125081635567834,-9.4358055580185));
#7855=CARTESIAN_POINT('',(0.586025745804565,0.128745436075322,-9.44908513949426));
#7856=CARTESIAN_POINT('',(0.585779444838138,0.12985956841847,-9.4535722069323));
#7857=CARTESIAN_POINT('',(0.585441731920421,0.131370639422189,-9.46039361850853));
#7858=CARTESIAN_POINT('',(0.585334445212417,0.131847640981399,-9.46268255743714));
#7859=CARTESIAN_POINT('',(0.585130830192342,0.132748351187156,-9.46729070543409));
#7860=CARTESIAN_POINT('',(0.585011249444993,0.133273889991001,-9.47020852012419));
#7861=CARTESIAN_POINT('',(0.584404437114805,0.135931323226816,-9.48583016677211));
#7862=CARTESIAN_POINT('',(0.584060957301917,0.137379418220862,-9.50428940736087));
#7863=CARTESIAN_POINT('',(0.583933721002569,0.137918125988188,-9.52732197953175));
#7864=CARTESIAN_POINT('',(0.600001557000738,1.15942895992805E-6,-9.2928029887613));
#7865=CARTESIAN_POINT('',(0.600002051254319,0.00532868765996367,-9.29522752125101));
#7866=CARTESIAN_POINT('',(0.599929284451153,0.010590627086699,-9.29786155234836));
#7867=CARTESIAN_POINT('',(0.59958649572561,0.0235914743484984,-9.30498002342375));
#7868=CARTESIAN_POINT('',(0.599239702379654,0.0310146743124809,-9.30961682004936));
#7869=CARTESIAN_POINT('',(0.598340956784393,0.0451467647246435,-9.31964760285932));
#7870=CARTESIAN_POINT('',(0.597830261750238,0.0514324988340897,-9.32465692359068));
#7871=CARTESIAN_POINT('',(0.59452890281601,0.0853027814741475,-9.35544315567427));
#7872=CARTESIAN_POINT('',(0.590770955315421,0.105694792046805,-9.3853510044114));
#7873=CARTESIAN_POINT('',(0.587431635228041,0.122210600410489,-9.42719466481914));
#7874=CARTESIAN_POINT('',(0.586822658618224,0.125081635567834,-9.4358055580185));
#7875=CARTESIAN_POINT('',(0.586025745804565,0.128745436075322,-9.44908513949426));
#7876=CARTESIAN_POINT('',(0.585779444838138,0.12985956841847,-9.4535722069323));
#7877=CARTESIAN_POINT('',(0.585441731920421,0.131370639422189,-9.46039361850853));
#7878=CARTESIAN_POINT('',(0.585334445212417,0.131847640981399,-9.46268255743714));
#7879=CARTESIAN_POINT('',(0.585130830192342,0.132748351187156,-9.46729070543409));
#7880=CARTESIAN_POINT('',(0.585011249444993,0.133273889991001,-9.47020852012419));
#7881=CARTESIAN_POINT('',(0.584404437114805,0.135931323226816,-9.48583016677211));
#7882=CARTESIAN_POINT('',(0.584060957301917,0.137379418220862,-9.50428940736087));
#7883=CARTESIAN_POINT('',(0.583933721002569,0.137918125988188,-9.52732197953175));
#7884=CARTESIAN_POINT('',(0.583933721002569,0.137918125988188,-9.52732197953175));
#7885=CARTESIAN_POINT('',(0.63259486441945,0.14941130315387,-9.52732197953175));
#7886=CARTESIAN_POINT('',(0.583933721002569,0.137918125988188,-9.52732197953175));
#7887=CARTESIAN_POINT('',(0.63259486441945,0.14941130315387,-9.52732197953175));
#7888=CARTESIAN_POINT('',(0.632719717051262,0.148882687633984,-9.5484465948274));
#7889=CARTESIAN_POINT('',(0.633119079760622,0.147202916513633,-9.56684464720716));
#7890=CARTESIAN_POINT('',(0.634088532712311,0.142947016861188,-9.59035187933153));
#7891=CARTESIAN_POINT('',(0.634573623953163,0.140795801616106,-9.59954399585193));
#7892=CARTESIAN_POINT('',(0.635709902478511,0.135573086785447,-9.61695832730389));
#7893=CARTESIAN_POINT('',(0.636335404110977,0.132631883452229,-9.62502778590851));
#7894=CARTESIAN_POINT('',(0.638559659598167,0.121644618732346,-9.64996132501311));
#7895=CARTESIAN_POINT('',(0.640267386852925,0.112594007867266,-9.66540808862872));
#7896=CARTESIAN_POINT('',(0.643694447024341,0.0909790972977533,-9.69395042428504));
#7897=CARTESIAN_POINT('',(0.645482734852795,0.0777179151504866,-9.70762405168445));
#7898=CARTESIAN_POINT('',(0.648186103809278,0.0504262843855262,-9.73030789347354));
#7899=CARTESIAN_POINT('',(0.649243376591134,0.0353903844273778,-9.74006982061592));
#7900=CARTESIAN_POINT('',(0.649962442006527,0.0107788830708918,-9.75234272070124));
#7901=CARTESIAN_POINT('',(0.650047505800278,0.00205082886323134,-9.75608675556007));
#7902=CARTESIAN_POINT('',(0.649895794609426,-0.0141923164131803,-9.76215772949881));
#7903=CARTESIAN_POINT('',(0.649664640985271,-0.0226708573691831,-9.76488616408952));
#7904=CARTESIAN_POINT('',(0.648808053329094,-0.0403264609863801,-9.76972892851359));
#7905=CARTESIAN_POINT('',(0.648078620187432,-0.0505251389988772,-9.77203335052852));
#7906=CARTESIAN_POINT('',(0.646707806527855,-0.0657852611975721,-9.77492862001145));
#7907=CARTESIAN_POINT('',(0.645845402334325,-0.0738775466610768,-9.77616323758375));
#7908=CARTESIAN_POINT('',(0.642569175105697,-0.0995065709999555,-9.77922803879309));
#7909=CARTESIAN_POINT('',(0.639471654921917,-0.118399580696062,-9.78041912794701));
#7910=CARTESIAN_POINT('',(0.634975148657777,-0.13894804995765,-9.78075823437544));
#7911=CARTESIAN_POINT('',(0.583933721002569,0.137918125988188,-9.52732197953175));
#7912=CARTESIAN_POINT('',(0.584048969586152,0.137430173199028,-9.54844659489546));
#7913=CARTESIAN_POINT('',(0.584417612086728,0.135879615243354,-9.56684464720716));
#7914=CARTESIAN_POINT('',(0.585312491734441,0.131951092487251,-9.59035187933153));
#7915=CARTESIAN_POINT('',(0.585760268264458,0.129965355337944,-9.59954399585193));
#7916=CARTESIAN_POINT('',(0.586809140749395,0.125144387801951,-9.61695832730389));
#7917=CARTESIAN_POINT('',(0.587386526871671,0.122429430878981,-9.62502778590851));
#7918=CARTESIAN_POINT('',(0.589439685782924,0.11228734036832,-9.64996132501311));
#7919=CARTESIAN_POINT('',(0.5910160494027,0.103932930339015,-9.66540808862872));
#7920=CARTESIAN_POINT('',(0.594179489560931,0.0839807051979262,-9.69395042428504));
#7921=CARTESIAN_POINT('',(0.595830216787195,0.0717396139850646,-9.70762405168445));
#7922=CARTESIAN_POINT('',(0.598325634285487,0.0465473394327934,-9.73030789347354));
#7923=CARTESIAN_POINT('',(0.599301578391816,0.0326680471637333,-9.74006982061592));
#7924=CARTESIAN_POINT('',(0.599965331082948,0.00994973821928474,-9.75234272070124));
#7925=CARTESIAN_POINT('',(0.600043851507949,0.00189307279682893,-9.75608675556007));
#7926=CARTESIAN_POINT('',(0.599903810408701,-0.0131005997660126,-9.76215772949881));
#7927=CARTESIAN_POINT('',(0.599690437832558,-0.0209269452638614,-9.76488616408952));
#7928=CARTESIAN_POINT('',(0.598899741534549,-0.0372244255258893,-9.76972892851359));
#7929=CARTESIAN_POINT('',(0.598226418634553,-0.0466385898451174,-9.77203335052852));
#7930=CARTESIAN_POINT('',(0.596961052179558,-0.0607248564900666,-9.77492862001145));
#7931=CARTESIAN_POINT('',(0.596164986770147,-0.0681946584563786,-9.77616323758375));
#7932=CARTESIAN_POINT('',(0.593140777020643,-0.0918522193845743,-9.77922803879309));
#7933=CARTESIAN_POINT('',(0.590281527596504,-0.109291920750948,-9.78041912794895));
#7934=CARTESIAN_POINT('',(0.586130906453333,-0.128259738422446,-9.78075823437544));
#7935=CARTESIAN_POINT('',(0.583933721002569,0.137918125988188,-9.52732197953175));
#7936=CARTESIAN_POINT('',(0.584048969586152,0.137430173199028,-9.54844659489546));
#7937=CARTESIAN_POINT('',(0.584417612086728,0.135879615243354,-9.56684464720716));
#7938=CARTESIAN_POINT('',(0.585312491734441,0.131951092487251,-9.59035187933153));
#7939=CARTESIAN_POINT('',(0.585760268264458,0.129965355337944,-9.59954399585193));
#7940=CARTESIAN_POINT('',(0.586809140749395,0.125144387801951,-9.61695832730389));
#7941=CARTESIAN_POINT('',(0.587386526871671,0.122429430878981,-9.62502778590851));
#7942=CARTESIAN_POINT('',(0.589439685782924,0.11228734036832,-9.64996132501311));
#7943=CARTESIAN_POINT('',(0.5910160494027,0.103932930339015,-9.66540808862872));
#7944=CARTESIAN_POINT('',(0.594179489560931,0.0839807051979262,-9.69395042428504));
#7945=CARTESIAN_POINT('',(0.595830216787195,0.0717396139850646,-9.70762405168445));
#7946=CARTESIAN_POINT('',(0.598325634285487,0.0465473394327934,-9.73030789347354));
#7947=CARTESIAN_POINT('',(0.599301578391816,0.0326680471637333,-9.74006982061592));
#7948=CARTESIAN_POINT('',(0.599911070343097,0.011806924288668,-9.75133943039802));
#7949=CARTESIAN_POINT('',(0.599996753419473,0.00581568721933727,-9.75422947544711));
#7950=CARTESIAN_POINT('',(0.599999315595625,-1.71858075522708E-6,-9.75676810303808));
#7951=CARTESIAN_POINT('',(0.634975148657777,-0.13894804995765,-9.78075823437544));
#7952=CARTESIAN_POINT('',(0.586130906453333,-0.128259738422446,-9.78075823437544));
#7953=CARTESIAN_POINT('',(0.634975148657777,-0.13894804995765,-9.78075823437544));
#7954=CARTESIAN_POINT('',(0.63317147769852,-0.147190599859094,-9.78060388828975));
#7955=CARTESIAN_POINT('',(0.631207293361728,-0.155398023361846,-9.78044954223669));
#7956=CARTESIAN_POINT('',(0.629084083854867,-0.163564101930965,-9.780295196151));
#7957=CARTESIAN_POINT('',(0.586130906453333,-0.128259738422446,-9.78075823437544));
#7958=CARTESIAN_POINT('',(0.584465979414025,-0.135868246023747,-9.78060388828975));
#7959=CARTESIAN_POINT('',(0.582652886180048,-0.14344432925712,-9.78044954223669));
#7960=CARTESIAN_POINT('',(0.580693000481415,-0.150982247936276,-9.780295196151));
#7961=CARTESIAN_POINT('',(0.629084083854867,-0.163564101930965,-9.780295196151));
#7962=CARTESIAN_POINT('',(0.612953722730383,-0.159370150599402,-9.780295196151));
#7963=CARTESIAN_POINT('',(0.596823361605899,-0.155176199267839,-9.780295196151));
#7964=CARTESIAN_POINT('',(0.580693000481415,-0.150982247936276,-9.780295196151));
#7965=CARTESIAN_POINT('',(0.629084083854867,-0.163564101930965,-9.57308559071394));
#7966=CARTESIAN_POINT('',(0.629084083854867,-0.163564101930965,-9.36587598527688));
#7967=CARTESIAN_POINT('',(0.580693000481415,-0.150982247936276,-9.36587598527688));
#7968=CARTESIAN_POINT('',(0.629084083854867,-0.163564101930965,-9.36587598527688));
#7969=CARTESIAN_POINT('',(0.625660729568004,-0.176730668860001,-9.3669948137772));
#7970=CARTESIAN_POINT('',(0.622133006293525,-0.188614757146145,-9.36857844317581));
#7971=CARTESIAN_POINT('',(0.616991934583918,-0.20457811146766,-9.3716513503412));
#7972=CARTESIAN_POINT('',(0.615302675107955,-0.209588795311108,-9.37279188203424));
#7973=CARTESIAN_POINT('',(0.612837716398515,-0.216647512420972,-9.37467702353067));
#7974=CARTESIAN_POINT('',(0.612027509372446,-0.218924204043149,-9.37533446135562));
#7975=CARTESIAN_POINT('',(0.610434862276909,-0.223326573120031,-9.37670745165782));
#7976=CARTESIAN_POINT('',(0.609898373722101,-0.22479398963168,-9.37718400956128));
#7977=CARTESIAN_POINT('',(0.604837189391895,-0.238339671525277,-9.38210203144711));
#7978=CARTESIAN_POINT('',(0.600807815682206,-0.248246447023687,-9.38688695299609));
#7979=CARTESIAN_POINT('',(0.59303874685087,-0.26627312026988,-9.39815780417467));
#7980=CARTESIAN_POINT('',(0.589543981263992,-0.273883760367421,-9.40412916126497));
#7981=CARTESIAN_POINT('',(0.582067720716768,-0.289433219477627,-9.41983117368341));
#7982=CARTESIAN_POINT('',(0.578629463955029,-0.296193711082173,-9.42836935755626));
#7983=CARTESIAN_POINT('',(0.57407184310038,-0.30488065159946,-9.44220739986098));
#7984=CARTESIAN_POINT('',(0.572652121691139,-0.30753390159489,-9.44699187504512));
#7985=CARTESIAN_POINT('',(0.570031100249926,-0.312365327549965,-9.45690441424523));
#7986=CARTESIAN_POINT('',(0.568681864458897,-0.314808885089278,-9.46275564708695));
#7987=CARTESIAN_POINT('',(0.564000798984885,-0.323206207047511,-9.48563909511748));
#7988=CARTESIAN_POINT('',(0.561862266438104,-0.3268199679452,-9.50789939389228));
#7989=CARTESIAN_POINT('',(0.561506820782839,-0.327429519460828,-9.53411320682354));
#7990=CARTESIAN_POINT('',(0.580693000481415,-0.150982247936276,-9.36587598527688));
#7991=CARTESIAN_POINT('',(0.577532981331063,-0.163136001288599,-9.36699481370944));
#7992=CARTESIAN_POINT('',(0.574276621194023,-0.174105929673364,-9.36857844317581));
#7993=CARTESIAN_POINT('',(0.569531016539001,-0.188841333662456,-9.3716513503412));
#7994=CARTESIAN_POINT('',(0.567971700099651,-0.193466580287176,-9.37279188203424));
#7995=CARTESIAN_POINT('',(0.565696353598629,-0.199982319157821,-9.37467702353067));
#7996=CARTESIAN_POINT('',(0.56494847018995,-0.202083880655214,-9.37533446135562));
#7997=CARTESIAN_POINT('',(0.563478334409454,-0.206147605956952,-9.37670745165782));
#7998=CARTESIAN_POINT('',(0.562983114205016,-0.207502144275397,-9.37718400956128));
#7999=CARTESIAN_POINT('',(0.558311251746364,-0.220005850638717,-9.38210203144711));
#8000=CARTESIAN_POINT('',(0.554591829860498,-0.229150566483404,-9.38688695299609));
#8001=CARTESIAN_POINT('',(0.547420381708495,-0.245790572556812,-9.39815780417467));
#8002=CARTESIAN_POINT('',(0.544194444243685,-0.252815778800697,-9.40412916126497));
#8003=CARTESIAN_POINT('',(0.537293280661632,-0.267169125671656,-9.41983117368341));
#8004=CARTESIAN_POINT('',(0.534119505189257,-0.273409579460467,-9.42836935755626));
#8005=CARTESIAN_POINT('',(0.529912470554197,-0.281428293784117,-9.44220739986098));
#8006=CARTESIAN_POINT('',(0.528601958484128,-0.283877447626052,-9.44699187504512));
#8007=CARTESIAN_POINT('',(0.526182554076855,-0.288337225430737,-9.45690441424523));
#8008=CARTESIAN_POINT('',(0.524937105654367,-0.290592817005487,-9.46275564708695));
#8009=CARTESIAN_POINT('',(0.520616122139894,-0.298344191120779,-9.48563909511748));
#8010=CARTESIAN_POINT('',(0.518642092112867,-0.301679970383247,-9.50789939260146));
#8011=CARTESIAN_POINT('',(0.518313988414928,-0.302242633348457,-9.53411320682354));
#8012=CARTESIAN_POINT('',(0.561506820782839,-0.327429519460828,-9.53411320682354));
#8013=CARTESIAN_POINT('',(0.518313988414928,-0.302242633348457,-9.53411320682354));
#8014=CARTESIAN_POINT('',(0.561506820782839,-0.327429519460828,-9.53411320682354));
#8015=CARTESIAN_POINT('',(0.561668989343459,-0.327151417617553,-9.54372934937519));
#8016=CARTESIAN_POINT('',(0.561943791156055,-0.326679916397755,-9.55232159471406));
#8017=CARTESIAN_POINT('',(0.562522749460737,-0.325681292659334,-9.56367411685628));
#8018=CARTESIAN_POINT('',(0.562743509378756,-0.32529984527783,-9.56720231659528));
#8019=CARTESIAN_POINT('',(0.563115865960912,-0.324654559762399,-9.57211065474117));
#8020=CARTESIAN_POINT('',(0.563246853089888,-0.324427278189224,-9.57368277387936));
#8021=CARTESIAN_POINT('',(0.56352247565001,-0.323948291840247,-9.57669902500155));
#8022=CARTESIAN_POINT('',(0.563605846261906,-0.323803385931457,-9.57758471607038));
#8023=CARTESIAN_POINT('',(0.565519925973185,-0.320466698627033,-9.59503192996881));
#8024=CARTESIAN_POINT('',(0.568174238649554,-0.315804927483065,-9.60917356840639));
#8025=CARTESIAN_POINT('',(0.57345407157946,-0.306045923369084,-9.62856837436866));
#8026=CARTESIAN_POINT('',(0.57547289893466,-0.302249819151888,-9.63469128431761));
#8027=CARTESIAN_POINT('',(0.57884144113115,-0.295717075387296,-9.64336261118332));
#8028=CARTESIAN_POINT('',(0.580020857936146,-0.293399674627592,-9.64616754712894));
#8029=CARTESIAN_POINT('',(0.582483019490631,-0.288480669573609,-9.65160640633427));
#8030=CARTESIAN_POINT('',(0.584098837469937,-0.285190768508361,-9.65487906614247));
#8031=CARTESIAN_POINT('',(0.589077897338193,-0.274901533072392,-9.66442746798389));
#8032=CARTESIAN_POINT('',(0.594555433802412,-0.263213640096292,-9.67246245584577));
#8033=CARTESIAN_POINT('',(0.60090735085957,-0.247811129053829,-9.68089632397114));
#8034=CARTESIAN_POINT('',(0.518313988414928,-0.302242633348457,-9.53411320682354));
#8035=CARTESIAN_POINT('',(0.518463682470909,-0.301985923954623,-9.54372934937673));
#8036=CARTESIAN_POINT('',(0.518717345682513,-0.301550692059466,-9.55232159471406));
#8037=CARTESIAN_POINT('',(0.519251768732988,-0.300628885531693,-9.56367411685628));
#8038=CARTESIAN_POINT('',(0.519455547118852,-0.300276780256458,-9.56720231659528));
#8039=CARTESIAN_POINT('',(0.519799260886995,-0.299681132088368,-9.57211065474117));
#8040=CARTESIAN_POINT('',(0.519920172082973,-0.29947133371313,-9.57368277387936));
#8041=CARTESIAN_POINT('',(0.520174592907701,-0.29902919246792,-9.57669902500155));
#8042=CARTESIAN_POINT('',(0.520251550395605,-0.298895433167499,-9.57758471607038));
#8043=CARTESIAN_POINT('',(0.522018393206017,-0.295815414117261,-9.59503192996881));
#8044=CARTESIAN_POINT('',(0.524468527984204,-0.291512240753599,-9.60917356840639));
#8045=CARTESIAN_POINT('',(0.529342219919502,-0.28250392926377,-9.62856837436866));
#8046=CARTESIAN_POINT('',(0.531205752862763,-0.278999833063282,-9.63469128431761));
#8047=CARTESIAN_POINT('',(0.534315176428754,-0.272969608049812,-9.64336261118332));
#8048=CARTESIAN_POINT('',(0.535403868864135,-0.270830468887008,-9.64616754712894));
#8049=CARTESIAN_POINT('',(0.537676633375967,-0.266289848837177,-9.65160640633427));
#8050=CARTESIAN_POINT('',(0.539168157664557,-0.263253017084641,-9.65487906614247));
#8051=CARTESIAN_POINT('',(0.543764212927563,-0.253755261297593,-9.66442746798389));
#8052=CARTESIAN_POINT('',(0.548820421150012,-0.242966386776093,-9.67246248564543));
#8053=CARTESIAN_POINT('',(0.554683708485757,-0.228748734511227,-9.68089632397114));
#8054=CARTESIAN_POINT('',(0.60090735085957,-0.247811129053829,-9.68089632397114));
#8055=CARTESIAN_POINT('',(0.554683708485757,-0.228748734511227,-9.68089632397114));
#8056=CARTESIAN_POINT('',(0.,0.,0.));
#8057=CARTESIAN_POINT('',(0.600002226964097,7.12991177005908E-8,-9.65760548896704));
#8058=CARTESIAN_POINT('',(0.600010055189568,0.00436876858014881,-9.65441914496722));
#8059=CARTESIAN_POINT('',(0.599964691202656,0.0083196956189044,-9.6509215762986));
#8060=CARTESIAN_POINT('',(0.599848108206345,0.0134998918984289,-9.64570541891367));
#8061=CARTESIAN_POINT('',(0.599848108206345,0.0134998918984289,-9.64570541891367));
#8062=CARTESIAN_POINT('',(0.597285244896808,0.0570117200982399,-9.52685894130731));
#8063=CARTESIAN_POINT('',(0.597308318234689,0.0567699914809798,-9.51552022384131));
#8064=CARTESIAN_POINT('',(0.597382426289901,0.0559994697965935,-9.50501801671819));
#8065=CARTESIAN_POINT('',(0.597560927304495,0.0540496449883709,-9.49051947173063));
#8066=CARTESIAN_POINT('',(0.597631519055865,0.0532673509148851,-9.48589575100747));
#8067=CARTESIAN_POINT('',(0.597791767198403,0.0514377907021705,-9.47706656477322));
#8068=CARTESIAN_POINT('',(0.597862310257285,0.0506227785441499,-9.47364773846739));
#8069=CARTESIAN_POINT('',(0.598210953926409,0.0463862645326254,-9.45929880713642));
#8070=CARTESIAN_POINT('',(0.598483853840064,0.0428412004812524,-9.4502263750714));
#8071=CARTESIAN_POINT('',(0.599033764054699,0.0343051204398004,-9.43306855525265));
#8072=CARTESIAN_POINT('',(0.59929246819901,0.0297791283214723,-9.42560100841362));
#8073=CARTESIAN_POINT('',(0.59977902119642,0.0174179406449809,-9.40918159538796));
#8074=CARTESIAN_POINT('',(0.599937026689962,0.0109758098171002,-9.40215389746418));
#8075=CARTESIAN_POINT('',(0.599994573630341,0.00289907320518994,-9.39510796863996));
#8076=CARTESIAN_POINT('',(0.599999508732745,0.00147097602803507,-9.39392373532426));
#8077=CARTESIAN_POINT('',(0.599999506809046,2.07993849485953E-7,-9.39276203882801));
#8078=CARTESIAN_POINT('',(0.597285244896808,0.0570117200982399,-9.52685894130731));
#8079=CARTESIAN_POINT('',(0.599848108206345,0.0134998918984289,-9.64570541891367));
#8080=CARTESIAN_POINT('',(0.599673051165763,0.0212782974894915,-9.63707025141714));
#8081=CARTESIAN_POINT('',(0.599374709966517,0.0279449645394568,-9.62822396031407));
#8082=CARTESIAN_POINT('',(0.598753322392681,0.0390566628667211,-9.6101084923447));
#8083=CARTESIAN_POINT('',(0.598410350323617,0.0437564008629997,-9.60011683710174));
#8084=CARTESIAN_POINT('',(0.597685835479891,0.0530086976861043,-9.57384337081321));
#8085=CARTESIAN_POINT('',(0.597344095619682,0.056395168477559,-9.55234334141755));
#8086=CARTESIAN_POINT('',(0.597285244896808,0.0570117200982399,-9.52685894130731));
#8087=CARTESIAN_POINT('',(0.60090735085957,-0.247811129053829,-9.68089632397114));
#8088=CARTESIAN_POINT('',(0.599652009729226,-0.250855155833177,-9.71315465360769));
#8089=CARTESIAN_POINT('',(0.598373537886102,-0.253889643621114,-9.74541298324262));
#8090=CARTESIAN_POINT('',(0.597072082958686,-0.256914242017402,-9.77767131287917));
#8091=CARTESIAN_POINT('',(0.554683708485757,-0.228748734511227,-9.68089632397114));
#8092=CARTESIAN_POINT('',(0.55352493205775,-0.231558605384464,-9.7131546536076));
#8093=CARTESIAN_POINT('',(0.552344804202553,-0.234359671034882,-9.74541298324271));
#8094=CARTESIAN_POINT('',(0.551143461192633,-0.237151608016063,-9.77767131287917));
#8095=CARTESIAN_POINT('',(0.645510732424923,-0.0762620110162313,-9.68197674649483));
#8096=CARTESIAN_POINT('',(0.646700459219254,-0.0661917099035211,-9.68068885994815));
#8097=CARTESIAN_POINT('',(0.647538254514933,-0.057097827401168,-9.67917245418573));
#8098=CARTESIAN_POINT('',(0.648456564436608,-0.0449507761625528,-9.67655488679191));
#8099=CARTESIAN_POINT('',(0.648705845239467,-0.0411505824035674,-9.67562521453152));
#8100=CARTESIAN_POINT('',(0.64911723740559,-0.0340507882866046,-9.6736515704192));
#8101=CARTESIAN_POINT('',(0.649239588441649,-0.031683270457377,-9.67294428681205));
#8102=CARTESIAN_POINT('',(0.649748988510002,-0.0197419157443567,-9.66863085713451));
#8103=CARTESIAN_POINT('',(0.649923646259743,-0.0122203005889605,-9.66508079229037));
#8104=CARTESIAN_POINT('',(0.650035649364243,0.00193294326116379,-9.65663177248383));
#8105=CARTESIAN_POINT('',(0.650005413961967,0.00707280560101711,-9.6527249611377));
#8106=CARTESIAN_POINT('',(0.649835450556874,0.0146248828899647,-9.64570541891367));
#8107=CARTESIAN_POINT('',(0.595856060699929,-0.0703957024765212,-9.68197674649483));
#8108=CARTESIAN_POINT('',(0.596954269954835,-0.0611000407041162,-9.68068886005804));
#8109=CARTESIAN_POINT('',(0.597727619552246,-0.0527056868318474,-9.67917245418573));
#8110=CARTESIAN_POINT('',(0.598575290249177,-0.0414930241500488,-9.67655488679191));
#8111=CARTESIAN_POINT('',(0.598805395605662,-0.0379851529879084,-9.67562521453152));
#8112=CARTESIAN_POINT('',(0.599185142220545,-0.0314314968799427,-9.6736515704192));
#8113=CARTESIAN_POINT('',(0.599298081638445,-0.0292460958068095,-9.67294428681205));
#8114=CARTESIAN_POINT('',(0.599768297086155,-0.0182233068409446,-9.66863085713451));
#8115=CARTESIAN_POINT('',(0.599929519624378,-0.0112802774667328,-9.66508079229037));
#8116=CARTESIAN_POINT('',(0.600032907105455,0.00178425531799734,-9.65663177248383));
#8117=CARTESIAN_POINT('',(0.600004989818409,0.00652908510108895,-9.65272461729782));
#8118=CARTESIAN_POINT('',(0.599848108206345,0.0134998918984289,-9.64570541891367));
#8119=CARTESIAN_POINT('',(0.595856060699929,-0.0703957024765212,-9.68197674649483));
#8120=CARTESIAN_POINT('',(0.612407617941593,-0.0723511386564246,-9.68197674649483));
#8121=CARTESIAN_POINT('',(0.628959175183258,-0.0743065748363279,-9.68197674649483));
#8122=CARTESIAN_POINT('',(0.645510732424923,-0.0762620110162313,-9.68197674649483));
#8123=CARTESIAN_POINT('',(0.599848108206345,0.0134998918984289,-9.64570541891367));
#8124=CARTESIAN_POINT('',(0.649835450556874,0.0146248828899647,-9.64570541891367));
#8125=CARTESIAN_POINT('',(0.649835450555296,0.0146248829604779,-9.64570541884813));
#8126=CARTESIAN_POINT('',(0.650002413215115,1.16184868624328E-7,-9.65760547672101));
#8127=CARTESIAN_POINT('',(0.649999999216111,0.00438578616689096,-9.65465703136401));
#8128=CARTESIAN_POINT('',(0.649956162029739,0.00926124374516265,-9.65069034696361));
#8129=CARTESIAN_POINT('',(0.649835450556874,0.0146248828899647,-9.64570541891367));
#8130=CARTESIAN_POINT('',(0.649835450556874,0.0146248828899647,-9.64570541891367));
#8131=CARTESIAN_POINT('',(0.649645805221777,0.023051498180192,-9.63707024195537));
#8132=CARTESIAN_POINT('',(0.649322602463727,0.0302737115844115,-9.62822396031407));
#8133=CARTESIAN_POINT('',(0.648649432592071,0.0423113847722812,-9.6101084923447));
#8134=CARTESIAN_POINT('',(0.648277879517252,0.0474027676015831,-9.60011683710174));
#8135=CARTESIAN_POINT('',(0.647492988436548,0.0574260891599464,-9.57384337081321));
#8136=CARTESIAN_POINT('',(0.64712277025256,0.0610947658726495,-9.55234334057966));
#8137=CARTESIAN_POINT('',(0.647059015304875,0.0617626967730933,-9.52685894130731));
#8138=CARTESIAN_POINT('',(0.599848108206345,0.0134998918984289,-9.64570541891367));
#8139=CARTESIAN_POINT('',(0.599673051165763,0.0212782974894915,-9.63707025141714));
#8140=CARTESIAN_POINT('',(0.599374709966517,0.0279449645394568,-9.62822396031407));
#8141=CARTESIAN_POINT('',(0.598753322392681,0.0390566628667211,-9.6101084923447));
#8142=CARTESIAN_POINT('',(0.598410350323617,0.0437564008629997,-9.60011683710174));
#8143=CARTESIAN_POINT('',(0.597685835479891,0.0530086976861043,-9.57384337081321));
#8144=CARTESIAN_POINT('',(0.597344095619682,0.056395168477559,-9.55234334141755));
#8145=CARTESIAN_POINT('',(0.597285244896808,0.0570117200982399,-9.52685894130731));
#8146=CARTESIAN_POINT('',(0.597285244896808,0.0570117200982399,-9.52685894130731));
#8147=CARTESIAN_POINT('',(0.647059015304875,0.0617626967730933,-9.52685894130731));
#8148=CARTESIAN_POINT('',(0.647059015304876,0.0617626967730934,-9.52685894130731));
#8149=CARTESIAN_POINT('',(0.649835450556874,0.0146248828899647,-9.64570541891367));
#8150=CARTESIAN_POINT('',(0.649456095929633,0.031480955309037,-9.62842984559131));
#8151=CARTESIAN_POINT('',(0.648539305718057,0.0440642675996498,-9.60887019777451));
#8152=CARTESIAN_POINT('',(0.647493192595978,0.0574234819757586,-9.57384783223663));
#8153=CARTESIAN_POINT('',(0.647123018758542,0.0610921623911898,-9.55234780767054));
#8154=CARTESIAN_POINT('',(0.647059015304875,0.0617626967730933,-9.52685894130731));
#8155=CARTESIAN_POINT('',(0.647059015304875,0.0617626967730933,-9.52685894130731));
#8156=CARTESIAN_POINT('',(0.647084011420898,0.0615008241045575,-9.51552022384836));
#8157=CARTESIAN_POINT('',(0.647164295147393,0.060666092279643,-9.50501801671819));
#8158=CARTESIAN_POINT('',(0.647357671246537,0.0585537820707351,-9.49051947173063));
#8159=CARTESIAN_POINT('',(0.647434145643853,0.0577062968244588,-9.48589575100747));
#8160=CARTESIAN_POINT('',(0.64760774779827,0.0557242732606847,-9.47706656477322));
#8161=CARTESIAN_POINT('',(0.647684169445393,0.054841343422829,-9.47364773846739));
#8162=CARTESIAN_POINT('',(0.648061866753609,0.0502517865770109,-9.45929880713642));
#8163=CARTESIAN_POINT('',(0.648357508326736,0.0464113005213567,-9.4502263750714));
#8164=CARTESIAN_POINT('',(0.64895324439259,0.0371638804764505,-9.43306855525265));
#8165=CARTESIAN_POINT('',(0.649233507215594,0.0322607223482617,-9.42560100841362));
#8166=CARTESIAN_POINT('',(0.649760606296122,0.0188694356987293,-9.40918159538796));
#8167=CARTESIAN_POINT('',(0.649931778914126,0.0118904606351919,-9.40215389746418));
#8168=CARTESIAN_POINT('',(0.650035224465738,-0.00262816483030474,-9.39046251879471));
#8169=CARTESIAN_POINT('',(0.649961856584961,-0.0112305690453559,-9.38499651422154));
#8170=CARTESIAN_POINT('',(0.64915528105607,-0.0374644346390533,-9.37200064407282));
#8171=CARTESIAN_POINT('',(0.648193244258824,-0.0535562082768871,-9.36823356696834));
#8172=CARTESIAN_POINT('',(0.645510732424923,-0.0762620110162311,-9.36587598527688));
#8173=CARTESIAN_POINT('',(0.597285244896808,0.0570117200982399,-9.52685894130731));
#8174=CARTESIAN_POINT('',(0.597308318234689,0.0567699914809798,-9.51552022384131));
#8175=CARTESIAN_POINT('',(0.597382426289901,0.0559994697965935,-9.50501801671819));
#8176=CARTESIAN_POINT('',(0.597560927304495,0.0540496449883709,-9.49051947173063));
#8177=CARTESIAN_POINT('',(0.597631519055865,0.0532673509148851,-9.48589575100747));
#8178=CARTESIAN_POINT('',(0.597791767198403,0.0514377907021705,-9.47706656477322));
#8179=CARTESIAN_POINT('',(0.597862310257285,0.0506227785441499,-9.47364773846739));
#8180=CARTESIAN_POINT('',(0.598210953926409,0.0463862645326254,-9.45929880713642));
#8181=CARTESIAN_POINT('',(0.598483853840064,0.0428412004812524,-9.4502263750714));
#8182=CARTESIAN_POINT('',(0.599033764054699,0.0343051204398004,-9.43306855525265));
#8183=CARTESIAN_POINT('',(0.59929246819901,0.0297791283214723,-9.42560100841362));
#8184=CARTESIAN_POINT('',(0.59977902119642,0.0174179406449809,-9.40918159538796));
#8185=CARTESIAN_POINT('',(0.599937026689962,0.0109758098171002,-9.40215389746418));
#8186=CARTESIAN_POINT('',(0.60003251489145,-0.00242599830489668,-9.39046251879471));
#8187=CARTESIAN_POINT('',(0.59996479069381,-0.0103666791187901,-9.38499651422154));
#8188=CARTESIAN_POINT('',(0.599220259436373,-0.0345825550514338,-9.37200064407282));
#8189=CARTESIAN_POINT('',(0.598332466731733,-0.0494344578139392,-9.3682337966764));
#8190=CARTESIAN_POINT('',(0.595856060699929,-0.0703957024765211,-9.36587598527688));
#8191=CARTESIAN_POINT('',(0.595856060699929,-0.0703957024765212,-9.36587598527688));
#8192=CARTESIAN_POINT('',(0.645510732424923,-0.0762620110162313,-9.36587598527688));
#8193=CARTESIAN_POINT('',(0.647059015304875,0.0617626967730933,-9.52685894130731));
#8194=CARTESIAN_POINT('',(0.647124297369252,0.0610787669821456,-9.49724574530379));
#8195=CARTESIAN_POINT('',(0.647556040426065,0.0572753926987164,-9.47522464044139));
#8196=CARTESIAN_POINT('',(0.649063032593739,0.0364208157692053,-9.42863434392161));
#8197=CARTESIAN_POINT('',(0.649999999538166,0.0193641953282501,-9.40687555763211));
#8198=CARTESIAN_POINT('',(0.649999465404504,-7.82299926090011E-7,-9.39275962606344));
#8199=CARTESIAN_POINT('',(0.645510732424923,-0.0762620110162313,-9.52392636588586));
#8200=CARTESIAN_POINT('',(0.,0.,0.));
#8201=CARTESIAN_POINT('',(0.558882594536379,0.331888905394992,-9.93880861498442));
#8202=CARTESIAN_POINT('',(0.558882594536379,0.331888905394992,-9.88941787104411));
#8203=CARTESIAN_POINT('',(0.515891625725888,0.306358989595377,-9.88941787104411));
#8204=CARTESIAN_POINT('',(0.515891625725888,0.306358989595377,-9.88941787104411));
#8205=CARTESIAN_POINT('',(0.515891625725888,0.306358989595377,-9.98819935892472));
#8206=CARTESIAN_POINT('',(0.558882594536379,0.331888905394992,-9.98819935892472));
#8207=CARTESIAN_POINT('',(0.,0.,-9.98819935892472));
#8208=CARTESIAN_POINT('',(0.,0.,-9.98819935892472));
#8209=CARTESIAN_POINT('',(0.556324572043853,0.224728659810499,-9.98819935892472));
#8210=CARTESIAN_POINT('',(0.602684953047508,0.243456048128041,-9.98819935892472));
#8211=CARTESIAN_POINT('',(0.602684953047508,0.243456048128041,-9.93880861498442));
#8212=CARTESIAN_POINT('',(0.556324572043854,0.224728659810499,-9.98819935892472));
#8213=CARTESIAN_POINT('',(0.556324572043853,0.224728659810499,-9.88941787104411));
#8214=CARTESIAN_POINT('',(0.602684953047508,0.243456048128041,-9.88941787104411));
#8215=CARTESIAN_POINT('',(0.,0.,0.));
#8216=CARTESIAN_POINT('',(0.,0.,-9.88941787104411));
#8217=CARTESIAN_POINT('',(0.,0.,-9.88941787104411));
#8218=CARTESIAN_POINT('',(0.634792354730345,0.139780779708457,-9.93880861498442));
#8219=CARTESIAN_POINT('',(0.634792354730345,0.139780779708457,-9.88941787104411));
#8220=CARTESIAN_POINT('',(0.585962173597241,0.129028412038576,-9.88941787104411));
#8221=CARTESIAN_POINT('',(0.585962173597241,0.129028412038576,-9.88941787104411));
#8222=CARTESIAN_POINT('',(0.585962173597241,0.129028412038576,-9.98819935892472));
#8223=CARTESIAN_POINT('',(0.634792354730345,0.139780779708457,-9.98819935892472));
#8224=CARTESIAN_POINT('',(0.,0.,-9.98819935892472));
#8225=CARTESIAN_POINT('',(0.,0.,-9.98819935892472));
#8226=CARTESIAN_POINT('',(0.517652133450946,-0.393111013243948,-9.98819935892472));
#8227=CARTESIAN_POINT('',(0.517652133450947,-0.393111013243948,-9.93880861498442));
#8228=CARTESIAN_POINT('',(0.517652133450947,-0.393111013243948,-9.88941787104411));
#8229=CARTESIAN_POINT('',(0.,0.,0.));
#8230=CARTESIAN_POINT('',(0.,0.,-9.88941787104411));
#8231=CARTESIAN_POINT('',(0.,0.,-9.88941787104411));
#8232=CARTESIAN_POINT('',(0.634792354730345,0.139780779708457,-10.1758841858979));
#8233=CARTESIAN_POINT('',(0.634792354730345,0.139780779708457,-10.1264934419576));
#8234=CARTESIAN_POINT('',(0.585962173597241,0.129028412038576,-10.1264934419576));
#8235=CARTESIAN_POINT('',(0.585962173597241,0.129028412038576,-10.1264934419576));
#8236=CARTESIAN_POINT('',(0.585962173597241,0.129028412038576,-10.2252749298382));
#8237=CARTESIAN_POINT('',(0.634792354730345,0.139780779708457,-10.2252749298382));
#8238=CARTESIAN_POINT('',(0.,0.,-10.2252749298382));
#8239=CARTESIAN_POINT('',(0.,0.,-10.2252749298382));
#8240=CARTESIAN_POINT('',(0.597244480109807,0.0574371915953932,-10.2252749298382));
#8241=CARTESIAN_POINT('',(0.647014853452291,0.0622236242283426,-10.2252749298382));
#8242=CARTESIAN_POINT('',(0.597244480109807,0.0574371915953932,-10.2252749298382));
#8243=CARTESIAN_POINT('',(0.647014853452291,0.0622236242283426,-10.2252749298382));
#8244=CARTESIAN_POINT('',(0.646206704756985,0.0706269311097047,-10.2314022472997));
#8245=CARTESIAN_POINT('',(0.645335570617883,0.0779925069821656,-10.2371815777802));
#8246=CARTESIAN_POINT('',(0.644092086381932,0.0874962383345028,-10.2453290455696));
#8247=CARTESIAN_POINT('',(0.643687667577035,0.0904067425969736,-10.247957921703));
#8248=CARTESIAN_POINT('',(0.642919733025714,0.0957152515741536,-10.2530417810438));
#8249=CARTESIAN_POINT('',(0.642671718788693,0.097373378537889,-10.254679145652));
#8250=CARTESIAN_POINT('',(0.640421584143949,0.111787307963346,-10.2706074223697));
#8251=CARTESIAN_POINT('',(0.638603290667638,0.121401859360748,-10.2847892038636));
#8252=CARTESIAN_POINT('',(0.636452985541727,0.132063396790963,-10.3063125159998));
#8253=CARTESIAN_POINT('',(0.635794528965156,0.13517699843027,-10.3138602040868));
#8254=CARTESIAN_POINT('',(0.634923078342301,0.139192530618551,-10.3257416122797));
#8255=CARTESIAN_POINT('',(0.634651882194304,0.140421888171641,-10.3297953943544));
#8256=CARTESIAN_POINT('',(0.634276854197749,0.142102786009361,-10.3360160364821));
#8257=CARTESIAN_POINT('',(0.634157133976296,0.142635894755022,-10.3381129120272));
#8258=CARTESIAN_POINT('',(0.633928681310344,0.143647819536965,-10.3423533194561));
#8259=CARTESIAN_POINT('',(0.63379274646384,0.144245869347949,-10.3450688173845));
#8260=CARTESIAN_POINT('',(0.63311007572604,0.147238156868468,-10.3594228634589));
#8261=CARTESIAN_POINT('',(0.632728074277969,0.148847303840497,-10.3761194330613));
#8262=CARTESIAN_POINT('',(0.63259486441945,0.14941130315387,-10.3967534189559));
#8263=CARTESIAN_POINT('',(0.597244480109807,0.0574371915953932,-10.2252749298382));
#8264=CARTESIAN_POINT('',(0.596498497390708,0.0651940830600378,-10.2314022416161));
#8265=CARTESIAN_POINT('',(0.595694372878046,0.0719930833681529,-10.2371815777802));
#8266=CARTESIAN_POINT('',(0.594546541275629,0.080765758462618,-10.2453290455696));
#8267=CARTESIAN_POINT('',(0.594173231609571,0.0834523777818218,-10.247957921703));
#8268=CARTESIAN_POINT('',(0.593464368946813,0.0883525399146033,-10.2530417810438));
#8269=CARTESIAN_POINT('',(0.593235432728024,0.0898831186503591,-10.254679145652));
#8270=CARTESIAN_POINT('',(0.591158385363645,0.103188284273858,-10.2706074223697));
#8271=CARTESIAN_POINT('',(0.589479960616281,0.112063254794536,-10.2847892038636));
#8272=CARTESIAN_POINT('',(0.587495063576979,0.121904673960889,-10.3063125159998));
#8273=CARTESIAN_POINT('',(0.586887257506298,0.124778767781788,-10.3138602040868));
#8274=CARTESIAN_POINT('',(0.58608284154674,0.128485412878662,-10.3257416122797));
#8275=CARTESIAN_POINT('',(0.585832506640896,0.129620204466131,-10.3297953943544));
#8276=CARTESIAN_POINT('',(0.585486326951769,0.13117180247018,-10.3360160364821));
#8277=CARTESIAN_POINT('',(0.58537581597812,0.131663902850789,-10.3381129120272));
#8278=CARTESIAN_POINT('',(0.585164936594164,0.13259798726489,-10.3423533194561));
#8279=CARTESIAN_POINT('',(0.585039458274314,0.133150033244261,-10.3450688173845));
#8280=CARTESIAN_POINT('',(0.58440930067019,0.135912144801663,-10.3594228634589));
#8281=CARTESIAN_POINT('',(0.584056683949259,0.137397511235835,-10.376119433));
#8282=CARTESIAN_POINT('',(0.583933721002569,0.137918125988188,-10.3967534189559));
#8283=CARTESIAN_POINT('',(0.597244480109807,0.0574371915953932,-10.2252749298382));
#8284=CARTESIAN_POINT('',(0.596498497390708,0.0651940830600378,-10.2314022416161));
#8285=CARTESIAN_POINT('',(0.595694372878046,0.0719930833681529,-10.2371815777802));
#8286=CARTESIAN_POINT('',(0.594546541275629,0.080765758462618,-10.2453290455696));
#8287=CARTESIAN_POINT('',(0.594173231609571,0.0834523777818218,-10.247957921703));
#8288=CARTESIAN_POINT('',(0.593464368946813,0.0883525399146033,-10.2530417810438));
#8289=CARTESIAN_POINT('',(0.593235432728024,0.0898831186503591,-10.254679145652));
#8290=CARTESIAN_POINT('',(0.591158385363645,0.103188284273858,-10.2706074223697));
#8291=CARTESIAN_POINT('',(0.589479960616281,0.112063254794536,-10.2847892038636));
#8292=CARTESIAN_POINT('',(0.587495063576979,0.121904673960889,-10.3063125159998));
#8293=CARTESIAN_POINT('',(0.586887257506298,0.124778767781788,-10.3138602040868));
#8294=CARTESIAN_POINT('',(0.58608284154674,0.128485412878662,-10.3257416122797));
#8295=CARTESIAN_POINT('',(0.585832506640896,0.129620204466131,-10.3297953943544));
#8296=CARTESIAN_POINT('',(0.585486326951769,0.13117180247018,-10.3360160364821));
#8297=CARTESIAN_POINT('',(0.58537581597812,0.131663902850789,-10.3381129120272));
#8298=CARTESIAN_POINT('',(0.585164936594164,0.13259798726489,-10.3423533194561));
#8299=CARTESIAN_POINT('',(0.585039458274314,0.133150033244261,-10.3450688173845));
#8300=CARTESIAN_POINT('',(0.58440930067019,0.135912144801663,-10.3594228634589));
#8301=CARTESIAN_POINT('',(0.584056683949259,0.137397511235835,-10.376119433));
#8302=CARTESIAN_POINT('',(0.583933721002569,0.137918125988188,-10.3967534189559));
#8303=CARTESIAN_POINT('',(0.583933721002569,0.137918125988188,-10.3967534189559));
#8304=CARTESIAN_POINT('',(0.63259486441945,0.14941130315387,-10.3967534189559));
#8305=CARTESIAN_POINT('',(0.583933721002569,0.137918125988188,-10.3967534189559));
#8306=CARTESIAN_POINT('',(0.63259486441945,0.14941130315387,-10.3967534189559));
#8307=CARTESIAN_POINT('',(0.6326618358161,0.149127751905138,-10.408673328283));
#8308=CARTESIAN_POINT('',(0.63284760673956,0.148343024558888,-10.4197164234554));
#8309=CARTESIAN_POINT('',(0.633296061301256,0.146412210259705,-10.4349658447974));
#8310=CARTESIAN_POINT('',(0.633473734028332,0.145642959012223,-10.4398297816855));
#8311=CARTESIAN_POINT('',(0.63388270950946,0.143852541856511,-10.4491192483435));
#8312=CARTESIAN_POINT('',(0.634060431988179,0.143071274376974,-10.4526654119183));
#8313=CARTESIAN_POINT('',(0.63560980642301,0.136134159626138,-10.4780938739466));
#8314=CARTESIAN_POINT('',(0.637376715862354,0.127977717556169,-10.4966182489629));
#8315=CARTESIAN_POINT('',(0.641435362648329,0.105773577317653,-10.5308984319514));
#8316=CARTESIAN_POINT('',(0.643998705662641,0.0895712736586078,-10.5451732971363));
#8317=CARTESIAN_POINT('',(0.647633208715826,0.0576937858735699,-10.5634052333902));
#8318=CARTESIAN_POINT('',(0.64930881545796,0.0380251493643214,-10.5705726534408));
#8319=CARTESIAN_POINT('',(0.649835450556874,0.0146248828899647,-10.5757948657395));
#8320=CARTESIAN_POINT('',(0.583933721002569,0.137918125988188,-10.3967534189559));
#8321=CARTESIAN_POINT('',(0.583995540753355,0.137656386373841,-10.408673328289));
#8322=CARTESIAN_POINT('',(0.584167021605748,0.136932022669742,-10.4197164234554));
#8323=CARTESIAN_POINT('',(0.584580979662698,0.13514973254742,-10.4349658447974));
#8324=CARTESIAN_POINT('',(0.584744985256922,0.134439654472821,-10.4398297816855));
#8325=CARTESIAN_POINT('',(0.585122501085655,0.132786961713702,-10.4491192483435));
#8326=CARTESIAN_POINT('',(0.585286552604473,0.132065791732592,-10.4526654119183));
#8327=CARTESIAN_POINT('',(0.586716744390471,0.125662301193358,-10.4780938739466));
#8328=CARTESIAN_POINT('',(0.588347737719096,0.118133277744156,-10.4966182489629));
#8329=CARTESIAN_POINT('',(0.59209418090615,0.0976371482932179,-10.5308984319514));
#8330=CARTESIAN_POINT('',(0.594460343688592,0.0826811756848687,-10.5451732971363));
#8331=CARTESIAN_POINT('',(0.597815269583839,0.0532558023448338,-10.5634052333902));
#8332=CARTESIAN_POINT('',(0.599361984345961,0.035100100270414,-10.5705726625322));
#8333=CARTESIAN_POINT('',(0.599848108206345,0.0134998918984289,-10.5757948657395));
#8334=CARTESIAN_POINT('',(0.583933721002569,0.137918125988188,-10.3967534189559));
#8335=CARTESIAN_POINT('',(0.583995540753355,0.137656386373841,-10.408673328289));
#8336=CARTESIAN_POINT('',(0.584167021605748,0.136932022669742,-10.4197164234554));
#8337=CARTESIAN_POINT('',(0.584580979662698,0.13514973254742,-10.4349658447974));
#8338=CARTESIAN_POINT('',(0.584744985256922,0.134439654472821,-10.4398297816855));
#8339=CARTESIAN_POINT('',(0.585122501085655,0.132786961713702,-10.4491192483435));
#8340=CARTESIAN_POINT('',(0.585286552604473,0.132065791732592,-10.4526654119183));
#8341=CARTESIAN_POINT('',(0.586716744390471,0.125662301193358,-10.4780938739466));
#8342=CARTESIAN_POINT('',(0.588347737719096,0.118133277744156,-10.4966182489629));
#8343=CARTESIAN_POINT('',(0.59209418090615,0.0976371482932179,-10.5308984319514));
#8344=CARTESIAN_POINT('',(0.594460343688592,0.0826811756848687,-10.5451732971363));
#8345=CARTESIAN_POINT('',(0.597815269583839,0.0532558023448338,-10.5634052333902));
#8346=CARTESIAN_POINT('',(0.599361984345961,0.035100100270414,-10.5705726625322));
#8347=CARTESIAN_POINT('',(0.599848108206345,0.0134998918984289,-10.5757948657395));
#8348=CARTESIAN_POINT('',(0.599848108206345,0.0134998918984289,-10.5757948657395));
#8349=CARTESIAN_POINT('',(0.649835450556874,0.0146248828899647,-10.5757948657395));
#8350=CARTESIAN_POINT('',(0.599848108206345,0.0134998918984289,-10.5757948657395));
#8351=CARTESIAN_POINT('',(0.649835450556874,0.0146248828899647,-10.5757948657395));
#8352=CARTESIAN_POINT('',(0.650207411170505,-0.0019026472630849,-10.5788458488995));
#8353=CARTESIAN_POINT('',(0.650078098450009,-0.0101838680005395,-10.5788524646385));
#8354=CARTESIAN_POINT('',(0.648998106461483,-0.0388162731498228,-10.5801901016754));
#8355=CARTESIAN_POINT('',(0.647882721054958,-0.0565165902952926,-10.5806457246526));
#8356=CARTESIAN_POINT('',(0.645364697130638,-0.0774881132657147,-10.5808882862084));
#8357=CARTESIAN_POINT('',(0.599848108206345,0.0134998918984289,-10.5757948657395));
#8358=CARTESIAN_POINT('',(0.600191243757223,-0.00174683841626227,-10.5788439587834));
#8359=CARTESIAN_POINT('',(0.600072090876931,-0.00940049353895956,-10.5788524646385));
#8360=CARTESIAN_POINT('',(0.599075175195215,-0.0358304059844518,-10.5801901016754));
#8361=CARTESIAN_POINT('',(0.598045588656308,-0.052169160354254,-10.5806457246536));
#8362=CARTESIAN_POINT('',(0.59572125888982,-0.0715274891683521,-10.5808882862084));
#8363=CARTESIAN_POINT('',(0.599848108206345,0.0134998918984289,-10.5757948657395));
#8364=CARTESIAN_POINT('',(0.599965255869485,0.00829460546768163,-10.5768358366441));
#8365=CARTESIAN_POINT('',(0.600028520894238,0.00397433993996889,-10.5775224078948));
#8366=CARTESIAN_POINT('',(0.600020602709546,8.17015875344825E-6,-10.5779319417458));
#8367=CARTESIAN_POINT('',(0.645364697130638,-0.0774881132657149,-10.5808882862084));
#8368=CARTESIAN_POINT('',(0.628816884383698,-0.075501238566594,-10.5808882862084));
#8369=CARTESIAN_POINT('',(0.612269071636759,-0.0735143638674731,-10.5808882862084));
#8370=CARTESIAN_POINT('',(0.595721258889819,-0.0715274891683522,-10.5808882862084));
#8371=CARTESIAN_POINT('',(0.,0.,-10.5808882862084));
#8372=CARTESIAN_POINT('',(0.517652133450947,-0.393111013243948,-10.5808882862084));
#8373=CARTESIAN_POINT('',(0.517652133450947,-0.393111013243948,-10.5314975422681));
#8374=CARTESIAN_POINT('',(0.517652133450947,-0.393111013243948,-10.4821067983278));
#8375=CARTESIAN_POINT('',(0.,0.,-10.4821067983278));
#8376=CARTESIAN_POINT('',(0.644318071130659,-0.0857567677473148,-10.4821067983278));
#8377=CARTESIAN_POINT('',(0.594755142582147,-0.0791600933052137,-10.4821067983278));
#8378=CARTESIAN_POINT('',(0.644318071130659,-0.0857567677473148,-10.4821067983278));
#8379=CARTESIAN_POINT('',(0.647500890870706,-0.061843223317725,-10.4818720013012));
#8380=CARTESIAN_POINT('',(0.648857766196056,-0.0417528627394653,-10.4804075870655));
#8381=CARTESIAN_POINT('',(0.649811671871556,-0.0175987691178061,-10.476366281967));
#8382=CARTESIAN_POINT('',(0.64994273351255,-0.010541741128587,-10.4747117473062));
#8383=CARTESIAN_POINT('',(0.649994974325064,-0.0029708877707639,-10.4722592877786));
#8384=CARTESIAN_POINT('',(0.649999709051549,-0.00151920600164199,-10.471749581313));
#8385=CARTESIAN_POINT('',(0.650000264928375,0.00125910564157964,-10.4706917392616));
#8386=CARTESIAN_POINT('',(0.649991015409711,0.0039638330620493,-10.4695788719439));
#8387=CARTESIAN_POINT('',(0.649935670883027,0.00998759517571892,-10.4667755084869));
#8388=CARTESIAN_POINT('',(0.64986341879119,0.0138097503369125,-10.4646378545213));
#8389=CARTESIAN_POINT('',(0.649376586750589,0.0319500419033934,-10.4526058597222));
#8390=CARTESIAN_POINT('',(0.648563460101578,0.0438375479291232,-10.4374886168147));
#8391=CARTESIAN_POINT('',(0.647674947465898,0.0550566573802751,-10.4130351981753));
#8392=CARTESIAN_POINT('',(0.647426279019184,0.0578015653106928,-10.404160815579));
#8393=CARTESIAN_POINT('',(0.647181616824254,0.0604794391652017,-10.3897934142391));
#8394=CARTESIAN_POINT('',(0.647098089887654,0.061353330563757,-10.3805609817522));
#8395=CARTESIAN_POINT('',(0.647059015304875,0.0617626967730933,-10.3692798176391));
#8396=CARTESIAN_POINT('',(0.594755142582147,-0.0791600933052137,-10.4821067983278));
#8397=CARTESIAN_POINT('',(0.597693130022704,-0.0570860523818943,-10.4818720013021));
#8398=CARTESIAN_POINT('',(0.598945630334821,-0.0385411040671987,-10.4804075870655));
#8399=CARTESIAN_POINT('',(0.599826158650667,-0.0162450176472057,-10.476366281967));
#8400=CARTESIAN_POINT('',(0.599947138626969,-0.00973083796484954,-10.4747117473062));
#8401=CARTESIAN_POINT('',(0.599995360915443,-0.0027423579422436,-10.4722592877786));
#8402=CARTESIAN_POINT('',(0.599999731432199,-0.00140234400151568,-10.471749581313));
#8403=CARTESIAN_POINT('',(0.600000244549269,0.00116225136145813,-10.4706917392616));
#8404=CARTESIAN_POINT('',(0.599991706532041,0.00365892282650704,-10.4695788719439));
#8405=CARTESIAN_POINT('',(0.59994061927664,0.00921931862374054,-10.4667755084869));
#8406=CARTESIAN_POINT('',(0.599873925038022,0.0127474618494577,-10.4646378545213));
#8407=CARTESIAN_POINT('',(0.599424541615928,0.0294923463723632,-10.4526058597222));
#8408=CARTESIAN_POINT('',(0.598673963170687,0.0404654288576522,-10.4374886168147));
#8409=CARTESIAN_POINT('',(0.597853797660829,0.0508215298894847,-10.4130351981753));
#8410=CARTESIAN_POINT('',(0.59762425755617,0.0533552910560242,-10.404160815579));
#8411=CARTESIAN_POINT('',(0.59739841553008,0.0558271746140324,-10.3897934142391));
#8412=CARTESIAN_POINT('',(0.59732131374248,0.0566338435969995,-10.3805609817616));
#8413=CARTESIAN_POINT('',(0.597285244896808,0.0570117200982399,-10.3692798176391));
#8414=CARTESIAN_POINT('',(0.59999999381919,-2.91845177317772E-6,-10.4711721781138));
#8415=CARTESIAN_POINT('',(0.599999731232037,0.00130961114780859,-10.4706259600173));
#8416=CARTESIAN_POINT('',(0.599991202057401,0.00371383042807855,-10.4695511893887));
#8417=CARTESIAN_POINT('',(0.59994061927664,0.00921931862374054,-10.4667755084869));
#8418=CARTESIAN_POINT('',(0.599873925038022,0.0127474618494577,-10.4646378545213));
#8419=CARTESIAN_POINT('',(0.599424541615928,0.0294923463723632,-10.4526058597222));
#8420=CARTESIAN_POINT('',(0.598673963170687,0.0404654288576522,-10.4374886168147));
#8421=CARTESIAN_POINT('',(0.597853797660829,0.0508215298894847,-10.4130351981753));
#8422=CARTESIAN_POINT('',(0.59762425755617,0.0533552910560242,-10.404160815579));
#8423=CARTESIAN_POINT('',(0.59739841553008,0.0558271746140324,-10.3897934142391));
#8424=CARTESIAN_POINT('',(0.59732131374248,0.0566338435969995,-10.3805609817616));
#8425=CARTESIAN_POINT('',(0.597285244896808,0.0570117200982399,-10.3692798176391));
#8426=CARTESIAN_POINT('',(0.597285247969691,0.0570117203915509,-10.3692798176391));
#8427=CARTESIAN_POINT('',(0.647059015304875,0.0617626967730933,-10.3692798176391));
#8428=CARTESIAN_POINT('',(0.597285244896808,0.0570117200982399,-10.3692798176391));
#8429=CARTESIAN_POINT('',(0.647059015304875,0.0617626967730933,-10.3692798176391));
#8430=CARTESIAN_POINT('',(0.647092272850644,0.0614142729519096,-10.356589136558));
#8431=CARTESIAN_POINT('',(0.647217617237005,0.0601200525868641,-10.3448752617302));
#8432=CARTESIAN_POINT('',(0.647518207951382,0.0567577005143764,-10.3287696598925));
#8433=CARTESIAN_POINT('',(0.647636778061713,0.0554000443550245,-10.3236453276237));
#8434=CARTESIAN_POINT('',(0.647835490308927,0.0530077145269066,-10.3163251317362));
#8435=CARTESIAN_POINT('',(0.647905179509012,0.0521509623362024,-10.3139461168597));
#8436=CARTESIAN_POINT('',(0.648050051287883,0.0503187393817595,-10.3093101879451));
#8437=CARTESIAN_POINT('',(0.648100275999222,0.049678153473104,-10.3077638493955));
#8438=CARTESIAN_POINT('',(0.648610697101381,0.0428293185784553,-10.2932316538602));
#8439=CARTESIAN_POINT('',(0.648999327382712,0.0366906079208574,-10.2831386810972));
#8440=CARTESIAN_POINT('',(0.649625339242828,0.0230921256374503,-10.2660183029018));
#8441=CARTESIAN_POINT('',(0.649855451713559,0.0162602920884408,-10.2594159942862));
#8442=CARTESIAN_POINT('',(0.6499818444361,0.00532761482610675,-10.2520163460563));
#8443=CARTESIAN_POINT('',(0.64999779514221,0.00299749659723204,-10.2505729430354));
#8444=CARTESIAN_POINT('',(0.650001782591547,-0.00194969315451856,-10.2477591902439));
#8445=CARTESIAN_POINT('',(0.649994600759484,-0.00326719481424006,-10.2470816497158));
#8446=CARTESIAN_POINT('',(0.649948898309855,-0.00900288284644772,-10.2442246610714));
#8447=CARTESIAN_POINT('',(0.649882929060068,-0.013063114701949,-10.2424502295308));
#8448=CARTESIAN_POINT('',(0.649538642264827,-0.0259502986958827,-10.2375176175764));
#8449=CARTESIAN_POINT('',(0.649115432252149,-0.0354845301313988,-10.2347501198297));
#8450=CARTESIAN_POINT('',(0.646891372116985,-0.0668695576982829,-10.2280103572584));
#8451=CARTESIAN_POINT('',(0.644158567285551,-0.0915166728619598,-10.2256009219));
#8452=CARTESIAN_POINT('',(0.638904450910943,-0.119587217570215,-10.2252749298382));
#8453=CARTESIAN_POINT('',(0.597285244896808,0.0570117200982399,-10.3692798176391));
#8454=CARTESIAN_POINT('',(0.597315944169906,0.0566900981086024,-10.3565891365244));
#8455=CARTESIAN_POINT('',(0.597431646680313,0.0554954331571053,-10.3448752617302));
#8456=CARTESIAN_POINT('',(0.597709115032045,0.0523917235517321,-10.3287696598925));
#8457=CARTESIAN_POINT('',(0.597818564364658,0.0511385024815611,-10.3236453276237));
#8458=CARTESIAN_POINT('',(0.598001991054394,0.0489301980248368,-10.3163251317362));
#8459=CARTESIAN_POINT('',(0.59806631954678,0.0481393498488022,-10.3139461168597));
#8460=CARTESIAN_POINT('',(0.598200047342661,0.0464480671216241,-10.3093101879451));
#8461=CARTESIAN_POINT('',(0.598246408614666,0.045856757052096,-10.3077638493955));
#8462=CARTESIAN_POINT('',(0.598717566555121,0.0395347556108818,-10.2932316538602));
#8463=CARTESIAN_POINT('',(0.599076302199427,0.0338682534654068,-10.2831386810972));
#8464=CARTESIAN_POINT('',(0.599654159301072,0.0213158082807234,-10.2660183029018));
#8465=CARTESIAN_POINT('',(0.599866570812516,0.01500950038933,-10.2594159942862));
#8466=CARTESIAN_POINT('',(0.599983241017938,0.00491779830102162,-10.2520163460563));
#8467=CARTESIAN_POINT('',(0.599997964746655,0.0027669199359065,-10.2505729430354));
#8468=CARTESIAN_POINT('',(0.60000164546912,-0.00179971675801714,-10.2477591902439));
#8469=CARTESIAN_POINT('',(0.599995016085678,-0.00301587213622159,-10.2470816497158));
#8470=CARTESIAN_POINT('',(0.599952829209097,-0.00831035339672097,-10.2442246610714));
#8471=CARTESIAN_POINT('',(0.599891934516986,-0.012058259724876,-10.2424502295308));
#8472=CARTESIAN_POINT('',(0.599574131321379,-0.0239541218731225,-10.2375176175764));
#8473=CARTESIAN_POINT('',(0.59918347592506,-0.032754950890522,-10.2347501198297));
#8474=CARTESIAN_POINT('',(0.597130497338755,-0.0617257455676458,-10.2280103572584));
#8475=CARTESIAN_POINT('',(0.594607908230339,-0.084476928973277,-10.2256009218978));
#8476=CARTESIAN_POINT('',(0.589757954687025,-0.110388200834045,-10.2252749298382));
#8477=CARTESIAN_POINT('',(0.597285244896808,0.0570117200982399,-10.3692798176391));
#8478=CARTESIAN_POINT('',(0.597315944169906,0.0566900981086024,-10.3565891365244));
#8479=CARTESIAN_POINT('',(0.597431646680313,0.0554954331571053,-10.3448752617302));
#8480=CARTESIAN_POINT('',(0.597709115032045,0.0523917235517321,-10.3287696598925));
#8481=CARTESIAN_POINT('',(0.597818564364658,0.0511385024815611,-10.3236453276237));
#8482=CARTESIAN_POINT('',(0.598001991054394,0.0489301980248368,-10.3163251317362));
#8483=CARTESIAN_POINT('',(0.59806631954678,0.0481393498488022,-10.3139461168597));
#8484=CARTESIAN_POINT('',(0.598200047342661,0.0464480671216241,-10.3093101879451));
#8485=CARTESIAN_POINT('',(0.598246408614666,0.045856757052096,-10.3077638493955));
#8486=CARTESIAN_POINT('',(0.598717566555121,0.0395347556108818,-10.2932316538602));
#8487=CARTESIAN_POINT('',(0.599076302199427,0.0338682534654068,-10.2831386810972));
#8488=CARTESIAN_POINT('',(0.599654159301072,0.0213158082807234,-10.2660183029018));
#8489=CARTESIAN_POINT('',(0.599866570812516,0.01500950038933,-10.2594159942862));
#8490=CARTESIAN_POINT('',(0.599983241017938,0.00491779830102162,-10.2520163460563));
#8491=CARTESIAN_POINT('',(0.599997964746655,0.0027669199359065,-10.2505729430354));
#8492=CARTESIAN_POINT('',(0.599999940151282,0.000316054558319288,-10.2490628318179));
#8493=CARTESIAN_POINT('',(0.600000029589844,0.000154253602619872,-10.2489635240613));
#8494=CARTESIAN_POINT('',(0.600000036913562,-2.5759627702802E-6,-10.2488679702566));
#8495=CARTESIAN_POINT('',(0.638904450910943,-0.119587217570216,-10.2252749298382));
#8496=CARTESIAN_POINT('',(0.62252228550297,-0.116520878658159,-10.2252749298382));
#8497=CARTESIAN_POINT('',(0.606140120094997,-0.113454539746102,-10.2252749298382));
#8498=CARTESIAN_POINT('',(0.589757954687025,-0.110388200834045,-10.2252749298382));
#8499=CARTESIAN_POINT('',(0.,0.,-10.2252749298382));
#8500=CARTESIAN_POINT('',(0.517652133450947,-0.393111013243948,-10.2252749298382));
#8501=CARTESIAN_POINT('',(0.517652133450947,-0.393111013243948,-10.1758841858979));
#8502=CARTESIAN_POINT('',(0.517652133450947,-0.393111013243948,-10.1264934419576));
#8503=CARTESIAN_POINT('',(0.,0.,0.));
#8504=CARTESIAN_POINT('',(0.,0.,-10.1264934419576));
#8505=CARTESIAN_POINT('',(0.,0.,-10.1264934419576));
#8506=CARTESIAN_POINT('',(0.634792354730345,0.139780779708457,-10.76980788178));
#8507=CARTESIAN_POINT('',(0.634792354730345,0.139780779708457,-10.7204171378397));
#8508=CARTESIAN_POINT('',(0.585962173597241,0.129028412038576,-10.7204171378397));
#8509=CARTESIAN_POINT('',(0.585962173597241,0.129028412038576,-10.7204171378397));
#8510=CARTESIAN_POINT('',(0.585962173597241,0.129028412038576,-10.8191986257203));
#8511=CARTESIAN_POINT('',(0.634792354730345,0.139780779708457,-10.8191986257203));
#8512=CARTESIAN_POINT('',(0.,0.,-10.8191986257203));
#8513=CARTESIAN_POINT('',(0.,0.,-10.8191986257203));
#8514=CARTESIAN_POINT('',(0.598002163815573,0.0489225108911252,-10.8191986257203));
#8515=CARTESIAN_POINT('',(0.647835677466871,0.0529993867987185,-10.8191986257203));
#8516=CARTESIAN_POINT('',(0.598002163815573,0.0489225108911248,-10.8191986257203));
#8517=CARTESIAN_POINT('',(0.647835677466871,0.0529993867987185,-10.8191986257203));
#8518=CARTESIAN_POINT('',(0.64652460988512,0.0690251638186347,-10.8290154533788));
#8519=CARTESIAN_POINT('',(0.64485144601499,0.082358619652901,-10.8389523650539));
#8520=CARTESIAN_POINT('',(0.642535859196689,0.0983704836882534,-10.8540413358433));
#8521=CARTESIAN_POINT('',(0.641613726476057,0.104211063276001,-10.8602911953045));
#8522=CARTESIAN_POINT('',(0.639828098943743,0.114665267250561,-10.8729808168279));
#8523=CARTESIAN_POINT('',(0.63900275407133,0.119146281146217,-10.8791472247341));
#8524=CARTESIAN_POINT('',(0.637287231739873,0.128005235373589,-10.8933315382835));
#8525=CARTESIAN_POINT('',(0.636494349818507,0.131856666217109,-10.9006215717586));
#8526=CARTESIAN_POINT('',(0.635448936108302,0.136775213555016,-10.9118534370218));
#8527=CARTESIAN_POINT('',(0.635124303640618,0.138271619158906,-10.9156468612846));
#8528=CARTESIAN_POINT('',(0.634528739204362,0.140979434186437,-10.9233326481604));
#8529=CARTESIAN_POINT('',(0.634206147769245,0.142419469143188,-10.9280676966648));
#8530=CARTESIAN_POINT('',(0.633256212106394,0.146623527368529,-10.9435634261477));
#8531=CARTESIAN_POINT('',(0.632769724014007,0.14867096236856,-10.9598502249756));
#8532=CARTESIAN_POINT('',(0.63259486441945,0.14941130315387,-10.980027235676));
#8533=CARTESIAN_POINT('',(0.598002163815573,0.0489225108911248,-10.8191986257203));
#8534=CARTESIAN_POINT('',(0.596791951874775,0.0637154834121688,-10.829015418592));
#8535=CARTESIAN_POINT('',(0.595247488629222,0.0760233412180625,-10.8389523650539));
#8536=CARTESIAN_POINT('',(0.593110023873867,0.0908035234045416,-10.8540413358433));
#8537=CARTESIAN_POINT('',(0.592258824439437,0.0961948276393858,-10.8602911953045));
#8538=CARTESIAN_POINT('',(0.590610552871147,0.105844862077441,-10.8729808168279));
#8539=CARTESIAN_POINT('',(0.589848696065843,0.109981182596508,-10.8791472247341));
#8540=CARTESIAN_POINT('',(0.588265136990652,0.11815867880639,-10.8933315382835));
#8541=CARTESIAN_POINT('',(0.587533245986314,0.12171384573887,-10.9006215717586));
#8542=CARTESIAN_POINT('',(0.586568248715356,0.126254043281553,-10.9118534370218));
#8543=CARTESIAN_POINT('',(0.586268587975955,0.127635340762067,-10.9156468612846));
#8544=CARTESIAN_POINT('',(0.585718836188642,0.130134862325942,-10.9233326481604));
#8545=CARTESIAN_POINT('',(0.585421059479303,0.131464125362942,-10.9280676966648));
#8546=CARTESIAN_POINT('',(0.584544195790518,0.135344794494027,-10.9435634261477));
#8547=CARTESIAN_POINT('',(0.584095129860411,0.137234734488435,-10.9598502248097));
#8548=CARTESIAN_POINT('',(0.583933721002569,0.137918125988188,-10.980027235676));
#8549=CARTESIAN_POINT('',(0.598002163815573,0.0489225108911248,-10.8191986257203));
#8550=CARTESIAN_POINT('',(0.596791951874775,0.0637154834121688,-10.829015418592));
#8551=CARTESIAN_POINT('',(0.595247488629222,0.0760233412180625,-10.8389523650539));
#8552=CARTESIAN_POINT('',(0.593110023873867,0.0908035234045416,-10.8540413358433));
#8553=CARTESIAN_POINT('',(0.592258824439437,0.0961948276393858,-10.8602911953045));
#8554=CARTESIAN_POINT('',(0.590610552871147,0.105844862077441,-10.8729808168279));
#8555=CARTESIAN_POINT('',(0.589848696065843,0.109981182596508,-10.8791472247341));
#8556=CARTESIAN_POINT('',(0.588265136990652,0.11815867880639,-10.8933315382835));
#8557=CARTESIAN_POINT('',(0.587533245986314,0.12171384573887,-10.9006215717586));
#8558=CARTESIAN_POINT('',(0.586568248715356,0.126254043281553,-10.9118534370218));
#8559=CARTESIAN_POINT('',(0.586268587975955,0.127635340762067,-10.9156468612846));
#8560=CARTESIAN_POINT('',(0.585718836188642,0.130134862325942,-10.9233326481604));
#8561=CARTESIAN_POINT('',(0.585421059479303,0.131464125362942,-10.9280676966648));
#8562=CARTESIAN_POINT('',(0.584544195790518,0.135344794494027,-10.9435634261477));
#8563=CARTESIAN_POINT('',(0.584095129860411,0.137234734488435,-10.9598502248097));
#8564=CARTESIAN_POINT('',(0.583933721002569,0.137918125988188,-10.980027235676));
#8565=CARTESIAN_POINT('',(0.583933721002569,0.137918125988188,-10.980027235676));
#8566=CARTESIAN_POINT('',(0.63259486441945,0.14941130315387,-10.980027235676));
#8567=CARTESIAN_POINT('',(0.583933721002569,0.137918125988188,-10.980027235676));
#8568=CARTESIAN_POINT('',(0.63259486441945,0.14941130315387,-10.980027235676));
#8569=CARTESIAN_POINT('',(0.632665839034191,0.149110802617152,-10.9902541265925));
#8570=CARTESIAN_POINT('',(0.632809521663186,0.148502509491918,-10.9994389098801));
#8571=CARTESIAN_POINT('',(0.633130109783157,0.147127446773926,-11.0116529232873));
#8572=CARTESIAN_POINT('',(0.633254441019927,0.146591978941852,-11.0154637341735));
#8573=CARTESIAN_POINT('',(0.633466260688837,0.145672905542827,-11.0207891601284));
#8574=CARTESIAN_POINT('',(0.633541085069247,0.145347235232934,-11.0224991703843));
#8575=CARTESIAN_POINT('',(0.633698991032205,0.14465722942647,-11.025788927438));
#8576=CARTESIAN_POINT('',(0.633748610801151,0.144440281392835,-11.0267868631046));
#8577=CARTESIAN_POINT('',(0.634833760249904,0.139660581574497,-11.0456546989045));
#8578=CARTESIAN_POINT('',(0.636222798962301,0.133440870084401,-11.0601588487919));
#8579=CARTESIAN_POINT('',(0.638882516373019,0.11979402825248,-11.080445668973));
#8580=CARTESIAN_POINT('',(0.639828492612084,0.114684949012647,-11.0867304349105));
#8581=CARTESIAN_POINT('',(0.641276610397799,0.106172469731005,-11.0954413226324));
#8582=CARTESIAN_POINT('',(0.641764036526351,0.103193503406948,-11.098225575009));
#8583=CARTESIAN_POINT('',(0.642736664468222,0.0969513170217881,-11.1035553260342));
#8584=CARTESIAN_POINT('',(0.643339153564783,0.0928518529315999,-11.1066965016707));
#8585=CARTESIAN_POINT('',(0.645141201345085,0.0800034996956412,-11.1158487256531));
#8586=CARTESIAN_POINT('',(0.646991226917267,0.0653417566018676,-11.1229196769263));
#8587=CARTESIAN_POINT('',(0.648354048149131,0.0462280028622729,-11.129742928245));
#8588=CARTESIAN_POINT('',(0.583933721002569,0.137918125988188,-10.980027235676));
#8589=CARTESIAN_POINT('',(0.583999236031578,0.137640740877299,-10.9902541265952));
#8590=CARTESIAN_POINT('',(0.584131866150633,0.137079239531001,-10.9994389098801));
#8591=CARTESIAN_POINT('',(0.584427793645991,0.135809950868239,-11.0116529232873));
#8592=CARTESIAN_POINT('',(0.584542560941471,0.135315672869402,-11.0154637341735));
#8593=CARTESIAN_POINT('',(0.584738086789696,0.134467297424148,-11.0207891601284));
#8594=CARTESIAN_POINT('',(0.584807155448536,0.134166678676554,-11.0224991703843));
#8595=CARTESIAN_POINT('',(0.584952914798958,0.133529750239818,-11.025788927438));
#8596=CARTESIAN_POINT('',(0.584998717662601,0.133329490516463,-11.0267868631046));
#8597=CARTESIAN_POINT('',(0.586000394076834,0.128917459914921,-11.0456546989045));
#8598=CARTESIAN_POINT('',(0.587282583657509,0.123176187770217,-11.0601588487919));
#8599=CARTESIAN_POINT('',(0.589737707421248,0.110579103002289,-11.080445668973));
#8600=CARTESIAN_POINT('',(0.590610916257308,0.105863029857828,-11.0867304349105));
#8601=CARTESIAN_POINT('',(0.591947640367199,0.0980053566747736,-11.0954413226324));
#8602=CARTESIAN_POINT('',(0.59239757217817,0.0952555416064133,-11.098225575009));
#8603=CARTESIAN_POINT('',(0.593295382586051,0.0894935234047275,-11.1035553260342));
#8604=CARTESIAN_POINT('',(0.593851526367492,0.0857094027060922,-11.1066965016707));
#8605=CARTESIAN_POINT('',(0.595514955087771,0.073849384334438,-11.1158487256531));
#8606=CARTESIAN_POINT('',(0.597222674683925,0.060315415972718,-11.1229196969047));
#8607=CARTESIAN_POINT('',(0.598480659829967,0.0426720026420981,-11.129742928245));
#8608=CARTESIAN_POINT('',(0.583933721002569,0.137918125988188,-10.980027235676));
#8609=CARTESIAN_POINT('',(0.583999236031578,0.137640740877299,-10.9902541265952));
#8610=CARTESIAN_POINT('',(0.584131866150633,0.137079239531001,-10.9994389098801));
#8611=CARTESIAN_POINT('',(0.584427793645991,0.135809950868239,-11.0116529232873));
#8612=CARTESIAN_POINT('',(0.584542560941471,0.135315672869402,-11.0154637341735));
#8613=CARTESIAN_POINT('',(0.584738086789696,0.134467297424148,-11.0207891601284));
#8614=CARTESIAN_POINT('',(0.584807155448536,0.134166678676554,-11.0224991703843));
#8615=CARTESIAN_POINT('',(0.584952914798958,0.133529750239818,-11.025788927438));
#8616=CARTESIAN_POINT('',(0.584998717662601,0.133329490516463,-11.0267868631046));
#8617=CARTESIAN_POINT('',(0.586000394076834,0.128917459914921,-11.0456546989045));
#8618=CARTESIAN_POINT('',(0.587282583657509,0.123176187770217,-11.0601588487919));
#8619=CARTESIAN_POINT('',(0.589737707421248,0.110579103002289,-11.080445668973));
#8620=CARTESIAN_POINT('',(0.590610916257308,0.105863029857828,-11.0867304349105));
#8621=CARTESIAN_POINT('',(0.591947640367199,0.0980053566747736,-11.0954413226324));
#8622=CARTESIAN_POINT('',(0.59239757217817,0.0952555416064133,-11.098225575009));
#8623=CARTESIAN_POINT('',(0.593295382586051,0.0894935234047275,-11.1035553260342));
#8624=CARTESIAN_POINT('',(0.593851526367492,0.0857094027060922,-11.1066965016707));
#8625=CARTESIAN_POINT('',(0.595514955087771,0.073849384334438,-11.1158487256531));
#8626=CARTESIAN_POINT('',(0.597222674683925,0.060315415972718,-11.1229196969047));
#8627=CARTESIAN_POINT('',(0.598480659829967,0.0426720026420981,-11.129742928245));
#8628=CARTESIAN_POINT('',(0.598480659829967,0.0426720026420981,-11.129742928245));
#8629=CARTESIAN_POINT('',(0.648354048149131,0.0462280028622729,-11.129742928245));
#8630=CARTESIAN_POINT('',(0.598480659829967,0.0426720026420981,-11.129742928245));
#8631=CARTESIAN_POINT('',(0.648354048149131,0.0462280028622729,-11.129742928245));
#8632=CARTESIAN_POINT('',(0.647141109959653,0.0632396264802227,-11.1409380877866));
#8633=CARTESIAN_POINT('',(0.645483567363927,0.0773198291997398,-11.1517259718771));
#8634=CARTESIAN_POINT('',(0.643178417261781,0.0940923562236343,-11.1673012196374));
#8635=CARTESIAN_POINT('',(0.642193659456764,0.100600141277766,-11.1740322061594));
#8636=CARTESIAN_POINT('',(0.640312785000692,0.111949193995468,-11.1874102267656));
#8637=CARTESIAN_POINT('',(0.639478526125796,0.116579648419141,-11.1935775393715));
#8638=CARTESIAN_POINT('',(0.637664604747257,0.126124746398458,-11.2085755910528));
#8639=CARTESIAN_POINT('',(0.636820910745665,0.130277425852509,-11.2162867293868));
#8640=CARTESIAN_POINT('',(0.635704066643887,0.135586170625355,-11.2281716056281));
#8641=CARTESIAN_POINT('',(0.635356400296071,0.137202363550731,-11.2321862591652));
#8642=CARTESIAN_POINT('',(0.634717263434717,0.140129366868733,-11.2403216224861));
#8643=CARTESIAN_POINT('',(0.634374790653208,0.141666994540438,-11.2452593274339));
#8644=CARTESIAN_POINT('',(0.633327045729148,0.14632652146053,-11.2620430411502));
#8645=CARTESIAN_POINT('',(0.632787956918606,0.148593765787246,-11.2793209150318));
#8646=CARTESIAN_POINT('',(0.63259486441945,0.14941130315387,-11.3004496869887));
#8647=CARTESIAN_POINT('',(0.598480659829967,0.0426720026420981,-11.129742928245));
#8648=CARTESIAN_POINT('',(0.597361029364547,0.0583749726979111,-11.1409380399277));
#8649=CARTESIAN_POINT('',(0.595830985259009,0.071372150030529,-11.1517259718771));
#8650=CARTESIAN_POINT('',(0.59370315439549,0.0868544826679701,-11.1673012196374));
#8651=CARTESIAN_POINT('',(0.592794147190859,0.0928616688717839,-11.1740322061594));
#8652=CARTESIAN_POINT('',(0.591057955385254,0.103337717534278,-11.1874102267656));
#8653=CARTESIAN_POINT('',(0.590287870269965,0.10761198315613,-11.1935775393715));
#8654=CARTESIAN_POINT('',(0.58861348130516,0.116422842829346,-11.2085755910528));
#8655=CARTESIAN_POINT('',(0.587834686842152,0.120256085402316,-11.2162867293868));
#8656=CARTESIAN_POINT('',(0.586803753825127,0.125156465192635,-11.2281716056281));
#8657=CARTESIAN_POINT('',(0.586482831042527,0.12664833558529,-11.2321862591652));
#8658=CARTESIAN_POINT('',(0.585892858555123,0.129350184801907,-11.2403216224861));
#8659=CARTESIAN_POINT('',(0.58557672983373,0.130769533421943,-11.2452593274339));
#8660=CARTESIAN_POINT('',(0.584609580673059,0.135070635194335,-11.2620430411502));
#8661=CARTESIAN_POINT('',(0.584111960234568,0.137163476102803,-11.2793209147938));
#8662=CARTESIAN_POINT('',(0.583933721002569,0.137918125988188,-11.3004496869887));
#8663=CARTESIAN_POINT('',(0.598480659829967,0.0426720026420981,-11.129742928245));
#8664=CARTESIAN_POINT('',(0.597361029364547,0.0583749726979111,-11.1409380399277));
#8665=CARTESIAN_POINT('',(0.595830985259009,0.071372150030529,-11.1517259718771));
#8666=CARTESIAN_POINT('',(0.59370315439549,0.0868544826679701,-11.1673012196374));
#8667=CARTESIAN_POINT('',(0.592794147190859,0.0928616688717839,-11.1740322061594));
#8668=CARTESIAN_POINT('',(0.591057955385254,0.103337717534278,-11.1874102267656));
#8669=CARTESIAN_POINT('',(0.590287870269965,0.10761198315613,-11.1935775393715));
#8670=CARTESIAN_POINT('',(0.58861348130516,0.116422842829346,-11.2085755910528));
#8671=CARTESIAN_POINT('',(0.587834686842152,0.120256085402316,-11.2162867293868));
#8672=CARTESIAN_POINT('',(0.586803753825127,0.125156465192635,-11.2281716056281));
#8673=CARTESIAN_POINT('',(0.586482831042527,0.12664833558529,-11.2321862591652));
#8674=CARTESIAN_POINT('',(0.585892858555123,0.129350184801907,-11.2403216224861));
#8675=CARTESIAN_POINT('',(0.58557672983373,0.130769533421943,-11.2452593274339));
#8676=CARTESIAN_POINT('',(0.584609580673059,0.135070635194335,-11.2620430411502));
#8677=CARTESIAN_POINT('',(0.584111960234568,0.137163476102803,-11.2793209147938));
#8678=CARTESIAN_POINT('',(0.583933721002569,0.137918125988188,-11.3004496869887));
#8679=CARTESIAN_POINT('',(0.583933721002569,0.137918125988188,-11.3004496869887));
#8680=CARTESIAN_POINT('',(0.63259486441945,0.14941130315387,-11.3004496869887));
#8681=CARTESIAN_POINT('',(0.583933721002569,0.137918125988188,-11.3004496869887));
#8682=CARTESIAN_POINT('',(0.63259486441945,0.14941130315387,-11.3004496869887));
#8683=CARTESIAN_POINT('',(0.632670245760648,0.149092144908754,-11.3148591931219));
#8684=CARTESIAN_POINT('',(0.632922697664779,0.148028090229467,-11.3280255864791));
#8685=CARTESIAN_POINT('',(0.633550042316794,0.145310729333553,-11.345910506873));
#8686=CARTESIAN_POINT('',(0.633800354534507,0.144218005373372,-11.3515613687571));
#8687=CARTESIAN_POINT('',(0.634233268927762,0.142297544622845,-11.3595714942127));
#8688=CARTESIAN_POINT('',(0.634387132518985,0.141610492129678,-11.3621638414695));
#8689=CARTESIAN_POINT('',(0.634713065173852,0.140142392888388,-11.3671931468594));
#8690=CARTESIAN_POINT('',(0.634832431863279,0.139602945090247,-11.3689418311449));
#8691=CARTESIAN_POINT('',(0.635999209465507,0.134254187019576,-11.3841795182409));
#8692=CARTESIAN_POINT('',(0.637140704969643,0.128828288730056,-11.3952398344366));
#8693=CARTESIAN_POINT('',(0.639033151722945,0.118944871581844,-11.4101355585082));
#8694=CARTESIAN_POINT('',(0.639693413967571,0.115359580230242,-11.4148183414952));
#8695=CARTESIAN_POINT('',(0.641043736003877,0.107603090822594,-11.4236189907284));
#8696=CARTESIAN_POINT('',(0.641804811409813,0.102970899225734,-11.4281327339677));
#8697=CARTESIAN_POINT('',(0.644889810214584,0.0829450737516444,-11.4453303883834));
#8698=CARTESIAN_POINT('',(0.647426510089248,0.0627452736696103,-11.4555266626421));
#8699=CARTESIAN_POINT('',(0.649229263691884,0.0322295148037019,-11.4638196938731));
#8700=CARTESIAN_POINT('',(0.649519054063807,0.02586394935143,-11.4652556845397));
#8701=CARTESIAN_POINT('',(0.649813352835264,0.0159245987074099,-11.4670757471701));
#8702=CARTESIAN_POINT('',(0.64988802615827,0.0125463339549584,-11.4676267808187));
#8703=CARTESIAN_POINT('',(0.64998447611298,0.00566019891320233,-11.468617540326));
#8704=CARTESIAN_POINT('',(0.650002782383455,0.0014459398076126,-11.4691328596529));
#8705=CARTESIAN_POINT('',(0.649985449057122,-0.0104995992580774,-11.4704123726778));
#8706=CARTESIAN_POINT('',(0.649773027724485,-0.0227019726211613,-11.4710015857224));
#8707=CARTESIAN_POINT('',(0.648916096723803,-0.0375219857249614,-11.4711564457324));
#8708=CARTESIAN_POINT('',(0.583933721002569,0.137918125988188,-11.3004496869887));
#8709=CARTESIAN_POINT('',(0.584003303779136,0.13762351837699,-11.3148591931376));
#8710=CARTESIAN_POINT('',(0.58423633630595,0.136641314057969,-11.3280255864791));
#8711=CARTESIAN_POINT('',(0.584815423677041,0.13413298092328,-11.345910506873));
#8712=CARTESIAN_POINT('',(0.585046481108776,0.133124312652343,-11.3515613687571));
#8713=CARTESIAN_POINT('',(0.585446094394857,0.131351579651857,-11.3595714942127));
#8714=CARTESIAN_POINT('',(0.585588122325217,0.130717377350472,-11.3621638414695));
#8715=CARTESIAN_POINT('',(0.585888983237402,0.12936220882005,-11.3671931468594));
#8716=CARTESIAN_POINT('',(0.585999167873796,0.128864257006382,-11.3689418311449));
#8717=CARTESIAN_POINT('',(0.587076193352776,0.123926941864224,-11.3841795182409));
#8718=CARTESIAN_POINT('',(0.58812988151044,0.118918420366205,-11.3952398344366));
#8719=CARTESIAN_POINT('',(0.589876755436565,0.109795266075549,-11.4101355585082));
#8720=CARTESIAN_POINT('',(0.590486228277757,0.106485766366377,-11.4148183414952));
#8721=CARTESIAN_POINT('',(0.591732679388194,0.0993259299900869,-11.4236189907284));
#8722=CARTESIAN_POINT('',(0.592435210532135,0.0950500608237549,-11.4281327339677));
#8723=CARTESIAN_POINT('',(0.595282901736539,0.0765646834630563,-11.4453303883834));
#8724=CARTESIAN_POINT('',(0.597624470851613,0.0579187141565634,-11.4555266626421));
#8725=CARTESIAN_POINT('',(0.599288551100201,0.0297503213572632,-11.4638196938731));
#8726=CARTESIAN_POINT('',(0.599556049905053,0.0238744147859354,-11.4652556845397));
#8727=CARTESIAN_POINT('',(0.599827710309474,0.0146996295760707,-11.4670757471701));
#8728=CARTESIAN_POINT('',(0.599896639530711,0.0115812313430385,-11.4676267808187));
#8729=CARTESIAN_POINT('',(0.599985670258135,0.00522479899680215,-11.468617540326));
#8730=CARTESIAN_POINT('',(0.600002568353959,0.00133471366856548,-11.4691328596529));
#8731=CARTESIAN_POINT('',(0.599986568360421,-0.00969193777668686,-11.4704123726778));
#8732=CARTESIAN_POINT('',(0.599790487128868,-0.0209556670595834,-11.4710015857227));
#8733=CARTESIAN_POINT('',(0.598999473898895,-0.0346356791307336,-11.4711564457324));
#8734=CARTESIAN_POINT('',(0.583933721002569,0.137918125988188,-11.3004496869887));
#8735=CARTESIAN_POINT('',(0.584003303779136,0.13762351837699,-11.3148591931376));
#8736=CARTESIAN_POINT('',(0.58423633630595,0.136641314057969,-11.3280255864791));
#8737=CARTESIAN_POINT('',(0.584815423677041,0.13413298092328,-11.345910506873));
#8738=CARTESIAN_POINT('',(0.585046481108776,0.133124312652343,-11.3515613687571));
#8739=CARTESIAN_POINT('',(0.585446094394857,0.131351579651857,-11.3595714942127));
#8740=CARTESIAN_POINT('',(0.585588122325217,0.130717377350472,-11.3621638414695));
#8741=CARTESIAN_POINT('',(0.585888983237402,0.12936220882005,-11.3671931468594));
#8742=CARTESIAN_POINT('',(0.585999167873796,0.128864257006382,-11.3689418311449));
#8743=CARTESIAN_POINT('',(0.587076193352776,0.123926941864224,-11.3841795182409));
#8744=CARTESIAN_POINT('',(0.58812988151044,0.118918420366205,-11.3952398344366));
#8745=CARTESIAN_POINT('',(0.589876755436565,0.109795266075549,-11.4101355585082));
#8746=CARTESIAN_POINT('',(0.590486228277757,0.106485766366377,-11.4148183414952));
#8747=CARTESIAN_POINT('',(0.591732679388194,0.0993259299900869,-11.4236189907284));
#8748=CARTESIAN_POINT('',(0.592435210532135,0.0950500608237549,-11.4281327339677));
#8749=CARTESIAN_POINT('',(0.595282901736539,0.0765646834630563,-11.4453303883834));
#8750=CARTESIAN_POINT('',(0.597624470851613,0.0579187141565634,-11.4555266626421));
#8751=CARTESIAN_POINT('',(0.599288551100201,0.0297503213572632,-11.4638196938731));
#8752=CARTESIAN_POINT('',(0.599556049905053,0.0238744147859354,-11.4652556845397));
#8753=CARTESIAN_POINT('',(0.599827710309474,0.0146996295760707,-11.4670757471701));
#8754=CARTESIAN_POINT('',(0.599896639530711,0.0115812313430385,-11.4676267808187));
#8755=CARTESIAN_POINT('',(0.599980253753805,0.00561151540726681,-11.46855726391));
#8756=CARTESIAN_POINT('',(0.599998047245359,0.00227084350146378,-11.4690077496506));
#8757=CARTESIAN_POINT('',(0.59999981510621,4.93735230748482E-6,-11.4692845459105));
#8758=CARTESIAN_POINT('',(0.648916096723803,-0.0375219857249616,-11.4711564457324));
#8759=CARTESIAN_POINT('',(0.632277222448834,-0.0365598835268857,-11.4711564457324));
#8760=CARTESIAN_POINT('',(0.615638348173864,-0.0355977813288097,-11.4711564457324));
#8761=CARTESIAN_POINT('',(0.598999473898895,-0.0346356791307338,-11.4711564457324));
#8762=CARTESIAN_POINT('',(0.,0.,-11.4711564457324));
#8763=CARTESIAN_POINT('',(0.517652133450947,-0.393111013243948,-11.4711564457324));
#8764=CARTESIAN_POINT('',(0.517652133450947,-0.393111013243948,-11.4217657017921));
#8765=CARTESIAN_POINT('',(0.517652133450947,-0.393111013243948,-11.3723749578518));
#8766=CARTESIAN_POINT('',(0.,0.,-11.3723749578518));
#8767=CARTESIAN_POINT('',(0.645795814235291,-0.0738089853349702,-11.3723749578518));
#8768=CARTESIAN_POINT('',(0.596119213140268,-0.068131371078434,-11.3723749578518));
#8769=CARTESIAN_POINT('',(0.645795814235291,-0.0738089853349702,-11.3723749578518));
#8770=CARTESIAN_POINT('',(0.648295219869558,-0.0519402969989859,-11.3720138631525));
#8771=CARTESIAN_POINT('',(0.649266987996567,-0.0339155975703332,-11.3709461376391));
#8772=CARTESIAN_POINT('',(0.64991153662995,-0.0128244656991725,-11.3682842604387));
#8773=CARTESIAN_POINT('',(0.649984217065734,-0.00678297974886797,-11.3672202722562));
#8774=CARTESIAN_POINT('',(0.650004421679659,0.000790322149104272,-11.3653592463089));
#8775=CARTESIAN_POINT('',(0.649990426540241,0.00513151178522079,-11.3641028501905));
#8776=CARTESIAN_POINT('',(0.649888862117335,0.012583874721319,-11.3612121769702));
#8777=CARTESIAN_POINT('',(0.649808416143807,0.0161398140284466,-11.3595159850033));
#8778=CARTESIAN_POINT('',(0.649299719865933,0.0330668171005305,-11.3497807483852));
#8779=CARTESIAN_POINT('',(0.648525948853753,0.0443477149797987,-11.3370591493437));
#8780=CARTESIAN_POINT('',(0.647662466266494,0.0551949846430837,-11.3157457324107));
#8781=CARTESIAN_POINT('',(0.647422557664588,0.0578440189887618,-11.3080649819641));
#8782=CARTESIAN_POINT('',(0.647171492659726,0.0605884295415571,-11.2947970104539));
#8783=CARTESIAN_POINT('',(0.647090097459309,0.0614370635139831,-11.2865468088104));
#8784=CARTESIAN_POINT('',(0.647059015304875,0.0617626967730933,-11.2766803914674));
#8785=CARTESIAN_POINT('',(0.596119213140268,-0.068131371078434,-11.3723749578518));
#8786=CARTESIAN_POINT('',(0.59842635677994,-0.0479448897363882,-11.3720138631561));
#8787=CARTESIAN_POINT('',(0.599323373535293,-0.0313067054495383,-11.3709461376391));
#8788=CARTESIAN_POINT('',(0.599918341504569,-0.0118379683376977,-11.3682842604387));
#8789=CARTESIAN_POINT('',(0.5999854311376,-0.00626121207587813,-11.3672202722562));
#8790=CARTESIAN_POINT('',(0.600004081550454,0.000729528137634712,-11.3653592463089));
#8791=CARTESIAN_POINT('',(0.599991162960222,0.00473678010943457,-11.3641028501905));
#8792=CARTESIAN_POINT('',(0.599897411185232,0.0116158843581406,-11.3612121769702));
#8793=CARTESIAN_POINT('',(0.599823153363514,0.0148982898724122,-11.3595159850033));
#8794=CARTESIAN_POINT('',(0.599353587568554,0.0305232157851051,-11.3497807483852));
#8795=CARTESIAN_POINT('',(0.598639337403464,0.040936352289045,-11.3370591493437));
#8796=CARTESIAN_POINT('',(0.597842276553686,0.0509492165936157,-11.3157457324107));
#8797=CARTESIAN_POINT('',(0.59762082245962,0.0533944790665494,-11.3080649819641));
#8798=CARTESIAN_POINT('',(0.597389070147439,0.0559277811152835,-11.2947970104539));
#8799=CARTESIAN_POINT('',(0.597313936116313,0.0567111355510855,-11.2865468088197));
#8800=CARTESIAN_POINT('',(0.597285244896808,0.0570117200982399,-11.2766803914674));
#8801=CARTESIAN_POINT('',(0.599999584379755,-2.51048704558124E-6,-11.3655332769864));
#8802=CARTESIAN_POINT('',(0.599997484340774,0.00232381826139919,-11.364844443362));
#8803=CARTESIAN_POINT('',(0.599981702913576,0.00543091786933824,-11.3638111660756));
#8804=CARTESIAN_POINT('',(0.599897411185232,0.0116158843581406,-11.3612121769702));
#8805=CARTESIAN_POINT('',(0.599823153363514,0.0148982898724122,-11.3595159850033));
#8806=CARTESIAN_POINT('',(0.599353587568554,0.0305232157851051,-11.3497807483852));
#8807=CARTESIAN_POINT('',(0.598639337403464,0.040936352289045,-11.3370591493437));
#8808=CARTESIAN_POINT('',(0.597842276553686,0.0509492165936157,-11.3157457324107));
#8809=CARTESIAN_POINT('',(0.59762082245962,0.0533944790665494,-11.3080649819641));
#8810=CARTESIAN_POINT('',(0.597389070147439,0.0559277811152835,-11.2947970104539));
#8811=CARTESIAN_POINT('',(0.597313936116313,0.0567111355510855,-11.2865468088197));
#8812=CARTESIAN_POINT('',(0.597285244896808,0.0570117200982399,-11.2766803914674));
#8813=CARTESIAN_POINT('',(0.597285451756358,0.0570117398432761,-11.2766803914674));
#8814=CARTESIAN_POINT('',(0.647059015304875,0.0617626967730933,-11.2766803914674));
#8815=CARTESIAN_POINT('',(0.597285244896808,0.0570117200982399,-11.2766803914674));
#8816=CARTESIAN_POINT('',(0.647059015304875,0.0617626967730933,-11.2766803914674));
#8817=CARTESIAN_POINT('',(0.647158862219711,0.060716647138435,-11.2318224915661));
#8818=CARTESIAN_POINT('',(0.649287921859342,0.0434110655634554,-11.1962445964699));
#8819=CARTESIAN_POINT('',(0.650029114572016,0.0047019239766026,-11.1677994365835));
#8820=CARTESIAN_POINT('',(0.650047685954193,-0.00393136419260525,-11.1633265607298));
#8821=CARTESIAN_POINT('',(0.649702969210911,-0.021529083523051,-11.1560990514637));
#8822=CARTESIAN_POINT('',(0.649338431472138,-0.0310771427621139,-11.153158555084));
#8823=CARTESIAN_POINT('',(0.648518789840281,-0.0439319466437242,-11.1503245074263));
#8824=CARTESIAN_POINT('',(0.648277879715971,-0.0473213816235332,-11.1496597381479));
#8825=CARTESIAN_POINT('',(0.647993798067693,-0.0510642747290236,-11.1489812404402));
#8826=CARTESIAN_POINT('',(0.647837321803611,-0.0530187190332807,-11.1486622723507));
#8827=CARTESIAN_POINT('',(0.647317799079335,-0.0591302575125921,-11.1477662103755));
#8828=CARTESIAN_POINT('',(0.646904846084509,-0.0635356295677316,-11.1472499587828));
#8829=CARTESIAN_POINT('',(0.645405074680686,-0.0777361822138344,-11.1459445731772));
#8830=CARTESIAN_POINT('',(0.644060306367158,-0.0885169241254241,-11.1453988191741));
#8831=CARTESIAN_POINT('',(0.642172087729918,-0.100573404738022,-11.1451775357264));
#8832=CARTESIAN_POINT('',(0.597285244896808,0.0570117200982399,-11.2766803914674));
#8833=CARTESIAN_POINT('',(0.597377416178186,0.056046084501286,-11.2318201074615));
#8834=CARTESIAN_POINT('',(0.599342697100931,0.040071752827805,-11.1962445964699));
#8835=CARTESIAN_POINT('',(0.600026874989553,0.00434023751686394,-11.1677994365835));
#8836=CARTESIAN_POINT('',(0.600044017803871,-0.00362895156240484,-11.1633265607298));
#8837=CARTESIAN_POINT('',(0.599725817733149,-0.019873000175124,-11.1560990514637));
#8838=CARTESIAN_POINT('',(0.599389321358897,-0.0286865933188743,-11.153158555084));
#8839=CARTESIAN_POINT('',(0.598632729083336,-0.0405525661326685,-11.1503245074263));
#8840=CARTESIAN_POINT('',(0.59841035050705,-0.0436812753447999,-11.1496597381479));
#8841=CARTESIAN_POINT('',(0.598148121293255,-0.0471362535960218,-11.1489812404402));
#8842=CARTESIAN_POINT('',(0.598003681664871,-0.0489403560307207,-11.1486622723507));
#8843=CARTESIAN_POINT('',(0.597524122227079,-0.0545817761654696,-11.1477662103755));
#8844=CARTESIAN_POINT('',(0.59714293484724,-0.0586482734471369,-11.1472499587828));
#8845=CARTESIAN_POINT('',(0.595758530474479,-0.0717564758896932,-11.1459445731772));
#8846=CARTESIAN_POINT('',(0.594517205872506,-0.0817079299930313,-11.1453988191735));
#8847=CARTESIAN_POINT('',(0.592774234827617,-0.0928369889889435,-11.1451775357264));
#8848=CARTESIAN_POINT('',(0.597285244896808,0.0570117200982399,-11.2766803914674));
#8849=CARTESIAN_POINT('',(0.597377416178186,0.056046084501286,-11.2318201074615));
#8850=CARTESIAN_POINT('',(0.599342697100931,0.040071752827805,-11.1962445964699));
#8851=CARTESIAN_POINT('',(0.599959819730585,0.00784223027687103,-11.1705873044674));
#8852=CARTESIAN_POINT('',(0.599998473159296,0.00398392305588258,-11.1680024097696));
#8853=CARTESIAN_POINT('',(0.599999250075357,-6.05552912295033E-8,-11.165687369495));
#8854=CARTESIAN_POINT('',(0.642172087729918,-0.100573404738022,-11.1451775357264));
#8855=CARTESIAN_POINT('',(0.625706136762485,-0.0979945994883294,-11.1451775357264));
#8856=CARTESIAN_POINT('',(0.609240185795051,-0.0954157942386365,-11.1451775357264));
#8857=CARTESIAN_POINT('',(0.592774234827617,-0.0928369889889436,-11.1451775357264));
#8858=CARTESIAN_POINT('',(0.,0.,-11.1451775357264));
#8859=CARTESIAN_POINT('',(0.517652133450947,-0.393111013243948,-11.1451775357264));
#8860=CARTESIAN_POINT('',(0.517652133450947,-0.393111013243948,-11.095786791786));
#8861=CARTESIAN_POINT('',(0.517652133450947,-0.393111013243948,-11.0463960478457));
#8862=CARTESIAN_POINT('',(0.,0.,-11.0463960478457));
#8863=CARTESIAN_POINT('',(0.64694834862569,-0.0629113202094229,-11.0463960478457));
#8864=CARTESIAN_POINT('',(0.597183091039099,-0.0580719878856211,-11.0463960478457));
#8865=CARTESIAN_POINT('',(0.64694834862569,-0.0629113202094229,-11.0463960478457));
#8866=CARTESIAN_POINT('',(0.648676701952399,-0.0451378046190046,-11.0462632133958));
#8867=CARTESIAN_POINT('',(0.64947460550582,-0.0294397028397904,-11.0449332657446));
#8868=CARTESIAN_POINT('',(0.64997166166315,-0.00910103619942576,-11.0411426079028));
#8869=CARTESIAN_POINT('',(0.650038043231775,-0.00404984436206643,-11.0400384261673));
#8870=CARTESIAN_POINT('',(0.649936530309327,0.0121805360072776,-11.0346043446922));
#8871=CARTESIAN_POINT('',(0.649741088020454,0.0194138243153381,-11.0312843734234));
#8872=CARTESIAN_POINT('',(0.648481788340659,0.0511607151562581,-11.0116698644239));
#8873=CARTESIAN_POINT('',(0.647114041884827,0.0611862089171672,-10.9878702115264));
#8874=CARTESIAN_POINT('',(0.647059015304875,0.0617626967730933,-10.9516275579103));
#8875=CARTESIAN_POINT('',(0.597183091039099,-0.0580719878856211,-11.0463960478457));
#8876=CARTESIAN_POINT('',(0.5987784941082,-0.0416656658197074,-11.0462632133959));
#8877=CARTESIAN_POINT('',(0.599515020466911,-0.0271751103136527,-11.0449332657446));
#8878=CARTESIAN_POINT('',(0.599973841535215,-0.00840095649177762,-11.0411426079028));
#8879=CARTESIAN_POINT('',(0.600035116829331,-0.0037383178726767,-11.0400384261673));
#8880=CARTESIAN_POINT('',(0.599941412593225,0.0112435716990254,-11.0346043446922));
#8881=CARTESIAN_POINT('',(0.599761004326573,0.0179204532141582,-11.0312843734234));
#8882=CARTESIAN_POINT('',(0.598598573852916,0.0472252755288536,-11.0116698644239));
#8883=CARTESIAN_POINT('',(0.597336038224212,0.0564795820581105,-10.987869898499));
#8884=CARTESIAN_POINT('',(0.597285244896808,0.0570117200982399,-10.9516275579103));
#8885=CARTESIAN_POINT('',(0.600001544442894,1.15030621395901E-6,-11.0386184904919));
#8886=CARTESIAN_POINT('',(0.600001497567155,0.00118067077121166,-11.0382357388517));
#8887=CARTESIAN_POINT('',(0.599996586928957,0.00242203022472523,-11.037804006182));
#8888=CARTESIAN_POINT('',(0.599941412593225,0.0112435716990254,-11.0346043446922));
#8889=CARTESIAN_POINT('',(0.599761004326573,0.0179204532141582,-11.0312843734234));
#8890=CARTESIAN_POINT('',(0.598598573852916,0.0472252755288536,-11.0116698644239));
#8891=CARTESIAN_POINT('',(0.597336038224212,0.0564795820581105,-10.987869898499));
#8892=CARTESIAN_POINT('',(0.597285244896808,0.0570117200982399,-10.9516275579103));
#8893=CARTESIAN_POINT('',(0.597285244896808,0.0570117200982399,-10.9516275579103));
#8894=CARTESIAN_POINT('',(0.647059015304875,0.0617626967730933,-10.9516275579103));
#8895=CARTESIAN_POINT('',(0.597285244896808,0.0570117200982399,-10.9516275579103));
#8896=CARTESIAN_POINT('',(0.647059015304875,0.0617626967730933,-10.9516275579103));
#8897=CARTESIAN_POINT('',(0.647099053980784,0.0613432302089516,-10.938592844763));
#8898=CARTESIAN_POINT('',(0.647242067424153,0.0598679607332033,-10.927254746569));
#8899=CARTESIAN_POINT('',(0.647690681366091,0.054801896293581,-10.907971782399));
#8900=CARTESIAN_POINT('',(0.648065098077081,0.0504357078025372,-10.8970276110982));
#8901=CARTESIAN_POINT('',(0.648846142755412,0.0391256309677268,-10.8770696061884));
#8902=CARTESIAN_POINT('',(0.649247295542151,0.0322868490580659,-10.8682432298095));
#8903=CARTESIAN_POINT('',(0.649696921783467,0.0202492635128001,-10.8567326043553));
#8904=CARTESIAN_POINT('',(0.649820839121769,0.0159402327261944,-10.8531838857228));
#8905=CARTESIAN_POINT('',(0.649941318618017,0.00903248842479549,-10.8482930425527));
#8906=CARTESIAN_POINT('',(0.649970541246085,0.0066558834838146,-10.8467348006257));
#8907=CARTESIAN_POINT('',(0.650002250579497,0.00175485448631201,-10.8437623950313));
#8908=CARTESIAN_POINT('',(0.650000563977241,-0.00153222890406677,-10.8419558836615));
#8909=CARTESIAN_POINT('',(0.64984964847213,-0.0313710661914832,-10.8264332774701));
#8910=CARTESIAN_POINT('',(0.648376074030164,-0.0756278140456034,-10.8191518097723));
#8911=CARTESIAN_POINT('',(0.635948848297512,-0.134421212422251,-10.8191986257203));
#8912=CARTESIAN_POINT('',(0.597285244896808,0.0570117200982399,-10.9516275579103));
#8913=CARTESIAN_POINT('',(0.597322203674731,0.0566245201911869,-10.9385928447061));
#8914=CARTESIAN_POINT('',(0.597454216083833,0.0552627329844954,-10.927254746569));
#8915=CARTESIAN_POINT('',(0.597868321261007,0.0505863658094594,-10.907971782399));
#8916=CARTESIAN_POINT('',(0.598213936686536,0.0465560379715728,-10.8970276110982));
#8917=CARTESIAN_POINT('',(0.598934901004996,0.0361159670471324,-10.8770696061884));
#8918=CARTESIAN_POINT('',(0.599305195885063,0.0298032452843685,-10.8682432298095));
#8919=CARTESIAN_POINT('',(0.599720235492431,0.0186916278579694,-10.8567326043553));
#8920=CARTESIAN_POINT('',(0.599834620727787,0.0147140609780256,-10.8531838857228));
#8921=CARTESIAN_POINT('',(0.599945832570478,0.00833768162288815,-10.8482930425527));
#8922=CARTESIAN_POINT('',(0.599972807304079,0.0061438924465981,-10.8467348006257));
#8923=CARTESIAN_POINT('',(0.600002077457997,0.00161986567967262,-10.8437623950313));
#8924=CARTESIAN_POINT('',(0.600000520594376,-0.00141436514221548,-10.8419558836615));
#8925=CARTESIAN_POINT('',(0.599861213974274,-0.0289579072536768,-10.8264332774701));
#8926=CARTESIAN_POINT('',(0.598500991410397,-0.0698102898980065,-10.8191518097724));
#8927=CARTESIAN_POINT('',(0.58702970612078,-0.124081119159001,-10.8191986257203));
#8928=CARTESIAN_POINT('',(0.597285244896808,0.0570117200982399,-10.9516275579103));
#8929=CARTESIAN_POINT('',(0.597322203674731,0.0566245201911869,-10.9385928447061));
#8930=CARTESIAN_POINT('',(0.597454216083833,0.0552627329844954,-10.927254746569));
#8931=CARTESIAN_POINT('',(0.597868321261007,0.0505863658094594,-10.907971782399));
#8932=CARTESIAN_POINT('',(0.598213936686536,0.0465560379715728,-10.8970276110982));
#8933=CARTESIAN_POINT('',(0.598934901004996,0.0361159670471324,-10.8770696061884));
#8934=CARTESIAN_POINT('',(0.599305195885063,0.0298032452843685,-10.8682432298095));
#8935=CARTESIAN_POINT('',(0.599720235492431,0.0186916278579694,-10.8567326043553));
#8936=CARTESIAN_POINT('',(0.599834620727787,0.0147140609780256,-10.8531838857228));
#8937=CARTESIAN_POINT('',(0.599945832570478,0.00833768162288815,-10.8482930425527));
#8938=CARTESIAN_POINT('',(0.599972807304079,0.0061438924465981,-10.8467348006257));
#8939=CARTESIAN_POINT('',(0.599995129896173,0.00269368837786724,-10.8444679250292));
#8940=CARTESIAN_POINT('',(0.599998349743766,0.00129242806279124,-10.8435988729399));
#8941=CARTESIAN_POINT('',(0.599999243337376,-2.53009174071273E-6,-10.8428131758832));
#8942=CARTESIAN_POINT('',(0.635948848297512,-0.134421212422251,-10.8191986257203));
#8943=CARTESIAN_POINT('',(0.619642467571935,-0.130974514667834,-10.8191986257203));
#8944=CARTESIAN_POINT('',(0.603336086846358,-0.127527816913418,-10.8191986257203));
#8945=CARTESIAN_POINT('',(0.58702970612078,-0.124081119159001,-10.8191986257203));
#8946=CARTESIAN_POINT('',(0.,0.,-10.8191986257203));
#8947=CARTESIAN_POINT('',(0.517652133450947,-0.393111013243948,-10.8191986257203));
#8948=CARTESIAN_POINT('',(0.517652133450947,-0.393111013243948,-10.76980788178));
#8949=CARTESIAN_POINT('',(0.517652133450947,-0.393111013243948,-10.7204171378397));
#8950=CARTESIAN_POINT('',(0.,0.,0.));
#8951=CARTESIAN_POINT('',(0.,0.,-10.7204171378397));
#8952=CARTESIAN_POINT('',(0.,0.,-10.7204171378397));
#8953=CARTESIAN_POINT('',(0.597072082958686,-0.256914242017402,-12.0891581292854));
#8954=CARTESIAN_POINT('',(0.57518103539083,-0.307789324951115,-12.0723172340364));
#8955=CARTESIAN_POINT('',(0.552761685882607,-0.343129496987868,-12.0435051382355));
#8956=CARTESIAN_POINT('',(0.521221126130585,-0.389373690377373,-11.9618046159676));
#8957=CARTESIAN_POINT('',(0.51202838250171,-0.400409012460166,-11.9089383553892));
#8958=CARTESIAN_POINT('',(0.511618419976464,-0.400932154286466,-11.8440565624817));
#8959=CARTESIAN_POINT('',(0.551143461192633,-0.237151608016063,-12.0891581292854));
#8960=CARTESIAN_POINT('',(0.530936728197677,-0.284112321693709,-12.0723175572651));
#8961=CARTESIAN_POINT('',(0.510241556199329,-0.316734920296494,-12.0435051382355));
#8962=CARTESIAN_POINT('',(0.481127193351309,-0.359421868040652,-11.9618046159676));
#8963=CARTESIAN_POINT('',(0.472641583982063,-0.369608319022583,-11.9089383784205));
#8964=CARTESIAN_POINT('',(0.472263156901351,-0.370091219341353,-11.8440565624817));
#8965=CARTESIAN_POINT('',(0.597072082958686,-0.256914242017402,-12.0891581292854));
#8966=CARTESIAN_POINT('',(0.551143461192633,-0.237151608016063,-12.0891581292854));
#8967=CARTESIAN_POINT('',(0.511618419976464,-0.400932154286466,-11.8440565624817));
#8968=CARTESIAN_POINT('',(0.472263156901351,-0.370091219341353,-11.8440565624817));
#8969=CARTESIAN_POINT('',(0.511618419976464,-0.400932154286466,-11.8440565624817));
#8970=CARTESIAN_POINT('',(0.511935440315032,-0.400527613410948,-11.8221864073054));
#8971=CARTESIAN_POINT('',(0.512873316663374,-0.399333600704302,-11.803395740891));
#8972=CARTESIAN_POINT('',(0.515186384843187,-0.396338970795702,-11.7798289756472));
#8973=CARTESIAN_POINT('',(0.516394765367187,-0.394768331855592,-11.7703021310494));
#8974=CARTESIAN_POINT('',(0.519252815040894,-0.391001411259328,-11.7523391478766));
#8975=CARTESIAN_POINT('',(0.520794242507919,-0.388953133936692,-11.7442386405006));
#8976=CARTESIAN_POINT('',(0.526756065058258,-0.380884210277382,-11.7180207463054));
#8977=CARTESIAN_POINT('',(0.531751289143531,-0.373962950192148,-11.7017580527234));
#8978=CARTESIAN_POINT('',(0.543419699687959,-0.356795111532193,-11.6716644706554));
#8979=CARTESIAN_POINT('',(0.550520465487573,-0.345835964093551,-11.657089833374));
#8980=CARTESIAN_POINT('',(0.564146785731618,-0.323131089698675,-11.6333473590895));
#8981=CARTESIAN_POINT('',(0.571350485131716,-0.310350354652646,-11.6230491530384));
#8982=CARTESIAN_POINT('',(0.582338747742769,-0.288870667861417,-11.6099613905988));
#8983=CARTESIAN_POINT('',(0.586030929617856,-0.281326100134304,-11.6059920608917));
#8984=CARTESIAN_POINT('',(0.591553447680061,-0.269413575770079,-11.6006279529902));
#8985=CARTESIAN_POINT('',(0.593391593665499,-0.265343477077207,-11.5989382314663));
#8986=CARTESIAN_POINT('',(0.597051697757286,-0.257001973660604,-11.5957554173048));
#8987=CARTESIAN_POINT('',(0.599253050630396,-0.251812955749163,-11.5939696718161));
#8988=CARTESIAN_POINT('',(0.612112191701864,-0.220711577946886,-11.584050543728));
#8989=CARTESIAN_POINT('',(0.624245915216834,-0.186200458390739,-11.5792889933591));
#8990=CARTESIAN_POINT('',(0.633798443398409,-0.144220432483592,-11.5785813138025));
#8991=CARTESIAN_POINT('',(0.472263156901351,-0.370091219341353,-11.8440565624817));
#8992=CARTESIAN_POINT('',(0.472555791060572,-0.369717796994028,-11.8221864072648));
#8993=CARTESIAN_POINT('',(0.473421523073884,-0.368615631419356,-11.803395740891));
#8994=CARTESIAN_POINT('',(0.475556662932172,-0.365851357657571,-11.7798289756472));
#8995=CARTESIAN_POINT('',(0.476672091108173,-0.364401537097469,-11.7703021310494));
#8996=CARTESIAN_POINT('',(0.479310290806979,-0.360924379623995,-11.7523391478766));
#8997=CARTESIAN_POINT('',(0.480733146930386,-0.359033662095408,-11.7442386405006));
#8998=CARTESIAN_POINT('',(0.486236367746085,-0.351585424871429,-11.7180207463054));
#8999=CARTESIAN_POINT('',(0.490847343824798,-0.345196569408136,-11.7017580527234));
#9000=CARTESIAN_POINT('',(0.501618184327347,-0.329349333722024,-11.6716644706554));
#9001=CARTESIAN_POINT('',(0.508172737373145,-0.319233197624816,-11.657089833374));
#9002=CARTESIAN_POINT('',(0.520750879136879,-0.298274852029547,-11.6333473590895));
#9003=CARTESIAN_POINT('',(0.527400447813892,-0.286477250448596,-11.6230491530384));
#9004=CARTESIAN_POINT('',(0.537543459454864,-0.266649847256692,-11.6099613905988));
#9005=CARTESIAN_POINT('',(0.540951627339559,-0.259685630893204,-11.6059920608917));
#9006=CARTESIAN_POINT('',(0.546049336320056,-0.248689454556996,-11.6006279529902));
#9007=CARTESIAN_POINT('',(0.547746086460461,-0.244932440378961,-11.5989382314663));
#9008=CARTESIAN_POINT('',(0.551124644083648,-0.237232591071327,-11.5957554173048));
#9009=CARTESIAN_POINT('',(0.553156662120366,-0.232442728383843,-11.5939696718161));
#9010=CARTESIAN_POINT('',(0.565026638494028,-0.203733764258664,-11.584050543728));
#9011=CARTESIAN_POINT('',(0.57622699896972,-0.171877344853166,-11.5792889933344));
#9012=CARTESIAN_POINT('',(0.585044716983146,-0.133126553061777,-11.5785813138025));
#9013=CARTESIAN_POINT('',(0.633798443398409,-0.144220432483592,-11.5785813138025));
#9014=CARTESIAN_POINT('',(0.585044716983146,-0.133126553061777,-11.5785813138025));
#9015=CARTESIAN_POINT('',(0.633798443398409,-0.144220432483592,-11.5785813138025));
#9016=CARTESIAN_POINT('',(0.638850885046065,-0.122016715600337,-11.5789456506222));
#9017=CARTESIAN_POINT('',(0.64193477880764,-0.103217651989143,-11.5800252180486));
#9018=CARTESIAN_POINT('',(0.645044224750218,-0.0804766059027828,-11.5827177695981));
#9019=CARTESIAN_POINT('',(0.646166907838944,-0.0710772029405596,-11.5841826954737));
#9020=CARTESIAN_POINT('',(0.647910850751174,-0.0528693771751266,-11.5877148065846));
#9021=CARTESIAN_POINT('',(0.648544367287867,-0.04443522974887,-11.5896584919926));
#9022=CARTESIAN_POINT('',(0.650038766330506,-0.0169335820820848,-11.5971815235888));
#9023=CARTESIAN_POINT('',(0.650218459164884,0.000282234299646296,-11.6036922342913));
#9024=CARTESIAN_POINT('',(0.649552037036079,0.0255574305441426,-11.61646683983));
#9025=CARTESIAN_POINT('',(0.649176344244629,0.0335992305051195,-11.6211036364556));
#9026=CARTESIAN_POINT('',(0.648202703183097,0.048908995118312,-11.6311344192655));
#9027=CARTESIAN_POINT('',(0.647649450229425,0.0557185404035994,-11.6361437399969));
#9028=CARTESIAN_POINT('',(0.644072978050679,0.0924113465969815,-11.6669299720805));
#9029=CARTESIAN_POINT('',(0.640001868258285,0.114502691384474,-11.6968378208187));
#9030=CARTESIAN_POINT('',(0.636384271497066,0.132394817111255,-11.7386814812251));
#9031=CARTESIAN_POINT('',(0.635724546836444,0.135505105198324,-11.7472923744244));
#9032=CARTESIAN_POINT('',(0.634861224621648,0.13947422241477,-11.7605719559001));
#9033=CARTESIAN_POINT('',(0.634594398574682,0.140681199119861,-11.7650590233382));
#9034=CARTESIAN_POINT('',(0.634228542913814,0.142318192707264,-11.7718804349145));
#9035=CARTESIAN_POINT('',(0.634112315646806,0.142834944396424,-11.7741693738432));
#9036=CARTESIAN_POINT('',(0.633891732708382,0.143810713786034,-11.7787775218402));
#9037=CARTESIAN_POINT('',(0.633762186898743,0.144380047490253,-11.7816953365305));
#9038=CARTESIAN_POINT('',(0.633104806874375,0.147258933495701,-11.7973169831778));
#9039=CARTESIAN_POINT('',(0.632732703743444,0.148827703073867,-11.8157762238172));
#9040=CARTESIAN_POINT('',(0.63259486441945,0.14941130315387,-11.838808795938));
#9041=CARTESIAN_POINT('',(0.585044716983146,-0.133126553061777,-11.5785813138025));
#9042=CARTESIAN_POINT('',(0.589708509228487,-0.112630814597209,-11.5789456506187));
#9043=CARTESIAN_POINT('',(0.592555180437821,-0.0952778326053627,-11.5800252180486));
#9044=CARTESIAN_POINT('',(0.59542543823097,-0.0742860977564149,-11.5827177695981));
#9045=CARTESIAN_POINT('',(0.596461761082102,-0.0656097257912858,-11.5841826954737));
#9046=CARTESIAN_POINT('',(0.598071554539546,-0.0488025020078091,-11.5877148065846));
#9047=CARTESIAN_POINT('',(0.598656339034954,-0.0410171351528031,-11.5896584919926));
#9048=CARTESIAN_POINT('',(0.600035784305082,-0.0156309988450013,-11.5971815235888));
#9049=CARTESIAN_POINT('',(0.600201654613739,0.000260523968904276,-11.6036922342913));
#9050=CARTESIAN_POINT('',(0.599586495725612,0.0235914743484393,-11.61646683983));
#9051=CARTESIAN_POINT('',(0.599239702379658,0.031014674312418,-11.6211036364556));
#9052=CARTESIAN_POINT('',(0.598340956784397,0.0451467647245957,-11.6311344192655));
#9053=CARTESIAN_POINT('',(0.597830261750238,0.0514324988340917,-11.6361437399969));
#9054=CARTESIAN_POINT('',(0.594528902816011,0.0853027814741367,-11.6669299720805));
#9055=CARTESIAN_POINT('',(0.59077095531534,0.105694792047207,-11.6968378208187));
#9056=CARTESIAN_POINT('',(0.587431635228061,0.122210600410389,-11.7386814812251));
#9057=CARTESIAN_POINT('',(0.586822658618256,0.125081635567684,-11.7472923744244));
#9058=CARTESIAN_POINT('',(0.586025745804598,0.128745436075173,-11.7605719559001));
#9059=CARTESIAN_POINT('',(0.585779444838168,0.129859568418333,-11.7650590233382));
#9060=CARTESIAN_POINT('',(0.585441731920443,0.13137063942209,-11.7718804349145));
#9061=CARTESIAN_POINT('',(0.585334445212436,0.131847640981314,-11.7741693738432));
#9062=CARTESIAN_POINT('',(0.585130830192353,0.132748351187109,-11.7787775218402));
#9063=CARTESIAN_POINT('',(0.585011249444993,0.133273889991003,-11.7816953365305));
#9064=CARTESIAN_POINT('',(0.584404437114808,0.135931323226801,-11.7973169831778));
#9065=CARTESIAN_POINT('',(0.584060957301921,0.137379418220847,-11.8157762237666));
#9066=CARTESIAN_POINT('',(0.583933721002569,0.137918125988188,-11.838808795938));
#9067=CARTESIAN_POINT('',(0.60000155700071,1.15942896210974E-6,-11.6042898051675));
#9068=CARTESIAN_POINT('',(0.60000205125428,0.00532868766011671,-11.6067143376574));
#9069=CARTESIAN_POINT('',(0.599929284451144,0.0105906270870166,-11.6093483687548));
#9070=CARTESIAN_POINT('',(0.599586495725612,0.0235914743484393,-11.61646683983));
#9071=CARTESIAN_POINT('',(0.599239702379658,0.031014674312418,-11.6211036364556));
#9072=CARTESIAN_POINT('',(0.598340956784397,0.0451467647245957,-11.6311344192655));
#9073=CARTESIAN_POINT('',(0.597830261750238,0.0514324988340917,-11.6361437399969));
#9074=CARTESIAN_POINT('',(0.594528902816011,0.0853027814741367,-11.6669299720805));
#9075=CARTESIAN_POINT('',(0.59077095531534,0.105694792047207,-11.6968378208187));
#9076=CARTESIAN_POINT('',(0.587431635228061,0.122210600410389,-11.7386814812251));
#9077=CARTESIAN_POINT('',(0.586822658618256,0.125081635567684,-11.7472923744244));
#9078=CARTESIAN_POINT('',(0.586025745804598,0.128745436075173,-11.7605719559001));
#9079=CARTESIAN_POINT('',(0.585779444838168,0.129859568418333,-11.7650590233382));
#9080=CARTESIAN_POINT('',(0.585441731920443,0.13137063942209,-11.7718804349145));
#9081=CARTESIAN_POINT('',(0.585334445212436,0.131847640981314,-11.7741693738432));
#9082=CARTESIAN_POINT('',(0.585130830192353,0.132748351187109,-11.7787775218402));
#9083=CARTESIAN_POINT('',(0.585011249444993,0.133273889991003,-11.7816953365305));
#9084=CARTESIAN_POINT('',(0.584404437114808,0.135931323226801,-11.7973169831778));
#9085=CARTESIAN_POINT('',(0.584060957301921,0.137379418220847,-11.8157762237666));
#9086=CARTESIAN_POINT('',(0.583933721002569,0.137918125988188,-11.838808795938));
#9087=CARTESIAN_POINT('',(0.583933721002569,0.137918125988188,-11.838808795938));
#9088=CARTESIAN_POINT('',(0.63259486441945,0.14941130315387,-11.838808795938));
#9089=CARTESIAN_POINT('',(0.583933721002569,0.137918125988188,-11.838808795938));
#9090=CARTESIAN_POINT('',(0.63259486441945,0.14941130315387,-11.838808795938));
#9091=CARTESIAN_POINT('',(0.632719717051258,0.148882687634,-11.859933411233));
#9092=CARTESIAN_POINT('',(0.633119079760618,0.147202916513652,-11.8783314636127));
#9093=CARTESIAN_POINT('',(0.63408853271231,0.142947016861189,-11.9018386957378));
#9094=CARTESIAN_POINT('',(0.634573623953131,0.140795801616249,-11.9110308122579));
#9095=CARTESIAN_POINT('',(0.635709902478471,0.135573086785634,-11.9284451437098));
#9096=CARTESIAN_POINT('',(0.636335404111026,0.132631883451988,-11.9365146023153));
#9097=CARTESIAN_POINT('',(0.638559659598069,0.121644618732832,-11.9614481414182));
#9098=CARTESIAN_POINT('',(0.640267386852796,0.112594007867998,-11.9768949050332));
#9099=CARTESIAN_POINT('',(0.643694447024237,0.090979097298488,-12.0054372406896));
#9100=CARTESIAN_POINT('',(0.645482734852958,0.0777179151488414,-12.0191108680914));
#9101=CARTESIAN_POINT('',(0.648186103809115,0.0504262843871705,-12.0417947098791));
#9102=CARTESIAN_POINT('',(0.649243376591038,0.0353903844294782,-12.0515566370213));
#9103=CARTESIAN_POINT('',(0.649962442006515,0.010778883071865,-12.0638295371071));
#9104=CARTESIAN_POINT('',(0.650047505800225,0.00205082886268687,-12.0675735719666));
#9105=CARTESIAN_POINT('',(0.64989579460955,-0.0141923164049987,-12.0736445459018));
#9106=CARTESIAN_POINT('',(0.649664640985628,-0.0226708573593755,-12.0763729804918));
#9107=CARTESIAN_POINT('',(0.648808053329581,-0.0403264609787846,-12.0812157449168));
#9108=CARTESIAN_POINT('',(0.648078620187198,-0.0505251390012067,-12.0835201669348));
#9109=CARTESIAN_POINT('',(0.646707806528472,-0.0657852611909793,-12.0864154364176));
#9110=CARTESIAN_POINT('',(0.645845402335391,-0.0738775466516056,-12.0876500539898));
#9111=CARTESIAN_POINT('',(0.642569175107699,-0.0995065709865655,-12.0907148551991));
#9112=CARTESIAN_POINT('',(0.639471654924038,-0.118399580686368,-12.0919059443531));
#9113=CARTESIAN_POINT('',(0.634975148657777,-0.13894804995765,-12.0922450507817));
#9114=CARTESIAN_POINT('',(0.583933721002569,0.137918125988188,-11.838808795938));
#9115=CARTESIAN_POINT('',(0.584048969586148,0.137430173199044,-11.8599334113011));
#9116=CARTESIAN_POINT('',(0.584417612086724,0.135879615243371,-11.8783314636127));
#9117=CARTESIAN_POINT('',(0.58531249173444,0.131951092487252,-11.9018386957378));
#9118=CARTESIAN_POINT('',(0.585760268264429,0.129965355338076,-11.9110308122579));
#9119=CARTESIAN_POINT('',(0.586809140749358,0.125144387802123,-11.9284451437098));
#9120=CARTESIAN_POINT('',(0.587386526871716,0.122429430878758,-11.9365146023153));
#9121=CARTESIAN_POINT('',(0.589439685782833,0.112287340368768,-11.9614481414182));
#9122=CARTESIAN_POINT('',(0.591016049402581,0.10393293033969,-11.9768949050332));
#9123=CARTESIAN_POINT('',(0.594179489560834,0.0839807051986043,-12.0054372406896));
#9124=CARTESIAN_POINT('',(0.595830216787346,0.0717396139835459,-12.0191108680914));
#9125=CARTESIAN_POINT('',(0.598325634285336,0.0465473394343112,-12.0417947098791));
#9126=CARTESIAN_POINT('',(0.599301578391727,0.0326680471656722,-12.0515566370213));
#9127=CARTESIAN_POINT('',(0.599965331082937,0.00994973822018306,-12.0638295371071));
#9128=CARTESIAN_POINT('',(0.6000438515079,0.00189307279632634,-12.0675735719666));
#9129=CARTESIAN_POINT('',(0.599903810408815,-0.0131005997584604,-12.0736445459018));
#9130=CARTESIAN_POINT('',(0.599690437832888,-0.0209269452548082,-12.0763729804918));
#9131=CARTESIAN_POINT('',(0.598899741534998,-0.0372244255188781,-12.0812157449168));
#9132=CARTESIAN_POINT('',(0.598226418634336,-0.0466385898472677,-12.0835201669348));
#9133=CARTESIAN_POINT('',(0.596961052180128,-0.0607248564839809,-12.0864154364176));
#9134=CARTESIAN_POINT('',(0.59616498677113,-0.0681946584476359,-12.0876500539898));
#9135=CARTESIAN_POINT('',(0.593140777022491,-0.0918522193722143,-12.0907148551991));
#9136=CARTESIAN_POINT('',(0.590281527598462,-0.109291920742,-12.091905944355));
#9137=CARTESIAN_POINT('',(0.586130906453333,-0.128259738422446,-12.0922450507817));
#9138=CARTESIAN_POINT('',(0.583933721002569,0.137918125988188,-11.838808795938));
#9139=CARTESIAN_POINT('',(0.584048969586148,0.137430173199044,-11.8599334113011));
#9140=CARTESIAN_POINT('',(0.584417612086724,0.135879615243371,-11.8783314636127));
#9141=CARTESIAN_POINT('',(0.58531249173444,0.131951092487252,-11.9018386957378));
#9142=CARTESIAN_POINT('',(0.585760268264429,0.129965355338076,-11.9110308122579));
#9143=CARTESIAN_POINT('',(0.586809140749358,0.125144387802123,-11.9284451437098));
#9144=CARTESIAN_POINT('',(0.587386526871716,0.122429430878758,-11.9365146023153));
#9145=CARTESIAN_POINT('',(0.589439685782833,0.112287340368768,-11.9614481414182));
#9146=CARTESIAN_POINT('',(0.591016049402581,0.10393293033969,-11.9768949050332));
#9147=CARTESIAN_POINT('',(0.594179489560834,0.0839807051986043,-12.0054372406896));
#9148=CARTESIAN_POINT('',(0.595830216787346,0.0717396139835459,-12.0191108680914));
#9149=CARTESIAN_POINT('',(0.598325634285336,0.0465473394343112,-12.0417947098791));
#9150=CARTESIAN_POINT('',(0.599301578391727,0.0326680471656722,-12.0515566370213));
#9151=CARTESIAN_POINT('',(0.599911070343094,0.0118069242891765,-12.0628262468041));
#9152=CARTESIAN_POINT('',(0.599996753419454,0.00581568721846287,-12.0657162918538));
#9153=CARTESIAN_POINT('',(0.599999315595621,-1.71858076052786E-6,-12.0682549194443));
#9154=CARTESIAN_POINT('',(0.634975148657777,-0.13894804995765,-12.0922450507817));
#9155=CARTESIAN_POINT('',(0.586130906453333,-0.128259738422446,-12.0922450507817));
#9156=CARTESIAN_POINT('',(0.634975148657777,-0.13894804995765,-12.0922450507817));
#9157=CARTESIAN_POINT('',(0.63317147769852,-0.147190599859093,-12.092090704696));
#9158=CARTESIAN_POINT('',(0.631207293361728,-0.155398023361846,-12.0919363586429));
#9159=CARTESIAN_POINT('',(0.629084083854867,-0.163564101930965,-12.0917820125572));
#9160=CARTESIAN_POINT('',(0.586130906453333,-0.128259738422446,-12.0922450507817));
#9161=CARTESIAN_POINT('',(0.584465979414025,-0.135868246023747,-12.092090704696));
#9162=CARTESIAN_POINT('',(0.582652886180048,-0.14344432925712,-12.0919363586429));
#9163=CARTESIAN_POINT('',(0.580693000481415,-0.150982247936276,-12.0917820125572));
#9164=CARTESIAN_POINT('',(0.629084083854867,-0.163564101930965,-12.0917820125572));
#9165=CARTESIAN_POINT('',(0.612953722730383,-0.159370150599402,-12.0917820125572));
#9166=CARTESIAN_POINT('',(0.596823361605899,-0.155176199267839,-12.0917820125572));
#9167=CARTESIAN_POINT('',(0.580693000481415,-0.150982247936276,-12.0917820125572));
#9168=CARTESIAN_POINT('',(0.629084083854867,-0.163564101930965,-11.8845724071202));
#9169=CARTESIAN_POINT('',(0.629084083854867,-0.163564101930965,-11.6773628016831));
#9170=CARTESIAN_POINT('',(0.580693000481415,-0.150982247936276,-11.6773628016831));
#9171=CARTESIAN_POINT('',(0.629084083854867,-0.163564101930965,-11.6773628016831));
#9172=CARTESIAN_POINT('',(0.625660729568785,-0.176730668856997,-11.6784816301823));
#9173=CARTESIAN_POINT('',(0.622133006294876,-0.188614757141689,-11.6800652595804));
#9174=CARTESIAN_POINT('',(0.616991934585383,-0.204578111463242,-11.6831381667458));
#9175=CARTESIAN_POINT('',(0.615302675109337,-0.209588795307071,-11.684278698439));
#9176=CARTESIAN_POINT('',(0.61283771639955,-0.216647512418047,-11.6861638399358));
#9177=CARTESIAN_POINT('',(0.612027509373329,-0.218924204040685,-11.6868212777609));
#9178=CARTESIAN_POINT('',(0.61043486227741,-0.223326573118666,-11.6881942680635));
#9179=CARTESIAN_POINT('',(0.609898373722009,-0.224793989631927,-11.6886708259676));
#9180=CARTESIAN_POINT('',(0.604837189392263,-0.238339671524291,-11.6935888478531));
#9181=CARTESIAN_POINT('',(0.600807815682809,-0.248246447022227,-11.6983737694019));
#9182=CARTESIAN_POINT('',(0.593038746851517,-0.266273120268439,-11.7096446205805));
#9183=CARTESIAN_POINT('',(0.589543981263557,-0.273883760368327,-11.7156159776729));
#9184=CARTESIAN_POINT('',(0.582067720717201,-0.289433219476727,-11.731317990088));
#9185=CARTESIAN_POINT('',(0.578629463955712,-0.296193711080838,-11.73985617396));
#9186=CARTESIAN_POINT('',(0.574071843101083,-0.304880651598136,-11.7536942162648));
#9187=CARTESIAN_POINT('',(0.57265212169179,-0.307533901593679,-11.7584786914491));
#9188=CARTESIAN_POINT('',(0.570031100250347,-0.3123653275492,-11.76839123065));
#9189=CARTESIAN_POINT('',(0.568681864458892,-0.314808885089286,-11.7742424634935));
#9190=CARTESIAN_POINT('',(0.5640007989849,-0.323206207047483,-11.7971259115224));
#9191=CARTESIAN_POINT('',(0.56186226643812,-0.326819967945173,-11.8193862102972));
#9192=CARTESIAN_POINT('',(0.561506820782839,-0.327429519460828,-11.8456000232298));
#9193=CARTESIAN_POINT('',(0.580693000481415,-0.150982247936276,-11.6773628016831));
#9194=CARTESIAN_POINT('',(0.577532981331784,-0.163136001285826,-11.6784816301146));
#9195=CARTESIAN_POINT('',(0.57427662119527,-0.174105929669251,-11.6800652595804));
#9196=CARTESIAN_POINT('',(0.569531016540353,-0.188841333658377,-11.6831381667458));
#9197=CARTESIAN_POINT('',(0.567971700100926,-0.19346658028345,-11.684278698439));
#9198=CARTESIAN_POINT('',(0.565696353599585,-0.199982319155121,-11.6861638399358));
#9199=CARTESIAN_POINT('',(0.564948470190765,-0.20208388065294,-11.6868212777609));
#9200=CARTESIAN_POINT('',(0.563478334409917,-0.206147605955692,-11.6881942680635));
#9201=CARTESIAN_POINT('',(0.562983114204931,-0.207502144275625,-11.6886708259676));
#9202=CARTESIAN_POINT('',(0.558311251746704,-0.220005850637807,-11.6935888478531));
#9203=CARTESIAN_POINT('',(0.554591829861054,-0.229150566482056,-11.6983737694019));
#9204=CARTESIAN_POINT('',(0.547420381709092,-0.245790572555482,-11.7096446205805));
#9205=CARTESIAN_POINT('',(0.544194444243283,-0.252815778801532,-11.7156159776729));
#9206=CARTESIAN_POINT('',(0.537293280662031,-0.267169125670825,-11.731317990088));
#9207=CARTESIAN_POINT('',(0.534119505189888,-0.273409579459235,-11.73985617396));
#9208=CARTESIAN_POINT('',(0.529912470554846,-0.281428293782894,-11.7536942162648));
#9209=CARTESIAN_POINT('',(0.528601958484729,-0.283877447624935,-11.7584786914491));
#9210=CARTESIAN_POINT('',(0.526182554077243,-0.28833722543003,-11.76839123065));
#9211=CARTESIAN_POINT('',(0.524937105654362,-0.290592817005495,-11.7742424634935));
#9212=CARTESIAN_POINT('',(0.520616122139908,-0.298344191120754,-11.7971259115224));
#9213=CARTESIAN_POINT('',(0.518642092112882,-0.301679970383222,-11.8193862090064));
#9214=CARTESIAN_POINT('',(0.518313988414928,-0.302242633348457,-11.8456000232298));
#9215=CARTESIAN_POINT('',(0.561506820782839,-0.327429519460828,-11.8456000232298));
#9216=CARTESIAN_POINT('',(0.518313988414928,-0.302242633348457,-11.8456000232298));
#9217=CARTESIAN_POINT('',(0.561506820782839,-0.327429519460828,-11.8456000232298));
#9218=CARTESIAN_POINT('',(0.561668989343459,-0.327151417617554,-11.8552161657814));
#9219=CARTESIAN_POINT('',(0.561943791156055,-0.326679916397755,-11.8638084111203));
#9220=CARTESIAN_POINT('',(0.562522749460737,-0.325681292659334,-11.8751609332625));
#9221=CARTESIAN_POINT('',(0.562743509378756,-0.325299845277829,-11.8786891330015));
#9222=CARTESIAN_POINT('',(0.563115865960912,-0.324654559762398,-11.8835974711474));
#9223=CARTESIAN_POINT('',(0.563246853089888,-0.324427278189224,-11.8851695902856));
#9224=CARTESIAN_POINT('',(0.56352247565001,-0.323948291840247,-11.8881858414078));
#9225=CARTESIAN_POINT('',(0.563605846261969,-0.323803385931347,-11.8890715324772));
#9226=CARTESIAN_POINT('',(0.565519925972684,-0.320466698627908,-11.9065187463705));
#9227=CARTESIAN_POINT('',(0.568174238650241,-0.315804927481795,-11.9206603848123));
#9228=CARTESIAN_POINT('',(0.573454071579117,-0.306045923369718,-11.9400551907751));
#9229=CARTESIAN_POINT('',(0.575472898934157,-0.302249819152846,-11.9461781007241));
#9230=CARTESIAN_POINT('',(0.578841441130658,-0.29571707538826,-11.9548494275898));
#9231=CARTESIAN_POINT('',(0.580020857935699,-0.293399674628477,-11.9576543635354));
#9232=CARTESIAN_POINT('',(0.582483019490352,-0.288480669574174,-11.9630932227407));
#9233=CARTESIAN_POINT('',(0.584098837469076,-0.28519076851014,-11.9663658825473));
#9234=CARTESIAN_POINT('',(0.589077897341639,-0.274901533065272,-11.9759142843956));
#9235=CARTESIAN_POINT('',(0.594555433805429,-0.263213640088977,-11.9839492722575));
#9236=CARTESIAN_POINT('',(0.60090735085957,-0.247811129053829,-11.9923831403774));
#9237=CARTESIAN_POINT('',(0.518313988414928,-0.302242633348457,-11.8456000232298));
#9238=CARTESIAN_POINT('',(0.518463682470909,-0.301985923954624,-11.855216165783));
#9239=CARTESIAN_POINT('',(0.518717345682512,-0.301550692059466,-11.8638084111203));
#9240=CARTESIAN_POINT('',(0.519251768732988,-0.300628885531693,-11.8751609332625));
#9241=CARTESIAN_POINT('',(0.519455547118852,-0.300276780256458,-11.8786891330015));
#9242=CARTESIAN_POINT('',(0.519799260886996,-0.299681132088367,-11.8835974711474));
#9243=CARTESIAN_POINT('',(0.519920172082973,-0.29947133371313,-11.8851695902856));
#9244=CARTESIAN_POINT('',(0.520174592907701,-0.29902919246792,-11.8881858414078));
#9245=CARTESIAN_POINT('',(0.520251550395664,-0.298895433167397,-11.8890715324772));
#9246=CARTESIAN_POINT('',(0.522018393205554,-0.295815414118069,-11.9065187463705));
#9247=CARTESIAN_POINT('',(0.524468527984838,-0.291512240752426,-11.9206603848123));
#9248=CARTESIAN_POINT('',(0.529342219919185,-0.282503929264355,-11.9400551907751));
#9249=CARTESIAN_POINT('',(0.531205752862298,-0.278999833064166,-11.9461781007241));
#9250=CARTESIAN_POINT('',(0.5343151764283,-0.272969608050701,-11.9548494275898));
#9251=CARTESIAN_POINT('',(0.535403868863723,-0.270830468887825,-11.9576543635354));
#9252=CARTESIAN_POINT('',(0.537676633375709,-0.266289848837699,-11.9630932227407));
#9253=CARTESIAN_POINT('',(0.539168157663762,-0.263253017086283,-11.9663658825473));
#9254=CARTESIAN_POINT('',(0.543764212930743,-0.25375526129102,-11.9759142843956));
#9255=CARTESIAN_POINT('',(0.548820421152796,-0.242966386769342,-11.9839493020572));
#9256=CARTESIAN_POINT('',(0.554683708485757,-0.228748734511227,-11.9923831403774));
#9257=CARTESIAN_POINT('',(0.60090735085957,-0.247811129053829,-11.9923831403774));
#9258=CARTESIAN_POINT('',(0.554683708485757,-0.228748734511227,-11.9923831403774));
#9259=CARTESIAN_POINT('',(0.,0.,0.));
#9260=CARTESIAN_POINT('',(0.600002226964098,7.12991188801467E-8,-11.9690923053733));
#9261=CARTESIAN_POINT('',(0.600010055189571,0.00436876858101894,-11.9659059613727));
#9262=CARTESIAN_POINT('',(0.599964691202636,0.00831969561978612,-11.962408392704));
#9263=CARTESIAN_POINT('',(0.599848108206345,0.0134998918984289,-11.9571922353199));
#9264=CARTESIAN_POINT('',(0.599848108206345,0.0134998918984289,-11.9571922353199));
#9265=CARTESIAN_POINT('',(0.597285244896808,0.0570117200982405,-11.8383457577136));
#9266=CARTESIAN_POINT('',(0.597308318234689,0.0567699914809817,-11.8270070402476));
#9267=CARTESIAN_POINT('',(0.597382426289901,0.0559994697965964,-11.8165048331244));
#9268=CARTESIAN_POINT('',(0.597560927304495,0.0540496449883737,-11.8020062881369));
#9269=CARTESIAN_POINT('',(0.597631519055864,0.0532673509148876,-11.7973825674137));
#9270=CARTESIAN_POINT('',(0.597791767198403,0.0514377907021721,-11.7885533811795));
#9271=CARTESIAN_POINT('',(0.597862310257242,0.0506227785446814,-11.7851345548754));
#9272=CARTESIAN_POINT('',(0.598210953926496,0.0463862645315618,-11.7707856235391));
#9273=CARTESIAN_POINT('',(0.598483853840178,0.0428412004796559,-11.7617131914723));
#9274=CARTESIAN_POINT('',(0.59903376405479,0.0343051204382031,-11.7445553716535));
#9275=CARTESIAN_POINT('',(0.599292468198742,0.0297791283282831,-11.7370878248266));
#9276=CARTESIAN_POINT('',(0.599779021196688,0.0174179406381735,-11.7206684117875));
#9277=CARTESIAN_POINT('',(0.599937026690059,0.0109758098091006,-11.7136407138626));
#9278=CARTESIAN_POINT('',(0.599994573630348,0.00289907320305728,-11.7065947850441));
#9279=CARTESIAN_POINT('',(0.599999508732741,0.00147097602706543,-11.7054105517295));
#9280=CARTESIAN_POINT('',(0.599999506809042,2.07993856529657E-7,-11.7042488552342));
#9281=CARTESIAN_POINT('',(0.597285244896808,0.0570117200982402,-11.8383457577136));
#9282=CARTESIAN_POINT('',(0.599848108206345,0.0134998918984289,-11.9571922353199));
#9283=CARTESIAN_POINT('',(0.599673051165769,0.0212782974891857,-11.9485570678269));
#9284=CARTESIAN_POINT('',(0.599374709966539,0.0279449645389925,-11.9397107767256));
#9285=CARTESIAN_POINT('',(0.598753322392711,0.0390566628662568,-11.9215953087562));
#9286=CARTESIAN_POINT('',(0.598410350323622,0.0437564008629362,-11.9116036535106));
#9287=CARTESIAN_POINT('',(0.597685835479881,0.053008697686228,-11.8853301872142));
#9288=CARTESIAN_POINT('',(0.597344095619671,0.056395168477683,-11.8638301578186));
#9289=CARTESIAN_POINT('',(0.597285244896808,0.0570117200982405,-11.8383457577136));
#9290=CARTESIAN_POINT('',(0.60090735085957,-0.247811129053829,-11.9923831403774));
#9291=CARTESIAN_POINT('',(0.599652009729225,-0.250855155833178,-12.0246414700139));
#9292=CARTESIAN_POINT('',(0.598373537886103,-0.253889643621113,-12.0568997996489));
#9293=CARTESIAN_POINT('',(0.597072082958686,-0.256914242017402,-12.0891581292854));
#9294=CARTESIAN_POINT('',(0.554683708485757,-0.228748734511227,-11.9923831403774));
#9295=CARTESIAN_POINT('',(0.553524932057749,-0.231558605384466,-12.0246414700139));
#9296=CARTESIAN_POINT('',(0.552344804202553,-0.23435967103488,-12.0568997996489));
#9297=CARTESIAN_POINT('',(0.551143461192633,-0.237151608016063,-12.0891581292854));
#9298=CARTESIAN_POINT('',(0.645510732424923,-0.0762620110162313,-11.9934635629011));
#9299=CARTESIAN_POINT('',(0.646700459220471,-0.0661917098932223,-11.9921756763495));
#9300=CARTESIAN_POINT('',(0.647538254516299,-0.0570978273856769,-11.9906592705847));
#9301=CARTESIAN_POINT('',(0.648456564437684,-0.0449507761470397,-11.9880417031909));
#9302=CARTESIAN_POINT('',(0.648705845240355,-0.0411505823893411,-11.9871120309311));
#9303=CARTESIAN_POINT('',(0.649117237406051,-0.0340507882775463,-11.9851383868212));
#9304=CARTESIAN_POINT('',(0.649239588441752,-0.0316832704549547,-11.9844311032167));
#9305=CARTESIAN_POINT('',(0.649748988509795,-0.0197419157492012,-11.980117673544));
#9306=CARTESIAN_POINT('',(0.649923646259666,-0.0122203005947665,-11.9765676087005));
#9307=CARTESIAN_POINT('',(0.650035649364275,0.00193294326122339,-11.96811858889));
#9308=CARTESIAN_POINT('',(0.65000541396195,0.0070728056017628,-11.9642117775433));
#9309=CARTESIAN_POINT('',(0.649835450556874,0.0146248828899647,-11.9571922353199));
#9310=CARTESIAN_POINT('',(0.595856060699929,-0.0703957024765212,-11.9934635629011));
#9311=CARTESIAN_POINT('',(0.596954269955958,-0.0611000406946112,-11.9921756764594));
#9312=CARTESIAN_POINT('',(0.597727619553507,-0.0527056868175479,-11.9906592705847));
#9313=CARTESIAN_POINT('',(0.59857529025017,-0.041493024135729,-11.9880417031909));
#9314=CARTESIAN_POINT('',(0.598805395606482,-0.0379851529747764,-11.9871120309311));
#9315=CARTESIAN_POINT('',(0.59918514222097,-0.0314314968715812,-11.9851383868212));
#9316=CARTESIAN_POINT('',(0.59929808163854,-0.0292460958045736,-11.9844311032167));
#9317=CARTESIAN_POINT('',(0.599768297085965,-0.0182233068454165,-11.980117673544));
#9318=CARTESIAN_POINT('',(0.599929519624307,-0.0112802774720922,-11.9765676087005));
#9319=CARTESIAN_POINT('',(0.600032907105484,0.00178425531805236,-11.96811858889));
#9320=CARTESIAN_POINT('',(0.600004989818394,0.00652908510176098,-11.9642114337034));
#9321=CARTESIAN_POINT('',(0.599848108206345,0.0134998918984289,-11.9571922353199));
#9322=CARTESIAN_POINT('',(0.595856060699929,-0.0703957024765212,-11.9934635629011));
#9323=CARTESIAN_POINT('',(0.612407617941593,-0.0723511386564246,-11.9934635629011));
#9324=CARTESIAN_POINT('',(0.628959175183258,-0.0743065748363279,-11.9934635629011));
#9325=CARTESIAN_POINT('',(0.645510732424923,-0.0762620110162313,-11.9934635629011));
#9326=CARTESIAN_POINT('',(0.599848108206345,0.0134998918984289,-11.9571922353199));
#9327=CARTESIAN_POINT('',(0.649835450556874,0.0146248828899647,-11.9571922353199));
#9328=CARTESIAN_POINT('',(0.649835450555296,0.0146248829604778,-11.9571922352544));
#9329=CARTESIAN_POINT('',(0.650002413215116,1.16184867359158E-7,-11.9690922931272));
#9330=CARTESIAN_POINT('',(0.649999999216111,0.0043857861712959,-11.9661438477662));
#9331=CARTESIAN_POINT('',(0.64995616202964,0.00926124374956688,-11.9621771633658));
#9332=CARTESIAN_POINT('',(0.649835450556874,0.0146248828899647,-11.9571922353199));
#9333=CARTESIAN_POINT('',(0.649835450556874,0.0146248828899647,-11.9571922353199));
#9334=CARTESIAN_POINT('',(0.649645805221785,0.0230514981798522,-11.9485570583651));
#9335=CARTESIAN_POINT('',(0.649322602463751,0.0302737115839085,-11.9397107767256));
#9336=CARTESIAN_POINT('',(0.648649432592104,0.0423113847717783,-11.9215953087562));
#9337=CARTESIAN_POINT('',(0.648277879517257,0.0474027676015143,-11.9116036535106));
#9338=CARTESIAN_POINT('',(0.647492988436538,0.0574260891600804,-11.8853301872142));
#9339=CARTESIAN_POINT('',(0.647122770252547,0.0610947658727838,-11.8638301569807));
#9340=CARTESIAN_POINT('',(0.647059015304875,0.0617626967730939,-11.8383457577136));
#9341=CARTESIAN_POINT('',(0.599848108206345,0.0134998918984289,-11.9571922353199));
#9342=CARTESIAN_POINT('',(0.599673051165769,0.0212782974891857,-11.9485570678269));
#9343=CARTESIAN_POINT('',(0.599374709966539,0.0279449645389925,-11.9397107767256));
#9344=CARTESIAN_POINT('',(0.598753322392711,0.0390566628662568,-11.9215953087562));
#9345=CARTESIAN_POINT('',(0.598410350323622,0.0437564008629362,-11.9116036535106));
#9346=CARTESIAN_POINT('',(0.597685835479881,0.053008697686228,-11.8853301872142));
#9347=CARTESIAN_POINT('',(0.597344095619671,0.056395168477683,-11.8638301578186));
#9348=CARTESIAN_POINT('',(0.597285244896808,0.0570117200982405,-11.8383457577136));
#9349=CARTESIAN_POINT('',(0.597285244896808,0.0570117200982405,-11.8383457577136));
#9350=CARTESIAN_POINT('',(0.647059015304875,0.0617626967730939,-11.8383457577136));
#9351=CARTESIAN_POINT('',(0.647059015304876,0.0617626967730937,-11.8383457577136));
#9352=CARTESIAN_POINT('',(0.649835450556874,0.0146248828899647,-11.9571922353199));
#9353=CARTESIAN_POINT('',(0.649456095929687,0.0314809553066617,-11.9399166620063));
#9354=CARTESIAN_POINT('',(0.648539305718062,0.0440642675995842,-11.9203570141833));
#9355=CARTESIAN_POINT('',(0.647493192595973,0.0574234819758217,-11.8853346486403));
#9356=CARTESIAN_POINT('',(0.647123018758536,0.0610921623912535,-11.8638346240742));
#9357=CARTESIAN_POINT('',(0.647059015304875,0.0617626967730939,-11.8383457577136));
#9358=CARTESIAN_POINT('',(0.647059015304875,0.0617626967730933,-11.8383457577136));
#9359=CARTESIAN_POINT('',(0.647084011420898,0.0615008241045596,-11.8270070402546));
#9360=CARTESIAN_POINT('',(0.647164295147393,0.0606660922796461,-11.8165048331244));
#9361=CARTESIAN_POINT('',(0.647357671246536,0.0585537820707382,-11.8020062881369));
#9362=CARTESIAN_POINT('',(0.647434145643853,0.0577062968244616,-11.7973825674137));
#9363=CARTESIAN_POINT('',(0.64760774779827,0.0557242732606864,-11.7885533811795));
#9364=CARTESIAN_POINT('',(0.647684169445345,0.0548413434234048,-11.7851345548754));
#9365=CARTESIAN_POINT('',(0.648061866753704,0.0502517865758587,-11.7707856235391));
#9366=CARTESIAN_POINT('',(0.648357508326859,0.0464113005196272,-11.7617131914723));
#9367=CARTESIAN_POINT('',(0.648953244392689,0.03716388047472,-11.7445553716535));
#9368=CARTESIAN_POINT('',(0.649233507215304,0.03226072235564,-11.7370878248266));
#9369=CARTESIAN_POINT('',(0.649760606296413,0.0188694356913546,-11.7206684117875));
#9370=CARTESIAN_POINT('',(0.649931778914231,0.0118904606265257,-11.7136407138626));
#9371=CARTESIAN_POINT('',(0.650035224465688,-0.00262816482935277,-11.7019493352018));
#9372=CARTESIAN_POINT('',(0.649961856584923,-0.0112305690474063,-11.696483330628));
#9373=CARTESIAN_POINT('',(0.64915528105598,-0.0374644346404023,-11.6834874604792));
#9374=CARTESIAN_POINT('',(0.648193244260595,-0.0535562082618945,-11.6797203833778));
#9375=CARTESIAN_POINT('',(0.645510732424923,-0.0762620110162311,-11.6773628016831));
#9376=CARTESIAN_POINT('',(0.597285244896808,0.0570117200982399,-11.8383457577136));
#9377=CARTESIAN_POINT('',(0.597308318234689,0.0567699914809817,-11.8270070402476));
#9378=CARTESIAN_POINT('',(0.597382426289901,0.0559994697965964,-11.8165048331244));
#9379=CARTESIAN_POINT('',(0.597560927304495,0.0540496449883737,-11.8020062881369));
#9380=CARTESIAN_POINT('',(0.597631519055864,0.0532673509148876,-11.7973825674137));
#9381=CARTESIAN_POINT('',(0.597791767198403,0.0514377907021721,-11.7885533811795));
#9382=CARTESIAN_POINT('',(0.597862310257242,0.0506227785446814,-11.7851345548754));
#9383=CARTESIAN_POINT('',(0.598210953926496,0.0463862645315618,-11.7707856235391));
#9384=CARTESIAN_POINT('',(0.598483853840178,0.0428412004796559,-11.7617131914723));
#9385=CARTESIAN_POINT('',(0.59903376405479,0.0343051204382031,-11.7445553716535));
#9386=CARTESIAN_POINT('',(0.599292468198742,0.0297791283282831,-11.7370878248266));
#9387=CARTESIAN_POINT('',(0.599779021196688,0.0174179406381735,-11.7206684117875));
#9388=CARTESIAN_POINT('',(0.599937026690059,0.0109758098091006,-11.7136407138626));
#9389=CARTESIAN_POINT('',(0.600032514891404,-0.00242599830401794,-11.7019493352018));
#9390=CARTESIAN_POINT('',(0.599964790693775,-0.0103666791206827,-11.696483330628));
#9391=CARTESIAN_POINT('',(0.599220259436289,-0.034582555052679,-11.6834874604792));
#9392=CARTESIAN_POINT('',(0.598332466733368,-0.0494344578001023,-11.6797206130859));
#9393=CARTESIAN_POINT('',(0.595856060699929,-0.0703957024765211,-11.6773628016831));
#9394=CARTESIAN_POINT('',(0.595856060699929,-0.0703957024765212,-11.6773628016831));
#9395=CARTESIAN_POINT('',(0.645510732424923,-0.0762620110162313,-11.6773628016831));
#9396=CARTESIAN_POINT('',(0.647059015304875,0.0617626967730939,-11.8383457577136));
#9397=CARTESIAN_POINT('',(0.647124297369253,0.0610787669821367,-11.8087325617094));
#9398=CARTESIAN_POINT('',(0.64755604042614,0.0572753926981527,-11.7867114568454));
#9399=CARTESIAN_POINT('',(0.649063032593972,0.0364208157655011,-11.7401211603181));
#9400=CARTESIAN_POINT('',(0.649999999538166,0.0193641953049702,-11.7183623740172));
#9401=CARTESIAN_POINT('',(0.649999465404499,-7.82300267592288E-7,-11.7042464424686));
#9402=CARTESIAN_POINT('',(0.645510732424923,-0.0762620110162313,-11.8354131822921));
#9403=CARTESIAN_POINT('',(0.,0.,0.));
#9404=CARTESIAN_POINT('',(0.516810834633134,-0.394216388809248,-12.4182239607877));
#9405=CARTESIAN_POINT('',(0.513537062026344,-0.398508247801779,-12.392087865846));
#9406=CARTESIAN_POINT('',(0.511779675142998,-0.400726381033726,-12.3688845341014));
#9407=CARTESIAN_POINT('',(0.511618419976464,-0.400932154286466,-12.3486138810468));
#9408=CARTESIAN_POINT('',(0.477056155045969,-0.363892051208536,-12.4182239607877));
#9409=CARTESIAN_POINT('',(0.474034211369091,-0.367853766850494,-12.3920878681626));
#9410=CARTESIAN_POINT('',(0.472412007813015,-0.369901274814772,-12.3688845325637));
#9411=CARTESIAN_POINT('',(0.472263156901351,-0.370091219341353,-12.3486138810468));
#9412=CARTESIAN_POINT('',(0.516810834633134,-0.394216388809248,-12.4182239607877));
#9413=CARTESIAN_POINT('',(0.477056155045969,-0.363892051208536,-12.4182239607877));
#9414=CARTESIAN_POINT('',(0.511618419976464,-0.400932154286466,-12.3486138810468));
#9415=CARTESIAN_POINT('',(0.472263156901351,-0.370091219341353,-12.3486138810468));
#9416=CARTESIAN_POINT('',(0.511618419976464,-0.400932154286466,-12.3486138810468));
#9417=CARTESIAN_POINT('',(0.511841975224348,-0.400646881625052,-12.3353271072973));
#9418=CARTESIAN_POINT('',(0.512403483488512,-0.399930986065419,-12.3235588026977));
#9419=CARTESIAN_POINT('',(0.513744512931308,-0.398204854703679,-12.3081840497989));
#9420=CARTESIAN_POINT('',(0.514274548127131,-0.39752068345688,-12.303438749484));
#9421=CARTESIAN_POINT('',(0.515192187123768,-0.396329738328422,-12.2968902249889));
#9422=CARTESIAN_POINT('',(0.515518491301214,-0.395905303763382,-12.2948022878201));
#9423=CARTESIAN_POINT('',(0.516211544523173,-0.395001222431597,-12.2908162221415));
#9424=CARTESIAN_POINT('',(0.516400757969525,-0.394754510691533,-12.2897458698024));
#9425=CARTESIAN_POINT('',(0.519222150286535,-0.391052711711371,-12.2765908680475));
#9426=CARTESIAN_POINT('',(0.522211389532278,-0.387083797495156,-12.2672731687631));
#9427=CARTESIAN_POINT('',(0.529515175918309,-0.377030874216828,-12.2510503744333));
#9428=CARTESIAN_POINT('',(0.534267717880959,-0.370298170818188,-12.2436329910096));
#9429=CARTESIAN_POINT('',(0.54313187112422,-0.357170127880437,-12.2332599819146));
#9430=CARTESIAN_POINT('',(0.548311846995047,-0.349249458758867,-12.2294799621988));
#9431=CARTESIAN_POINT('',(0.556941679364196,-0.335180894871126,-12.2259196598725));
#9432=CARTESIAN_POINT('',(0.559593453724694,-0.330729075128676,-12.2251767610365));
#9433=CARTESIAN_POINT('',(0.563473418028208,-0.324043740600492,-12.2241252308239));
#9434=CARTESIAN_POINT('',(0.564754830571691,-0.321805294487717,-12.2238069598917));
#9435=CARTESIAN_POINT('',(0.567293490663925,-0.317308622109022,-12.2232348963048));
#9436=CARTESIAN_POINT('',(0.568827066138755,-0.314547009215226,-12.2229319295013));
#9437=CARTESIAN_POINT('',(0.577545043223697,-0.298665469140321,-12.221380515196));
#9438=CARTESIAN_POINT('',(0.587071792787002,-0.280170302954999,-12.2206809991893));
#9439=CARTESIAN_POINT('',(0.597133071824845,-0.256772456725841,-12.2206609850265));
#9440=CARTESIAN_POINT('',(0.472263156901351,-0.370091219341353,-12.3486138810468));
#9441=CARTESIAN_POINT('',(0.472469515591847,-0.369827890730637,-12.3353271072883));
#9442=CARTESIAN_POINT('',(0.472987830912472,-0.369167064060387,-12.3235588026977));
#9443=CARTESIAN_POINT('',(0.474225704244285,-0.367573712034165,-12.3081840497989));
#9444=CARTESIAN_POINT('',(0.474714967501967,-0.366942169344812,-12.303438749484));
#9445=CARTESIAN_POINT('',(0.475562018883478,-0.365842835380082,-12.2968902249889));
#9446=CARTESIAN_POINT('',(0.475863222739582,-0.365451049627737,-12.2948022878201));
#9447=CARTESIAN_POINT('',(0.476502964175237,-0.364616513013782,-12.2908162221415));
#9448=CARTESIAN_POINT('',(0.4766776227411,-0.364388779099876,-12.2897458698024));
#9449=CARTESIAN_POINT('',(0.479281984879878,-0.36097173388742,-12.2765908680475));
#9450=CARTESIAN_POINT('',(0.482041282645179,-0.357308120764759,-12.2672731687631));
#9451=CARTESIAN_POINT('',(0.488783239309209,-0.348028499277072,-12.2510503744333));
#9452=CARTESIAN_POINT('',(0.493170201120885,-0.341813696139866,-12.2436329910096));
#9453=CARTESIAN_POINT('',(0.501352496422357,-0.329695502658865,-12.2332599819146));
#9454=CARTESIAN_POINT('',(0.506134012610813,-0.322384115777416,-12.2294799621988));
#9455=CARTESIAN_POINT('',(0.514100011720797,-0.309397749111809,-12.2259196598725));
#9456=CARTESIAN_POINT('',(0.516547803438179,-0.305288377041855,-12.2251767610365));
#9457=CARTESIAN_POINT('',(0.520129308949115,-0.299117299015838,-12.2241252308239));
#9458=CARTESIAN_POINT('',(0.521312151296946,-0.297051041065585,-12.2238069598917));
#9459=CARTESIAN_POINT('',(0.523655529843623,-0.292900266562174,-12.2232348963048));
#9460=CARTESIAN_POINT('',(0.525071137974235,-0.290351085429439,-12.2229319295013));
#9461=CARTESIAN_POINT('',(0.533118501437259,-0.275691202283373,-12.221380515196));
#9462=CARTESIAN_POINT('',(0.541912424111362,-0.258618741188571,-12.2206809991893));
#9463=CARTESIAN_POINT('',(0.55119975860755,-0.237020729285392,-12.2206609850265));
#9464=CARTESIAN_POINT('',(0.597133071824845,-0.256772456725841,-12.2206609850265));
#9465=CARTESIAN_POINT('',(0.58182196741908,-0.250188547579025,-12.2206609850265));
#9466=CARTESIAN_POINT('',(0.566510863013315,-0.243604638432208,-12.2206609850265));
#9467=CARTESIAN_POINT('',(0.551199758607549,-0.237020729285392,-12.2206609850265));
#9468=CARTESIAN_POINT('',(0.,0.,-12.2206609850265));
#9469=CARTESIAN_POINT('',(0.,0.,-12.2206609850265));
#9470=CARTESIAN_POINT('',(0.598082656111915,0.0479284514471007,-12.2206609850265));
#9471=CARTESIAN_POINT('',(0.647922877454574,0.0519224890676925,-12.2206609850265));
#9472=CARTESIAN_POINT('',(0.647922877454574,0.0519224890676925,-12.1860874642683));
#9473=CARTESIAN_POINT('',(0.598082656111915,0.0479284514471007,-12.2206609850265));
#9474=CARTESIAN_POINT('',(0.598082656111915,0.0479284514471007,-12.1515139435101));
#9475=CARTESIAN_POINT('',(0.647922877454574,0.0519224890676923,-12.1515139435101));
#9476=CARTESIAN_POINT('',(0.,0.,-12.1515139435101));
#9477=CARTESIAN_POINT('',(0.,0.,-12.1515139435101));
#9478=CARTESIAN_POINT('',(0.585962173597241,0.129028412038576,-12.1515139435101));
#9479=CARTESIAN_POINT('',(0.634792354730345,0.139780779708457,-12.1515139435101));
#9480=CARTESIAN_POINT('',(0.634792354730345,0.139780779708457,-12.1860874642683));
#9481=CARTESIAN_POINT('',(0.585962173597241,0.129028412038576,-12.1515139435101));
#9482=CARTESIAN_POINT('',(0.585962173597241,0.129028412038576,-12.2206609850265));
#9483=CARTESIAN_POINT('',(0.634792354730345,0.139780779708457,-12.2206609850265));
#9484=CARTESIAN_POINT('',(0.,0.,-12.2206609850265));
#9485=CARTESIAN_POINT('',(0.,0.,-12.2206609850265));
#9486=CARTESIAN_POINT('',(0.545977973151618,0.248813289100996,-12.2206609850265));
#9487=CARTESIAN_POINT('',(0.591476137580916,0.26954772985941,-12.2206609850265));
#9488=CARTESIAN_POINT('',(0.545977973151614,0.248813289100994,-12.2206609850265));
#9489=CARTESIAN_POINT('',(0.591476137580916,0.26954772985941,-12.2206609850265));
#9490=CARTESIAN_POINT('',(0.58371012264155,0.286588914079835,-12.2535881614105));
#9491=CARTESIAN_POINT('',(0.575207200240055,0.303294229651126,-12.2865152965231));
#9492=CARTESIAN_POINT('',(0.56599907539967,0.319601387116386,-12.3194424729071));
#9493=CARTESIAN_POINT('',(0.545977973151615,0.248813289100994,-12.2206609850265));
#9494=CARTESIAN_POINT('',(0.538809344323302,0.264543612236468,-12.253588159819));
#9495=CARTESIAN_POINT('',(0.530960492118456,0.2799639050209,-12.2865152981146));
#9496=CARTESIAN_POINT('',(0.522460684984311,0.29501666503051,-12.3194424729071));
#9497=CARTESIAN_POINT('',(0.545977973151614,0.248813289100994,-12.2206609850265));
#9498=CARTESIAN_POINT('',(0.538809344323302,0.264543612236468,-12.253588159819));
#9499=CARTESIAN_POINT('',(0.530960492118456,0.2799639050209,-12.2865152981146));
#9500=CARTESIAN_POINT('',(0.522460684984311,0.29501666503051,-12.3194424729071));
#9501=CARTESIAN_POINT('',(0.522460684984314,0.295016665030512,-12.3194424729071));
#9502=CARTESIAN_POINT('',(0.56599907539967,0.319601387116386,-12.3194424729071));
#9503=CARTESIAN_POINT('',(0.551486278594551,0.311406479754427,-12.3194424729071));
#9504=CARTESIAN_POINT('',(0.536973481789431,0.303211572392469,-12.3194424729071));
#9505=CARTESIAN_POINT('',(0.522460684984311,0.29501666503051,-12.3194424729071));
#9506=CARTESIAN_POINT('',(0.,0.,-12.3194424729071));
#9507=CARTESIAN_POINT('',(0.,0.,-12.3194424729071));
#9508=CARTESIAN_POINT('',(0.585962173597241,0.129028412038576,-12.3194424729071));
#9509=CARTESIAN_POINT('',(0.634792354730345,0.139780779708457,-12.3194424729071));
#9510=CARTESIAN_POINT('',(0.634792354730345,0.139780779708457,-12.3638941424534));
#9511=CARTESIAN_POINT('',(0.585962173597241,0.129028412038576,-12.3194424729071));
#9512=CARTESIAN_POINT('',(0.585962173597241,0.129028412038576,-12.4083458119996));
#9513=CARTESIAN_POINT('',(0.634792354730345,0.139780779708457,-12.4083458119996));
#9514=CARTESIAN_POINT('',(0.,0.,-12.4083458119996));
#9515=CARTESIAN_POINT('',(0.,0.,-12.4083458119996));
#9516=CARTESIAN_POINT('',(0.598082656111915,0.0479284514471008,-12.4083458119996));
#9517=CARTESIAN_POINT('',(0.647922877454574,0.0519224890676925,-12.4083458119996));
#9518=CARTESIAN_POINT('',(0.647922877454574,0.0519224890676925,-12.3638941424534));
#9519=CARTESIAN_POINT('',(0.598082656111915,0.0479284514471007,-12.4083458119996));
#9520=CARTESIAN_POINT('',(0.598082656111915,0.0479284514471007,-12.3194424729071));
#9521=CARTESIAN_POINT('',(0.647922877454574,0.0519224890676925,-12.3194424729071));
#9522=CARTESIAN_POINT('',(0.,0.,-12.3194424729071));
#9523=CARTESIAN_POINT('',(0.,0.,-12.3194424729071));
#9524=CARTESIAN_POINT('',(0.595721816521256,-0.260029839288907,-12.3194424729071));
#9525=CARTESIAN_POINT('',(0.549897061404236,-0.240027543958991,-12.3194424729071));
#9526=CARTESIAN_POINT('',(0.595721816521256,-0.260029839288907,-12.3194424729071));
#9527=CARTESIAN_POINT('',(0.590183162873309,-0.272718755381229,-12.3195300585006));
#9528=CARTESIAN_POINT('',(0.585263539670739,-0.282920575747116,-12.3200259447531));
#9529=CARTESIAN_POINT('',(0.57935734629964,-0.294727723587195,-12.3213822581521));
#9530=CARTESIAN_POINT('',(0.577631497595951,-0.298080044037856,-12.3219364414534));
#9531=CARTESIAN_POINT('',(0.575451387265142,-0.302255133640046,-12.3229208346577));
#9532=CARTESIAN_POINT('',(0.574792632694299,-0.303504537091412,-12.3232744854345));
#9533=CARTESIAN_POINT('',(0.57391053573,-0.305167315806892,-12.3238432411629));
#9534=CARTESIAN_POINT('',(0.573634166079619,-0.305686349880432,-12.3240392063328));
#9535=CARTESIAN_POINT('',(0.573117320445964,-0.306654264607424,-12.3244438965271));
#9536=CARTESIAN_POINT('',(0.573160901003424,-0.306574178630241,-12.3243777386547));
#9537=CARTESIAN_POINT('',(0.570629199995249,-0.311288681423847,-12.3268276778961));
#9538=CARTESIAN_POINT('',(0.568852766223366,-0.314509114012099,-12.3293556638334));
#9539=CARTESIAN_POINT('',(0.566602297717237,-0.318534455484348,-12.3339996945556));
#9540=CARTESIAN_POINT('',(0.565921025628457,-0.319741957645042,-12.3356897134324));
#9541=CARTESIAN_POINT('',(0.564701322492312,-0.321891197615718,-12.339353768458));
#9542=CARTESIAN_POINT('',(0.564021839256519,-0.323078609997489,-12.3419696269771));
#9543=CARTESIAN_POINT('',(0.562401909343304,-0.325900086999775,-12.349340739051));
#9544=CARTESIAN_POINT('',(0.561664892427885,-0.327158443392269,-12.3580611053388));
#9545=CARTESIAN_POINT('',(0.561506820782839,-0.327429519460828,-12.3696049472215));
#9546=CARTESIAN_POINT('',(0.549897061404236,-0.240027543958991,-12.3194424729071));
#9547=CARTESIAN_POINT('',(0.544784458039878,-0.251740389575853,-12.3195300585005));
#9548=CARTESIAN_POINT('',(0.540243267388374,-0.2611574545358,-12.3200259447531));
#9549=CARTESIAN_POINT('',(0.534791396584283,-0.272056360234334,-12.3213822581521));
#9550=CARTESIAN_POINT('',(0.533198305473185,-0.275150809881098,-12.3219364414534));
#9551=CARTESIAN_POINT('',(0.531185895937054,-0.279004738744658,-12.3229208346577));
#9552=CARTESIAN_POINT('',(0.530577814794738,-0.280158034238226,-12.3232744854345));
#9553=CARTESIAN_POINT('',(0.529763571443077,-0.281692906898669,-12.3238432411629));
#9554=CARTESIAN_POINT('',(0.529508460996571,-0.282172015274245,-12.3240392063328));
#9555=CARTESIAN_POINT('',(0.529031372719352,-0.283065475022237,-12.3244438965271));
#9556=CARTESIAN_POINT('',(0.529071600926237,-0.282991549504838,-12.3243777386547));
#9557=CARTESIAN_POINT('',(0.52673464614946,-0.287343398237397,-12.3268276778961));
#9558=CARTESIAN_POINT('',(0.525094861129261,-0.290316105241938,-12.3293556638334));
#9559=CARTESIAN_POINT('',(0.523017505585142,-0.294031805062476,-12.3339996945556));
#9560=CARTESIAN_POINT('',(0.522388639041652,-0.295146422441577,-12.3356897134324));
#9561=CARTESIAN_POINT('',(0.521262759223673,-0.297130336260663,-12.339353768458));
#9562=CARTESIAN_POINT('',(0.520635543929094,-0.298226409228452,-12.3419696269771));
#9563=CARTESIAN_POINT('',(0.519140224009204,-0.300830849538254,-12.349340739051));
#9564=CARTESIAN_POINT('',(0.518459900703307,-0.301992409284067,-12.3580611052878));
#9565=CARTESIAN_POINT('',(0.518313988414928,-0.302242633348457,-12.3696049472215));
#9566=CARTESIAN_POINT('',(0.561506820782839,-0.327429519460828,-12.3696049472215));
#9567=CARTESIAN_POINT('',(0.518313988414928,-0.302242633348457,-12.3696049472215));
#9568=CARTESIAN_POINT('',(0.561506820782839,-0.327429519460828,-12.3696049472215));
#9569=CARTESIAN_POINT('',(0.561574231928452,-0.32731391651177,-12.3801505610794));
#9570=CARTESIAN_POINT('',(0.561989812409715,-0.326603335123152,-12.3930641823762));
#9571=CARTESIAN_POINT('',(0.562746764277411,-0.325293835317094,-12.4083458119996));
#9572=CARTESIAN_POINT('',(0.518313988414928,-0.302242633348457,-12.3696049472215));
#9573=CARTESIAN_POINT('',(0.518376214087708,-0.302135922934102,-12.3801505610635));
#9574=CARTESIAN_POINT('',(0.518759826840979,-0.301480001649991,-12.3930641824034));
#9575=CARTESIAN_POINT('',(0.519458551640687,-0.300271232600394,-12.4083458119996));
#9576=CARTESIAN_POINT('',(0.562746764277411,-0.325293835317094,-12.4083458119996));
#9577=CARTESIAN_POINT('',(0.519458551640687,-0.300271232600394,-12.4083458119996));
#9578=CARTESIAN_POINT('',(0.,0.,0.));
#9579=CARTESIAN_POINT('',(0.562746764277411,-0.325293835317094,-12.4083458119996));
#9580=CARTESIAN_POINT('',(0.548920193220536,-0.349213311429278,-12.4116385539887));
#9581=CARTESIAN_POINT('',(0.533566949627881,-0.372249413256045,-12.4149312187986));
#9582=CARTESIAN_POINT('',(0.516810834633134,-0.394216388809248,-12.4182239607877));
#9583=CARTESIAN_POINT('',(0.519458551640687,-0.300271232600394,-12.4083458119996));
#9584=CARTESIAN_POINT('',(0.506695563208983,-0.322350748603057,-12.4116385539278));
#9585=CARTESIAN_POINT('',(0.492523337831822,-0.343614843380812,-12.4149312188596));
#9586=CARTESIAN_POINT('',(0.477056155045969,-0.363892051208536,-12.4182239607877));
#9587=CARTESIAN_POINT('',(0.511618419976464,-0.400932154286466,-12.6519039180553));
#9588=CARTESIAN_POINT('',(0.511817318725064,-0.400678345101031,-12.638082315508));
#9589=CARTESIAN_POINT('',(0.512336177384088,-0.400016859700715,-12.6255003121483));
#9590=CARTESIAN_POINT('',(0.513587266268218,-0.398407557160351,-12.6084867060818));
#9591=CARTESIAN_POINT('',(0.514083004253045,-0.397768205970808,-12.6031254038778));
#9592=CARTESIAN_POINT('',(0.514942947395503,-0.396653477437674,-12.5955483002991));
#9593=CARTESIAN_POINT('',(0.515248978634807,-0.396255946642121,-12.5931000740608));
#9594=CARTESIAN_POINT('',(0.51589944991757,-0.395408703505884,-12.5883585714931));
#9595=CARTESIAN_POINT('',(0.516108583244738,-0.395136186216083,-12.5868902223272));
#9596=CARTESIAN_POINT('',(0.518602324845912,-0.391870430582501,-12.571686579637));
#9597=CARTESIAN_POINT('',(0.521105466068896,-0.388554135259108,-12.560506252114));
#9598=CARTESIAN_POINT('',(0.527047225474502,-0.380455575479535,-12.5401107703268));
#9599=CARTESIAN_POINT('',(0.530091622057685,-0.376242436344755,-12.5317392928138));
#9600=CARTESIAN_POINT('',(0.538575581946623,-0.363994287335998,-12.5135868040408));
#9601=CARTESIAN_POINT('',(0.543152853167351,-0.357163601207848,-12.5055782961523));
#9602=CARTESIAN_POINT('',(0.550407135012237,-0.345792135119524,-12.4951671390667));
#9603=CARTESIAN_POINT('',(0.552889691271762,-0.341814014528035,-12.491963687496));
#9604=CARTESIAN_POINT('',(0.557961316882,-0.333471138339827,-12.4860906526036));
#9605=CARTESIAN_POINT('',(0.560934778763805,-0.328439341888126,-12.4830699034355));
#9606=CARTESIAN_POINT('',(0.572162654110265,-0.308955554196344,-12.4728124866814));
#9607=CARTESIAN_POINT('',(0.582691995229903,-0.289271869529829,-12.4683447957364));
#9608=CARTESIAN_POINT('',(0.593540174699329,-0.264971811742099,-12.467614704728));
#9609=CARTESIAN_POINT('',(0.472263156901351,-0.370091219341353,-12.6519039180553));
#9610=CARTESIAN_POINT('',(0.472446755746297,-0.369856933939307,-12.6380823155017));
#9611=CARTESIAN_POINT('',(0.472925702200697,-0.369246332031429,-12.6255003121483));
#9612=CARTESIAN_POINT('',(0.474080553478355,-0.36776082199417,-12.6084867060818));
#9613=CARTESIAN_POINT('',(0.474538157772042,-0.367170651665361,-12.6031254038778));
#9614=CARTESIAN_POINT('',(0.475331951442003,-0.36614167148093,-12.5955483002991));
#9615=CARTESIAN_POINT('',(0.475614441816745,-0.365774719977342,-12.5931000740608));
#9616=CARTESIAN_POINT('',(0.476214876846988,-0.364992649390047,-12.5883585714931));
#9617=CARTESIAN_POINT('',(0.476407922995142,-0.364741094968692,-12.5868902223272));
#9618=CARTESIAN_POINT('',(0.478709838319304,-0.361726551306924,-12.571686579637));
#9619=CARTESIAN_POINT('',(0.481020430217442,-0.358665355623792,-12.560506252114));
#9620=CARTESIAN_POINT('',(0.486505131207232,-0.351189761981109,-12.5401107703268));
#9621=CARTESIAN_POINT('',(0.489315343437863,-0.347300710472081,-12.5317392928138));
#9622=CARTESIAN_POINT('',(0.497146691027652,-0.33599472677169,-12.5135868040408));
#9623=CARTESIAN_POINT('',(0.50137186446217,-0.329689478038013,-12.5055782961523));
#9624=CARTESIAN_POINT('',(0.50806812462668,-0.31919274011033,-12.4951671390667));
#9625=CARTESIAN_POINT('',(0.510359715020088,-0.315520628795109,-12.491963687496));
#9626=CARTESIAN_POINT('',(0.515041215583384,-0.307819512313687,-12.4860906526036));
#9627=CARTESIAN_POINT('',(0.517785949628128,-0.303174777127501,-12.4830699034355));
#9628=CARTESIAN_POINT('',(0.52815014225563,-0.285189742335087,-12.4728124866814));
#9629=CARTESIAN_POINT('',(0.537869534441895,-0.267020186399207,-12.4683447957084));
#9630=CARTESIAN_POINT('',(0.547883238183996,-0.244589364685014,-12.467614704728));
#9631=CARTESIAN_POINT('',(0.511618419976464,-0.400932154286466,-12.6519039180553));
#9632=CARTESIAN_POINT('',(0.472263156901351,-0.370091219341353,-12.6519039180553));
#9633=CARTESIAN_POINT('',(0.593540174699329,-0.264971811742099,-12.467614704728));
#9634=CARTESIAN_POINT('',(0.547883238183996,-0.244589364685014,-12.467614704728));
#9635=CARTESIAN_POINT('',(0.593540174699329,-0.264971811742099,-12.467614704728));
#9636=CARTESIAN_POINT('',(0.602581924805004,-0.244718178338506,-12.4682259169668));
#9637=CARTESIAN_POINT('',(0.607979288707687,-0.230562729382863,-12.4704925733745));
#9638=CARTESIAN_POINT('',(0.619359950977813,-0.19796777213158,-12.4827826351245));
#9639=CARTESIAN_POINT('',(0.624243743316944,-0.181714930093149,-12.4925878927019));
#9640=CARTESIAN_POINT('',(0.631565981857187,-0.154353417357296,-12.5164846473741));
#9641=CARTESIAN_POINT('',(0.634178526443857,-0.142797882590622,-12.5314912565761));
#9642=CARTESIAN_POINT('',(0.637727276920216,-0.12600618614494,-12.5612586865701));
#9643=CARTESIAN_POINT('',(0.639094556286089,-0.118730247926087,-12.5786338335271));
#9644=CARTESIAN_POINT('',(0.640172556737352,-0.112601499103528,-12.5985001761698));
#9645=CARTESIAN_POINT('',(0.547883238183996,-0.244589364685014,-12.467614704728));
#9646=CARTESIAN_POINT('',(0.55622989758809,-0.225892743152745,-12.4682259483495));
#9647=CARTESIAN_POINT('',(0.561211651114788,-0.21282713481495,-12.4704925733745));
#9648=CARTESIAN_POINT('',(0.571716877825673,-0.182739481967613,-12.4827826351245));
#9649=CARTESIAN_POINT('',(0.576224993831025,-0.167736858547522,-12.4925878927019));
#9650=CARTESIAN_POINT('',(0.582983983252788,-0.142480077560581,-12.5164846473741));
#9651=CARTESIAN_POINT('',(0.585395562871253,-0.131813430083651,-12.5314912565761));
#9652=CARTESIAN_POINT('',(0.588671332541738,-0.116313402595329,-12.5612586865701));
#9653=CARTESIAN_POINT('',(0.589933436033234,-0.109597154993531,-12.5786338227753));
#9654=CARTESIAN_POINT('',(0.590928513911402,-0.103939845326334,-12.5985001761698));
#9655=CARTESIAN_POINT('',(0.640172556737352,-0.112601499103528,-12.5985001761698));
#9656=CARTESIAN_POINT('',(0.590928513911402,-0.103939845326334,-12.5985001761698));
#9657=CARTESIAN_POINT('',(0.640172556737352,-0.112601499103528,-12.5985001761698));
#9658=CARTESIAN_POINT('',(0.641069520549997,-0.107501996682924,-12.6186470347024));
#9659=CARTESIAN_POINT('',(0.641828977397604,-0.102829749486137,-12.6457090300323));
#9660=CARTESIAN_POINT('',(0.64247948978833,-0.0985905938785624,-12.6796862115217));
#9661=CARTESIAN_POINT('',(0.590928513911402,-0.103939845326334,-12.5985001761698));
#9662=CARTESIAN_POINT('',(0.591756480439066,-0.0992326127128448,-12.6186470330326));
#9663=CARTESIAN_POINT('',(0.59245751760736,-0.094919768694061,-12.6457090305739));
#9664=CARTESIAN_POINT('',(0.593057990573843,-0.0910067020417499,-12.6796862115217));
#9665=CARTESIAN_POINT('',(0.64247948978833,-0.0985905938785624,-12.6796862115217));
#9666=CARTESIAN_POINT('',(0.593057990573843,-0.0910067020417499,-12.6796862115217));
#9667=CARTESIAN_POINT('',(0.64247948978833,-0.0985905938785624,-12.6796862115217));
#9668=CARTESIAN_POINT('',(0.642843270849194,-0.0962199633631755,-12.6979086264777));
#9669=CARTESIAN_POINT('',(0.643168029495026,-0.0940165565205199,-12.7138721398244));
#9670=CARTESIAN_POINT('',(0.643604441521656,-0.0909636170109806,-12.7344290593395));
#9671=CARTESIAN_POINT('',(0.643741445604064,-0.089987995389987,-12.7407166406543));
#9672=CARTESIAN_POINT('',(0.643935116928769,-0.0885877373659111,-12.7493009248412));
#9673=CARTESIAN_POINT('',(0.643997700798184,-0.0881315135650313,-12.752021171606));
#9674=CARTESIAN_POINT('',(0.644088717917329,-0.0874629866329956,-12.7558897698068));
#9675=CARTESIAN_POINT('',(0.644118580461129,-0.0872427791059278,-12.757144007216));
#9676=CARTESIAN_POINT('',(0.644177368837609,-0.0868076360629691,-12.7595818913857));
#9677=CARTESIAN_POINT('',(0.644185540283313,-0.0867474891006496,-12.7599282651597));
#9678=CARTESIAN_POINT('',(0.645022277060761,-0.0805070120566238,-12.7936838803409));
#9679=CARTESIAN_POINT('',(0.645832689311743,-0.0738631699125382,-12.8205529843327));
#9680=CARTESIAN_POINT('',(0.646595113162382,-0.0664436575944324,-12.8425213204499));
#9681=CARTESIAN_POINT('',(0.593057990573843,-0.0910067020417499,-12.6796862115217));
#9682=CARTESIAN_POINT('',(0.593393788475039,-0.0888184277272804,-12.6979086264158));
#9683=CARTESIAN_POINT('',(0.593693565687717,-0.0867845137112491,-12.7138721398244));
#9684=CARTESIAN_POINT('',(0.594096407558451,-0.0839664157024436,-12.7344290593395));
#9685=CARTESIAN_POINT('',(0.59422287286529,-0.0830658418984495,-12.7407166406543));
#9686=CARTESIAN_POINT('',(0.594401646395787,-0.0817732960300718,-12.7493009248412));
#9687=CARTESIAN_POINT('',(0.594459416121401,-0.0813521663677212,-12.752021171606));
#9688=CARTESIAN_POINT('',(0.594543431923689,-0.0807350645843036,-12.7558897698068));
#9689=CARTESIAN_POINT('',(0.594570997348734,-0.0805317960977795,-12.757144007216));
#9690=CARTESIAN_POINT('',(0.594625263542408,-0.0801301255965868,-12.7595818913857));
#9691=CARTESIAN_POINT('',(0.594632806415365,-0.0800746053236766,-12.7599282651597));
#9692=CARTESIAN_POINT('',(0.595405178825318,-0.074314164975345,-12.7936838803409));
#9693=CARTESIAN_POINT('',(0.596153251843393,-0.0681813859473436,-12.820552989671));
#9694=CARTESIAN_POINT('',(0.596857027534507,-0.0613326070102453,-12.8425213204499));
#9695=CARTESIAN_POINT('',(0.646595113162382,-0.0664436575944324,-12.8425213204499));
#9696=CARTESIAN_POINT('',(0.596857027534507,-0.0613326070102453,-12.8425213204499));
#9697=CARTESIAN_POINT('',(0.646595113162382,-0.0664436575944324,-12.8425213204499));
#9698=CARTESIAN_POINT('',(0.647378724658558,-0.0588179581313171,-12.8426756665321));
#9699=CARTESIAN_POINT('',(0.648027420031375,-0.0511783960940445,-12.8428300125921));
#9700=CARTESIAN_POINT('',(0.648540793523557,-0.0435297500088719,-12.8429843586743));
#9701=CARTESIAN_POINT('',(0.596857027534507,-0.0613326070102453,-12.8425213204499));
#9702=CARTESIAN_POINT('',(0.597580361223282,-0.0542934998135475,-12.8426756665321));
#9703=CARTESIAN_POINT('',(0.59817915695204,-0.0472415963944785,-12.8428300125921));
#9704=CARTESIAN_POINT('',(0.598653040175591,-0.0401813077004972,-12.8429843586743));
#9705=CARTESIAN_POINT('',(0.648540793523557,-0.0435297500088719,-12.8429843586743));
#9706=CARTESIAN_POINT('',(0.598653040175591,-0.0401813077004972,-12.8429843586743));
#9707=CARTESIAN_POINT('',(0.648540793523557,-0.0435297500088719,-12.8429843586743));
#9708=CARTESIAN_POINT('',(0.649115442017268,-0.0349681802770831,-12.8427623776252));
#9709=CARTESIAN_POINT('',(0.649462396356449,-0.0272893333071084,-12.8422518432411));
#9710=CARTESIAN_POINT('',(0.649783676475097,-0.0171085295936824,-12.8410531883537));
#9711=CARTESIAN_POINT('',(0.649857236771715,-0.0139377619713955,-12.8405814958009));
#9712=CARTESIAN_POINT('',(0.649956920687777,-0.00804304938465587,-12.8394938288481));
#9713=CARTESIAN_POINT('',(0.649979471471643,-0.00614306239521587,-12.8391046255343));
#9714=CARTESIAN_POINT('',(0.650051552607816,0.0104779651904252,-12.8345301934848));
#9715=CARTESIAN_POINT('',(0.649665404231365,0.0228135901905997,-12.8274919568347));
#9716=CARTESIAN_POINT('',(0.649209155167743,0.0320542172948468,-12.8175172563301));
#9717=CARTESIAN_POINT('',(0.598653040175591,-0.0401813077004972,-12.8429843586743));
#9718=CARTESIAN_POINT('',(0.59918348493758,-0.0322783202771777,-12.8427623776258));
#9719=CARTESIAN_POINT('',(0.599503750482876,-0.0251901538219462,-12.8422518432411));
#9720=CARTESIAN_POINT('',(0.599800316746244,-0.0157924888557069,-12.8410531883537));
#9721=CARTESIAN_POINT('',(0.599868218558507,-0.0128656264351343,-12.8405814958009));
#9722=CARTESIAN_POINT('',(0.599960234481025,-0.00742435327814388,-12.8394938288481));
#9723=CARTESIAN_POINT('',(0.599981050589209,-0.00567051913404542,-12.8391046255343));
#9724=CARTESIAN_POINT('',(0.600047587022599,0.0096719678680848,-12.8345301934848));
#9725=CARTESIAN_POINT('',(0.599691762214727,0.0210461445779934,-12.8275066374652));
#9726=CARTESIAN_POINT('',(0.599269989385609,0.0295885082721663,-12.8175172563301));
#9727=CARTESIAN_POINT('',(0.599999816577382,-2.70227488885874E-6,-12.8373677799004));
#9728=CARTESIAN_POINT('',(0.599996788997863,0.0112709183995776,-12.8335191327277));
#9729=CARTESIAN_POINT('',(0.599661852344436,0.021651923263654,-12.8267982440519));
#9730=CARTESIAN_POINT('',(0.599269989385609,0.0295885082721663,-12.8175172563301));
#9731=CARTESIAN_POINT('',(0.599270080955234,0.0295885127933482,-12.8175172563301));
#9732=CARTESIAN_POINT('',(0.649209155167743,0.0320542172948468,-12.8175172563301));
#9733=CARTESIAN_POINT('',(0.599269989385609,0.0295885082721663,-12.8175172563301));
#9734=CARTESIAN_POINT('',(0.649209155167743,0.0320542172948468,-12.8175172563301));
#9735=CARTESIAN_POINT('',(0.648928234628039,0.0377438332531204,-12.8104862981569));
#9736=CARTESIAN_POINT('',(0.648616547396274,0.0425724916949433,-12.8029268305842));
#9737=CARTESIAN_POINT('',(0.648189042201038,0.0485275820729309,-12.7907947026106));
#9738=CARTESIAN_POINT('',(0.648052891590298,0.0502979787584178,-12.7866185145456));
#9739=CARTESIAN_POINT('',(0.647803819940153,0.0534101847654042,-12.7780018476013));
#9740=CARTESIAN_POINT('',(0.64767123524334,0.0549798778870825,-12.772637456861));
#9741=CARTESIAN_POINT('',(0.647282960424335,0.0594796107090798,-12.7543938947341));
#9742=CARTESIAN_POINT('',(0.647089889423013,0.0614392430133915,-12.7363566849399));
#9743=CARTESIAN_POINT('',(0.647059015304875,0.0617626967730933,-12.7148771165792));
#9744=CARTESIAN_POINT('',(0.599269989385609,0.0295885082721663,-12.8175172563301));
#9745=CARTESIAN_POINT('',(0.599010678244548,0.0348404589052282,-12.8104863015829));
#9746=CARTESIAN_POINT('',(0.59872296682733,0.0392976846414861,-12.8029268305842));
#9747=CARTESIAN_POINT('',(0.598328346647112,0.0447946911442439,-12.7907947026106));
#9748=CARTESIAN_POINT('',(0.598202669160275,0.0464289034693087,-12.7866185145456));
#9749=CARTESIAN_POINT('',(0.597972756867834,0.0493017090142193,-12.7780018476013));
#9750=CARTESIAN_POINT('',(0.597850370993852,0.050750656511153,-12.772637456861));
#9751=CARTESIAN_POINT('',(0.597491963468617,0.0549042560391505,-12.7543938947341));
#9752=CARTESIAN_POINT('',(0.597313744082881,0.056713147395931,-12.7363566850151));
#9753=CARTESIAN_POINT('',(0.597285244896808,0.0570117200982399,-12.7148771165792));
#9754=CARTESIAN_POINT('',(0.599269989385609,0.0295885082721663,-12.8175172563301));
#9755=CARTESIAN_POINT('',(0.599010678244548,0.0348404589052282,-12.8104863015829));
#9756=CARTESIAN_POINT('',(0.59872296682733,0.0392976846414861,-12.8029268305842));
#9757=CARTESIAN_POINT('',(0.598328346647112,0.0447946911442439,-12.7907947026106));
#9758=CARTESIAN_POINT('',(0.598202669160275,0.0464289034693087,-12.7866185145456));
#9759=CARTESIAN_POINT('',(0.597972756867834,0.0493017090142193,-12.7780018476013));
#9760=CARTESIAN_POINT('',(0.597850370993852,0.050750656511153,-12.772637456861));
#9761=CARTESIAN_POINT('',(0.597491963468617,0.0549042560391505,-12.7543938947341));
#9762=CARTESIAN_POINT('',(0.597313744082881,0.056713147395931,-12.7363566850151));
#9763=CARTESIAN_POINT('',(0.597285244896808,0.0570117200982399,-12.7148771165792));
#9764=CARTESIAN_POINT('',(0.597285244896808,0.05701172009824,-12.7148771165792));
#9765=CARTESIAN_POINT('',(0.647059015304875,0.0617626967730933,-12.7148771165792));
#9766=CARTESIAN_POINT('',(0.597285244896808,0.0570117200982399,-12.7148771165792));
#9767=CARTESIAN_POINT('',(0.647059015304875,0.0617626967730933,-12.7148771165792));
#9768=CARTESIAN_POINT('',(0.647078255956642,0.0615611214236296,-12.6949729569307));
#9769=CARTESIAN_POINT('',(0.647220469378873,0.0601085917802188,-12.6776593946936));
#9770=CARTESIAN_POINT('',(0.647580304553413,0.0560499228519691,-12.6555749481057));
#9771=CARTESIAN_POINT('',(0.647723987964846,0.0543836581966482,-12.6488611153348));
#9772=CARTESIAN_POINT('',(0.647964238237275,0.0514133511995762,-12.6397618403163));
#9773=CARTESIAN_POINT('',(0.648048399817221,0.0503447617943681,-12.6368906609997));
#9774=CARTESIAN_POINT('',(0.648222552474804,0.048050452743362,-12.6314721270792));
#9775=CARTESIAN_POINT('',(0.648286684402947,0.0471930775332858,-12.6295984078535));
#9776=CARTESIAN_POINT('',(0.648873835806242,0.0388295385725113,-12.6143030197233));
#9777=CARTESIAN_POINT('',(0.649492136642029,0.0288867757664517,-12.6038252339588));
#9778=CARTESIAN_POINT('',(0.649890480621872,0.0123801568224383,-12.5929261576777));
#9779=CARTESIAN_POINT('',(0.649949988130966,0.00887507821739438,-12.5908562502177));
#9780=CARTESIAN_POINT('',(0.649994205612116,0.00331227895506319,-12.5879162507221));
#9781=CARTESIAN_POINT('',(0.650000520573204,0.000856912578205599,-12.5867030965353));
#9782=CARTESIAN_POINT('',(0.649999310910862,-0.00151883508225481,-12.5855816813225));
#9783=CARTESIAN_POINT('',(0.649995421879834,-0.00282535277324628,-12.5850015412702));
#9784=CARTESIAN_POINT('',(0.649948824792439,-0.0099510039446299,-12.58200367878));
#9785=CARTESIAN_POINT('',(0.6498324369071,-0.0175501571768951,-12.579294581639));
#9786=CARTESIAN_POINT('',(0.649437344512289,-0.0270395183541757,-12.5762743413967));
#9787=CARTESIAN_POINT('',(0.597285244896808,0.0570117200982399,-12.7148771165792));
#9788=CARTESIAN_POINT('',(0.597303005498458,0.0568256505446889,-12.6949729569093));
#9789=CARTESIAN_POINT('',(0.597434279426652,0.0554848539509712,-12.6776593946936));
#9790=CARTESIAN_POINT('',(0.597766434972381,0.0517383903248945,-12.6555749481057));
#9791=CARTESIAN_POINT('',(0.597899065813704,0.0502002998738291,-12.6488611153348));
#9792=CARTESIAN_POINT('',(0.598120835295946,0.0474584780303781,-12.6397618403163));
#9793=CARTESIAN_POINT('',(0.598198522908204,0.0464720878101859,-12.6368906609997));
#9794=CARTESIAN_POINT('',(0.598359279207512,0.0443542640707957,-12.6314721270792));
#9795=CARTESIAN_POINT('',(0.598418477910412,0.0435628407999561,-12.6295984078535));
#9796=CARTESIAN_POINT('',(0.598960463821146,0.0358426509900105,-12.6143030197233));
#9797=CARTESIAN_POINT('',(0.59953120305418,0.0266647160921092,-12.6038252339588));
#9798=CARTESIAN_POINT('',(0.59989890518942,0.0114278370668662,-12.5929261576777));
#9799=CARTESIAN_POINT('',(0.599953835197815,0.00819237989297942,-12.5908562502177));
#9800=CARTESIAN_POINT('',(0.599994651334261,0.00305748826621218,-12.5879162507221));
#9801=CARTESIAN_POINT('',(0.600000480529111,0.000790996226035938,-12.5867030965353));
#9802=CARTESIAN_POINT('',(0.599999363917719,-0.00140200161438905,-12.5855816813225));
#9803=CARTESIAN_POINT('',(0.599995774042923,-0.00260801794453503,-12.5850015412702));
#9804=CARTESIAN_POINT('',(0.599952761346867,-0.00918554210273529,-12.58200367878));
#9805=CARTESIAN_POINT('',(0.599845326163567,-0.0162001501834047,-12.5792945798816));
#9806=CARTESIAN_POINT('',(0.599480625703652,-0.0249595554038545,-12.5762743413967));
#9807=CARTESIAN_POINT('',(0.597285244896808,0.0570117200982399,-12.7148771165792));
#9808=CARTESIAN_POINT('',(0.597303005498458,0.0568256505446889,-12.6949729569093));
#9809=CARTESIAN_POINT('',(0.597434279426652,0.0554848539509712,-12.6776593946936));
#9810=CARTESIAN_POINT('',(0.597766434972381,0.0517383903248945,-12.6555749481057));
#9811=CARTESIAN_POINT('',(0.597899065813704,0.0502002998738291,-12.6488611153348));
#9812=CARTESIAN_POINT('',(0.598120835295946,0.0474584780303781,-12.6397618403163));
#9813=CARTESIAN_POINT('',(0.598198522908204,0.0464720878101859,-12.6368906609997));
#9814=CARTESIAN_POINT('',(0.598359279207512,0.0443542640707957,-12.6314721270792));
#9815=CARTESIAN_POINT('',(0.598418477910412,0.0435628407999561,-12.6295984078535));
#9816=CARTESIAN_POINT('',(0.598960463821146,0.0358426509900105,-12.6143030197233));
#9817=CARTESIAN_POINT('',(0.59953120305418,0.0266647160921092,-12.6038252339588));
#9818=CARTESIAN_POINT('',(0.59989890518942,0.0114278370668662,-12.5929261576777));
#9819=CARTESIAN_POINT('',(0.599953835197815,0.00819237989297942,-12.5908562502177));
#9820=CARTESIAN_POINT('',(0.599993505462051,0.0032016452131127,-12.5879987882676));
#9821=CARTESIAN_POINT('',(0.599999443477061,0.0011688373854295,-12.5869057912339));
#9822=CARTESIAN_POINT('',(0.599999963257774,-4.54375627078694E-6,-12.5862973308715));
#9823=CARTESIAN_POINT('',(0.649437344512289,-0.0270395183541759,-12.5762743413967));
#9824=CARTESIAN_POINT('',(0.599480625703652,-0.0249595554038546,-12.5762743413967));
#9825=CARTESIAN_POINT('',(0.649437344512289,-0.0270395183541759,-12.5762743413967));
#9826=CARTESIAN_POINT('',(0.649574319068938,-0.0237496523450906,-12.5433471787693));
#9827=CARTESIAN_POINT('',(0.64968629484748,-0.0204587455074758,-12.5104200161434));
#9828=CARTESIAN_POINT('',(0.649773258917781,-0.0171671778509666,-12.4774928535161));
#9829=CARTESIAN_POINT('',(0.599480625703652,-0.0249595554038546,-12.5762743413967));
#9830=CARTESIAN_POINT('',(0.599607063755942,-0.0219227560108586,-12.5433471787693));
#9831=CARTESIAN_POINT('',(0.599710426013059,-0.0188849958530492,-12.5104200161434));
#9832=CARTESIAN_POINT('',(0.59979070053949,-0.0158466257085845,-12.4774928535161));
#9833=CARTESIAN_POINT('',(0.649773258917781,-0.0171671778509666,-12.4774928535161));
#9834=CARTESIAN_POINT('',(0.59979070053949,-0.0158466257085845,-12.4774928535161));
#9835=CARTESIAN_POINT('',(0.649773258917781,-0.0171671778509666,-12.4774928535161));
#9836=CARTESIAN_POINT('',(0.650041614614698,-0.00700998385850994,-12.4799774408153));
#9837=CARTESIAN_POINT('',(0.650029124286816,-0.00383040099424879,-12.4807250444532));
#9838=CARTESIAN_POINT('',(0.649952906793149,0.0106655212717809,-12.4848731320637));
#9839=CARTESIAN_POINT('',(0.649795171077853,0.0176389974051886,-12.4872078977034));
#9840=CARTESIAN_POINT('',(0.649042587881706,0.0377268267688042,-12.4949943601254));
#9841=CARTESIAN_POINT('',(0.648170466858734,0.05000745784729,-12.5012282224109));
#9842=CARTESIAN_POINT('',(0.645005209951614,0.0834929872992149,-12.5230584712797));
#9843=CARTESIAN_POINT('',(0.642153985492438,0.101671850117138,-12.5428331312744));
#9844=CARTESIAN_POINT('',(0.63839323657285,0.122490007941696,-12.5822133587258));
#9845=CARTESIAN_POINT('',(0.637443827485719,0.127220170715519,-12.5940490855832));
#9846=CARTESIAN_POINT('',(0.635651521766617,0.135892413004971,-12.6202225940105));
#9847=CARTESIAN_POINT('',(0.634875140423624,0.139432830695525,-12.6340799936798));
#9848=CARTESIAN_POINT('',(0.633949503105158,0.143561892797652,-12.6560220613671));
#9849=CARTESIAN_POINT('',(0.633778752361813,0.144309229752744,-12.660964264449));
#9850=CARTESIAN_POINT('',(0.633415838864936,0.145893919723053,-12.6731641688118));
#9851=CARTESIAN_POINT('',(0.633256823669855,0.146581560007393,-12.6796590516939));
#9852=CARTESIAN_POINT('',(0.632850163955819,0.148331061533422,-12.7003284924425));
#9853=CARTESIAN_POINT('',(0.632673214642397,0.14907957491366,-12.7156878424361));
#9854=CARTESIAN_POINT('',(0.63259486441945,0.14941130315387,-12.7326269151827));
#9855=CARTESIAN_POINT('',(0.59979070053949,-0.0158466257085845,-12.4774928535161));
#9856=CARTESIAN_POINT('',(0.600038467242443,-0.00646871983338068,-12.4799779799531));
#9857=CARTESIAN_POINT('',(0.600026883957061,-0.00353575476392196,-12.4807250444532));
#9858=CARTESIAN_POINT('',(0.599956529347522,0.00984509655856699,-12.4848731320637));
#9859=CARTESIAN_POINT('',(0.599810927148787,0.0162821514509433,-12.4872078977034));
#9860=CARTESIAN_POINT('',(0.599116234967729,0.0348247631712039,-12.4949943601254));
#9861=CARTESIAN_POINT('',(0.598311200177293,0.0461607303205754,-12.5012282224109));
#9862=CARTESIAN_POINT('',(0.595389424570721,0.0770704498146599,-12.5230584712797));
#9863=CARTESIAN_POINT('',(0.592757525069943,0.0938509385696654,-12.5428331312744));
#9864=CARTESIAN_POINT('',(0.589286064528785,0.113067699638488,-12.5822133587258));
#9865=CARTESIAN_POINT('',(0.588409686909895,0.117434003737403,-12.5940490855832));
#9866=CARTESIAN_POINT('',(0.586755250861492,0.125439150466127,-12.6202225940105));
#9867=CARTESIAN_POINT('',(0.586038591160269,0.128707228334331,-12.6340799936798));
#9868=CARTESIAN_POINT('',(0.585184156712453,0.132518670274756,-12.6560220613671));
#9869=CARTESIAN_POINT('',(0.585026540641674,0.133208519771764,-12.660964264449));
#9870=CARTESIAN_POINT('',(0.584691543567633,0.134671310513588,-12.6731641688118));
#9871=CARTESIAN_POINT('',(0.584544760310635,0.135306055391439,-12.6796590516939));
#9872=CARTESIAN_POINT('',(0.584169382113064,0.136920979877004,-12.7003284924425));
#9873=CARTESIAN_POINT('',(0.584006044285306,0.13761191530485,-12.7156878424324));
#9874=CARTESIAN_POINT('',(0.583933721002569,0.137918125988188,-12.7326269151827));
#9875=CARTESIAN_POINT('',(0.600003263905772,-7.02097355810693E-6,-12.4818388360222));
#9876=CARTESIAN_POINT('',(0.600003071878308,0.000971659114375881,-12.4821271142993));
#9877=CARTESIAN_POINT('',(0.599997735810758,0.00200797598191144,-12.4824436108036));
#9878=CARTESIAN_POINT('',(0.599956529347522,0.00984509655856699,-12.4848731320637));
#9879=CARTESIAN_POINT('',(0.599810927148787,0.0162821514509433,-12.4872078977034));
#9880=CARTESIAN_POINT('',(0.599116234967729,0.0348247631712039,-12.4949943601254));
#9881=CARTESIAN_POINT('',(0.598311200177293,0.0461607303205754,-12.5012282224109));
#9882=CARTESIAN_POINT('',(0.595389424570721,0.0770704498146599,-12.5230584712797));
#9883=CARTESIAN_POINT('',(0.592757525069943,0.0938509385696654,-12.5428331312744));
#9884=CARTESIAN_POINT('',(0.589286064528785,0.113067699638488,-12.5822133587258));
#9885=CARTESIAN_POINT('',(0.588409686909895,0.117434003737403,-12.5940490855832));
#9886=CARTESIAN_POINT('',(0.586755250861492,0.125439150466127,-12.6202225940105));
#9887=CARTESIAN_POINT('',(0.586038591160269,0.128707228334331,-12.6340799936798));
#9888=CARTESIAN_POINT('',(0.585184156712453,0.132518670274756,-12.6560220613671));
#9889=CARTESIAN_POINT('',(0.585026540641674,0.133208519771764,-12.660964264449));
#9890=CARTESIAN_POINT('',(0.584691543567633,0.134671310513588,-12.6731641688118));
#9891=CARTESIAN_POINT('',(0.584544760310635,0.135306055391439,-12.6796590516939));
#9892=CARTESIAN_POINT('',(0.584169382113064,0.136920979877004,-12.7003284924425));
#9893=CARTESIAN_POINT('',(0.584006044285306,0.13761191530485,-12.7156878424324));
#9894=CARTESIAN_POINT('',(0.583933721002569,0.137918125988188,-12.7326269151827));
#9895=CARTESIAN_POINT('',(0.583933721002601,0.137918125988202,-12.732626915183));
#9896=CARTESIAN_POINT('',(0.63259486441945,0.14941130315387,-12.7326269151827));
#9897=CARTESIAN_POINT('',(0.583933721002569,0.137918125988188,-12.7326269151827));
#9898=CARTESIAN_POINT('',(0.63259486441945,0.14941130315387,-12.7326269151827));
#9899=CARTESIAN_POINT('',(0.632651879890067,0.149169904456828,-12.7468172409793));
#9900=CARTESIAN_POINT('',(0.632765187389122,0.148690154548831,-12.7595413098256));
#9901=CARTESIAN_POINT('',(0.633017145326974,0.1476124311497,-12.776428027647));
#9902=CARTESIAN_POINT('',(0.633114772140908,0.147193501055737,-12.7816903693474));
#9903=CARTESIAN_POINT('',(0.633281140564199,0.146475449716761,-12.7890340355379));
#9904=CARTESIAN_POINT('',(0.63333991648786,0.14622115622321,-12.791390283208));
#9905=CARTESIAN_POINT('',(0.633464000023719,0.145682658604418,-12.7959194964282));
#9906=CARTESIAN_POINT('',(0.63350032238627,0.14552502292815,-12.7972119346741));
#9907=CARTESIAN_POINT('',(0.633987814455152,0.143396315539574,-12.8120211936455));
#9908=CARTESIAN_POINT('',(0.634518838344476,0.141050443442609,-12.8233597422367));
#9909=CARTESIAN_POINT('',(0.635494784900371,0.136560332149479,-12.8396042772449));
#9910=CARTESIAN_POINT('',(0.635849817939352,0.134901709690816,-12.8448919076011));
#9911=CARTESIAN_POINT('',(0.636421258836959,0.13216976531391,-12.8526325311658));
#9912=CARTESIAN_POINT('',(0.636618209388437,0.131218447171201,-12.8551809353591));
#9913=CARTESIAN_POINT('',(0.637023963390934,0.129234265845658,-12.8602141364224));
#9914=CARTESIAN_POINT('',(0.637185106101932,0.128440384404764,-12.8621529729715));
#9915=CARTESIAN_POINT('',(0.639541305575503,0.11662586612718,-12.8891435547362));
#9916=CARTESIAN_POINT('',(0.641937180908951,0.103143130455693,-12.9077330536909));
#9917=CARTESIAN_POINT('',(0.64598791438468,0.0736305918926549,-12.931303484923));
#9918=CARTESIAN_POINT('',(0.648335179319693,0.0532839755610961,-12.940415251757));
#9919=CARTESIAN_POINT('',(0.649427519017574,0.0272744851954877,-12.9468592670238));
#9920=CARTESIAN_POINT('',(0.583933721002569,0.137918125988188,-12.7326269151827));
#9921=CARTESIAN_POINT('',(0.583986350667757,0.137695296421676,-12.7468172409801));
#9922=CARTESIAN_POINT('',(0.584090942205343,0.137252450352768,-12.7595413098256));
#9923=CARTESIAN_POINT('',(0.584323518763361,0.136257628753569,-12.776428027647));
#9924=CARTESIAN_POINT('',(0.584413635822377,0.135870924051449,-12.7816903693474));
#9925=CARTESIAN_POINT('',(0.584567206674645,0.135208107430857,-12.7890340355379));
#9926=CARTESIAN_POINT('',(0.58462146137341,0.134973374975271,-12.791390283208));
#9927=CARTESIAN_POINT('',(0.584736000021895,0.134476300250232,-12.7959194964282));
#9928=CARTESIAN_POINT('',(0.584769528356557,0.134330790395216,-12.7972119346741));
#9929=CARTESIAN_POINT('',(0.585219521035525,0.132365829728837,-12.8120211936455));
#9930=CARTESIAN_POINT('',(0.585709696933362,0.130200409331639,-12.8233597422367));
#9931=CARTESIAN_POINT('',(0.586610570677266,0.126055691214904,-12.8396042772449));
#9932=CARTESIAN_POINT('',(0.586938293482479,0.124524655099214,-12.8448919076011));
#9933=CARTESIAN_POINT('',(0.587465777387962,0.122002860289763,-12.8526325311658));
#9934=CARTESIAN_POINT('',(0.587647577897018,0.121124720465724,-12.8551809353591));
#9935=CARTESIAN_POINT('',(0.58802212005317,0.119293168472915,-12.8602141364224));
#9936=CARTESIAN_POINT('',(0.588170867171014,0.118560354835167,-12.8621529729715));
#9937=CARTESIAN_POINT('',(0.590345820531233,0.107654645655859,-12.8891435547362));
#9938=CARTESIAN_POINT('',(0.592557397762109,0.0952090434975631,-12.9077330536909));
#9939=CARTESIAN_POINT('',(0.596296536355089,0.0679667002086045,-12.931303484923));
#9940=CARTESIAN_POINT('',(0.598463245397999,0.049185137990937,-12.9404152706041));
#9941=CARTESIAN_POINT('',(0.599471556016222,0.0251764478727579,-12.9468592670238));
#9942=CARTESIAN_POINT('',(0.583933721002569,0.137918125988188,-12.7326269151827));
#9943=CARTESIAN_POINT('',(0.583986350667757,0.137695296421676,-12.7468172409801));
#9944=CARTESIAN_POINT('',(0.584090942205343,0.137252450352768,-12.7595413098256));
#9945=CARTESIAN_POINT('',(0.584323518763361,0.136257628753569,-12.776428027647));
#9946=CARTESIAN_POINT('',(0.584413635822377,0.135870924051449,-12.7816903693474));
#9947=CARTESIAN_POINT('',(0.584567206674645,0.135208107430857,-12.7890340355379));
#9948=CARTESIAN_POINT('',(0.58462146137341,0.134973374975271,-12.791390283208));
#9949=CARTESIAN_POINT('',(0.584736000021895,0.134476300250232,-12.7959194964282));
#9950=CARTESIAN_POINT('',(0.584769528356557,0.134330790395216,-12.7972119346741));
#9951=CARTESIAN_POINT('',(0.585219521035525,0.132365829728837,-12.8120211936455));
#9952=CARTESIAN_POINT('',(0.585709696933362,0.130200409331639,-12.8233597422367));
#9953=CARTESIAN_POINT('',(0.586610570677266,0.126055691214904,-12.8396042772449));
#9954=CARTESIAN_POINT('',(0.586938293482479,0.124524655099214,-12.8448919076011));
#9955=CARTESIAN_POINT('',(0.587465777387962,0.122002860289763,-12.8526325311658));
#9956=CARTESIAN_POINT('',(0.587647577897018,0.121124720465724,-12.8551809353591));
#9957=CARTESIAN_POINT('',(0.58802212005317,0.119293168472915,-12.8602141364224));
#9958=CARTESIAN_POINT('',(0.588170867171014,0.118560354835167,-12.8621529729715));
#9959=CARTESIAN_POINT('',(0.590345820531233,0.107654645655859,-12.8891435547362));
#9960=CARTESIAN_POINT('',(0.592557397762109,0.0952090434975631,-12.9077330536909));
#9961=CARTESIAN_POINT('',(0.596296536355089,0.0679667002086045,-12.931303484923));
#9962=CARTESIAN_POINT('',(0.598463245397999,0.049185137990937,-12.9404152706041));
#9963=CARTESIAN_POINT('',(0.599471556016222,0.0251764478727579,-12.9468592670238));
#9964=CARTESIAN_POINT('',(0.599471556016222,0.0251764478727579,-12.9468592670238));
#9965=CARTESIAN_POINT('',(0.649427519017574,0.0272744851954877,-12.9468592670238));
#9966=CARTESIAN_POINT('',(0.599471556016222,0.0251764478727579,-12.9468592670238));
#9967=CARTESIAN_POINT('',(0.649427519017574,0.0272744851954877,-12.9468592670238));
#9968=CARTESIAN_POINT('',(0.650688910617713,-0.00276026748697596,-12.9518878084302));
#9969=CARTESIAN_POINT('',(0.650448745476179,-0.0234996729447269,-12.951517289983));
#9970=CARTESIAN_POINT('',(0.647489672081039,-0.0570712234702274,-12.951643995343));
#9971=CARTESIAN_POINT('',(0.599471556016222,0.0251764478727579,-12.9468592670238));
#9972=CARTESIAN_POINT('',(0.600634734138084,-0.00251976257602639,-12.9518826978604));
#9973=CARTESIAN_POINT('',(0.600412413508435,-0.0217125757727054,-12.9515173740876));
#9974=CARTESIAN_POINT('',(0.597682774228651,-0.052681129357133,-12.951643995343));
#9975=CARTESIAN_POINT('',(0.599471556016222,0.0251764478727579,-12.9468592670238));
#9976=CARTESIAN_POINT('',(0.599852086483695,0.0161157101308559,-12.9485026683642));
#9977=CARTESIAN_POINT('',(0.600084333543438,0.00796505095845621,-12.9495693366718));
#9978=CARTESIAN_POINT('',(0.600064509438053,9.08660039196979E-6,-12.9501802253877));
#9979=CARTESIAN_POINT('',(0.647489672081039,-0.0570712234702276,-12.951643995343));
#9980=CARTESIAN_POINT('',(0.63088737279691,-0.0556078587658628,-12.951643995343));
#9981=CARTESIAN_POINT('',(0.61428507351278,-0.054144494061498,-12.951643995343));
#9982=CARTESIAN_POINT('',(0.597682774228651,-0.0526811293571332,-12.951643995343));
#9983=CARTESIAN_POINT('',(0.,0.,-12.951643995343));
#9984=CARTESIAN_POINT('',(0.625863631366462,-0.175484229869199,-12.951643995343));
#9985=CARTESIAN_POINT('',(0.577720275107503,-0.161985442956184,-12.951643995343));
#9986=CARTESIAN_POINT('',(0.625863631366462,-0.175484229869199,-12.951643995343));
#9987=CARTESIAN_POINT('',(0.618455801876528,-0.201904216830815,-12.9517985506594));
#9988=CARTESIAN_POINT('',(0.610317948919697,-0.224590135155292,-12.9520686461169));
#9989=CARTESIAN_POINT('',(0.598669326464007,-0.253381568877429,-12.9526472848471));
#9990=CARTESIAN_POINT('',(0.594874278085925,-0.262106441518409,-12.9528690700516));
#9991=CARTESIAN_POINT('',(0.589471432621244,-0.273938366201016,-12.9532451063));
#9992=CARTESIAN_POINT('',(0.587718435009721,-0.2776731370878,-12.9533776781231));
#9993=CARTESIAN_POINT('',(0.585177650445135,-0.282968107561834,-12.9535873754681));
#9994=CARTESIAN_POINT('',(0.584345487370049,-0.284681898695426,-12.9536590811848));
#9995=CARTESIAN_POINT('',(0.583121309162718,-0.287176595170988,-12.9537693496626));
#9996=CARTESIAN_POINT('',(0.582717259594067,-0.287995495455596,-12.9538065574722));
#9997=CARTESIAN_POINT('',(0.581917485205001,-0.289608098029425,-12.9538818763924));
#9998=CARTESIAN_POINT('',(0.581831349504245,-0.289783935776875,-12.9538894863254));
#9999=CARTESIAN_POINT('',(0.575522314501054,-0.302375234317265,-12.9545110617722));
#10000=CARTESIAN_POINT('',(0.570096831216572,-0.312402259168474,-12.9553753854982));
#10001=CARTESIAN_POINT('',(0.562477774904919,-0.325799240119122,-12.9571395894138));
#10002=CARTESIAN_POINT('',(0.560024006719816,-0.329990991770035,-12.9578056104401));
#10003=CARTESIAN_POINT('',(0.555322117216923,-0.337843586414781,-12.9592935586016));
#10004=CARTESIAN_POINT('',(0.553395156076499,-0.340991423655632,-12.9599798404643));
#10005=CARTESIAN_POINT('',(0.541136118185416,-0.36057356809013,-12.9651574677751));
#10006=CARTESIAN_POINT('',(0.53010278669083,-0.376715880583332,-12.9719112329121));
#10007=CARTESIAN_POINT('',(0.517652133450947,-0.393111013243948,-12.9812784417072));
#10008=CARTESIAN_POINT('',(0.577720275107503,-0.161985442956184,-12.951643995343));
#10009=CARTESIAN_POINT('',(0.570882278665293,-0.18637312319265,-12.9517985506592));
#10010=CARTESIAN_POINT('',(0.563370414387413,-0.207313970912577,-12.9520686461169));
#10011=CARTESIAN_POINT('',(0.552617839812929,-0.23389067896378,-12.9526472848471));
#10012=CARTESIAN_POINT('',(0.549114718233161,-0.241944407555454,-12.9528690700516));
#10013=CARTESIAN_POINT('',(0.544127476265763,-0.252866184185553,-12.9532451063));
#10014=CARTESIAN_POINT('',(0.542509324624358,-0.256313665004123,-12.9533776781231));
#10015=CARTESIAN_POINT('',(0.540163985026278,-0.261201330057077,-12.9535873754681));
#10016=CARTESIAN_POINT('',(0.539395834495429,-0.26278329110347,-12.9536590811848));
#10017=CARTESIAN_POINT('',(0.538265823842509,-0.265086087850143,-12.9537693496626));
#10018=CARTESIAN_POINT('',(0.537892855009908,-0.265841995805166,-12.9538065574722));
#10019=CARTESIAN_POINT('',(0.537154601727693,-0.267330552027161,-12.9538818763924));
#10020=CARTESIAN_POINT('',(0.537075091850072,-0.267492863794039,-12.9538894863254));
#10021=CARTESIAN_POINT('',(0.531251367231742,-0.279115600908244,-12.9545110617722));
#10022=CARTESIAN_POINT('',(0.526243228815298,-0.288371316155514,-12.9553753854982));
#10023=CARTESIAN_POINT('',(0.519210253758387,-0.300737760109959,-12.9571395894138));
#10024=CARTESIAN_POINT('',(0.516945236972138,-0.304607069326186,-12.9578056104401));
#10025=CARTESIAN_POINT('',(0.51260503127716,-0.311855618229029,-12.9592935586016));
#10026=CARTESIAN_POINT('',(0.510826297916768,-0.31476131414366,-12.9599798404643));
#10027=CARTESIAN_POINT('',(0.499510262940384,-0.332837139775505,-12.9651574677751));
#10028=CARTESIAN_POINT('',(0.489325628197687,-0.347737763649,-12.9719112500731));
#10029=CARTESIAN_POINT('',(0.477832738570105,-0.362871704532875,-12.9812784417072));
#10030=CARTESIAN_POINT('',(0.517652133450947,-0.393111013243948,-12.9812784417072));
#10031=CARTESIAN_POINT('',(0.504379001823999,-0.38303124367359,-12.9812784417072));
#10032=CARTESIAN_POINT('',(0.491105870197052,-0.372951474103232,-12.9812784417072));
#10033=CARTESIAN_POINT('',(0.477832738570105,-0.362871704532875,-12.9812784417072));
#10034=CARTESIAN_POINT('',(0.517652133450947,-0.393111013243948,-12.9318876977669));
#10035=CARTESIAN_POINT('',(0.517652133450947,-0.393111013243948,-12.8824969538266));
#10036=CARTESIAN_POINT('',(0.477832738570105,-0.362871704532875,-12.8824969538266));
#10037=CARTESIAN_POINT('',(0.517652133450947,-0.393111013243948,-12.8824969538266));
#10038=CARTESIAN_POINT('',(0.532134751713716,-0.374040170685217,-12.8651579146774));
#10039=CARTESIAN_POINT('',(0.541320510096558,-0.361013794673961,-12.8586267101166));
#10040=CARTESIAN_POINT('',(0.556466176432613,-0.33592468573546,-12.8528625074624));
#10041=CARTESIAN_POINT('',(0.477832738570105,-0.362871704532875,-12.8824969538266));
#10042=CARTESIAN_POINT('',(0.491187938991109,-0.345285455972833,-12.8651752559375));
#10043=CARTESIAN_POINT('',(0.499685704719605,-0.333234832776771,-12.8586245521974));
#10044=CARTESIAN_POINT('',(0.513661085937797,-0.310084325294271,-12.8528625074624));
#10045=CARTESIAN_POINT('',(0.556466176432613,-0.33592468573546,-12.8528625074624));
#10046=CARTESIAN_POINT('',(0.513661085937797,-0.310084325294271,-12.8528625074624));
#10047=CARTESIAN_POINT('',(0.,0.,0.));
#10048=CARTESIAN_POINT('',(0.556466176432613,-0.33592468573546,-12.8528625074624));
#10049=CARTESIAN_POINT('',(0.549204975618344,-0.347953014777667,-12.8349983328016));
#10050=CARTESIAN_POINT('',(0.542675518274585,-0.357908349040862,-12.8183015002755));
#10051=CARTESIAN_POINT('',(0.534439424010229,-0.369997673202888,-12.79500482221));
#10052=CARTESIAN_POINT('',(0.531951778678885,-0.373552885165886,-12.787530827002));
#10053=CARTESIAN_POINT('',(0.52864736697482,-0.378200442364147,-12.7767571804109));
#10054=CARTESIAN_POINT('',(0.527616958095888,-0.379635364222027,-12.7732388559173));
#10055=CARTESIAN_POINT('',(0.525703670975133,-0.38228041352078,-12.7663479890037));
#10056=CARTESIAN_POINT('',(0.525019802400841,-0.383219385075854,-12.7637893170125));
#10057=CARTESIAN_POINT('',(0.519990540535729,-0.390071888154355,-12.7432217079523));
#10058=CARTESIAN_POINT('',(0.516707889152703,-0.394363179123745,-12.7244745661718));
#10059=CARTESIAN_POINT('',(0.512972758537499,-0.39920960504434,-12.6914321225665));
#10060=CARTESIAN_POINT('',(0.511890428737561,-0.400585051438555,-12.6727489800241));
#10061=CARTESIAN_POINT('',(0.511618419976464,-0.400932154286466,-12.6519039180553));
#10062=CARTESIAN_POINT('',(0.513661085937797,-0.310084325294271,-12.8528625074624));
#10063=CARTESIAN_POINT('',(0.506958458759973,-0.321187365577038,-12.8349983853805));
#10064=CARTESIAN_POINT('',(0.500931247638078,-0.330376937576181,-12.8183015002755));
#10065=CARTESIAN_POINT('',(0.493328699086365,-0.341536313725742,-12.79500482221));
#10066=CARTESIAN_POINT('',(0.491032411088202,-0.344818047845433,-12.787530827002));
#10067=CARTESIAN_POINT('',(0.487982184899834,-0.349108100643828,-12.7767571804109));
#10068=CARTESIAN_POINT('',(0.487031038242358,-0.350432643897256,-12.7732388559173));
#10069=CARTESIAN_POINT('',(0.485264927053969,-0.352874227865335,-12.7663479890037));
#10070=CARTESIAN_POINT('',(0.484633663754623,-0.35374097083925,-12.7637893170125));
#10071=CARTESIAN_POINT('',(0.479991268186827,-0.360066358296327,-12.7432217079523));
#10072=CARTESIAN_POINT('',(0.476961128448649,-0.36402754996038,-12.7244745661718));
#10073=CARTESIAN_POINT('',(0.473513315573075,-0.368501173887084,-12.6914321225665));
#10074=CARTESIAN_POINT('',(0.472514241912374,-0.369770816711517,-12.6727489800888));
#10075=CARTESIAN_POINT('',(0.472263156901351,-0.370091219341353,-12.6519039180553));
#10076=CARTESIAN_POINT('',(0.623518488817366,-0.183642843865229,-12.694349088629));
#10077=CARTESIAN_POINT('',(0.622781359098425,-0.186145604107568,-12.6747604550292));
#10078=CARTESIAN_POINT('',(0.62199433825766,-0.188762280765297,-12.6581429768372));
#10079=CARTESIAN_POINT('',(0.620732361553206,-0.192855837834004,-12.6376734948729));
#10080=CARTESIAN_POINT('',(0.620298122656229,-0.19424844361167,-12.6315931233158));
#10081=CARTESIAN_POINT('',(0.619625517129164,-0.196379156802639,-12.6235867496269));
#10082=CARTESIAN_POINT('',(0.619397773738775,-0.197096361708382,-12.6211036556716));
#10083=CARTESIAN_POINT('',(0.619050733545646,-0.19818257686892,-12.6176575606504));
#10084=CARTESIAN_POINT('',(0.618934149275019,-0.198546383206775,-12.6165552866287));
#10085=CARTESIAN_POINT('',(0.618699153264765,-0.199277457763658,-12.6144435872223));
#10086=CARTESIAN_POINT('',(0.61867519789752,-0.199352657916021,-12.6141963985667));
#10087=CARTESIAN_POINT('',(0.615040743066363,-0.210590737137683,-12.5848673560528));
#10088=CARTESIAN_POINT('',(0.607778313988148,-0.232390854261438,-12.567424540619));
#10089=CARTESIAN_POINT('',(0.595783545241183,-0.259888374537698,-12.5663961926086));
#10090=CARTESIAN_POINT('',(0.575555528139107,-0.169516471260211,-12.694349088629));
#10091=CARTESIAN_POINT('',(0.57487510070375,-0.171826711492358,-12.6747604549576));
#10092=CARTESIAN_POINT('',(0.574148619930148,-0.174242105321812,-12.6581429768372));
#10093=CARTESIAN_POINT('',(0.572983718356805,-0.178020773385234,-12.6376734948729));
#10094=CARTESIAN_POINT('',(0.572582882451904,-0.179306255641542,-12.6315931233158));
#10095=CARTESIAN_POINT('',(0.571962015811536,-0.181273067817821,-12.6235867496269));
#10096=CARTESIAN_POINT('',(0.571751791143484,-0.181935103115429,-12.6211036556716));
#10097=CARTESIAN_POINT('',(0.571431446349827,-0.182937763263618,-12.6176575606504));
#10098=CARTESIAN_POINT('',(0.571323830100018,-0.183273584498561,-12.6165552866287));
#10099=CARTESIAN_POINT('',(0.571106910705936,-0.183948422551069,-12.6144435872223));
#10100=CARTESIAN_POINT('',(0.57108479805925,-0.184017838076327,-12.6141963985667));
#10101=CARTESIAN_POINT('',(0.567729916676643,-0.194391449665553,-12.5848673560528));
#10102=CARTESIAN_POINT('',(0.561025842321621,-0.214515307923544,-12.567424513344));
#10103=CARTESIAN_POINT('',(0.549954041761092,-0.239896961111722,-12.5663961926086));
#10104=CARTESIAN_POINT('',(0.575555528139107,-0.169516471260211,-12.694349088629));
#10105=CARTESIAN_POINT('',(0.623518488817366,-0.183642843865229,-12.694349088629));
#10106=CARTESIAN_POINT('',(0.623518488817365,-0.183642843865229,-12.694349088629));
#10107=CARTESIAN_POINT('',(0.549954041761092,-0.239896961111722,-12.5663961926086));
#10108=CARTESIAN_POINT('',(0.595783545241183,-0.259888374537698,-12.5663961926086));
#10109=CARTESIAN_POINT('',(0.595783545236703,-0.25988837454797,-12.5663961926082));
#10110=CARTESIAN_POINT('',(0.623518488817366,-0.183642843865229,-12.694349088629));
#10111=CARTESIAN_POINT('',(0.622781059448632,-0.186146621501888,-12.6747556111587));
#10112=CARTESIAN_POINT('',(0.621600284695028,-0.190072393796742,-12.6498257620739));
#10113=CARTESIAN_POINT('',(0.620080584655489,-0.194946074045628,-12.6285465806025));
#10114=CARTESIAN_POINT('',(0.619397502181849,-0.197097214338058,-12.6210995690707));
#10115=CARTESIAN_POINT('',(0.618934901410343,-0.198545121886952,-12.6165065919762));
#10116=CARTESIAN_POINT('',(0.618894166534592,-0.198675586111641,-12.6159624126462));
#10117=CARTESIAN_POINT('',(0.614999325655041,-0.210718803703707,-12.5845411457758));
#10118=CARTESIAN_POINT('',(0.607641528176941,-0.232704430179116,-12.5674194012858));
#10119=CARTESIAN_POINT('',(0.595783545241183,-0.259888374537698,-12.5663961926086));
#10120=CARTESIAN_POINT('',(0.595783545241183,-0.259888374537698,-12.5663961926086));
#10121=CARTESIAN_POINT('',(0.589752438696364,-0.273714441384249,-12.5672318169141));
#10122=CARTESIAN_POINT('',(0.585541022870557,-0.282398052553311,-12.5698474104003));
#10123=CARTESIAN_POINT('',(0.576260901067602,-0.300882574189592,-12.5828787545965));
#10124=CARTESIAN_POINT('',(0.572280352957467,-0.308272280885328,-12.5920365432116));
#10125=CARTESIAN_POINT('',(0.566443172262624,-0.31887103057572,-12.6124902964802));
#10126=CARTESIAN_POINT('',(0.564207332459786,-0.322759338340783,-12.6261206734868));
#10127=CARTESIAN_POINT('',(0.56233886689867,-0.326003839337341,-12.6458348736145));
#10128=CARTESIAN_POINT('',(0.561746832390672,-0.327017925066141,-12.6586550975673));
#10129=CARTESIAN_POINT('',(0.561506820782839,-0.327429519460828,-12.674438444978));
#10130=CARTESIAN_POINT('',(0.549954041761092,-0.239896961111722,-12.5663961926086));
#10131=CARTESIAN_POINT('',(0.544385669683046,-0.252662227983632,-12.5672319965528));
#10132=CARTESIAN_POINT('',(0.540499405726668,-0.260675125433825,-12.5698474104003));
#10133=CARTESIAN_POINT('',(0.531933139447017,-0.277737760790392,-12.5828787545965));
#10134=CARTESIAN_POINT('',(0.528258787345355,-0.284559028509533,-12.5920365432116));
#10135=CARTESIAN_POINT('',(0.522870620550114,-0.294342489762203,-12.6124902964802));
#10136=CARTESIAN_POINT('',(0.520806768424418,-0.297931696929953,-12.6261206734868));
#10137=CARTESIAN_POINT('',(0.519082030983388,-0.300926620926777,-12.6458348736145));
#10138=CARTESIAN_POINT('',(0.518535537591687,-0.301862700060542,-12.6586550975461));
#10139=CARTESIAN_POINT('',(0.518313988414928,-0.302242633348457,-12.674438444978));
#10140=CARTESIAN_POINT('',(0.518313988414928,-0.302242633348457,-12.674438444978));
#10141=CARTESIAN_POINT('',(0.561506820782839,-0.327429519460828,-12.674438444978));
#10142=CARTESIAN_POINT('',(0.561506820782839,-0.327429519460828,-12.674438444978));
#10143=CARTESIAN_POINT('',(0.595783545241183,-0.259888374537698,-12.5663961926086));
#10144=CARTESIAN_POINT('',(0.589981062812059,-0.273190329882846,-12.5672001404935));
#10145=CARTESIAN_POINT('',(0.585737549787966,-0.281998999720216,-12.5695726638478));
#10146=CARTESIAN_POINT('',(0.576250563343055,-0.300910620154264,-12.5828580239527));
#10147=CARTESIAN_POINT('',(0.572025527340944,-0.308742470692092,-12.5926795764494));
#10148=CARTESIAN_POINT('',(0.56773241442668,-0.316525962432685,-12.6081110979341));
#10149=CARTESIAN_POINT('',(0.56650550064412,-0.318709435220807,-12.6135611806747));
#10150=CARTESIAN_POINT('',(0.56448783748589,-0.322269557497003,-12.6250738306475));
#10151=CARTESIAN_POINT('',(0.563560022078909,-0.323883979271493,-12.6326843135996));
#10152=CARTESIAN_POINT('',(0.562279451556619,-0.326105413040716,-12.6471469948731));
#10153=CARTESIAN_POINT('',(0.561734621819692,-0.327038864897412,-12.65945807408));
#10154=CARTESIAN_POINT('',(0.561506820782839,-0.327429519460828,-12.674438444978));
#10155=CARTESIAN_POINT('',(0.561506820782839,-0.327429519460828,-12.674438444978));
#10156=CARTESIAN_POINT('',(0.562434589557605,-0.325838494632041,-12.7445501045152));
#10157=CARTESIAN_POINT('',(0.577342045702247,-0.30313609608788,-12.7956574044477));
#10158=CARTESIAN_POINT('',(0.597801726415928,-0.255211864720543,-12.8278584433426));
#10159=CARTESIAN_POINT('',(0.518313988414928,-0.302242633348457,-12.674438444978));
#10160=CARTESIAN_POINT('',(0.519170389319842,-0.300773996830206,-12.744550019289));
#10161=CARTESIAN_POINT('',(0.532931402465405,-0.27981727112537,-12.7956578875788));
#10162=CARTESIAN_POINT('',(0.551816978230087,-0.235580182818962,-12.8278584433426));
#10163=CARTESIAN_POINT('',(0.551816978230087,-0.235580182818962,-12.8278584433426));
#10164=CARTESIAN_POINT('',(0.597801726415928,-0.255211864720543,-12.8278584433426));
#10165=CARTESIAN_POINT('',(0.597801726411489,-0.255211864730939,-12.8278584433356));
#10166=CARTESIAN_POINT('',(0.561506820782839,-0.327429519460828,-12.674438444978));
#10167=CARTESIAN_POINT('',(0.562434418810982,-0.325838787444348,-12.7445372011611));
#10168=CARTESIAN_POINT('',(0.577354623659228,-0.303106633804038,-12.7956772006159));
#10169=CARTESIAN_POINT('',(0.597801726415928,-0.255211864720543,-12.8278584433426));
#10170=CARTESIAN_POINT('',(0.597801726415928,-0.255211864720543,-12.8278584433426));
#10171=CARTESIAN_POINT('',(0.600162133369024,-0.249682908011768,-12.8307527941654));
#10172=CARTESIAN_POINT('',(0.602512961885304,-0.24396412348473,-12.8331866985512));
#10173=CARTESIAN_POINT('',(0.606003086693507,-0.235096468741686,-12.8361468390719));
#10174=CARTESIAN_POINT('',(0.607160428500044,-0.232092340078108,-12.8370184358136));
#10175=CARTESIAN_POINT('',(0.609459239947264,-0.225986891438845,-12.838531395767));
#10176=CARTESIAN_POINT('',(0.610870960220477,-0.222133206848387,-12.8392984415861));
#10177=CARTESIAN_POINT('',(0.61517754784042,-0.210143880805549,-12.841301260781));
#10178=CARTESIAN_POINT('',(0.619479676595174,-0.197524658063642,-12.8422419987793));
#10179=CARTESIAN_POINT('',(0.624082408181634,-0.181717219322253,-12.8425213204499));
#10180=CARTESIAN_POINT('',(0.551816978230087,-0.235580182818962,-12.8278584433426));
#10181=CARTESIAN_POINT('',(0.553995815663135,-0.230476529897176,-12.8307527944917));
#10182=CARTESIAN_POINT('',(0.55616581097105,-0.225197652447443,-12.8331866985512));
#10183=CARTESIAN_POINT('',(0.55938746464016,-0.217012124992326,-12.8361468390719));
#10184=CARTESIAN_POINT('',(0.560455780153887,-0.214239083149023,-12.8370184358136));
#10185=CARTESIAN_POINT('',(0.562577759951321,-0.208603284405088,-12.838531395767));
#10186=CARTESIAN_POINT('',(0.563880886357363,-0.205046037090818,-12.8392984415861));
#10187=CARTESIAN_POINT('',(0.567856198006542,-0.19397896689743,-12.841301260781));
#10188=CARTESIAN_POINT('',(0.571827393805749,-0.182330453509326,-12.8422419987809));
#10189=CARTESIAN_POINT('',(0.576076069090739,-0.16773897168208,-12.8425213204499));
#10190=CARTESIAN_POINT('',(0.576076069090739,-0.16773897168208,-12.8425213204499));
#10191=CARTESIAN_POINT('',(0.624082408181634,-0.181717219322253,-12.8425213204499));
#10192=CARTESIAN_POINT('',(0.624082408181634,-0.181717219322253,-12.8425213204499));
#10193=CARTESIAN_POINT('',(0.597801726415928,-0.255211864720543,-12.8278584433426));
#10194=CARTESIAN_POINT('',(0.600162851356631,-0.249681226216012,-12.8307532402943));
#10195=CARTESIAN_POINT('',(0.602513979338412,-0.243961610687557,-12.8331873522771));
#10196=CARTESIAN_POINT('',(0.60716742977228,-0.232138051622733,-12.8371342063046));
#10197=CARTESIAN_POINT('',(0.610009536554919,-0.224531367549812,-12.838897943888));
#10198=CARTESIAN_POINT('',(0.615177760123559,-0.210143289819834,-12.8413011284994));
#10199=CARTESIAN_POINT('',(0.619480407081539,-0.197522149310254,-12.8422419001743));
#10200=CARTESIAN_POINT('',(0.624082408181634,-0.181717219322253,-12.8425213204499));
#10201=CARTESIAN_POINT('',(0.624082408181634,-0.181717219322253,-12.8425213204499));
#10202=CARTESIAN_POINT('',(0.626757693186863,-0.172529326645586,-12.8426756665427));
#10203=CARTESIAN_POINT('',(0.629230044626687,-0.163282348895387,-12.8428300125815));
#10204=CARTESIAN_POINT('',(0.631497053526442,-0.153985296010436,-12.8429843586743));
#10205=CARTESIAN_POINT('',(0.576076069090739,-0.16773897168208,-12.8425213204499));
#10206=CARTESIAN_POINT('',(0.578545562941707,-0.159257839980585,-12.8426756665427));
#10207=CARTESIAN_POINT('',(0.580827733501568,-0.150722168211082,-12.8428300125815));
#10208=CARTESIAN_POINT('',(0.582920357101331,-0.142140273240403,-12.8429843586743));
#10209=CARTESIAN_POINT('',(0.582920357101331,-0.142140273240403,-12.8429843586743));
#10210=CARTESIAN_POINT('',(0.631497053526442,-0.153985296010436,-12.8429843586743));
#10211=CARTESIAN_POINT('',(0.631497053525719,-0.153985296013404,-12.8429843586657));
#10212=CARTESIAN_POINT('',(0.624082408181634,-0.181717219322253,-12.8425213204499));
#10213=CARTESIAN_POINT('',(0.626757692875113,-0.172529327716248,-12.8426756665247));
#10214=CARTESIAN_POINT('',(0.62923004489086,-0.163282347812005,-12.8428300125995));
#10215=CARTESIAN_POINT('',(0.631497053526442,-0.153985296010436,-12.8429843586743));
#10216=CARTESIAN_POINT('',(0.631497053526442,-0.153985296010436,-12.8429843586743));
#10217=CARTESIAN_POINT('',(0.628719086917498,-0.165377797592042,-12.8100531068593));
#10218=CARTESIAN_POINT('',(0.625990713625123,-0.175248953617695,-12.7605084082163));
#10219=CARTESIAN_POINT('',(0.623518488817366,-0.183642843865229,-12.694349088629));
#10220=CARTESIAN_POINT('',(0.582920357101331,-0.142140273240403,-12.8429843586743));
#10221=CARTESIAN_POINT('',(0.58035608286612,-0.152656417742019,-12.8100531406935));
#10222=CARTESIAN_POINT('',(0.577837581312992,-0.161768266557902,-12.7605083938711));
#10223=CARTESIAN_POINT('',(0.575555528139107,-0.169516471260211,-12.694349088629));
#10224=CARTESIAN_POINT('',(0.631497053526442,-0.153985296010436,-12.8429843586743));
#10225=CARTESIAN_POINT('',(0.628719180211296,-0.165377414992146,-12.8100500533894));
#10226=CARTESIAN_POINT('',(0.625990793231007,-0.175248683333597,-12.7605049633743));
#10227=CARTESIAN_POINT('',(0.623518488817366,-0.183642843865229,-12.694349088629));
#10228=CARTESIAN_POINT('',(0.,0.,0.));
#10229=CARTESIAN_POINT('',(0.558882594536379,0.331888905394992,-13.1393288223161));
#10230=CARTESIAN_POINT('',(0.558882594536379,0.331888905394992,-13.0899380783758));
#10231=CARTESIAN_POINT('',(0.515891625725888,0.306358989595377,-13.0899380783758));
#10232=CARTESIAN_POINT('',(0.515891625725888,0.306358989595377,-13.0899380783758));
#10233=CARTESIAN_POINT('',(0.515891625725888,0.306358989595377,-13.1887195662564));
#10234=CARTESIAN_POINT('',(0.558882594536379,0.331888905394992,-13.1887195662564));
#10235=CARTESIAN_POINT('',(0.,0.,-13.1887195662564));
#10236=CARTESIAN_POINT('',(0.,0.,-13.1887195662564));
#10237=CARTESIAN_POINT('',(0.517652133450947,-0.393111013243948,-13.1887195662564));
#10238=CARTESIAN_POINT('',(0.517652133450947,-0.393111013243948,-13.1393288223161));
#10239=CARTESIAN_POINT('',(0.517652133450947,-0.393111013243948,-13.0899380783758));
#10240=CARTESIAN_POINT('',(0.,0.,0.));
#10241=CARTESIAN_POINT('',(0.,0.,-13.0899380783758));
#10242=CARTESIAN_POINT('',(0.,0.,-13.0899380783758));
#10243=CARTESIAN_POINT('',(0.558882594536379,0.331888905394992,-13.3764043932296));
#10244=CARTESIAN_POINT('',(0.558882594536379,0.331888905394992,-13.3270136492893));
#10245=CARTESIAN_POINT('',(0.515891625725888,0.306358989595377,-13.3270136492893));
#10246=CARTESIAN_POINT('',(0.515891625725888,0.306358989595377,-13.3270136492893));
#10247=CARTESIAN_POINT('',(0.515891625725888,0.306358989595377,-13.4257951371699));
#10248=CARTESIAN_POINT('',(0.558882594536379,0.331888905394992,-13.4257951371699));
#10249=CARTESIAN_POINT('',(0.,0.,-13.4257951371699));
#10250=CARTESIAN_POINT('',(0.,0.,-13.4257951371699));
#10251=CARTESIAN_POINT('',(0.517652133450947,-0.393111013243948,-13.4257951371699));
#10252=CARTESIAN_POINT('',(0.517652133450947,-0.393111013243948,-13.3764043932296));
#10253=CARTESIAN_POINT('',(0.517652133450947,-0.393111013243948,-13.3270136492893));
#10254=CARTESIAN_POINT('',(0.,0.,0.));
#10255=CARTESIAN_POINT('',(0.,0.,-13.3270136492893));
#10256=CARTESIAN_POINT('',(0.,0.,-13.3270136492893));
#10257=CYLINDRICAL_SURFACE('',#4254,0.6);
#10258=CYLINDRICAL_SURFACE('',#4257,0.6);
#10259=CYLINDRICAL_SURFACE('',#4260,0.6);
#10260=CYLINDRICAL_SURFACE('',#4262,0.6);
#10261=CYLINDRICAL_SURFACE('',#4263,0.6);
#10262=CYLINDRICAL_SURFACE('',#4266,0.65);
#10263=CYLINDRICAL_SURFACE('',#4267,0.6);
#10264=CYLINDRICAL_SURFACE('',#4268,0.6);
#10265=CYLINDRICAL_SURFACE('',#4271,0.6);
#10266=CYLINDRICAL_SURFACE('',#4274,0.6);
#10267=CYLINDRICAL_SURFACE('',#4277,0.6);
#10268=CYLINDRICAL_SURFACE('',#4280,0.6);
#10269=CYLINDRICAL_SURFACE('',#4283,0.6);
#10270=CYLINDRICAL_SURFACE('',#4286,0.65);
#10271=CYLINDRICAL_SURFACE('',#4287,0.6);
#10272=CYLINDRICAL_SURFACE('',#4288,0.6);
#10273=CYLINDRICAL_SURFACE('',#4316,0.515);
#10274=CYLINDRICAL_SURFACE('',#4334,0.65);
#10275=CYLINDRICAL_SURFACE('',#4358,0.65);
#10276=CYLINDRICAL_SURFACE('',#4383,0.65);
#10277=CYLINDRICAL_SURFACE('',#4384,0.65);
#10278=CYLINDRICAL_SURFACE('',#4385,0.65);
#10279=CYLINDRICAL_SURFACE('',#4390,0.65);
#10280=CYLINDRICAL_SURFACE('',#4392,0.515000000000001);
#10281=CYLINDRICAL_SURFACE('',#4393,0.56);
#10282=CYLINDRICAL_SURFACE('',#4396,0.44);
#10283=CYLINDRICAL_SURFACE('',#4398,0.44);
#10284=CYLINDRICAL_SURFACE('',#4405,0.44);
#10285=CYLINDRICAL_SURFACE('',#4407,0.425);
#10286=CYLINDRICAL_SURFACE('',#4410,0.56);
#10287=CYLINDRICAL_SURFACE('',#4422,0.515000000000001);
#10288=CYLINDRICAL_SURFACE('',#4428,0.65);
#10289=CYLINDRICAL_SURFACE('',#4431,0.65);
#10290=CYLINDRICAL_SURFACE('',#4440,0.515);
#10291=CYLINDRICAL_SURFACE('',#4449,1.5);
#10292=CYLINDRICAL_SURFACE('',#4459,0.3);
#10293=CYLINDRICAL_SURFACE('',#4460,0.3);
#10294=CYLINDRICAL_SURFACE('',#4463,0.1);
#10295=CYLINDRICAL_SURFACE('',#4467,0.1);
#10296=CYLINDRICAL_SURFACE('',#4469,0.00749999999999997);
#10297=CYLINDRICAL_SURFACE('',#4470,0.00749999999999997);
#10298=CYLINDRICAL_SURFACE('',#4475,1.62);
#10299=CYLINDRICAL_SURFACE('',#4482,1.62);
#10300=CYLINDRICAL_SURFACE('',#4484,1.62);
#10301=CYLINDRICAL_SURFACE('',#4500,0.6);
#10302=CYLINDRICAL_SURFACE('',#4504,0.6);
#10303=CYLINDRICAL_SURFACE('',#4506,0.65);
#10304=CYLINDRICAL_SURFACE('',#4511,0.6);
#10305=CYLINDRICAL_SURFACE('',#4518,0.6);
#10306=CYLINDRICAL_SURFACE('',#4529,0.6);
#10307=CYLINDRICAL_SURFACE('',#4543,0.6);
#10308=CYLINDRICAL_SURFACE('',#4547,0.6);
#10309=CYLINDRICAL_SURFACE('',#4549,0.65);
#10310=CYLINDRICAL_SURFACE('',#4566,0.6);
#10311=CYLINDRICAL_SURFACE('',#4569,0.6);
#10312=CYLINDRICAL_SURFACE('',#4570,0.65);
#10313=CYLINDRICAL_SURFACE('',#4575,0.6);
#10314=CYLINDRICAL_SURFACE('',#4582,0.6);
#10315=CLOSED_SHELL('',(#4027,#4028,#4029,#4030,#4031,#4032,#4033,#4034,
#4035,#4036,#4037,#4038,#4039,#4040,#4041,#4042,#4043,#4044,#4045,#4046,
#4047,#4048,#4049,#4050,#4051,#4052,#4053,#4054,#4055,#4056,#4057,#4058,
#4059,#4060,#4061,#4062,#4063,#4064,#4065,#4066,#4067,#4068,#4069,#4070,
#4071,#4072,#4073,#4074,#4075,#4076,#4077,#4078,#4079,#4080,#4081,#4082,
#4083,#4084,#4085,#4086,#4087,#4088,#4089,#4090,#4091,#4092,#4093,#4094,
#4095,#4096,#4097,#4098,#4099,#4100,#4101,#4102,#4103,#4104,#4105,#4106,
#4107,#4108,#4109,#4110,#4111,#4112,#4113,#4114,#4115,#4116,#4117,#4118,
#4119,#4120,#4121,#4122,#4123,#4124,#4125,#4126,#4127,#4128,#4129,#4130,
#4131,#4132,#4133,#4134,#4135,#4136,#4137,#4138,#4139,#4140,#4141,#4142,
#4143,#4144,#4145,#4146,#4147,#4148,#4149,#4150,#4151,#4152,#4153,#4154,
#4155,#4156,#4157,#4158,#4159,#4160,#4161,#4162,#4163,#4164,#4165,#4166,
#4167,#4168,#4169,#4170,#4171,#4172,#4173,#4174,#4175,#4176,#4177,#4178,
#4179,#4180,#4181,#4182,#4183,#4184,#4185,#4186,#4187,#4188,#4189,#4190,
#4191,#4192,#4193,#4194,#4195,#4196,#4197,#4198,#4199,#4200,#4201,#4202,
#4203,#4204,#4205,#4206,#4207,#4208,#4209,#4210,#4211,#4212,#4213,#4214,
#4215,#4216,#4217,#4218,#4219,#4220,#4221,#4222,#4223,#4224,#4225,#4226,
#4227,#4228,#4229,#4230,#4231,#4232,#4233,#4234,#4235,#4236,#4237,#4238,
#4239,#4240,#4241,#4242,#4243,#4244,#4245,#4246,#4247,#4248,#4249,#4250,
#4251,#4252,#4253));
#10316=MANIFOLD_SOLID_BREP('',#10315);
#10317=ADVANCED_BREP_SHAPE_REPRESENTATION('',(#10316),#103);
ENDSEC;
END-ISO-10303-21;
