ISO-10303-21;
HEADER;
/* Generated by software containing ST-Developer
 * from STEP Tools, Inc. (www.steptools.com) 
 */

FILE_DESCRIPTION(
/* description */ ('Alibre Inc.'),
/* implementation_level */ '2;1');

FILE_NAME(
/* name */ 'export-32861F1A-33DE-4426-AC24-D2599FC345E8',
/* time_stamp */ '2026-10-02T12:35:54+02:00',
/* author */ (''),
/* organization */ (''),
/* preprocessor_version */ 'ST-DEVELOPER v17',
/* originating_system */ 'Alibre',
/* authorisation */ '');

FILE_SCHEMA (('CONFIG_CONTROL_DESIGN'));
ENDSEC;

DATA;
#10=MECHANICAL_CONTEXT('detailed design',#18,'mechanical');
#11=PRODUCT_RELATED_PRODUCT_CATEGORY('detail','',(#98));
#12=CC_DESIGN_SECURITY_CLASSIFICATION(#14,(#97));
#13=SECURITY_CLASSIFICATION_LEVEL('unclassified');
#14=SECURITY_CLASSIFICATION('name','Security for version',#13);
#15=SHAPE_DEFINITION_REPRESENTATION(#16,#8518);
#16=PRODUCT_DEFINITION_SHAPE('','DefinitionDesc',#96);
#17=APPLICATION_PROTOCOL_DEFINITION('AP definition status',
'config_control_design',1994,#18);
#18=APPLICATION_CONTEXT(
'control the configuration of three dimensional design');
#19=DESIGN_CONTEXT('detailed design',#18,'design');
#20=PERSON_AND_ORGANIZATION_ROLE('creator');
#21=PERSON_AND_ORGANIZATION_ROLE('classification_officer');
#22=PERSON_AND_ORGANIZATION_ROLE('creator');
#23=PERSON_AND_ORGANIZATION_ROLE('design_supplier');
#24=PERSON_AND_ORGANIZATION_ROLE('design_owner');
#25=CC_DESIGN_PERSON_AND_ORGANIZATION_ASSIGNMENT(#57,#20,(#96));
#26=CC_DESIGN_PERSON_AND_ORGANIZATION_ASSIGNMENT(#60,#21,(#14));
#27=CC_DESIGN_PERSON_AND_ORGANIZATION_ASSIGNMENT(#61,#22,(#97));
#28=CC_DESIGN_PERSON_AND_ORGANIZATION_ASSIGNMENT(#62,#23,(#97));
#29=CC_DESIGN_PERSON_AND_ORGANIZATION_ASSIGNMENT(#63,#24,(#98));
#30=DATE_TIME_ROLE('creation_date');
#31=DATE_TIME_ROLE('classification_date');
#32=CC_DESIGN_DATE_AND_TIME_ASSIGNMENT(#86,#30,(#96));
#33=CC_DESIGN_DATE_AND_TIME_ASSIGNMENT(#89,#31,(#14));
#34=CC_DESIGN_APPROVAL(#93,(#96));
#35=CC_DESIGN_APPROVAL(#94,(#97));
#36=CC_DESIGN_APPROVAL(#95,(#14));
#37=APPROVAL_PERSON_ORGANIZATION(#56,#93,#64);
#38=APPROVAL_PERSON_ORGANIZATION(#58,#94,#65);
#39=APPROVAL_PERSON_ORGANIZATION(#59,#95,#66);
#40=ORGANIZATION('DEFINITION_APPROVEDBY_ORG_ID',
'DEFINITION_APPROVEDBY_ORG_NAME','DEFINITION_APPROVEDBY_ORG_DESCR');
#41=ORGANIZATION('DEF_CREATOR_ORG_ID','DEF_CREATOR_ORG_NAME',
'DEF_CREATOR_ORG_DESCR');
#42=ORGANIZATION('APPROVEDBY_ORG_ID','APPROVEDBY_ORG_NAME',
'APPROVEDBY_ORG_DESCR');
#43=ORGANIZATION('SECURITY_APPROVEDBY_ORG_ID',
'SECURITY_APPROVEDBY_ORG_NAME','SECURITY_APPROVEDBY_ORG_DESCR');
#44=ORGANIZATION('CLASSOFFICER_ORG_ID','CLASSOFFICER_ORG_NAME',
'CLASSOFFICER_ORG_DESCR');
#45=ORGANIZATION('CREATOR_ORG_ID','CREATOR_ORG_NAME',
'CREATOR_ORG_DESCR');
#46=ORGANIZATION('SUPPLIER_ORG_ID','SUPPLIER_ORG_NAME',
'SUPPLIER_ORG_DESCR');
#47=ORGANIZATION('OWNER_ORG_ID','OWNER_ORG_NAME','OWNER_ORG_DESCR');
#48=PERSON('DEFINITION_approverID','DEFINITION_APPROVEDBY_LASTNAME',
'DEFINITION_APPROVEDBY_FIRSTNAME',$,$,$);
#49=PERSON('DEF_createrID','DEF_CREATOR_LASTNAME',
'DEF_CREATOR_FIRSTNAME',$,$,$);
#50=PERSON('approverID','APPROVEDBY_LASTNAME','APPROVEDBY_FIRSTNAME',$,
$,$);
#51=PERSON('SECURITY_approverID','SECURITY_LASTNAME',
'SECURITY_APPROVEDBY_FIRSTNAME',$,$,$);
#52=PERSON('classifierID','CLASSOFFICER_LASTNAME',
'CLASSOFFICER_FIRSTNAME',$,$,$);
#53=PERSON('createrID','CREATOR_LASTNAME','CREATOR_FIRSTNAME',$,$,$);
#54=PERSON('supplierID','SUPPLIER_LASTNAME','SUPPLIER_FIRSTNAME',$,$,$);
#55=PERSON('ownerID','OWNER_LASTNAME','OWNER_FIRSTNAME',$,$,$);
#56=PERSON_AND_ORGANIZATION(#48,#40);
#57=PERSON_AND_ORGANIZATION(#49,#41);
#58=PERSON_AND_ORGANIZATION(#50,#42);
#59=PERSON_AND_ORGANIZATION(#51,#43);
#60=PERSON_AND_ORGANIZATION(#52,#44);
#61=PERSON_AND_ORGANIZATION(#53,#45);
#62=PERSON_AND_ORGANIZATION(#54,#46);
#63=PERSON_AND_ORGANIZATION(#55,#47);
#64=APPROVAL_ROLE('definition_approval');
#65=APPROVAL_ROLE('version_approval');
#66=APPROVAL_ROLE('security_approval');
#67=APPROVAL_DATE_TIME(#85,#93);
#68=APPROVAL_DATE_TIME(#87,#94);
#69=APPROVAL_DATE_TIME(#88,#95);
#70=COORDINATED_UNIVERSAL_TIME_OFFSET(2,0,.AHEAD.);
#71=COORDINATED_UNIVERSAL_TIME_OFFSET(2,0,.AHEAD.);
#72=COORDINATED_UNIVERSAL_TIME_OFFSET(2,0,.AHEAD.);
#73=COORDINATED_UNIVERSAL_TIME_OFFSET(2,0,.AHEAD.);
#74=COORDINATED_UNIVERSAL_TIME_OFFSET(2,0,.AHEAD.);
#75=LOCAL_TIME(10,17,16.,#70);
#76=LOCAL_TIME(10,17,16.,#71);
#77=LOCAL_TIME(10,17,16.,#72);
#78=LOCAL_TIME(10,17,16.,#73);
#79=LOCAL_TIME(10,17,16.,#74);
#80=CALENDAR_DATE(2026,2,4);
#81=CALENDAR_DATE(2026,2,4);
#82=CALENDAR_DATE(2026,2,4);
#83=CALENDAR_DATE(2026,2,4);
#84=CALENDAR_DATE(2026,2,4);
#85=DATE_AND_TIME(#80,#75);
#86=DATE_AND_TIME(#81,#76);
#87=DATE_AND_TIME(#82,#77);
#88=DATE_AND_TIME(#83,#78);
#89=DATE_AND_TIME(#84,#79);
#90=APPROVAL_STATUS('not_yet_approved');
#91=APPROVAL_STATUS('not_yet_approved');
#92=APPROVAL_STATUS('not_yet_approved');
#93=APPROVAL(#90,'defintion approval');
#94=APPROVAL(#91,'version approval');
#95=APPROVAL(#92,'security approval');
#96=PRODUCT_DEFINITION('DefinitionID','DefinitionDesc',#97,#19);
#97=PRODUCT_DEFINITION_FORMATION_WITH_SPECIFIED_SOURCE(
'PRODUCT_VERSION_ID','PRODUCT_VERSION_DESCR',#98,.NOT_KNOWN.);
#98=PRODUCT('MOD-F07521S064Lxxx','MOD-F07521S064Lxxx','',(#10));
#99=(
LENGTH_UNIT()
NAMED_UNIT(*)
SI_UNIT(.MILLI.,.METRE.)
);
#100=(
NAMED_UNIT(*)
PLANE_ANGLE_UNIT()
SI_UNIT($,.RADIAN.)
);
#101=(
NAMED_UNIT(*)
SI_UNIT($,.STERADIAN.)
SOLID_ANGLE_UNIT()
);
#102=UNCERTAINTY_MEASURE_WITH_UNIT(LENGTH_MEASURE(1.E-6),#99,
'DISTANCE_ACCURACY_VALUE',
'Maximum model space distance between geometric entities at asserted c
onnectivities');
#103=(
GEOMETRIC_REPRESENTATION_CONTEXT(3)
GLOBAL_UNCERTAINTY_ASSIGNED_CONTEXT((#102))
GLOBAL_UNIT_ASSIGNED_CONTEXT((#101,#100,#99))
REPRESENTATION_CONTEXT('ID1','3D')
);
#104=B_SPLINE_SURFACE_WITH_KNOTS('',1,3,((#5955,#5956,#5957,#5958,#5959,
#5960),(#5961,#5962,#5963,#5964,#5965,#5966)),.UNSPECIFIED.,.F.,.F.,.U.,
(2,2),(4,2,4),(0.,1.),(0.,0.5,1.),.UNSPECIFIED.);
#105=B_SPLINE_SURFACE_WITH_KNOTS('',1,3,((#5971,#5972,#5973,#5974,#5975,
#5976,#5977,#5978,#5979,#5980,#5981,#5982,#5983,#5984,#5985,#5986,#5987,
#5988,#5989,#5990,#5991,#5992),(#5993,#5994,#5995,#5996,#5997,#5998,#5999,
#6000,#6001,#6002,#6003,#6004,#6005,#6006,#6007,#6008,#6009,#6010,#6011,
#6012,#6013,#6014)),.UNSPECIFIED.,.F.,.F.,.U.,(2,2),(4,2,2,2,2,2,2,2,2,
2,4),(0.,1.),(0.,0.125,0.1875,0.25,0.375,0.5,0.625,0.6875,0.71875,0.75,
1.),.UNSPECIFIED.);
#106=B_SPLINE_SURFACE_WITH_KNOTS('',1,3,((#6017,#6018,#6019,#6020,#6021,
#6022,#6023,#6024,#6025,#6026,#6027,#6028,#6029,#6030,#6031,#6032,#6033,
#6034,#6035,#6036,#6037,#6038,#6039,#6040,#6041,#6042),(#6043,#6044,#6045,
#6046,#6047,#6048,#6049,#6050,#6051,#6052,#6053,#6054,#6055,#6056,#6057,
#6058,#6059,#6060,#6061,#6062,#6063,#6064,#6065,#6066,#6067,#6068)),
 .UNSPECIFIED.,.F.,.F.,.U.,(2,2),(4,2,2,2,2,2,2,2,2,2,2,2,4),(0.,1.),(0.,
0.125,0.1875,0.25,0.375,0.4375,0.5,0.75,0.8125,0.84375,0.859375,0.875,1.),
 .UNSPECIFIED.);
#107=B_SPLINE_SURFACE_WITH_KNOTS('',1,3,((#6092,#6093,#6094,#6095,#6096,
#6097,#6098,#6099,#6100,#6101,#6102,#6103,#6104,#6105,#6106,#6107,#6108,
#6109,#6110,#6111,#6112,#6113,#6114,#6115,#6116,#6117),(#6118,#6119,#6120,
#6121,#6122,#6123,#6124,#6125,#6126,#6127,#6128,#6129,#6130,#6131,#6132,
#6133,#6134,#6135,#6136,#6137,#6138,#6139,#6140,#6141,#6142,#6143)),
 .UNSPECIFIED.,.F.,.F.,.U.,(2,2),(4,2,2,2,2,2,2,2,2,2,2,2,4),(0.,1.),(0.,
0.125,0.1875,0.25,0.375,0.4375,0.5,0.625,0.75,0.8125,0.84375,0.875,1.),
 .UNSPECIFIED.);
#108=B_SPLINE_SURFACE_WITH_KNOTS('',1,3,((#6164,#6165,#6166,#6167),(#6168,
#6169,#6170,#6171)),.UNSPECIFIED.,.F.,.F.,.U.,(2,2),(4,4),(0.,1.),(0.,1.),
 .UNSPECIFIED.);
#109=B_SPLINE_SURFACE_WITH_KNOTS('',1,3,((#6179,#6180,#6181,#6182,#6183,
#6184,#6185,#6186,#6187,#6188,#6189,#6190,#6191,#6192,#6193,#6194,#6195,
#6196,#6197,#6198,#6199,#6200),(#6201,#6202,#6203,#6204,#6205,#6206,#6207,
#6208,#6209,#6210,#6211,#6212,#6213,#6214,#6215,#6216,#6217,#6218,#6219,
#6220,#6221,#6222)),.UNSPECIFIED.,.F.,.F.,.U.,(2,2),(4,2,2,2,2,2,2,2,2,
2,4),(0.,1.),(0.,0.125,0.1875,0.21875,0.25,0.375,0.5,0.625,0.6875,0.75,
1.),.UNSPECIFIED.);
#110=B_SPLINE_SURFACE_WITH_KNOTS('',1,3,((#6225,#6226,#6227,#6228,#6229,
#6230,#6231,#6232,#6233,#6234,#6235,#6236,#6237,#6238,#6239,#6240,#6241,
#6242,#6243,#6244),(#6245,#6246,#6247,#6248,#6249,#6250,#6251,#6252,#6253,
#6254,#6255,#6256,#6257,#6258,#6259,#6260,#6261,#6262,#6263,#6264)),
 .UNSPECIFIED.,.F.,.F.,.U.,(2,2),(4,2,2,2,2,2,2,2,2,4),(0.,1.),(0.,0.125,
0.1875,0.21875,0.25,0.5,0.625,0.6875,0.75,1.),.UNSPECIFIED.);
#111=B_SPLINE_SURFACE_WITH_KNOTS('',1,3,((#6296,#6297,#6298,#6299),(#6300,
#6301,#6302,#6303)),.UNSPECIFIED.,.F.,.F.,.U.,(2,2),(4,4),(0.,1.),(0.,1.),
 .UNSPECIFIED.);
#112=B_SPLINE_SURFACE_WITH_KNOTS('',1,3,((#6304,#6305,#6306,#6307,#6308,
#6309,#6310,#6311,#6312,#6313),(#6314,#6315,#6316,#6317,#6318,#6319,#6320,
#6321,#6322,#6323)),.UNSPECIFIED.,.F.,.F.,.U.,(2,2),(4,2,2,2,4),(0.,1.),
(0.,0.25,0.375,0.5,1.),.UNSPECIFIED.);
#113=B_SPLINE_SURFACE_WITH_KNOTS('',1,3,((#6337,#6338,#6339,#6340,#6341,
#6342,#6343,#6344),(#6345,#6346,#6347,#6348,#6349,#6350,#6351,#6352)),
 .UNSPECIFIED.,.F.,.F.,.U.,(2,2),(4,2,2,4),(0.,1.),(0.,0.25,0.5,1.),
 .UNSPECIFIED.);
#114=B_SPLINE_SURFACE_WITH_KNOTS('',1,3,((#6362,#6363,#6364,#6365,#6366,
#6367,#6368,#6369,#6370,#6371,#6372,#6373,#6374,#6375),(#6376,#6377,#6378,
#6379,#6380,#6381,#6382,#6383,#6384,#6385,#6386,#6387,#6388,#6389)),
 .UNSPECIFIED.,.F.,.F.,.U.,(2,2),(4,2,2,2,2,2,4),(0.,1.),(0.,0.125,0.1875,
0.25,0.5,0.75,1.),.UNSPECIFIED.);
#115=B_SPLINE_SURFACE_WITH_KNOTS('',1,3,((#6448,#6449,#6450,#6451,#6452,
#6453,#6454,#6455,#6456,#6457,#6458,#6459,#6460,#6461,#6462,#6463,#6464,
#6465,#6466,#6467),(#6468,#6469,#6470,#6471,#6472,#6473,#6474,#6475,#6476,
#6477,#6478,#6479,#6480,#6481,#6482,#6483,#6484,#6485,#6486,#6487)),
 .UNSPECIFIED.,.F.,.F.,.U.,(2,2),(4,2,2,2,2,2,2,2,2,4),(0.,1.),(0.,0.125,
0.1875,0.25,0.5,0.625,0.6875,0.71875,0.75,1.),.UNSPECIFIED.);
#116=B_SPLINE_SURFACE_WITH_KNOTS('',1,3,((#6511,#6512,#6513,#6514,#6515,
#6516,#6517,#6518,#6519,#6520,#6521,#6522,#6523,#6524),(#6525,#6526,#6527,
#6528,#6529,#6530,#6531,#6532,#6533,#6534,#6535,#6536,#6537,#6538)),
 .UNSPECIFIED.,.F.,.F.,.U.,(2,2),(4,2,2,2,2,2,4),(0.,1.),(0.,0.125,0.1875,
0.25,0.5,0.75,1.),.UNSPECIFIED.);
#117=B_SPLINE_SURFACE_WITH_KNOTS('',1,3,((#6556,#6557,#6558,#6559,#6560,
#6561,#6562,#6563,#6564,#6565,#6566,#6567),(#6568,#6569,#6570,#6571,#6572,
#6573,#6574,#6575,#6576,#6577,#6578,#6579)),.UNSPECIFIED.,.F.,.F.,.U.,(2,
2),(4,2,2,2,2,4),(0.,1.),(0.,0.25,0.375,0.4375,0.5,1.),.UNSPECIFIED.);
#118=B_SPLINE_SURFACE_WITH_KNOTS('',1,3,((#6599,#6600,#6601,#6602,#6603,
#6604,#6605,#6606,#6607,#6608,#6609,#6610,#6611,#6612,#6613,#6614,#6615,
#6616,#6617,#6618),(#6619,#6620,#6621,#6622,#6623,#6624,#6625,#6626,#6627,
#6628,#6629,#6630,#6631,#6632,#6633,#6634,#6635,#6636,#6637,#6638)),
 .UNSPECIFIED.,.F.,.F.,.U.,(2,2),(4,2,2,2,2,2,2,2,2,4),(0.,1.),(0.,0.25,
0.28125,0.3125,0.375,0.5,0.75,0.8125,0.875,1.),.UNSPECIFIED.);
#119=B_SPLINE_SURFACE_WITH_KNOTS('',1,3,((#6658,#6659,#6660,#6661,#6662,
#6663,#6664,#6665,#6666,#6667,#6668,#6669,#6670,#6671,#6672,#6673,#6674,
#6675,#6676,#6677),(#6678,#6679,#6680,#6681,#6682,#6683,#6684,#6685,#6686,
#6687,#6688,#6689,#6690,#6691,#6692,#6693,#6694,#6695,#6696,#6697)),
 .UNSPECIFIED.,.F.,.F.,.U.,(2,2),(4,2,2,2,2,2,2,2,2,4),(0.,1.),(0.,0.125,
0.1875,0.21875,0.25,0.5,0.625,0.6875,0.75,1.),.UNSPECIFIED.);
#120=B_SPLINE_SURFACE_WITH_KNOTS('',1,3,((#6736,#6737,#6738,#6739,#6740,
#6741,#6742,#6743,#6744,#6745,#6746,#6747,#6748,#6749,#6750,#6751),(#6752,
#6753,#6754,#6755,#6756,#6757,#6758,#6759,#6760,#6761,#6762,#6763,#6764,
#6765,#6766,#6767)),.UNSPECIFIED.,.F.,.F.,.U.,(2,2),(4,2,2,2,2,2,2,4),(0.,
1.),(0.,0.25,0.375,0.5,0.625,0.6875,0.75,1.),.UNSPECIFIED.);
#121=B_SPLINE_SURFACE_WITH_KNOTS('',1,3,((#6787,#6788,#6789,#6790,#6791,
#6792,#6793,#6794,#6795,#6796,#6797,#6798,#6799,#6800,#6801,#6802,#6803,
#6804,#6805,#6806),(#6807,#6808,#6809,#6810,#6811,#6812,#6813,#6814,#6815,
#6816,#6817,#6818,#6819,#6820,#6821,#6822,#6823,#6824,#6825,#6826)),
 .UNSPECIFIED.,.F.,.F.,.U.,(2,2),(4,2,2,2,2,2,2,2,2,4),(0.,1.),(0.,0.125,
0.1875,0.21875,0.25,0.5,0.625,0.6875,0.75,1.),.UNSPECIFIED.);
#122=B_SPLINE_SURFACE_WITH_KNOTS('',1,3,((#6850,#6851,#6852,#6853,#6854,
#6855,#6856,#6857,#6858,#6859,#6860,#6861,#6862,#6863,#6864,#6865),(#6866,
#6867,#6868,#6869,#6870,#6871,#6872,#6873,#6874,#6875,#6876,#6877,#6878,
#6879,#6880,#6881)),.UNSPECIFIED.,.F.,.F.,.U.,(2,2),(4,2,2,2,2,2,2,4),(0.,
1.),(0.,0.25,0.375,0.5,0.625,0.6875,0.75,1.),.UNSPECIFIED.);
#123=B_SPLINE_SURFACE_WITH_KNOTS('',1,3,((#6901,#6902,#6903,#6904,#6905,
#6906,#6907,#6908,#6909,#6910,#6911,#6912,#6913,#6914,#6915,#6916,#6917,
#6918,#6919,#6920,#6921,#6922,#6923,#6924,#6925,#6926,#6927,#6928),(#6929,
#6930,#6931,#6932,#6933,#6934,#6935,#6936,#6937,#6938,#6939,#6940,#6941,
#6942,#6943,#6944,#6945,#6946,#6947,#6948,#6949,#6950,#6951,#6952,#6953,
#6954,#6955,#6956)),.UNSPECIFIED.,.F.,.F.,.U.,(2,2),(4,2,2,2,2,2,2,2,2,
2,2,2,2,4),(0.,1.),(0.,0.125,0.1875,0.21875,0.25,0.375,0.4375,0.5,0.75,
0.875,0.9375,0.953125,0.96875,1.),.UNSPECIFIED.);
#124=B_SPLINE_SURFACE_WITH_KNOTS('',1,3,((#6994,#6995,#6996,#6997,#6998,
#6999,#7000,#7001,#7002,#7003,#7004,#7005,#7006,#7007,#7008,#7009),(#7010,
#7011,#7012,#7013,#7014,#7015,#7016,#7017,#7018,#7019,#7020,#7021,#7022,
#7023,#7024,#7025)),.UNSPECIFIED.,.F.,.F.,.U.,(2,2),(4,2,2,2,2,2,2,4),(0.,
1.),(0.,0.25,0.3125,0.375,0.5,0.75,0.875,1.),.UNSPECIFIED.);
#125=B_SPLINE_SURFACE_WITH_KNOTS('',1,3,((#7043,#7044,#7045,#7046,#7047,
#7048,#7049,#7050,#7051,#7052,#7053,#7054,#7055,#7056,#7057,#7058),(#7059,
#7060,#7061,#7062,#7063,#7064,#7065,#7066,#7067,#7068,#7069,#7070,#7071,
#7072,#7073,#7074)),.UNSPECIFIED.,.F.,.F.,.U.,(2,2),(4,2,2,2,2,2,2,4),(0.,
1.),(0.,0.25,0.375,0.5,0.625,0.6875,0.75,1.),.UNSPECIFIED.);
#126=B_SPLINE_SURFACE_WITH_KNOTS('',1,3,((#7098,#7099,#7100,#7101,#7102,
#7103,#7104,#7105),(#7106,#7107,#7108,#7109,#7110,#7111,#7112,#7113)),
 .UNSPECIFIED.,.F.,.F.,.U.,(2,2),(4,2,2,4),(0.,1.),(0.,0.25,0.5,1.),
 .UNSPECIFIED.);
#127=B_SPLINE_SURFACE_WITH_KNOTS('',1,3,((#7125,#7126,#7127,#7128,#7129,
#7130,#7131,#7132,#7133,#7134,#7135,#7136,#7137,#7138,#7139,#7140),(#7141,
#7142,#7143,#7144,#7145,#7146,#7147,#7148,#7149,#7150,#7151,#7152,#7153,
#7154,#7155,#7156)),.UNSPECIFIED.,.F.,.F.,.U.,(2,2),(4,2,2,2,2,2,2,4),(0.,
1.),(0.,0.125,0.25,0.5,0.5625,0.625,0.75,1.),.UNSPECIFIED.);
#128=B_SPLINE_SURFACE_WITH_KNOTS('',1,3,((#7180,#7181,#7182,#7183,#7184,
#7185),(#7186,#7187,#7188,#7189,#7190,#7191)),.UNSPECIFIED.,.F.,.F.,.U.,
(2,2),(4,2,4),(0.,1.),(0.,0.5,1.),.UNSPECIFIED.);
#129=B_SPLINE_SURFACE_WITH_KNOTS('',1,3,((#7196,#7197,#7198,#7199,#7200,
#7201,#7202,#7203,#7204,#7205,#7206,#7207,#7208,#7209,#7210,#7211,#7212,
#7213,#7214,#7215,#7216,#7217),(#7218,#7219,#7220,#7221,#7222,#7223,#7224,
#7225,#7226,#7227,#7228,#7229,#7230,#7231,#7232,#7233,#7234,#7235,#7236,
#7237,#7238,#7239)),.UNSPECIFIED.,.F.,.F.,.U.,(2,2),(4,2,2,2,2,2,2,2,2,
2,4),(0.,1.),(0.,0.125,0.1875,0.25,0.375,0.5,0.625,0.6875,0.71875,0.75,
1.),.UNSPECIFIED.);
#130=B_SPLINE_SURFACE_WITH_KNOTS('',1,3,((#7242,#7243,#7244,#7245,#7246,
#7247,#7248,#7249,#7250,#7251,#7252,#7253,#7254,#7255,#7256,#7257,#7258,
#7259,#7260,#7261,#7262,#7263,#7264,#7265,#7266,#7267),(#7268,#7269,#7270,
#7271,#7272,#7273,#7274,#7275,#7276,#7277,#7278,#7279,#7280,#7281,#7282,
#7283,#7284,#7285,#7286,#7287,#7288,#7289,#7290,#7291,#7292,#7293)),
 .UNSPECIFIED.,.F.,.F.,.U.,(2,2),(4,2,2,2,2,2,2,2,2,2,2,2,4),(0.,1.),(0.,
0.125,0.1875,0.25,0.375,0.4375,0.5,0.75,0.8125,0.84375,0.859375,0.875,1.),
 .UNSPECIFIED.);
#131=B_SPLINE_SURFACE_WITH_KNOTS('',1,3,((#7317,#7318,#7319,#7320,#7321,
#7322,#7323,#7324,#7325,#7326,#7327,#7328,#7329,#7330,#7331,#7332,#7333,
#7334,#7335,#7336,#7337,#7338,#7339,#7340,#7341,#7342),(#7343,#7344,#7345,
#7346,#7347,#7348,#7349,#7350,#7351,#7352,#7353,#7354,#7355,#7356,#7357,
#7358,#7359,#7360,#7361,#7362,#7363,#7364,#7365,#7366,#7367,#7368)),
 .UNSPECIFIED.,.F.,.F.,.U.,(2,2),(4,2,2,2,2,2,2,2,2,2,2,2,4),(0.,1.),(0.,
0.125,0.1875,0.25,0.375,0.4375,0.5,0.625,0.75,0.8125,0.84375,0.875,1.),
 .UNSPECIFIED.);
#132=B_SPLINE_SURFACE_WITH_KNOTS('',1,3,((#7389,#7390,#7391,#7392),(#7393,
#7394,#7395,#7396)),.UNSPECIFIED.,.F.,.F.,.U.,(2,2),(4,4),(0.,1.),(0.,1.),
 .UNSPECIFIED.);
#133=B_SPLINE_SURFACE_WITH_KNOTS('',1,3,((#7404,#7405,#7406,#7407,#7408,
#7409,#7410,#7411,#7412,#7413,#7414,#7415,#7416,#7417,#7418,#7419,#7420,
#7421,#7422,#7423,#7424,#7425),(#7426,#7427,#7428,#7429,#7430,#7431,#7432,
#7433,#7434,#7435,#7436,#7437,#7438,#7439,#7440,#7441,#7442,#7443,#7444,
#7445,#7446,#7447)),.UNSPECIFIED.,.F.,.F.,.U.,(2,2),(4,2,2,2,2,2,2,2,2,
2,4),(0.,1.),(0.,0.125,0.1875,0.21875,0.25,0.375,0.5,0.625,0.6875,0.75,
1.),.UNSPECIFIED.);
#134=B_SPLINE_SURFACE_WITH_KNOTS('',1,3,((#7450,#7451,#7452,#7453,#7454,
#7455,#7456,#7457,#7458,#7459,#7460,#7461,#7462,#7463,#7464,#7465,#7466,
#7467,#7468,#7469),(#7470,#7471,#7472,#7473,#7474,#7475,#7476,#7477,#7478,
#7479,#7480,#7481,#7482,#7483,#7484,#7485,#7486,#7487,#7488,#7489)),
 .UNSPECIFIED.,.F.,.F.,.U.,(2,2),(4,2,2,2,2,2,2,2,2,4),(0.,1.),(0.,0.125,
0.1875,0.21875,0.25,0.5,0.625,0.6875,0.75,1.),.UNSPECIFIED.);
#135=B_SPLINE_SURFACE_WITH_KNOTS('',1,3,((#7521,#7522,#7523,#7524),(#7525,
#7526,#7527,#7528)),.UNSPECIFIED.,.F.,.F.,.U.,(2,2),(4,4),(0.,1.),(0.,1.),
 .UNSPECIFIED.);
#136=B_SPLINE_SURFACE_WITH_KNOTS('',1,3,((#7529,#7530,#7531,#7532,#7533,
#7534,#7535,#7536,#7537,#7538),(#7539,#7540,#7541,#7542,#7543,#7544,#7545,
#7546,#7547,#7548)),.UNSPECIFIED.,.F.,.F.,.U.,(2,2),(4,2,2,2,4),(0.,1.),
(0.,0.25,0.375,0.5,1.),.UNSPECIFIED.);
#137=B_SPLINE_SURFACE_WITH_KNOTS('',1,3,((#7562,#7563,#7564,#7565,#7566,
#7567,#7568,#7569),(#7570,#7571,#7572,#7573,#7574,#7575,#7576,#7577)),
 .UNSPECIFIED.,.F.,.F.,.U.,(2,2),(4,2,2,4),(0.,1.),(0.,0.25,0.5,1.),
 .UNSPECIFIED.);
#138=B_SPLINE_SURFACE_WITH_KNOTS('',1,3,((#7587,#7588,#7589,#7590,#7591,
#7592,#7593,#7594,#7595,#7596,#7597,#7598,#7599,#7600),(#7601,#7602,#7603,
#7604,#7605,#7606,#7607,#7608,#7609,#7610,#7611,#7612,#7613,#7614)),
 .UNSPECIFIED.,.F.,.F.,.U.,(2,2),(4,2,2,2,2,2,4),(0.,1.),(0.,0.125,0.1875,
0.25,0.5,0.75,1.),.UNSPECIFIED.);
#139=B_SPLINE_SURFACE_WITH_KNOTS('',1,3,((#7631,#7632,#7633,#7634),(#7635,
#7636,#7637,#7638)),.UNSPECIFIED.,.F.,.F.,.U.,(2,2),(4,4),(0.,1.),(0.,1.),
 .UNSPECIFIED.);
#140=B_SPLINE_SURFACE_WITH_KNOTS('',1,3,((#7643,#7644,#7645,#7646,#7647,
#7648,#7649,#7650,#7651,#7652,#7653,#7654,#7655,#7656,#7657,#7658,#7659,
#7660,#7661,#7662,#7663,#7664,#7665,#7666),(#7667,#7668,#7669,#7670,#7671,
#7672,#7673,#7674,#7675,#7676,#7677,#7678,#7679,#7680,#7681,#7682,#7683,
#7684,#7685,#7686,#7687,#7688,#7689,#7690)),.UNSPECIFIED.,.F.,.F.,.U.,(2,
2),(4,2,2,2,2,2,2,2,2,2,2,4),(0.,1.),(0.,0.125,0.1875,0.21875,0.25,0.375,
0.5,0.625,0.6875,0.71875,0.75,1.),.UNSPECIFIED.);
#141=B_SPLINE_SURFACE_WITH_KNOTS('',1,3,((#7716,#7717,#7718,#7719),(#7720,
#7721,#7722,#7723)),.UNSPECIFIED.,.F.,.F.,.U.,(2,2),(4,4),(0.,1.),(0.,1.),
 .UNSPECIFIED.);
#142=B_SPLINE_SURFACE_WITH_KNOTS('',1,3,((#7753,#7754,#7755,#7756,#7757,
#7758,#7759,#7760,#7761,#7762,#7763,#7764,#7765,#7766,#7767,#7768,#7769,
#7770,#7771,#7772),(#7773,#7774,#7775,#7776,#7777,#7778,#7779,#7780,#7781,
#7782,#7783,#7784,#7785,#7786,#7787,#7788,#7789,#7790,#7791,#7792)),
 .UNSPECIFIED.,.F.,.F.,.U.,(2,2),(4,2,2,2,2,2,2,2,2,4),(0.,1.),(0.,0.25,
0.375,0.4375,0.46875,0.5,0.625,0.6875,0.75,1.),.UNSPECIFIED.);
#143=B_SPLINE_SURFACE_WITH_KNOTS('',1,3,((#7795,#7796,#7797,#7798),(#7799,
#7800,#7801,#7802)),.UNSPECIFIED.,.F.,.F.,.U.,(2,2),(4,4),(0.,1.),(0.,1.),
 .UNSPECIFIED.);
#144=B_SPLINE_SURFACE_WITH_KNOTS('',1,3,((#7806,#7807,#7808,#7809),(#7810,
#7811,#7812,#7813)),.UNSPECIFIED.,.F.,.F.,.U.,(2,2),(4,4),(0.,1.),(0.,1.),
 .UNSPECIFIED.);
#145=B_SPLINE_SURFACE_WITH_KNOTS('',1,3,((#7814,#7815,#7816,#7817,#7818,
#7819,#7820,#7821,#7822,#7823,#7824,#7825,#7826,#7827,#7828,#7829,#7830,
#7831,#7832,#7833,#7834,#7835),(#7836,#7837,#7838,#7839,#7840,#7841,#7842,
#7843,#7844,#7845,#7846,#7847,#7848,#7849,#7850,#7851,#7852,#7853,#7854,
#7855,#7856,#7857)),.UNSPECIFIED.,.F.,.F.,.U.,(2,2),(4,2,2,2,2,2,2,2,2,
2,4),(0.,1.),(0.,0.125,0.1875,0.21875,0.25,0.375,0.5,0.625,0.6875,0.75,
1.),.UNSPECIFIED.);
#146=B_SPLINE_SURFACE_WITH_KNOTS('',1,3,((#7862,#7863,#7864,#7865,#7866,
#7867,#7868,#7869,#7870,#7871),(#7872,#7873,#7874,#7875,#7876,#7877,#7878,
#7879,#7880,#7881)),.UNSPECIFIED.,.F.,.F.,.U.,(2,2),(4,2,2,2,4),(0.,1.),
(0.,0.25,0.5,0.75,1.),.UNSPECIFIED.);
#147=B_SPLINE_SURFACE_WITH_KNOTS('',1,3,((#7884,#7885,#7886,#7887),(#7888,
#7889,#7890,#7891)),.UNSPECIFIED.,.F.,.F.,.U.,(2,2),(4,4),(0.,1.),(0.,1.),
 .UNSPECIFIED.);
#148=B_SPLINE_SURFACE_WITH_KNOTS('',1,3,((#7894,#7895,#7896,#7897,#7898,
#7899,#7900,#7901,#7902,#7903,#7904,#7905,#7906,#7907),(#7908,#7909,#7910,
#7911,#7912,#7913,#7914,#7915,#7916,#7917,#7918,#7919,#7920,#7921)),
 .UNSPECIFIED.,.F.,.F.,.U.,(2,2),(4,2,2,2,2,2,4),(0.,1.),(0.,0.25,0.375,
0.4375,0.46875,0.5,1.),.UNSPECIFIED.);
#149=B_SPLINE_SURFACE_WITH_KNOTS('',1,3,((#7924,#7925,#7926,#7927),(#7928,
#7929,#7930,#7931)),.UNSPECIFIED.,.F.,.F.,.U.,(2,2),(4,4),(0.,1.),(0.,1.),
 .UNSPECIFIED.);
#150=B_SPLINE_SURFACE_WITH_KNOTS('',1,3,((#7934,#7935,#7936,#7937,#7938,
#7939,#7940,#7941,#7942,#7943),(#7944,#7945,#7946,#7947,#7948,#7949,#7950,
#7951,#7952,#7953)),.UNSPECIFIED.,.F.,.F.,.U.,(2,2),(4,2,2,2,4),(0.,1.),
(0.,0.125,0.25,0.5,1.),.UNSPECIFIED.);
#151=B_SPLINE_SURFACE_WITH_KNOTS('',1,3,((#7965,#7966,#7967,#7968,#7969,
#7970,#7971,#7972,#7973,#7974),(#7975,#7976,#7977,#7978,#7979,#7980,#7981,
#7982,#7983,#7984)),.UNSPECIFIED.,.F.,.F.,.U.,(2,2),(4,2,2,2,4),(0.,1.),
(0.,0.25,0.375,0.5,1.),.UNSPECIFIED.);
#152=B_SPLINE_SURFACE_WITH_KNOTS('',1,3,((#7998,#7999,#8000,#8001,#8002,
#8003,#8004,#8005,#8006,#8007),(#8008,#8009,#8010,#8011,#8012,#8013,#8014,
#8015,#8016,#8017)),.UNSPECIFIED.,.F.,.F.,.U.,(2,2),(4,2,2,2,4),(0.,1.),
(0.,0.25,0.375,0.5,1.),.UNSPECIFIED.);
#153=B_SPLINE_SURFACE_WITH_KNOTS('',1,3,((#8030,#8031,#8032,#8033),(#8034,
#8035,#8036,#8037)),.UNSPECIFIED.,.F.,.F.,.U.,(2,2),(4,4),(0.,1.),(0.,1.),
 .UNSPECIFIED.);
#154=B_SPLINE_SURFACE_WITH_KNOTS('',1,3,((#8045,#8046,#8047,#8048,#8049,
#8050,#8051,#8052,#8053,#8054,#8055,#8056,#8057,#8058,#8059,#8060,#8061,
#8062,#8063,#8064,#8065,#8066,#8067,#8068,#8069,#8070),(#8071,#8072,#8073,
#8074,#8075,#8076,#8077,#8078,#8079,#8080,#8081,#8082,#8083,#8084,#8085,
#8086,#8087,#8088,#8089,#8090,#8091,#8092,#8093,#8094,#8095,#8096)),
 .UNSPECIFIED.,.F.,.F.,.U.,(2,2),(4,2,2,2,2,2,2,2,2,2,2,2,4),(0.,1.),(0.,
0.0625,0.09375,0.125,0.25,0.375,0.4375,0.5,0.625,0.6875,0.71875,0.75,1.),
 .UNSPECIFIED.);
#155=B_SPLINE_SURFACE_WITH_KNOTS('',1,3,((#8126,#8127,#8128,#8129,#8130,
#8131,#8132,#8133,#8134,#8135,#8136,#8137,#8138,#8139,#8140,#8141,#8142,
#8143,#8144,#8145,#8146,#8147),(#8148,#8149,#8150,#8151,#8152,#8153,#8154,
#8155,#8156,#8157,#8158,#8159,#8160,#8161,#8162,#8163,#8164,#8165,#8166,
#8167,#8168,#8169)),.UNSPECIFIED.,.F.,.F.,.U.,(2,2),(4,2,2,2,2,2,2,2,2,
2,4),(0.,1.),(0.,0.125,0.1875,0.21875,0.25,0.375,0.4375,0.46875,0.5,0.75,
1.),.UNSPECIFIED.);
#156=B_SPLINE_SURFACE_WITH_KNOTS('',1,3,((#8195,#8196,#8197,#8198,#8199,
#8200),(#8201,#8202,#8203,#8204,#8205,#8206)),.UNSPECIFIED.,.F.,.F.,.U.,
(2,2),(4,2,4),(0.,1.),(0.,0.5,1.),.UNSPECIFIED.);
#157=B_SPLINE_SURFACE_WITH_KNOTS('',1,3,((#8220,#8221,#8222,#8223,#8224,
#8225,#8226,#8227,#8228,#8229,#8230,#8231,#8232,#8233,#8234,#8235,#8236,
#8237,#8238,#8239,#8240,#8241),(#8242,#8243,#8244,#8245,#8246,#8247,#8248,
#8249,#8250,#8251,#8252,#8253,#8254,#8255,#8256,#8257,#8258,#8259,#8260,
#8261,#8262,#8263)),.UNSPECIFIED.,.F.,.F.,.U.,(2,2),(4,2,2,2,2,2,2,2,2,
2,4),(0.,1.),(0.,0.25,0.375,0.4375,0.46875,0.484375,0.5,0.625,0.6875,0.75,
1.),.UNSPECIFIED.);
#158=B_SPLINE_SURFACE_WITH_KNOTS('',1,3,((#8271,#8272,#8273,#8274),(#8275,
#8276,#8277,#8278)),.UNSPECIFIED.,.F.,.F.,.U.,(2,2),(4,4),(0.,1.),(0.,1.),
 .UNSPECIFIED.);
#159=B_SPLINE_SURFACE_WITH_KNOTS('',1,3,((#8282,#8283,#8284,#8285,#8286,
#8287,#8288,#8289,#8290,#8291,#8292,#8293,#8294,#8295),(#8296,#8297,#8298,
#8299,#8300,#8301,#8302,#8303,#8304,#8305,#8306,#8307,#8308,#8309)),
 .UNSPECIFIED.,.F.,.F.,.U.,(2,2),(4,2,2,2,2,2,4),(0.,1.),(0.,0.25,0.375,
0.4375,0.5,0.75,1.),.UNSPECIFIED.);
#160=B_SPLINE_SURFACE_WITH_KNOTS('',1,3,((#8310,#8311,#8312,#8313,#8314,
#8315,#8316,#8317,#8318,#8319,#8320,#8321,#8322,#8323),(#8324,#8325,#8326,
#8327,#8328,#8329,#8330,#8331,#8332,#8333,#8334,#8335,#8336,#8337)),
 .UNSPECIFIED.,.F.,.F.,.U.,(2,2),(4,2,2,2,2,2,4),(0.,1.),(0.,0.25,0.375,
0.4375,0.46875,0.5,1.),.UNSPECIFIED.);
#161=B_SPLINE_SURFACE_WITH_KNOTS('',1,3,((#8354,#8355,#8356,#8357,#8358,
#8359,#8360,#8361,#8362,#8363),(#8364,#8365,#8366,#8367,#8368,#8369,#8370,
#8371,#8372,#8373)),.UNSPECIFIED.,.F.,.F.,.U.,(2,2),(4,2,2,2,4),(0.,1.),
(0.,0.25,0.5,0.75,1.),.UNSPECIFIED.);
#162=B_SPLINE_SURFACE_WITH_KNOTS('',1,3,((#8389,#8390,#8391,#8392),(#8393,
#8394,#8395,#8396)),.UNSPECIFIED.,.F.,.F.,.U.,(2,2),(4,4),(0.,1.),(0.,1.),
 .UNSPECIFIED.);
#163=B_SPLINE_SURFACE_WITH_KNOTS('',1,3,((#8404,#8405,#8406,#8407,#8408,
#8409,#8410,#8411,#8412,#8413),(#8414,#8415,#8416,#8417,#8418,#8419,#8420,
#8421,#8422,#8423)),.UNSPECIFIED.,.F.,.F.,.U.,(2,2),(4,2,2,2,4),(0.,1.),
(0.,0.25,0.375,0.5,1.),.UNSPECIFIED.);
#164=B_SPLINE_SURFACE_WITH_KNOTS('',1,3,((#8435,#8436,#8437,#8438),(#8439,
#8440,#8441,#8442)),.UNSPECIFIED.,.F.,.F.,.U.,(2,2),(4,4),(0.,1.),(0.,1.),
 .UNSPECIFIED.);
#165=B_SPLINE_SURFACE_WITH_KNOTS('',1,3,((#8450,#8451,#8452,#8453),(#8454,
#8455,#8456,#8457)),.UNSPECIFIED.,.F.,.F.,.U.,(2,2),(4,4),(0.,1.),(0.,1.),
 .UNSPECIFIED.);
#166=PLANE('',#3583);
#167=PLANE('',#3592);
#168=PLANE('',#3595);
#169=PLANE('',#3596);
#170=PLANE('',#3598);
#171=PLANE('',#3599);
#172=PLANE('',#3601);
#173=PLANE('',#3602);
#174=PLANE('',#3604);
#175=PLANE('',#3605);
#176=PLANE('',#3606);
#177=PLANE('',#3609);
#178=PLANE('',#3610);
#179=PLANE('',#3612);
#180=PLANE('',#3614);
#181=PLANE('',#3615);
#182=PLANE('',#3617);
#183=PLANE('',#3620);
#184=PLANE('',#3621);
#185=PLANE('',#3622);
#186=PLANE('',#3624);
#187=PLANE('',#3627);
#188=PLANE('',#3628);
#189=PLANE('',#3629);
#190=PLANE('',#3631);
#191=PLANE('',#3632);
#192=PLANE('',#3633);
#193=PLANE('',#3634);
#194=PLANE('',#3635);
#195=PLANE('',#3638);
#196=PLANE('',#3639);
#197=PLANE('',#3640);
#198=PLANE('',#3642);
#199=PLANE('',#3643);
#200=PLANE('',#3644);
#201=PLANE('',#3645);
#202=PLANE('',#3646);
#203=PLANE('',#3647);
#204=PLANE('',#3648);
#205=PLANE('',#3649);
#206=PLANE('',#3652);
#207=PLANE('',#3653);
#208=PLANE('',#3655);
#209=PLANE('',#3657);
#210=PLANE('',#3659);
#211=PLANE('',#3660);
#212=PLANE('',#3662);
#213=PLANE('',#3663);
#214=PLANE('',#3665);
#215=PLANE('',#3667);
#216=PLANE('',#3668);
#217=PLANE('',#3670);
#218=PLANE('',#3671);
#219=PLANE('',#3674);
#220=PLANE('',#3675);
#221=PLANE('',#3678);
#222=PLANE('',#3679);
#223=PLANE('',#3681);
#224=PLANE('',#3684);
#225=PLANE('',#3685);
#226=PLANE('',#3686);
#227=PLANE('',#3688);
#228=PLANE('',#3691);
#229=PLANE('',#3692);
#230=PLANE('',#3693);
#231=PLANE('',#3694);
#232=PLANE('',#3695);
#233=PLANE('',#3696);
#234=PLANE('',#3697);
#235=PLANE('',#3698);
#236=PLANE('',#3699);
#237=DEGENERATE_TOROIDAL_SURFACE('',#3579,0.21,0.300000000000001,.T.);
#238=DEGENERATE_TOROIDAL_SURFACE('',#3585,0.21,0.300000000000001,.T.);
#239=(
BOUNDED_CURVE()
B_SPLINE_CURVE(3,(#4993,#4994,#4995,#4996),.UNSPECIFIED.,.F.,.U.)
B_SPLINE_CURVE_WITH_KNOTS((4,4),(4.32479229372951,5.11019045712695),
 .UNSPECIFIED.)
CURVE()
GEOMETRIC_REPRESENTATION_ITEM()
RATIONAL_B_SPLINE_CURVE((1.,0.949253021674192,0.949253021674192,1.))
REPRESENTATION_ITEM('')
);
#240=(
BOUNDED_CURVE()
B_SPLINE_CURVE(3,(#4998,#4999,#5000,#5001),.UNSPECIFIED.,.F.,.U.)
B_SPLINE_CURVE_WITH_KNOTS((4,4),(1.17299485005263,1.95839301345007),
 .UNSPECIFIED.)
CURVE()
GEOMETRIC_REPRESENTATION_ITEM()
RATIONAL_B_SPLINE_CURVE((1.,0.949253021674192,0.949253021674192,1.))
REPRESENTATION_ITEM('')
);
#241=(
BOUNDED_CURVE()
B_SPLINE_CURVE(3,(#5003,#5004,#5005,#5006),.UNSPECIFIED.,.F.,.U.)
B_SPLINE_CURVE_WITH_KNOTS((4,4),(4.32479229372951,5.11019045712696),
 .UNSPECIFIED.)
CURVE()
GEOMETRIC_REPRESENTATION_ITEM()
RATIONAL_B_SPLINE_CURVE((1.,0.949253021674191,0.949253021674191,1.))
REPRESENTATION_ITEM('')
);
#242=(
BOUNDED_CURVE()
B_SPLINE_CURVE(3,(#5008,#5009,#5010,#5011),.UNSPECIFIED.,.F.,.U.)
B_SPLINE_CURVE_WITH_KNOTS((4,4),(1.17299485005262,1.95839301345007),
 .UNSPECIFIED.)
CURVE()
GEOMETRIC_REPRESENTATION_ITEM()
RATIONAL_B_SPLINE_CURVE((1.,0.949253021674191,0.949253021674191,1.))
REPRESENTATION_ITEM('')
);
#243=(
BOUNDED_CURVE()
B_SPLINE_CURVE(3,(#5902,#5903,#5904,#5905),.UNSPECIFIED.,.F.,.U.)
B_SPLINE_CURVE_WITH_KNOTS((4,4),(4.32479229372951,5.11019045712696),
 .UNSPECIFIED.)
CURVE()
GEOMETRIC_REPRESENTATION_ITEM()
RATIONAL_B_SPLINE_CURVE((1.,0.949253021674191,0.949253021674191,1.))
REPRESENTATION_ITEM('')
);
#244=(
BOUNDED_CURVE()
B_SPLINE_CURVE(3,(#5907,#5908,#5909,#5910),.UNSPECIFIED.,.F.,.U.)
B_SPLINE_CURVE_WITH_KNOTS((4,4),(1.17299485005262,1.95839301345008),
 .UNSPECIFIED.)
CURVE()
GEOMETRIC_REPRESENTATION_ITEM()
RATIONAL_B_SPLINE_CURVE((1.,0.949253021674191,0.949253021674191,1.))
REPRESENTATION_ITEM('')
);
#245=(
BOUNDED_CURVE()
B_SPLINE_CURVE(3,(#5912,#5913,#5914,#5915),.UNSPECIFIED.,.F.,.U.)
B_SPLINE_CURVE_WITH_KNOTS((4,4),(4.32479229372951,5.11019045712696),
 .UNSPECIFIED.)
CURVE()
GEOMETRIC_REPRESENTATION_ITEM()
RATIONAL_B_SPLINE_CURVE((1.,0.949253021674191,0.949253021674191,1.))
REPRESENTATION_ITEM('')
);
#246=(
BOUNDED_CURVE()
B_SPLINE_CURVE(3,(#5917,#5918,#5919,#5920),.UNSPECIFIED.,.F.,.U.)
B_SPLINE_CURVE_WITH_KNOTS((4,4),(1.17299485005262,1.95839301345007),
 .UNSPECIFIED.)
CURVE()
GEOMETRIC_REPRESENTATION_ITEM()
RATIONAL_B_SPLINE_CURVE((1.,0.949253021674191,0.949253021674191,1.))
REPRESENTATION_ITEM('')
);
#247=B_SPLINE_CURVE_WITH_KNOTS('',3,(#4301,#4302,#4303,#4304),
 .UNSPECIFIED.,.F.,.U.,(4,4),(0.613070661809736,1.),.UNSPECIFIED.);
#248=B_SPLINE_CURVE_WITH_KNOTS('',3,(#4309,#4310,#4311,#4312,#4313,#4314),
 .UNSPECIFIED.,.F.,.U.,(4,2,4),(0.,0.124999999296375,0.236370506861634),
 .UNSPECIFIED.);
#249=B_SPLINE_CURVE_WITH_KNOTS('',3,(#4316,#4317,#4318,#4319),
 .UNSPECIFIED.,.F.,.U.,(4,4),(0.,1.),.UNSPECIFIED.);
#250=B_SPLINE_CURVE_WITH_KNOTS('',3,(#4321,#4322,#4323,#4324,#4325,#4326,
#4327,#4328,#4329,#4330,#4331,#4332,#4333,#4334),.UNSPECIFIED.,.F.,.U.,
(4,2,2,2,2,2,4),(0.,0.25,0.375,0.4375,0.46875,0.5,1.),.UNSPECIFIED.);
#251=B_SPLINE_CURVE_WITH_KNOTS('',3,(#4336,#4337,#4338,#4339),
 .UNSPECIFIED.,.F.,.U.,(4,4),(0.,1.),.UNSPECIFIED.);
#252=B_SPLINE_CURVE_WITH_KNOTS('',3,(#4341,#4342,#4343,#4344,#4345,#4346,
#4347,#4348,#4349,#4350),.UNSPECIFIED.,.F.,.U.,(4,2,2,2,4),(0.,0.25,0.5,
0.75,1.),.UNSPECIFIED.);
#253=B_SPLINE_CURVE_WITH_KNOTS('',3,(#4352,#4353,#4354,#4355,#4356,#4357,
#4358,#4359,#4360,#4361,#4362,#4363,#4364,#4365,#4366,#4367,#4368,#4369,
#4370,#4371,#4372,#4373),.UNSPECIFIED.,.F.,.U.,(4,2,2,2,2,2,2,2,2,2,4),
(0.,0.125,0.1875,0.21875,0.25,0.375,0.5,0.625,0.6875,0.75,1.),
 .UNSPECIFIED.);
#254=B_SPLINE_CURVE_WITH_KNOTS('',3,(#4375,#4376,#4377,#4378,#4379,#4380,
#4381,#4382,#4383,#4384,#4385,#4386,#4387,#4388),.UNSPECIFIED.,.F.,.U.,
(4,2,2,2,2,2,4),(0.,0.25,0.375,0.4375,0.5,0.75,1.),.UNSPECIFIED.);
#255=B_SPLINE_CURVE_WITH_KNOTS('',3,(#4390,#4391,#4392,#4393),
 .UNSPECIFIED.,.F.,.U.,(4,4),(0.,1.),.UNSPECIFIED.);
#256=B_SPLINE_CURVE_WITH_KNOTS('',3,(#4397,#4398,#4399,#4400,#4401,#4402,
#4403,#4404,#4405,#4406,#4407,#4408,#4409,#4410,#4411,#4412,#4413,#4414,
#4415,#4416,#4417,#4418),.UNSPECIFIED.,.F.,.U.,(4,2,2,2,2,2,2,2,2,2,4),
(0.,0.25,0.375,0.4375,0.46875,0.484375,0.5,0.625,0.6875,0.75,1.),
 .UNSPECIFIED.);
#257=B_SPLINE_CURVE_WITH_KNOTS('',3,(#4419,#4420,#4421,#4422,#4423,#4424,
#4425,#4426,#4427,#4428),.UNSPECIFIED.,.F.,.U.,(4,2,2,2,4),(0.,0.25,0.5,
0.75,1.),.UNSPECIFIED.);
#258=B_SPLINE_CURVE_WITH_KNOTS('',3,(#4431,#4432,#4433,#4434,#4435,#4436,
#4437,#4438,#4439,#4440,#4441,#4442,#4443,#4444),.UNSPECIFIED.,.F.,.U.,
(4,2,2,2,2,2,4),(0.,0.25,0.375,0.4375,0.46875,0.5,1.),.UNSPECIFIED.);
#259=B_SPLINE_CURVE_WITH_KNOTS('',3,(#4446,#4447,#4448,#4449),
 .UNSPECIFIED.,.F.,.U.,(4,4),(0.,1.),.UNSPECIFIED.);
#260=B_SPLINE_CURVE_WITH_KNOTS('',3,(#4451,#4452,#4453,#4454),
 .UNSPECIFIED.,.F.,.U.,(4,4),(0.,1.),.UNSPECIFIED.);
#261=B_SPLINE_CURVE_WITH_KNOTS('',3,(#4456,#4457,#4458,#4459,#4460,#4461,
#4462,#4463,#4464,#4465),.UNSPECIFIED.,.F.,.U.,(4,2,2,2,4),(0.,0.25,0.375,
0.5,1.),.UNSPECIFIED.);
#262=B_SPLINE_CURVE_WITH_KNOTS('',3,(#4467,#4468,#4469,#4470),
 .UNSPECIFIED.,.F.,.U.,(4,4),(0.,1.),.UNSPECIFIED.);
#263=B_SPLINE_CURVE_WITH_KNOTS('',3,(#4472,#4473,#4474,#4475),
 .UNSPECIFIED.,.F.,.U.,(4,4),(0.985816636490365,1.),.UNSPECIFIED.);
#264=B_SPLINE_CURVE_WITH_KNOTS('',3,(#4480,#4481,#4482,#4483),
 .UNSPECIFIED.,.F.,.U.,(4,4),(0.,0.300377826622875),.UNSPECIFIED.);
#265=B_SPLINE_CURVE_WITH_KNOTS('',3,(#4492,#4493,#4494,#4495,#4496,#4497,
#4498,#4499,#4500,#4501,#4502,#4503,#4504,#4505,#4506,#4507,#4508,#4509,
#4510,#4511,#4512,#4513,#4514,#4515),.UNSPECIFIED.,.F.,.U.,(4,2,2,2,2,2,
2,2,2,2,2,4),(0.,0.125,0.1875,0.21875,0.25,0.375,0.5,0.625,0.6875,0.71875,
0.75,1.),.UNSPECIFIED.);
#266=B_SPLINE_CURVE_WITH_KNOTS('',3,(#4517,#4518,#4519,#4520),
 .UNSPECIFIED.,.F.,.U.,(4,4),(0.,1.),.UNSPECIFIED.);
#267=B_SPLINE_CURVE_WITH_KNOTS('',3,(#4522,#4523,#4524,#4525),
 .UNSPECIFIED.,.F.,.U.,(4,4),(0.,1.),.UNSPECIFIED.);
#268=B_SPLINE_CURVE_WITH_KNOTS('',3,(#4527,#4528,#4529,#4530),
 .UNSPECIFIED.,.F.,.U.,(4,4),(0.,1.),.UNSPECIFIED.);
#269=B_SPLINE_CURVE_WITH_KNOTS('',3,(#4532,#4533,#4534,#4535,#4536,#4537,
#4538,#4539,#4540,#4541,#4542,#4543,#4544,#4545,#4546,#4547,#4548,#4549,
#4550,#4551),.UNSPECIFIED.,.F.,.U.,(4,2,2,2,2,2,2,2,2,4),(0.,0.25,0.375,
0.4375,0.46875,0.5,0.625,0.6875,0.75,1.),.UNSPECIFIED.);
#270=B_SPLINE_CURVE_WITH_KNOTS('',3,(#4553,#4554,#4555,#4556),
 .UNSPECIFIED.,.F.,.U.,(4,4),(0.,0.537978195748075),.UNSPECIFIED.);
#271=B_SPLINE_CURVE_WITH_KNOTS('',3,(#4562,#4563,#4564,#4565),
 .UNSPECIFIED.,.F.,.U.,(4,4),(0.770509309060891,1.),.UNSPECIFIED.);
#272=B_SPLINE_CURVE_WITH_KNOTS('',3,(#4569,#4570,#4571,#4572),
 .UNSPECIFIED.,.F.,.U.,(4,4),(0.,1.),.UNSPECIFIED.);
#273=B_SPLINE_CURVE_WITH_KNOTS('',3,(#4575,#4576,#4577,#4578,#4579,#4580,
#4581,#4582,#4583,#4584,#4585,#4586),.UNSPECIFIED.,.F.,.U.,(4,2,2,2,2,4),
(0.730830509124929,0.750000000008047,0.812500000006035,0.843750000005029,
0.875000000004023,1.),.UNSPECIFIED.);
#274=B_SPLINE_CURVE_WITH_KNOTS('',3,(#4591,#4592,#4593,#4594,#4595,#4596,
#4597,#4598,#4599,#4600),.UNSPECIFIED.,.F.,.U.,(4,2,2,2,4),(0.,0.250000000000004,
0.375000000000006,0.500000000000008,0.538466924133593),.UNSPECIFIED.);
#275=B_SPLINE_CURVE_WITH_KNOTS('',3,(#4604,#4605,#4606,#4607),
 .UNSPECIFIED.,.F.,.U.,(4,4),(0.770342886612656,1.),.UNSPECIFIED.);
#276=B_SPLINE_CURVE_WITH_KNOTS('',3,(#4612,#4613,#4614,#4615,#4616,#4617,
#4618,#4619,#4620,#4621),.UNSPECIFIED.,.F.,.U.,(4,2,2,2,4),(0.,0.124999999999988,
0.187499999999982,0.249999999999975,0.275822295743858),.UNSPECIFIED.);
#277=B_SPLINE_CURVE_WITH_KNOTS('',3,(#4623,#4624,#4625,#4626,#4627,#4628,
#4629,#4630,#4631,#4632,#4633,#4634,#4635,#4636,#4637,#4638,#4639,#4640,
#4641,#4642,#4643,#4644),.UNSPECIFIED.,.F.,.U.,(4,2,2,2,2,2,2,2,2,2,4),
(0.,0.125,0.1875,0.25,0.375,0.5,0.625,0.6875,0.71875,0.75,1.),
 .UNSPECIFIED.);
#278=B_SPLINE_CURVE_WITH_KNOTS('',3,(#4646,#4647,#4648,#4649,#4650,#4651),
 .UNSPECIFIED.,.F.,.U.,(4,2,4),(0.,0.5,1.),.UNSPECIFIED.);
#279=B_SPLINE_CURVE_WITH_KNOTS('',3,(#4653,#4654,#4655,#4656),
 .UNSPECIFIED.,.F.,.U.,(4,4),(0.,1.),.UNSPECIFIED.);
#280=B_SPLINE_CURVE_WITH_KNOTS('',3,(#4658,#4659,#4660,#4661,#4662,#4663,
#4664,#4665,#4666,#4667,#4668,#4669,#4670,#4671,#4672,#4673,#4674,#4675,
#4676,#4677),.UNSPECIFIED.,.F.,.U.,(4,2,2,2,2,2,2,2,2,4),(0.,0.125,0.1875,
0.21875,0.25,0.5,0.625,0.6875,0.75,1.),.UNSPECIFIED.);
#281=B_SPLINE_CURVE_WITH_KNOTS('',3,(#4679,#4680,#4681,#4682,#4683,#4684,
#4685,#4686,#4687,#4688,#4689,#4690,#4691,#4692,#4693,#4694,#4695,#4696,
#4697,#4698,#4699,#4700),.UNSPECIFIED.,.F.,.U.,(4,2,2,2,2,2,2,2,2,2,4),
(0.,0.125,0.1875,0.21875,0.25,0.375,0.5,0.625,0.6875,0.75,1.),
 .UNSPECIFIED.);
#282=B_SPLINE_CURVE_WITH_KNOTS('',3,(#4704,#4705,#4706,#4707,#4708,#4709),
 .UNSPECIFIED.,.F.,.U.,(4,2,4),(0.953912027625763,0.968750000000041,1.),
 .UNSPECIFIED.);
#283=B_SPLINE_CURVE_WITH_KNOTS('',3,(#4715,#4716,#4717,#4718,#4719,#4720),
 .UNSPECIFIED.,.F.,.U.,(4,2,4),(0.,0.249999999995066,0.259189244898144),
 .UNSPECIFIED.);
#284=B_SPLINE_CURVE_WITH_KNOTS('',3,(#4728,#4729,#4730,#4731,#4732,#4733,
#4734,#4735),.UNSPECIFIED.,.F.,.U.,(4,2,2,4),(0.673663798924798,0.687500000000031,
0.750000000000024,1.),.UNSPECIFIED.);
#285=B_SPLINE_CURVE_WITH_KNOTS('',3,(#4741,#4742,#4743,#4744),
 .UNSPECIFIED.,.F.,.U.,(4,4),(0.,0.214708646450045),.UNSPECIFIED.);
#286=B_SPLINE_CURVE_WITH_KNOTS('',3,(#4752,#4753,#4754,#4755,#4756,#4757,
#4758,#4759),.UNSPECIFIED.,.F.,.U.,(4,2,2,4),(0.585649306279269,0.625000000000001,
0.750000000000001,1.),.UNSPECIFIED.);
#287=B_SPLINE_CURVE_WITH_KNOTS('',3,(#4770,#4771,#4772,#4773,#4774,#4775,
#4776,#4777),.UNSPECIFIED.,.F.,.U.,(4,2,2,4),(0.423840858084926,0.437500000000518,
0.50000000000046,1.),.UNSPECIFIED.);
#288=B_SPLINE_CURVE_WITH_KNOTS('',3,(#4782,#4783,#4784,#4785,#4786,#4787,
#4788,#4789),.UNSPECIFIED.,.F.,.U.,(4,2,2,4),(0.,0.249999999999998,0.281249999999997,
0.289309629538365),.UNSPECIFIED.);
#289=B_SPLINE_CURVE_WITH_KNOTS('',3,(#4797,#4798,#4799,#4800,#4801,#4802,
#4803,#4804),.UNSPECIFIED.,.F.,.U.,(4,2,2,4),(0.633344864051699,0.687500000000012,
0.750000000000009,1.),.UNSPECIFIED.);
#290=B_SPLINE_CURVE_WITH_KNOTS('',3,(#4824,#4825,#4826,#4827),
 .UNSPECIFIED.,.F.,.U.,(4,4),(0.,0.537978195747242),.UNSPECIFIED.);
#291=B_SPLINE_CURVE_WITH_KNOTS('',3,(#4833,#4834,#4835,#4836),
 .UNSPECIFIED.,.F.,.U.,(4,4),(0.770509309060863,1.),.UNSPECIFIED.);
#292=B_SPLINE_CURVE_WITH_KNOTS('',3,(#4840,#4841,#4842,#4843),
 .UNSPECIFIED.,.F.,.U.,(4,4),(0.,1.),.UNSPECIFIED.);
#293=B_SPLINE_CURVE_WITH_KNOTS('',3,(#4846,#4847,#4848,#4849,#4850,#4851,
#4852,#4853,#4854,#4855,#4856,#4857),.UNSPECIFIED.,.F.,.U.,(4,2,2,2,2,4),
(0.730830509121453,0.750000000008045,0.812500000006034,0.843750000005028,
0.875000000004023,1.),.UNSPECIFIED.);
#294=B_SPLINE_CURVE_WITH_KNOTS('',3,(#4862,#4863,#4864,#4865,#4866,#4867,
#4868,#4869,#4870,#4871),.UNSPECIFIED.,.F.,.U.,(4,2,2,2,4),(0.,0.249999999999999,
0.374999999999998,0.499999999999998,0.538466923955659),.UNSPECIFIED.);
#295=B_SPLINE_CURVE_WITH_KNOTS('',3,(#4875,#4876,#4877,#4878),
 .UNSPECIFIED.,.F.,.U.,(4,4),(0.770342886611761,1.),.UNSPECIFIED.);
#296=B_SPLINE_CURVE_WITH_KNOTS('',3,(#4883,#4884,#4885,#4886,#4887,#4888,
#4889,#4890,#4891,#4892),.UNSPECIFIED.,.F.,.U.,(4,2,2,2,4),(0.,0.124999999999988,
0.187499999999982,0.249999999999976,0.275822295712559),.UNSPECIFIED.);
#297=B_SPLINE_CURVE_WITH_KNOTS('',3,(#4894,#4895,#4896,#4897,#4898,#4899,
#4900,#4901,#4902,#4903,#4904,#4905,#4906,#4907,#4908,#4909,#4910,#4911,
#4912,#4913,#4914,#4915),.UNSPECIFIED.,.F.,.U.,(4,2,2,2,2,2,2,2,2,2,4),
(0.,0.125,0.1875,0.25,0.375,0.5,0.625,0.6875,0.71875,0.75,1.),
 .UNSPECIFIED.);
#298=B_SPLINE_CURVE_WITH_KNOTS('',3,(#4917,#4918,#4919,#4920,#4921,#4922),
 .UNSPECIFIED.,.F.,.U.,(4,2,4),(0.,0.5,1.),.UNSPECIFIED.);
#299=B_SPLINE_CURVE_WITH_KNOTS('',3,(#4924,#4925,#4926,#4927),
 .UNSPECIFIED.,.F.,.U.,(4,4),(0.,1.),.UNSPECIFIED.);
#300=B_SPLINE_CURVE_WITH_KNOTS('',3,(#4929,#4930,#4931,#4932,#4933,#4934,
#4935,#4936,#4937,#4938,#4939,#4940,#4941,#4942,#4943,#4944,#4945,#4946,
#4947,#4948),.UNSPECIFIED.,.F.,.U.,(4,2,2,2,2,2,2,2,2,4),(0.,0.125,0.1875,
0.21875,0.25,0.5,0.625,0.6875,0.75,1.),.UNSPECIFIED.);
#301=B_SPLINE_CURVE_WITH_KNOTS('',3,(#4950,#4951,#4952,#4953,#4954,#4955,
#4956,#4957,#4958,#4959,#4960,#4961,#4962,#4963,#4964,#4965,#4966,#4967,
#4968,#4969,#4970,#4971),.UNSPECIFIED.,.F.,.U.,(4,2,2,2,2,2,2,2,2,2,4),
(0.,0.125,0.1875,0.21875,0.25,0.375,0.5,0.625,0.6875,0.75,1.),
 .UNSPECIFIED.);
#302=B_SPLINE_CURVE_WITH_KNOTS('',3,(#5062,#5063,#5064,#5065,#5066,#5067,
#5068,#5069,#5070,#5071),.UNSPECIFIED.,.F.,.U.,(4,2,2,2,4),(0.275512627702662,
0.637756313851331,0.818878156925665,0.909439078462833,1.),.UNSPECIFIED.);
#303=B_SPLINE_CURVE_WITH_KNOTS('',3,(#5073,#5074,#5075,#5076,#5077,#5078,
#5079,#5080,#5081,#5082,#5083,#5084),.UNSPECIFIED.,.F.,.U.,(4,2,2,2,2,4),
(0.,0.182617901562205,0.365235803124409,0.547853704686613,0.639162655467716,
0.730471606248818),.UNSPECIFIED.);
#304=B_SPLINE_CURVE_WITH_KNOTS('',3,(#5102,#5103,#5104,#5105,#5106,#5107,
#5108,#5109,#5110,#5111,#5112,#5113,#5114,#5115,#5116),.UNSPECIFIED.,.F.,
 .U.,(4,2,2,2,1,2,2,4),(0.,0.125000000000013,0.250000000000027,0.500000000000053,
0.625000000000066,0.687500000000061,0.750000000000055,1.),.UNSPECIFIED.);
#305=B_SPLINE_CURVE_WITH_KNOTS('',3,(#5118,#5119,#5120,#5121,#5122,#5123,
#5124,#5125,#5126,#5127,#5128,#5129,#5130,#5131),.UNSPECIFIED.,.F.,.U.,
(4,2,2,2,2,2,4),(0.,0.124999999999996,0.249999999999991,0.500000000000002,
0.624999999999999,0.749999999999996,1.),.UNSPECIFIED.);
#306=B_SPLINE_CURVE_WITH_KNOTS('',3,(#5133,#5134,#5135,#5136,#5137,#5138,
#5139),.UNSPECIFIED.,.F.,.U.,(4,1,2,4),(0.,0.211920882799854,0.317881324199784,
0.423841765599714),.UNSPECIFIED.);
#307=B_SPLINE_CURVE_WITH_KNOTS('',3,(#5149,#5150,#5151,#5152,#5153,#5154,
#5155,#5156,#5157,#5158),.UNSPECIFIED.,.F.,.U.,(4,2,2,2,4),(0.,0.499999999999995,
0.624999999999988,0.749999999999981,1.),.UNSPECIFIED.);
#308=B_SPLINE_CURVE_WITH_KNOTS('',3,(#5160,#5161,#5162,#5163,#5164,#5165,
#5166,#5167,#5168,#5169,#5170,#5171,#5172,#5173,#5174),.UNSPECIFIED.,.F.,
 .U.,(4,1,2,2,2,2,2,4),(0.,0.124999999999996,0.18749999999998,0.249999999999965,
0.499999999999977,0.624999999999982,0.749999999999988,1.),.UNSPECIFIED.);
#309=B_SPLINE_CURVE_WITH_KNOTS('',3,(#5176,#5177,#5178,#5179,#5180,#5181,
#5182,#5183,#5184,#5185),.UNSPECIFIED.,.F.,.U.,(4,2,2,2,4),(0.,0.500000000000015,
0.625000000000019,0.750000000000023,1.),.UNSPECIFIED.);
#310=B_SPLINE_CURVE_WITH_KNOTS('',3,(#5187,#5188,#5189,#5190,#5191,#5192,
#5193,#5194,#5195,#5196,#5197,#5198,#5199,#5200,#5201,#5202,#5203),
 .UNSPECIFIED.,.F.,.U.,(4,2,2,2,2,2,1,2,4),(0.,0.238476239805602,0.357714359708402,
0.476952479611203,0.715428719416819,0.834666839319626,0.894285899271031,
0.924095429246734,0.953904959222437),.UNSPECIFIED.);
#311=B_SPLINE_CURVE_WITH_KNOTS('',3,(#5208,#5209,#5210,#5211,#5212,#5213,
#5214,#5215,#5216,#5217),.UNSPECIFIED.,.F.,.U.,(4,2,2,2,4),(0.275512627702661,
0.637756313851326,0.818878156925663,0.909439078462831,1.),.UNSPECIFIED.);
#312=B_SPLINE_CURVE_WITH_KNOTS('',3,(#5219,#5220,#5221,#5222,#5223,#5224,
#5225,#5226,#5227,#5228,#5229,#5230),.UNSPECIFIED.,.F.,.U.,(4,2,2,2,2,4),
(0.,0.182617901562204,0.365235803124408,0.547853704686613,0.639162655467715,
0.730471606248817),.UNSPECIFIED.);
#313=B_SPLINE_CURVE_WITH_KNOTS('',3,(#5244,#5245,#5246,#5247),
 .UNSPECIFIED.,.F.,.U.,(4,4),(0.,1.),.UNSPECIFIED.);
#314=B_SPLINE_CURVE_WITH_KNOTS('',3,(#5261,#5262,#5263,#5264),
 .UNSPECIFIED.,.F.,.U.,(4,4),(0.300377847642816,1.),.UNSPECIFIED.);
#315=B_SPLINE_CURVE_WITH_KNOTS('',3,(#5266,#5267,#5268,#5269,#5270,#5271,
#5272,#5273,#5274,#5275,#5276,#5277,#5278,#5279,#5280,#5281,#5282,#5283,
#5284,#5285),.UNSPECIFIED.,.F.,.U.,(4,2,2,2,2,2,2,2,2,4),(0.,0.062500000000002,
0.125000000000004,0.250000000000003,0.375000000000001,0.5,0.624999999999998,
0.687500000000005,0.750000000000012,1.),.UNSPECIFIED.);
#316=B_SPLINE_CURVE_WITH_KNOTS('',3,(#5287,#5288,#5289,#5290,#5291,#5292,
#5293,#5294,#5295,#5296,#5297,#5298,#5299,#5300,#5301),.UNSPECIFIED.,.F.,
 .U.,(4,1,2,2,2,2,2,4),(0.,0.125000000000016,0.187500000000033,0.250000000000051,
0.375000000000068,0.437500000000067,0.500000000000066,1.),.UNSPECIFIED.);
#317=B_SPLINE_CURVE_WITH_KNOTS('',3,(#5303,#5304,#5305,#5306,#5307,#5308),
 .UNSPECIFIED.,.F.,.U.,(4,2,4),(0.,0.304686465639007,0.609372931278013),
 .UNSPECIFIED.);
#318=B_SPLINE_CURVE_WITH_KNOTS('',3,(#5345,#5346,#5347,#5348,#5349,#5350),
 .UNSPECIFIED.,.F.,.U.,(4,2,4),(0.609372931278013,0.804686465639007,1.),
 .UNSPECIFIED.);
#319=B_SPLINE_CURVE_WITH_KNOTS('',3,(#5354,#5355,#5356,#5357,#5358,#5359,
#5360,#5361,#5362,#5363,#5364,#5365,#5366,#5367,#5368,#5369,#5370),
 .UNSPECIFIED.,.F.,.U.,(4,2,2,1,2,2,2,2,4),(0.,0.25,0.375,0.437500000000001,
0.468750000000001,0.500000000000002,0.625000000000003,0.750000000000003,
1.),.UNSPECIFIED.);
#320=B_SPLINE_CURVE_WITH_KNOTS('',3,(#5374,#5375,#5376,#5377),
 .UNSPECIFIED.,.F.,.U.,(4,4),(0.,1.),.UNSPECIFIED.);
#321=B_SPLINE_CURVE_WITH_KNOTS('',3,(#5379,#5380,#5381,#5382,#5383,#5384,
#5385,#5386,#5387,#5388,#5389,#5390),.UNSPECIFIED.,.F.,.U.,(4,2,2,2,2,4),
(0.,0.249999999999985,0.374999999999987,0.49999999999999,0.749999999999995,
1.),.UNSPECIFIED.);
#322=B_SPLINE_CURVE_WITH_KNOTS('',3,(#5392,#5393,#5394,#5395,#5396,#5397,
#5398,#5399,#5400,#5401,#5402,#5403,#5404,#5405,#5406),.UNSPECIFIED.,.F.,
 .U.,(4,1,2,2,2,2,2,4),(0.,0.125000000000005,0.187500000000008,0.25000000000001,
0.500000000000004,0.625,0.749999999999997,1.),.UNSPECIFIED.);
#323=B_SPLINE_CURVE_WITH_KNOTS('',3,(#5408,#5409,#5410,#5411,#5412,#5413,
#5414,#5415,#5416,#5417),.UNSPECIFIED.,.F.,.U.,(4,2,2,2,4),(0.,0.25,0.5,
0.75,1.),.UNSPECIFIED.);
#324=B_SPLINE_CURVE_WITH_KNOTS('',3,(#5419,#5420,#5421,#5422),
 .UNSPECIFIED.,.F.,.U.,(4,4),(0.,1.),.UNSPECIFIED.);
#325=B_SPLINE_CURVE_WITH_KNOTS('',3,(#5424,#5425,#5426,#5427,#5428,#5429,
#5430,#5431,#5432,#5433),.UNSPECIFIED.,.F.,.U.,(4,1,1,2,2,4),(0.,0.249999999999944,
0.374999999999901,0.437499999999897,0.499999999999894,1.),.UNSPECIFIED.);
#326=B_SPLINE_CURVE_WITH_KNOTS('',3,(#5435,#5436,#5437,#5438),
 .UNSPECIFIED.,.F.,.U.,(4,4),(0.,1.),.UNSPECIFIED.);
#327=B_SPLINE_CURVE_WITH_KNOTS('',3,(#5440,#5441,#5442,#5443,#5444,#5445),
 .UNSPECIFIED.,.F.,.U.,(4,2,4),(0.,0.118176069088372,0.236352138176744),
 .UNSPECIFIED.);
#328=B_SPLINE_CURVE_WITH_KNOTS('',3,(#5450,#5451,#5452,#5453),
 .UNSPECIFIED.,.F.,.U.,(4,4),(0.982921207350232,1.),.UNSPECIFIED.);
#329=B_SPLINE_CURVE_WITH_KNOTS('',3,(#5455,#5456,#5457,#5458),
 .UNSPECIFIED.,.F.,.U.,(4,4),(0.,0.300377847642816),.UNSPECIFIED.);
#330=B_SPLINE_CURVE_WITH_KNOTS('',3,(#5461,#5462,#5463,#5464,#5465,#5466,
#5467,#5468,#5469,#5470,#5471,#5472,#5473,#5474,#5475),.UNSPECIFIED.,.F.,
 .U.,(4,2,1,2,2,2,2,4),(0.,0.250000000000018,0.375000000000024,0.437500000000028,
0.500000000000032,0.62500000000004,0.750000000000047,1.),.UNSPECIFIED.);
#331=B_SPLINE_CURVE_WITH_KNOTS('',3,(#5477,#5478,#5479,#5480),
 .UNSPECIFIED.,.F.,.U.,(4,4),(0.,1.),.UNSPECIFIED.);
#332=B_SPLINE_CURVE_WITH_KNOTS('',3,(#5482,#5483,#5484,#5485),
 .UNSPECIFIED.,.F.,.U.,(4,4),(0.,1.),.UNSPECIFIED.);
#333=B_SPLINE_CURVE_WITH_KNOTS('',3,(#5487,#5488,#5489,#5490),
 .UNSPECIFIED.,.F.,.U.,(4,4),(0.,1.),.UNSPECIFIED.);
#334=B_SPLINE_CURVE_WITH_KNOTS('',3,(#5492,#5493,#5494,#5495,#5496,#5497,
#5498,#5499,#5500,#5501,#5502,#5503,#5504,#5505,#5506,#5507,#5508,#5509,
#5510),.UNSPECIFIED.,.F.,.U.,(4,1,2,2,2,2,2,2,2,4),(0.,0.124999999999982,
0.187499999999984,0.249999999999986,0.499999999999992,0.562499999999993,
0.624999999999994,0.687499999999996,0.749999999999997,1.),.UNSPECIFIED.);
#335=B_SPLINE_CURVE_WITH_KNOTS('',3,(#5513,#5514,#5515,#5516,#5517,#5518,
#5519,#5520),.UNSPECIFIED.,.F.,.U.,(4,2,2,4),(0.730471606248817,0.797853704686612,
0.865235803124408,1.),.UNSPECIFIED.);
#336=B_SPLINE_CURVE_WITH_KNOTS('',3,(#5522,#5523,#5524,#5525),
 .UNSPECIFIED.,.F.,.U.,(4,4),(0.,1.),.UNSPECIFIED.);
#337=B_SPLINE_CURVE_WITH_KNOTS('',3,(#5529,#5530,#5531,#5532,#5533,#5534,
#5535,#5536,#5537,#5538,#5539,#5540,#5541,#5542,#5543,#5544),
 .UNSPECIFIED.,.F.,.U.,(4,2,2,2,2,2,2,4),(0.,0.125,0.187499999999999,0.249999999999998,
0.499999999999992,0.624999999999989,0.749999999999986,1.),.UNSPECIFIED.);
#338=B_SPLINE_CURVE_WITH_KNOTS('',3,(#5546,#5547,#5548,#5549,#5550,#5551,
#5552,#5553,#5554,#5555,#5556,#5557,#5558,#5559,#5560),.UNSPECIFIED.,.F.,
 .U.,(4,1,2,2,2,2,2,4),(0.,0.125000000000013,0.18750000000002,0.250000000000026,
0.500000000000026,0.625000000000025,0.750000000000024,1.),.UNSPECIFIED.);
#339=B_SPLINE_CURVE_WITH_KNOTS('',3,(#5562,#5563,#5564,#5565),
 .UNSPECIFIED.,.F.,.U.,(4,4),(0.,1.),.UNSPECIFIED.);
#340=B_SPLINE_CURVE_WITH_KNOTS('',3,(#5567,#5568,#5569,#5570,#5571,#5572),
 .UNSPECIFIED.,.F.,.U.,(4,2,4),(0.,0.5,1.),.UNSPECIFIED.);
#341=B_SPLINE_CURVE_WITH_KNOTS('',3,(#5574,#5575,#5576,#5577,#5578,#5579,
#5580,#5581,#5582,#5583,#5584,#5585,#5586,#5587,#5588,#5589,#5590,#5591,
#5592,#5593),.UNSPECIFIED.,.F.,.U.,(4,2,2,2,2,2,2,2,2,4),(0.,0.0624999999999987,
0.124999999999997,0.249999999999995,0.374999999999992,0.499999999999989,
0.624999999999987,0.687499999999988,0.74999999999999,1.),.UNSPECIFIED.);
#342=B_SPLINE_CURVE_WITH_KNOTS('',3,(#5595,#5596,#5597,#5598,#5599,#5600,
#5601,#5602),.UNSPECIFIED.,.F.,.U.,(4,2,2,4),(0.,0.068878156925665,0.13775631385133,
0.275512627702661),.UNSPECIFIED.);
#343=B_SPLINE_CURVE_WITH_KNOTS('',3,(#5603,#5604,#5605,#5606),
 .UNSPECIFIED.,.F.,.U.,(4,4),(0.953904959222437,1.),.UNSPECIFIED.);
#344=B_SPLINE_CURVE_WITH_KNOTS('',3,(#5614,#5615,#5616,#5617),
 .UNSPECIFIED.,.F.,.U.,(4,4),(0.,0.260732875415062),.UNSPECIFIED.);
#345=B_SPLINE_CURVE_WITH_KNOTS('',3,(#5621,#5622,#5623,#5624),
 .UNSPECIFIED.,.F.,.U.,(4,4),(0.673867584403958,1.),.UNSPECIFIED.);
#346=B_SPLINE_CURVE_WITH_KNOTS('',3,(#5632,#5633,#5634,#5635),
 .UNSPECIFIED.,.F.,.U.,(4,4),(0.,0.217251581861212),.UNSPECIFIED.);
#347=B_SPLINE_CURVE_WITH_KNOTS('',3,(#5639,#5640,#5641,#5642),
 .UNSPECIFIED.,.F.,.U.,(4,4),(0.585720066748954,1.),.UNSPECIFIED.);
#348=B_SPLINE_CURVE_WITH_KNOTS('',3,(#5649,#5650,#5651,#5652),
 .UNSPECIFIED.,.F.,.U.,(4,4),(0.423841765599714,1.),.UNSPECIFIED.);
#349=B_SPLINE_CURVE_WITH_KNOTS('',3,(#5660,#5661,#5662,#5663,#5664,#5665,
#5666,#5667),.UNSPECIFIED.,.F.,.U.,(4,2,2,4),(0.,0.144786380949904,0.217179571424855,
0.289572761899806),.UNSPECIFIED.);
#350=B_SPLINE_CURVE_WITH_KNOTS('',3,(#5672,#5673,#5674,#5675),
 .UNSPECIFIED.,.F.,.U.,(4,4),(0.631874693366841,1.),.UNSPECIFIED.);
#351=B_SPLINE_CURVE_WITH_KNOTS('',3,(#5687,#5688,#5689,#5690,#5691,#5692,
#5693,#5694),.UNSPECIFIED.,.F.,.U.,(4,2,2,4),(0.730471606248818,0.797853704686614,
0.86523580312441,1.),.UNSPECIFIED.);
#352=B_SPLINE_CURVE_WITH_KNOTS('',3,(#5696,#5697,#5698,#5699),
 .UNSPECIFIED.,.F.,.U.,(4,4),(0.,1.),.UNSPECIFIED.);
#353=B_SPLINE_CURVE_WITH_KNOTS('',3,(#5703,#5704,#5705,#5706,#5707,#5708,
#5709,#5710,#5711,#5712,#5713,#5714,#5715,#5716,#5717,#5718),
 .UNSPECIFIED.,.F.,.U.,(4,2,2,2,2,2,2,4),(0.,0.125000000000001,0.1875,0.249999999999999,
0.499999999999999,0.624999999999999,0.75,1.),.UNSPECIFIED.);
#354=B_SPLINE_CURVE_WITH_KNOTS('',3,(#5720,#5721,#5722,#5723,#5724,#5725,
#5726,#5727,#5728,#5729,#5730,#5731,#5732,#5733,#5734),.UNSPECIFIED.,.F.,
 .U.,(4,1,2,2,2,2,2,4),(0.,0.12500000000001,0.187500000000015,0.25000000000002,
0.500000000000014,0.62500000000001,0.750000000000007,1.),.UNSPECIFIED.);
#355=B_SPLINE_CURVE_WITH_KNOTS('',3,(#5736,#5737,#5738,#5739),
 .UNSPECIFIED.,.F.,.U.,(4,4),(0.,1.),.UNSPECIFIED.);
#356=B_SPLINE_CURVE_WITH_KNOTS('',3,(#5741,#5742,#5743,#5744,#5745,#5746),
 .UNSPECIFIED.,.F.,.U.,(4,2,4),(0.,0.5,1.),.UNSPECIFIED.);
#357=B_SPLINE_CURVE_WITH_KNOTS('',3,(#5748,#5749,#5750,#5751,#5752,#5753,
#5754,#5755,#5756,#5757,#5758,#5759,#5760,#5761,#5762,#5763,#5764,#5765,
#5766,#5767),.UNSPECIFIED.,.F.,.U.,(4,2,2,2,2,2,2,2,2,4),(0.,0.062500000000005,
0.12500000000001,0.250000000000008,0.375000000000007,0.500000000000006,
0.625000000000004,0.687500000000003,0.750000000000003,1.),.UNSPECIFIED.);
#358=B_SPLINE_CURVE_WITH_KNOTS('',3,(#5769,#5770,#5771,#5772,#5773,#5774,
#5775,#5776),.UNSPECIFIED.,.F.,.U.,(4,2,2,4),(0.,0.068878156925665,0.13775631385133,
0.275512627702662),.UNSPECIFIED.);
#359=B_SPLINE_CURVE_WITH_KNOTS('',3,(#5787,#5788,#5789,#5790,#5791,#5792,
#5793,#5794,#5795,#5796),.UNSPECIFIED.,.F.,.U.,(4,2,2,2,4),(0.,0.491460603675107,
0.737190905512661,0.860056056431446,0.982921207350232),.UNSPECIFIED.);
#360=B_SPLINE_CURVE_WITH_KNOTS('',3,(#5798,#5799,#5800,#5801),
 .UNSPECIFIED.,.F.,.U.,(4,4),(0.236352138176744,1.),.UNSPECIFIED.);
#361=B_SPLINE_CURVE_WITH_KNOTS('',3,(#5803,#5804,#5805,#5806,#5807,#5808,
#5809,#5810),.UNSPECIFIED.,.F.,.U.,(4,2,2,4),(0.,0.249999999999986,0.499999999999972,
1.),.UNSPECIFIED.);
#362=B_SPLINE_CURVE_WITH_KNOTS('',3,(#5812,#5813,#5814,#5815,#5816,#5817,
#5818,#5819,#5820,#5821,#5822,#5823,#5824),.UNSPECIFIED.,.F.,.U.,(4,2,1,
2,2,2,4),(0.260732875415062,0.306937070701618,0.353141265988174,0.445549656561287,
0.630366437707524,0.815183218853762,1.),.UNSPECIFIED.);
#363=B_SPLINE_CURVE_WITH_KNOTS('',3,(#5826,#5827,#5828,#5829,#5830,#5831,
#5832,#5833,#5834,#5835),.UNSPECIFIED.,.F.,.U.,(4,2,2,2,4),(0.,0.336933792201989,
0.505400688302973,0.589634136353466,0.673867584403958),.UNSPECIFIED.);
#364=B_SPLINE_CURVE_WITH_KNOTS('',3,(#5837,#5838,#5839,#5840,#5841,#5842,
#5843,#5844,#5845,#5846,#5847),.UNSPECIFIED.,.F.,.U.,(4,2,1,2,2,4),(0.217251581861212,
0.266173357994887,0.315095134128562,0.412938686395911,0.608625790930599,
1.),.UNSPECIFIED.);
#365=B_SPLINE_CURVE_WITH_KNOTS('',3,(#5849,#5850,#5851,#5852,#5853,#5854,
#5855,#5856,#5857,#5858,#5859,#5860),.UNSPECIFIED.,.F.,.U.,(4,2,2,2,2,4),
(0.,0.146430016687238,0.292860033374477,0.439290050061715,0.512505058405335,
0.585720066748954),.UNSPECIFIED.);
#366=B_SPLINE_CURVE_WITH_KNOTS('',3,(#5871,#5872,#5873,#5874,#5875,#5876,
#5877,#5878,#5879,#5880),.UNSPECIFIED.,.F.,.U.,(4,2,2,2,4),(0.289572761899806,
0.644786380949938,0.733589785712461,0.822393190474984,1.),.UNSPECIFIED.);
#367=B_SPLINE_CURVE_WITH_KNOTS('',3,(#5882,#5883,#5884,#5885,#5886,#5887,
#5888,#5889,#5890,#5891,#5892,#5893),.UNSPECIFIED.,.F.,.U.,(4,2,2,2,2,4),
(0.,0.315937346683413,0.473906020025127,0.552890356695984,0.592382525031412,
0.631874693366841),.UNSPECIFIED.);
#368=B_SPLINE_CURVE_WITH_KNOTS('',1,(#5967,#5968),.UNSPECIFIED.,.F.,.U.,
(2,2),(0.,1.),.UNSPECIFIED.);
#369=B_SPLINE_CURVE_WITH_KNOTS('',1,(#5969,#5970),.UNSPECIFIED.,.F.,.U.,
(2,2),(0.,1.),.UNSPECIFIED.);
#370=B_SPLINE_CURVE_WITH_KNOTS('',1,(#6015,#6016),.UNSPECIFIED.,.F.,.U.,
(2,2),(0.,1.),.UNSPECIFIED.);
#371=B_SPLINE_CURVE_WITH_KNOTS('',3,(#6069,#6070,#6071,#6072,#6073,#6074,
#6075,#6076,#6077,#6078,#6079,#6080,#6081,#6082,#6083,#6084,#6085,#6086,
#6087,#6088),.UNSPECIFIED.,.F.,.U.,(4,2,2,2,2,2,2,2,2,4),(0.275822295712559,
0.374999999999977,0.43749999999998,0.499999999999982,0.749999999999991,
0.812499999999993,0.843749999999994,0.859374999999995,0.874999999999995,
1.),.UNSPECIFIED.);
#372=B_SPLINE_CURVE_WITH_KNOTS('',1,(#6090,#6091),.UNSPECIFIED.,.F.,.U.,
(2,2),(0.,1.),.UNSPECIFIED.);
#373=B_SPLINE_CURVE_WITH_KNOTS('',3,(#6144,#6145,#6146,#6147,#6148,#6149,
#6150,#6151,#6152,#6153,#6154,#6155,#6156,#6157,#6158,#6159,#6160,#6161),
 .UNSPECIFIED.,.F.,.U.,(4,2,2,2,2,2,2,2,4),(0.,0.125000000001482,0.187500000002222,
0.250000000002963,0.375000000004445,0.437500000005185,0.500000000005926,
0.625000000007408,0.730830509121453),.UNSPECIFIED.);
#374=B_SPLINE_CURVE_WITH_KNOTS('',1,(#6162,#6163),.UNSPECIFIED.,.F.,.U.,
(2,2),(0.,1.),.UNSPECIFIED.);
#375=B_SPLINE_CURVE_WITH_KNOTS('',3,(#6172,#6173,#6174,#6175),
 .UNSPECIFIED.,.F.,.U.,(4,4),(0.,1.),.UNSPECIFIED.);
#376=B_SPLINE_CURVE_WITH_KNOTS('',1,(#6177,#6178),.UNSPECIFIED.,.F.,.U.,
(2,2),(0.,1.),.UNSPECIFIED.);
#377=B_SPLINE_CURVE_WITH_KNOTS('',1,(#6223,#6224),.UNSPECIFIED.,.F.,.U.,
(2,2),(0.,1.),.UNSPECIFIED.);
#378=B_SPLINE_CURVE_WITH_KNOTS('',1,(#6265,#6266),.UNSPECIFIED.,.F.,.U.,
(2,2),(0.,1.),.UNSPECIFIED.);
#379=B_SPLINE_CURVE_WITH_KNOTS('',3,(#6268,#6269,#6270,#6271),
 .UNSPECIFIED.,.F.,.U.,(4,4),(0.538466923955659,1.),.UNSPECIFIED.);
#380=B_SPLINE_CURVE_WITH_KNOTS('',3,(#6273,#6274,#6275,#6276,#6277,#6278,
#6279,#6280,#6281,#6282,#6283,#6284,#6285,#6286),.UNSPECIFIED.,.F.,.U.,
(4,2,2,2,2,2,4),(0.,0.125000000000575,0.187500000000862,0.250000000001149,
0.500000000002299,0.750000000003448,0.770342886611761),.UNSPECIFIED.);
#381=B_SPLINE_CURVE_WITH_KNOTS('',3,(#6288,#6289,#6290,#6291,#6292,#6293,
#6294,#6295),.UNSPECIFIED.,.F.,.U.,(4,2,2,4),(0.,0.25,0.5,1.),
 .UNSPECIFIED.);
#382=B_SPLINE_CURVE_WITH_KNOTS('',3,(#6324,#6325,#6326,#6327),
 .UNSPECIFIED.,.F.,.U.,(4,4),(0.,1.),.UNSPECIFIED.);
#383=B_SPLINE_CURVE_WITH_KNOTS('',1,(#6328,#6329),.UNSPECIFIED.,.F.,.U.,
(2,2),(0.,1.),.UNSPECIFIED.);
#384=B_SPLINE_CURVE_WITH_KNOTS('',3,(#6331,#6332,#6333,#6334,#6335,#6336),
 .UNSPECIFIED.,.F.,.U.,(4,2,4),(0.537978195747242,0.768989097873621,1.),
 .UNSPECIFIED.);
#385=B_SPLINE_CURVE_WITH_KNOTS('',1,(#6353,#6354),.UNSPECIFIED.,.F.,.U.,
(2,2),(0.,1.),.UNSPECIFIED.);
#386=B_SPLINE_CURVE_WITH_KNOTS('',3,(#6356,#6357,#6358,#6359,#6360,#6361),
 .UNSPECIFIED.,.F.,.U.,(4,2,4),(0.,0.5,1.),.UNSPECIFIED.);
#387=B_SPLINE_CURVE_WITH_KNOTS('',1,(#6390,#6391),.UNSPECIFIED.,.F.,.U.,
(2,2),(0.,1.),.UNSPECIFIED.);
#388=B_SPLINE_CURVE_WITH_KNOTS('',3,(#6392,#6393,#6394,#6395,#6396,#6397,
#6398,#6399,#6400,#6401,#6402,#6403),.UNSPECIFIED.,.F.,.U.,(4,2,2,2,2,4),
(0.,0.192627327265216,0.385254654530432,0.577881981795647,0.674195645428255,
0.770509309060863),.UNSPECIFIED.);
#389=B_SPLINE_CURVE_WITH_KNOTS('',1,(#6446,#6447),.UNSPECIFIED.,.F.,.U.,
(2,2),(0.,1.),.UNSPECIFIED.);
#390=B_SPLINE_CURVE_WITH_KNOTS('',3,(#6488,#6489,#6490,#6491,#6492,#6493,
#6494,#6495,#6496,#6497,#6498,#6499,#6500,#6501,#6502,#6503,#6504,#6505,
#6506,#6507),.UNSPECIFIED.,.F.,.U.,(4,2,2,2,2,2,2,2,2,4),(0.,0.125,0.1875,
0.25,0.5,0.625,0.6875,0.71875,0.75,1.),.UNSPECIFIED.);
#391=B_SPLINE_CURVE_WITH_KNOTS('',1,(#6509,#6510),.UNSPECIFIED.,.F.,.U.,
(2,2),(0.,1.),.UNSPECIFIED.);
#392=B_SPLINE_CURVE_WITH_KNOTS('',3,(#6539,#6540,#6541,#6542,#6543,#6544,
#6545,#6546,#6547,#6548,#6549,#6550,#6551,#6552),.UNSPECIFIED.,.F.,.U.,
(4,2,2,2,2,2,4),(0.,0.125,0.1875,0.25,0.5,0.75,1.),.UNSPECIFIED.);
#393=B_SPLINE_CURVE_WITH_KNOTS('',1,(#6554,#6555),.UNSPECIFIED.,.F.,.U.,
(2,2),(0.,1.),.UNSPECIFIED.);
#394=B_SPLINE_CURVE_WITH_KNOTS('',3,(#6580,#6581,#6582,#6583,#6584,#6585,
#6586,#6587),.UNSPECIFIED.,.F.,.U.,(4,2,2,4),(0.,0.250000000000313,0.375000000000469,
0.423840858084926),.UNSPECIFIED.);
#395=B_SPLINE_CURVE_WITH_KNOTS('',3,(#6588,#6589,#6590,#6591),
 .UNSPECIFIED.,.F.,.U.,(4,4),(0.,1.),.UNSPECIFIED.);
#396=B_SPLINE_CURVE_WITH_KNOTS('',1,(#6597,#6598),.UNSPECIFIED.,.F.,.U.,
(2,2),(0.,1.),.UNSPECIFIED.);
#397=B_SPLINE_CURVE_WITH_KNOTS('',3,(#6639,#6640,#6641,#6642,#6643,#6644,
#6645,#6646,#6647,#6648,#6649,#6650,#6651,#6652,#6653,#6654),
 .UNSPECIFIED.,.F.,.U.,(4,2,2,2,2,2,2,4),(0.289309629538365,0.312499999999997,
0.374999999999998,0.499999999999998,0.749999999999999,0.812499999999999,
0.875,1.),.UNSPECIFIED.);
#398=B_SPLINE_CURVE_WITH_KNOTS('',1,(#6656,#6657),.UNSPECIFIED.,.F.,.U.,
(2,2),(0.,1.),.UNSPECIFIED.);
#399=B_SPLINE_CURVE_WITH_KNOTS('',3,(#6698,#6699,#6700,#6701,#6702,#6703,
#6704,#6705,#6706,#6707,#6708,#6709,#6710,#6711,#6712,#6713),
 .UNSPECIFIED.,.F.,.U.,(4,2,2,2,2,2,2,4),(0.,0.125000000000003,0.187500000000004,
0.218750000000005,0.250000000000005,0.500000000000011,0.625000000000014,
0.633344864051699),.UNSPECIFIED.);
#400=B_SPLINE_CURVE_WITH_KNOTS('',3,(#6714,#6715,#6716,#6717),
 .UNSPECIFIED.,.F.,.U.,(4,4),(0.,1.),.UNSPECIFIED.);
#401=B_SPLINE_CURVE_WITH_KNOTS('',1,(#6734,#6735),.UNSPECIFIED.,.F.,.U.,
(2,2),(0.,1.),.UNSPECIFIED.);
#402=B_SPLINE_CURVE_WITH_KNOTS('',3,(#6768,#6769,#6770,#6771,#6772,#6773,
#6774,#6775,#6776,#6777,#6778,#6779,#6780,#6781,#6782,#6783),
 .UNSPECIFIED.,.F.,.U.,(4,2,2,2,2,2,2,4),(0.,0.25,0.375,0.5,0.625,0.6875,
0.75,1.),.UNSPECIFIED.);
#403=B_SPLINE_CURVE_WITH_KNOTS('',1,(#6785,#6786),.UNSPECIFIED.,.F.,.U.,
(2,2),(0.,1.),.UNSPECIFIED.);
#404=B_SPLINE_CURVE_WITH_KNOTS('',3,(#6827,#6828,#6829,#6830,#6831,#6832,
#6833,#6834,#6835,#6836,#6837,#6838,#6839,#6840,#6841,#6842,#6843,#6844,
#6845,#6846),.UNSPECIFIED.,.F.,.U.,(4,2,2,2,2,2,2,2,2,4),(0.,0.125,0.1875,
0.21875,0.25,0.5,0.625,0.6875,0.75,1.),.UNSPECIFIED.);
#405=B_SPLINE_CURVE_WITH_KNOTS('',1,(#6848,#6849),.UNSPECIFIED.,.F.,.U.,
(2,2),(0.,1.),.UNSPECIFIED.);
#406=B_SPLINE_CURVE_WITH_KNOTS('',3,(#6882,#6883,#6884,#6885,#6886,#6887,
#6888,#6889,#6890,#6891,#6892,#6893,#6894,#6895,#6896,#6897),
 .UNSPECIFIED.,.F.,.U.,(4,2,2,2,2,2,2,4),(0.,0.25,0.375,0.5,0.625,0.6875,
0.75,1.),.UNSPECIFIED.);
#407=B_SPLINE_CURVE_WITH_KNOTS('',1,(#6899,#6900),.UNSPECIFIED.,.F.,.U.,
(2,2),(0.,1.),.UNSPECIFIED.);
#408=B_SPLINE_CURVE_WITH_KNOTS('',3,(#6957,#6958,#6959,#6960,#6961,#6962,
#6963,#6964,#6965,#6966,#6967,#6968,#6969,#6970,#6971,#6972,#6973,#6974,
#6975,#6976,#6977,#6978,#6979,#6980,#6981,#6982),.UNSPECIFIED.,.F.,.U.,
(4,2,2,2,2,2,2,2,2,2,2,2,4),(0.,0.125000000000008,0.187500000000012,0.218750000000014,
0.250000000000016,0.375000000000024,0.437500000000027,0.500000000000031,
0.750000000000047,0.875000000000055,0.937500000000059,0.95312500000006,
0.953912027625763),.UNSPECIFIED.);
#409=B_SPLINE_CURVE_WITH_KNOTS('',3,(#6983,#6984,#6985,#6986),
 .UNSPECIFIED.,.F.,.U.,(4,4),(0.,1.),.UNSPECIFIED.);
#410=B_SPLINE_CURVE_WITH_KNOTS('',1,(#6992,#6993),.UNSPECIFIED.,.F.,.U.,
(2,2),(0.,1.),.UNSPECIFIED.);
#411=B_SPLINE_CURVE_WITH_KNOTS('',3,(#7026,#7027,#7028,#7029,#7030,#7031,
#7032,#7033,#7034,#7035,#7036,#7037,#7038,#7039),.UNSPECIFIED.,.F.,.U.,
(4,2,2,2,2,2,4),(0.259189244898144,0.312499999995253,0.374999999995685,
0.499999999996548,0.749999999998274,0.874999999999137,1.),.UNSPECIFIED.);
#412=B_SPLINE_CURVE_WITH_KNOTS('',1,(#7041,#7042),.UNSPECIFIED.,.F.,.U.,
(2,2),(0.,1.),.UNSPECIFIED.);
#413=B_SPLINE_CURVE_WITH_KNOTS('',3,(#7075,#7076,#7077,#7078,#7079,#7080,
#7081,#7082,#7083,#7084,#7085,#7086),.UNSPECIFIED.,.F.,.U.,(4,2,2,2,2,4),
(0.,0.250000000000012,0.375000000000018,0.500000000000024,0.62500000000003,
0.673663798924798),.UNSPECIFIED.);
#414=B_SPLINE_CURVE_WITH_KNOTS('',3,(#7087,#7088,#7089,#7090),
 .UNSPECIFIED.,.F.,.U.,(4,4),(0.,1.),.UNSPECIFIED.);
#415=B_SPLINE_CURVE_WITH_KNOTS('',1,(#7096,#7097),.UNSPECIFIED.,.F.,.U.,
(2,2),(0.,1.),.UNSPECIFIED.);
#416=B_SPLINE_CURVE_WITH_KNOTS('',3,(#7114,#7115,#7116,#7117,#7118,#7119,
#7120,#7121),.UNSPECIFIED.,.F.,.U.,(4,2,2,4),(0.214708646450045,0.249999999986815,
0.49999999999121,1.),.UNSPECIFIED.);
#417=B_SPLINE_CURVE_WITH_KNOTS('',1,(#7123,#7124),.UNSPECIFIED.,.F.,.U.,
(2,2),(0.,1.),.UNSPECIFIED.);
#418=B_SPLINE_CURVE_WITH_KNOTS('',3,(#7157,#7158,#7159,#7160,#7161,#7162,
#7163,#7164,#7165,#7166,#7167,#7168),.UNSPECIFIED.,.F.,.U.,(4,2,2,2,2,4),
(0.,0.125,0.250000000000001,0.500000000000001,0.562500000000002,0.585649306279269),
 .UNSPECIFIED.);
#419=B_SPLINE_CURVE_WITH_KNOTS('',3,(#7169,#7170,#7171,#7172),
 .UNSPECIFIED.,.F.,.U.,(4,4),(0.,1.),.UNSPECIFIED.);
#420=B_SPLINE_CURVE_WITH_KNOTS('',1,(#7192,#7193),.UNSPECIFIED.,.F.,.U.,
(2,2),(0.,1.),.UNSPECIFIED.);
#421=B_SPLINE_CURVE_WITH_KNOTS('',1,(#7194,#7195),.UNSPECIFIED.,.F.,.U.,
(2,2),(0.,1.),.UNSPECIFIED.);
#422=B_SPLINE_CURVE_WITH_KNOTS('',1,(#7240,#7241),.UNSPECIFIED.,.F.,.U.,
(2,2),(0.,1.),.UNSPECIFIED.);
#423=B_SPLINE_CURVE_WITH_KNOTS('',3,(#7294,#7295,#7296,#7297,#7298,#7299,
#7300,#7301,#7302,#7303,#7304,#7305,#7306,#7307,#7308,#7309,#7310,#7311,
#7312,#7313),.UNSPECIFIED.,.F.,.U.,(4,2,2,2,2,2,2,2,2,4),(0.275822295743858,
0.374999999999977,0.437499999999979,0.499999999999981,0.749999999999991,
0.812499999999993,0.843749999999994,0.859374999999995,0.874999999999995,
1.),.UNSPECIFIED.);
#424=B_SPLINE_CURVE_WITH_KNOTS('',1,(#7315,#7316),.UNSPECIFIED.,.F.,.U.,
(2,2),(0.,1.),.UNSPECIFIED.);
#425=B_SPLINE_CURVE_WITH_KNOTS('',3,(#7369,#7370,#7371,#7372,#7373,#7374,
#7375,#7376,#7377,#7378,#7379,#7380,#7381,#7382,#7383,#7384,#7385,#7386),
 .UNSPECIFIED.,.F.,.U.,(4,2,2,2,2,2,2,2,4),(0.,0.125000000001482,0.187500000002223,
0.250000000002964,0.375000000004446,0.437500000005186,0.500000000005927,
0.625000000007409,0.730830509124929),.UNSPECIFIED.);
#426=B_SPLINE_CURVE_WITH_KNOTS('',1,(#7387,#7388),.UNSPECIFIED.,.F.,.U.,
(2,2),(0.,1.),.UNSPECIFIED.);
#427=B_SPLINE_CURVE_WITH_KNOTS('',3,(#7397,#7398,#7399,#7400),
 .UNSPECIFIED.,.F.,.U.,(4,4),(0.,1.),.UNSPECIFIED.);
#428=B_SPLINE_CURVE_WITH_KNOTS('',1,(#7402,#7403),.UNSPECIFIED.,.F.,.U.,
(2,2),(0.,1.),.UNSPECIFIED.);
#429=B_SPLINE_CURVE_WITH_KNOTS('',1,(#7448,#7449),.UNSPECIFIED.,.F.,.U.,
(2,2),(0.,1.),.UNSPECIFIED.);
#430=B_SPLINE_CURVE_WITH_KNOTS('',1,(#7490,#7491),.UNSPECIFIED.,.F.,.U.,
(2,2),(0.,1.),.UNSPECIFIED.);
#431=B_SPLINE_CURVE_WITH_KNOTS('',3,(#7493,#7494,#7495,#7496),
 .UNSPECIFIED.,.F.,.U.,(4,4),(0.538466924133593,1.),.UNSPECIFIED.);
#432=B_SPLINE_CURVE_WITH_KNOTS('',3,(#7498,#7499,#7500,#7501,#7502,#7503,
#7504,#7505,#7506,#7507,#7508,#7509,#7510,#7511),.UNSPECIFIED.,.F.,.U.,
(4,2,2,2,2,2,4),(0.,0.125000000000575,0.187500000000862,0.250000000001149,
0.500000000002299,0.750000000003448,0.770342886612656),.UNSPECIFIED.);
#433=B_SPLINE_CURVE_WITH_KNOTS('',3,(#7513,#7514,#7515,#7516,#7517,#7518,
#7519,#7520),.UNSPECIFIED.,.F.,.U.,(4,2,2,4),(0.,0.25,0.5,1.),
 .UNSPECIFIED.);
#434=B_SPLINE_CURVE_WITH_KNOTS('',3,(#7549,#7550,#7551,#7552),
 .UNSPECIFIED.,.F.,.U.,(4,4),(0.,1.),.UNSPECIFIED.);
#435=B_SPLINE_CURVE_WITH_KNOTS('',1,(#7553,#7554),.UNSPECIFIED.,.F.,.U.,
(2,2),(0.,1.),.UNSPECIFIED.);
#436=B_SPLINE_CURVE_WITH_KNOTS('',3,(#7556,#7557,#7558,#7559,#7560,#7561),
 .UNSPECIFIED.,.F.,.U.,(4,2,4),(0.537978195748075,0.768989097874038,1.),
 .UNSPECIFIED.);
#437=B_SPLINE_CURVE_WITH_KNOTS('',1,(#7578,#7579),.UNSPECIFIED.,.F.,.U.,
(2,2),(0.,1.),.UNSPECIFIED.);
#438=B_SPLINE_CURVE_WITH_KNOTS('',3,(#7581,#7582,#7583,#7584,#7585,#7586),
 .UNSPECIFIED.,.F.,.U.,(4,2,4),(0.,0.5,1.),.UNSPECIFIED.);
#439=B_SPLINE_CURVE_WITH_KNOTS('',1,(#7615,#7616),.UNSPECIFIED.,.F.,.U.,
(2,2),(0.,1.),.UNSPECIFIED.);
#440=B_SPLINE_CURVE_WITH_KNOTS('',3,(#7617,#7618,#7619,#7620,#7621,#7622,
#7623,#7624,#7625,#7626,#7627,#7628),.UNSPECIFIED.,.F.,.U.,(4,2,2,2,2,4),
(0.,0.192627327265223,0.385254654530446,0.577881981795668,0.67419564542828,
0.770509309060891),.UNSPECIFIED.);
#441=B_SPLINE_CURVE_WITH_KNOTS('',1,(#7639,#7640),.UNSPECIFIED.,.F.,.U.,
(2,2),(0.,1.),.UNSPECIFIED.);
#442=B_SPLINE_CURVE_WITH_KNOTS('',1,(#7641,#7642),.UNSPECIFIED.,.F.,.U.,
(2,2),(0.,1.),.UNSPECIFIED.);
#443=B_SPLINE_CURVE_WITH_KNOTS('',3,(#7691,#7692,#7693,#7694),
 .UNSPECIFIED.,.F.,.U.,(4,4),(0.,1.),.UNSPECIFIED.);
#444=B_SPLINE_CURVE_WITH_KNOTS('',1,(#7714,#7715),.UNSPECIFIED.,.F.,.U.,
(2,2),(0.,1.),.UNSPECIFIED.);
#445=B_SPLINE_CURVE_WITH_KNOTS('',3,(#7724,#7725,#7726,#7727),
 .UNSPECIFIED.,.F.,.U.,(4,4),(0.,1.),.UNSPECIFIED.);
#446=B_SPLINE_CURVE_WITH_KNOTS('',3,(#7729,#7730,#7731,#7732),
 .UNSPECIFIED.,.F.,.U.,(4,4),(0.,1.),.UNSPECIFIED.);
#447=B_SPLINE_CURVE_WITH_KNOTS('',1,(#7751,#7752),.UNSPECIFIED.,.F.,.U.,
(2,2),(0.,1.),.UNSPECIFIED.);
#448=B_SPLINE_CURVE_WITH_KNOTS('',1,(#7793,#7794),.UNSPECIFIED.,.F.,.U.,
(2,2),(0.,1.),.UNSPECIFIED.);
#449=B_SPLINE_CURVE_WITH_KNOTS('',1,(#7803,#7804),.UNSPECIFIED.,.F.,.U.,
(2,2),(0.,1.),.UNSPECIFIED.);
#450=B_SPLINE_CURVE_WITH_KNOTS('',1,(#7858,#7859),.UNSPECIFIED.,.F.,.U.,
(2,2),(0.,1.),.UNSPECIFIED.);
#451=B_SPLINE_CURVE_WITH_KNOTS('',1,(#7860,#7861),.UNSPECIFIED.,.F.,.U.,
(2,2),(0.,1.),.UNSPECIFIED.);
#452=B_SPLINE_CURVE_WITH_KNOTS('',1,(#7882,#7883),.UNSPECIFIED.,.F.,.U.,
(2,2),(0.,1.),.UNSPECIFIED.);
#453=B_SPLINE_CURVE_WITH_KNOTS('',1,(#7892,#7893),.UNSPECIFIED.,.F.,.U.,
(2,2),(0.,1.),.UNSPECIFIED.);
#454=B_SPLINE_CURVE_WITH_KNOTS('',1,(#7922,#7923),.UNSPECIFIED.,.F.,.U.,
(2,2),(0.,1.),.UNSPECIFIED.);
#455=B_SPLINE_CURVE_WITH_KNOTS('',1,(#7932,#7933),.UNSPECIFIED.,.F.,.U.,
(2,2),(0.,1.),.UNSPECIFIED.);
#456=B_SPLINE_CURVE_WITH_KNOTS('',3,(#7954,#7955,#7956,#7957,#7958,#7959,
#7960,#7961),.UNSPECIFIED.,.F.,.U.,(4,2,2,4),(0.236370506861634,0.249999998693217,
0.499999999128812,1.),.UNSPECIFIED.);
#457=B_SPLINE_CURVE_WITH_KNOTS('',1,(#7963,#7964),.UNSPECIFIED.,.F.,.U.,
(2,2),(0.,1.),.UNSPECIFIED.);
#458=B_SPLINE_CURVE_WITH_KNOTS('',3,(#7985,#7986,#7987,#7988,#7989,#7990,
#7991,#7992,#7993,#7994),.UNSPECIFIED.,.F.,.U.,(4,2,2,2,4),(0.,0.25,0.375,
0.5,1.),.UNSPECIFIED.);
#459=B_SPLINE_CURVE_WITH_KNOTS('',1,(#7996,#7997),.UNSPECIFIED.,.F.,.U.,
(2,2),(0.,1.),.UNSPECIFIED.);
#460=B_SPLINE_CURVE_WITH_KNOTS('',3,(#8018,#8019,#8020,#8021,#8022,#8023,
#8024,#8025,#8026,#8027),.UNSPECIFIED.,.F.,.U.,(4,2,2,2,4),(0.,0.249999999999996,
0.374999999999994,0.499999999999993,0.985816636490365),.UNSPECIFIED.);
#461=B_SPLINE_CURVE_WITH_KNOTS('',1,(#8028,#8029),.UNSPECIFIED.,.F.,.U.,
(2,2),(0.,1.),.UNSPECIFIED.);
#462=B_SPLINE_CURVE_WITH_KNOTS('',3,(#8038,#8039,#8040,#8041),
 .UNSPECIFIED.,.F.,.U.,(4,4),(0.300377826622875,1.),.UNSPECIFIED.);
#463=B_SPLINE_CURVE_WITH_KNOTS('',1,(#8043,#8044),.UNSPECIFIED.,.F.,.U.,
(2,2),(0.,1.),.UNSPECIFIED.);
#464=B_SPLINE_CURVE_WITH_KNOTS('',3,(#8097,#8098,#8099,#8100,#8101,#8102,
#8103,#8104,#8105,#8106,#8107,#8108,#8109,#8110,#8111,#8112,#8113,#8114,
#8115,#8116,#8117,#8118,#8119,#8120,#8121,#8122),.UNSPECIFIED.,.F.,.U.,
(4,2,2,2,2,2,2,2,2,2,2,2,4),(0.,0.0625,0.09375,0.125,0.25,0.375,0.4375,
0.5,0.625,0.6875,0.71875,0.75,1.),.UNSPECIFIED.);
#465=B_SPLINE_CURVE_WITH_KNOTS('',1,(#8124,#8125),.UNSPECIFIED.,.F.,.U.,
(2,2),(0.,1.),.UNSPECIFIED.);
#466=B_SPLINE_CURVE_WITH_KNOTS('',3,(#8170,#8171,#8172,#8173,#8174,#8175,
#8176,#8177,#8178,#8179,#8180,#8181,#8182,#8183,#8184,#8185,#8186,#8187,
#8188,#8189,#8190,#8191),.UNSPECIFIED.,.F.,.U.,(4,2,2,2,2,2,2,2,2,2,4),
(0.,0.125,0.1875,0.21875,0.25,0.375,0.4375,0.46875,0.5,0.75,1.),
 .UNSPECIFIED.);
#467=B_SPLINE_CURVE_WITH_KNOTS('',1,(#8193,#8194),.UNSPECIFIED.,.F.,.U.,
(2,2),(0.,1.),.UNSPECIFIED.);
#468=B_SPLINE_CURVE_WITH_KNOTS('',3,(#8207,#8208,#8209,#8210,#8211,#8212),
 .UNSPECIFIED.,.F.,.U.,(4,2,4),(0.,0.500000000049176,0.613070661809736),
 .UNSPECIFIED.);
#469=B_SPLINE_CURVE_WITH_KNOTS('',3,(#8213,#8214,#8215,#8216),
 .UNSPECIFIED.,.F.,.U.,(4,4),(0.,1.),.UNSPECIFIED.);
#470=B_SPLINE_CURVE_WITH_KNOTS('',1,(#8218,#8219),.UNSPECIFIED.,.F.,.U.,
(2,2),(0.,1.),.UNSPECIFIED.);
#471=B_SPLINE_CURVE_WITH_KNOTS('',3,(#8264,#8265,#8266,#8267),
 .UNSPECIFIED.,.F.,.U.,(4,4),(0.,1.),.UNSPECIFIED.);
#472=B_SPLINE_CURVE_WITH_KNOTS('',1,(#8269,#8270),.UNSPECIFIED.,.F.,.U.,
(2,2),(0.,1.),.UNSPECIFIED.);
#473=B_SPLINE_CURVE_WITH_KNOTS('',1,(#8279,#8280),.UNSPECIFIED.,.F.,.U.,
(2,2),(0.,1.),.UNSPECIFIED.);
#474=B_SPLINE_CURVE_WITH_KNOTS('',1,(#8338,#8339),.UNSPECIFIED.,.F.,.U.,
(2,2),(0.,1.),.UNSPECIFIED.);
#475=B_SPLINE_CURVE_WITH_KNOTS('',1,(#8341,#8342),.UNSPECIFIED.,.F.,.U.,
(2,2),(0.,1.),.UNSPECIFIED.);
#476=B_SPLINE_CURVE_WITH_KNOTS('',3,(#8344,#8345,#8346,#8347,#8348,#8349,
#8350,#8351,#8352,#8353),.UNSPECIFIED.,.F.,.U.,(4,1,1,2,2,4),(0.,0.249999999999993,
0.37499999999999,0.437499999999988,0.499999999999986,1.),.UNSPECIFIED.);
#477=B_SPLINE_CURVE_WITH_KNOTS('',1,(#8374,#8375),.UNSPECIFIED.,.F.,.U.,
(2,2),(0.,1.),.UNSPECIFIED.);
#478=B_SPLINE_CURVE_WITH_KNOTS('',3,(#8377,#8378,#8379,#8380,#8381,#8382,
#8383,#8384,#8385,#8386,#8387,#8388),.UNSPECIFIED.,.F.,.U.,(4,2,2,2,2,4),
(0.,0.249999999999995,0.49999999999999,0.625000000000004,0.750000000000017,
1.),.UNSPECIFIED.);
#479=B_SPLINE_CURVE_WITH_KNOTS('',1,(#8397,#8398),.UNSPECIFIED.,.F.,.U.,
(2,2),(0.,1.),.UNSPECIFIED.);
#480=B_SPLINE_CURVE_WITH_KNOTS('',3,(#8400,#8401,#8402,#8403),
 .UNSPECIFIED.,.F.,.U.,(4,4),(0.,1.),.UNSPECIFIED.);
#481=B_SPLINE_CURVE_WITH_KNOTS('',1,(#8424,#8425),.UNSPECIFIED.,.F.,.U.,
(2,2),(0.,1.),.UNSPECIFIED.);
#482=B_SPLINE_CURVE_WITH_KNOTS('',3,(#8427,#8428,#8429,#8430,#8431,#8432,
#8433,#8434),.UNSPECIFIED.,.F.,.U.,(4,2,2,4),(0.,0.25,0.499999999999999,
1.),.UNSPECIFIED.);
#483=B_SPLINE_CURVE_WITH_KNOTS('',1,(#8443,#8444),.UNSPECIFIED.,.F.,.U.,
(2,2),(0.,1.),.UNSPECIFIED.);
#484=B_SPLINE_CURVE_WITH_KNOTS('',3,(#8446,#8447,#8448,#8449),
 .UNSPECIFIED.,.F.,.U.,(4,4),(0.,1.),.UNSPECIFIED.);
#485=B_SPLINE_CURVE_WITH_KNOTS('',3,(#8458,#8459,#8460,#8461),
 .UNSPECIFIED.,.F.,.U.,(4,4),(0.,1.),.UNSPECIFIED.);
#486=VECTOR('',#3732,1.);
#487=VECTOR('',#3735,1.);
#488=VECTOR('',#3740,1.);
#489=VECTOR('',#3743,1.);
#490=VECTOR('',#3748,1.);
#491=VECTOR('',#3749,1.);
#492=VECTOR('',#3752,1.);
#493=VECTOR('',#3757,1.);
#494=VECTOR('',#3762,1.);
#495=VECTOR('',#3763,1.);
#496=VECTOR('',#3766,1.);
#497=VECTOR('',#3767,1.);
#498=VECTOR('',#3768,1.);
#499=VECTOR('',#3769,1.);
#500=VECTOR('',#3772,1.);
#501=VECTOR('',#3775,1.);
#502=VECTOR('',#3780,1.);
#503=VECTOR('',#3783,1.);
#504=VECTOR('',#3788,1.);
#505=VECTOR('',#3791,1.);
#506=VECTOR('',#3796,1.);
#507=VECTOR('',#3799,1.);
#508=VECTOR('',#3804,1.);
#509=VECTOR('',#3807,1.);
#510=VECTOR('',#3814,1.);
#511=VECTOR('',#3817,1.);
#512=VECTOR('',#3820,1.);
#513=VECTOR('',#3821,1.);
#514=VECTOR('',#3824,1.);
#515=VECTOR('',#3825,1.);
#516=VECTOR('',#3826,1.);
#517=VECTOR('',#3827,1.);
#518=VECTOR('',#3832,1.);
#519=VECTOR('',#3835,1.);
#520=VECTOR('',#3838,1.);
#521=VECTOR('',#3843,1.);
#522=VECTOR('',#3844,1.);
#523=VECTOR('',#3847,1.);
#524=VECTOR('',#3850,1.);
#525=VECTOR('',#3860,1.);
#526=VECTOR('',#3863,1.);
#527=VECTOR('',#3873,1.);
#528=VECTOR('',#3876,1.);
#529=VECTOR('',#3879,1.);
#530=VECTOR('',#3882,1.);
#531=VECTOR('',#3885,1.);
#532=VECTOR('',#3888,1.);
#533=VECTOR('',#3891,1.);
#534=VECTOR('',#3892,1.);
#535=VECTOR('',#3895,1.);
#536=VECTOR('',#3898,1.);
#537=VECTOR('',#3901,1.);
#538=VECTOR('',#3904,1.);
#539=VECTOR('',#3907,1.);
#540=VECTOR('',#3910,1.);
#541=VECTOR('',#3911,1.);
#542=VECTOR('',#3914,1.);
#543=VECTOR('',#3917,1.);
#544=VECTOR('',#3922,1.);
#545=VECTOR('',#3925,1.);
#546=VECTOR('',#3928,1.);
#547=VECTOR('',#3929,1.);
#548=VECTOR('',#3932,1.);
#549=VECTOR('',#3935,1.);
#550=VECTOR('',#3938,1.);
#551=VECTOR('',#3941,1.);
#552=VECTOR('',#3944,1.);
#553=VECTOR('',#3953,1.);
#554=VECTOR('',#3958,1.);
#555=VECTOR('',#3963,1.);
#556=VECTOR('',#3964,1.);
#557=VECTOR('',#3969,1.);
#558=VECTOR('',#3972,1.);
#559=VECTOR('',#3975,1.);
#560=VECTOR('',#3978,1.);
#561=VECTOR('',#3981,1.);
#562=VECTOR('',#3984,1.);
#563=VECTOR('',#3989,1.);
#564=VECTOR('',#3992,1.);
#565=VECTOR('',#3995,1.);
#566=VECTOR('',#4000,1.);
#567=VECTOR('',#4003,1.);
#568=VECTOR('',#4006,1.);
#569=VECTOR('',#4009,1.);
#570=VECTOR('',#4045,1.);
#571=VECTOR('',#4046,1.);
#572=VECTOR('',#4047,1.);
#573=VECTOR('',#4051,1.);
#574=VECTOR('',#4053,1.);
#575=VECTOR('',#4054,1.);
#576=VECTOR('',#4058,1.);
#577=VECTOR('',#4060,1.);
#578=VECTOR('',#4061,1.);
#579=VECTOR('',#4065,1.);
#580=VECTOR('',#4067,1.);
#581=VECTOR('',#4069,1.);
#582=VECTOR('',#4071,1.);
#583=VECTOR('',#4084,1.);
#584=VECTOR('',#4085,1.);
#585=VECTOR('',#4086,1.);
#586=VECTOR('',#4090,1.);
#587=VECTOR('',#4092,1.);
#588=VECTOR('',#4093,1.);
#589=VECTOR('',#4100,1.);
#590=VECTOR('',#4101,1.);
#591=VECTOR('',#4102,1.);
#592=VECTOR('',#4106,1.);
#593=VECTOR('',#4108,1.);
#594=VECTOR('',#4115,1.);
#595=VECTOR('',#4116,1.);
#596=VECTOR('',#4117,1.);
#597=VECTOR('',#4122,1.);
#598=VECTOR('',#4124,1.);
#599=VECTOR('',#4127,1.);
#600=VECTOR('',#4129,1.);
#601=VECTOR('',#4136,1.);
#602=VECTOR('',#4137,1.);
#603=VECTOR('',#4138,1.);
#604=VECTOR('',#4143,1.);
#605=VECTOR('',#4145,1.);
#606=VECTOR('',#4148,1.);
#607=VECTOR('',#4150,1.);
#608=VECTOR('',#4153,1.);
#609=VECTOR('',#4155,1.);
#610=VECTOR('',#4170,1.);
#611=VECTOR('',#4172,1.);
#612=VECTOR('',#4173,1.);
#613=VECTOR('',#4177,1.);
#614=VECTOR('',#4179,1.);
#615=VECTOR('',#4180,1.);
#616=VECTOR('',#4187,1.);
#617=VECTOR('',#4189,1.);
#618=VECTOR('',#4190,1.);
#619=VECTOR('',#4194,1.);
#620=VECTOR('',#4196,1.);
#621=VECTOR('',#4197,1.);
#622=VECTOR('',#4210,1.);
#623=VECTOR('',#4211,1.);
#624=VECTOR('',#4212,1.);
#625=VECTOR('',#4216,1.);
#626=VECTOR('',#4218,1.);
#627=VECTOR('',#4225,1.);
#628=VECTOR('',#4226,1.);
#629=VECTOR('',#4227,1.);
#630=VECTOR('',#4231,1.);
#631=VECTOR('',#4233,1.);
#632=VECTOR('',#4240,1.);
#633=VECTOR('',#4241,1.);
#634=VECTOR('',#4243,1.);
#635=VECTOR('',#4245,1.);
#636=VECTOR('',#4246,1.);
#637=VECTOR('',#4249,1.);
#638=VECTOR('',#4251,1.);
#639=VECTOR('',#4252,1.);
#640=LINE('',#4283,#486);
#641=LINE('',#4287,#487);
#642=LINE('',#4292,#488);
#643=LINE('',#4296,#489);
#644=LINE('',#4306,#490);
#645=LINE('',#4395,#491);
#646=LINE('',#4478,#492);
#647=LINE('',#4488,#493);
#648=LINE('',#4559,#494);
#649=LINE('',#4567,#495);
#650=LINE('',#4588,#496);
#651=LINE('',#4602,#497);
#652=LINE('',#4609,#498);
#653=LINE('',#4702,#499);
#654=LINE('',#4712,#500);
#655=LINE('',#4724,#501);
#656=LINE('',#4738,#502);
#657=LINE('',#4748,#503);
#658=LINE('',#4762,#504);
#659=LINE('',#4766,#505);
#660=LINE('',#4780,#506);
#661=LINE('',#4793,#507);
#662=LINE('',#4807,#508);
#663=LINE('',#4811,#509);
#664=LINE('',#4818,#510);
#665=LINE('',#4822,#511);
#666=LINE('',#4830,#512);
#667=LINE('',#4838,#513);
#668=LINE('',#4859,#514);
#669=LINE('',#4873,#515);
#670=LINE('',#4880,#516);
#671=LINE('',#4973,#517);
#672=LINE('',#4978,#518);
#673=LINE('',#4982,#519);
#674=LINE('',#4986,#520);
#675=LINE('',#4991,#521);
#676=LINE('',#5013,#522);
#677=LINE('',#5015,#523);
#678=LINE('',#5019,#524);
#679=LINE('',#5027,#525);
#680=LINE('',#5029,#526);
#681=LINE('',#5037,#527);
#682=LINE('',#5042,#528);
#683=LINE('',#5044,#529);
#684=LINE('',#5048,#530);
#685=LINE('',#5052,#531);
#686=LINE('',#5056,#532);
#687=LINE('',#5060,#533);
#688=LINE('',#5086,#534);
#689=LINE('',#5090,#535);
#690=LINE('',#5094,#536);
#691=LINE('',#5098,#537);
#692=LINE('',#5141,#538);
#693=LINE('',#5145,#539);
#694=LINE('',#5205,#540);
#695=LINE('',#5232,#541);
#696=LINE('',#5236,#542);
#697=LINE('',#5240,#543);
#698=LINE('',#5251,#544);
#699=LINE('',#5255,#545);
#700=LINE('',#5259,#546);
#701=LINE('',#5310,#547);
#702=LINE('',#5314,#548);
#703=LINE('',#5318,#549);
#704=LINE('',#5322,#550);
#705=LINE('',#5325,#551);
#706=LINE('',#5330,#552);
#707=LINE('',#5337,#553);
#708=LINE('',#5342,#554);
#709=LINE('',#5372,#555);
#710=LINE('',#5447,#556);
#711=LINE('',#5527,#557);
#712=LINE('',#5610,#558);
#713=LINE('',#5619,#559);
#714=LINE('',#5628,#560);
#715=LINE('',#5637,#561);
#716=LINE('',#5646,#562);
#717=LINE('',#5656,#563);
#718=LINE('',#5669,#564);
#719=LINE('',#5679,#565);
#720=LINE('',#5684,#566);
#721=LINE('',#5701,#567);
#722=LINE('',#5779,#568);
#723=LINE('',#5783,#569);
#724=LINE('',#5922,#570);
#725=LINE('',#5924,#571);
#726=LINE('',#5926,#572);
#727=LINE('',#5930,#573);
#728=LINE('',#5932,#574);
#729=LINE('',#5934,#575);
#730=LINE('',#5938,#576);
#731=LINE('',#5940,#577);
#732=LINE('',#5942,#578);
#733=LINE('',#5945,#579);
#734=LINE('',#5947,#580);
#735=LINE('',#5949,#581);
#736=LINE('',#5951,#582);
#737=LINE('',#6407,#583);
#738=LINE('',#6409,#584);
#739=LINE('',#6411,#585);
#740=LINE('',#6415,#586);
#741=LINE('',#6417,#587);
#742=LINE('',#6419,#588);
#743=LINE('',#6424,#589);
#744=LINE('',#6426,#590);
#745=LINE('',#6428,#591);
#746=LINE('',#6431,#592);
#747=LINE('',#6433,#593);
#748=LINE('',#6438,#594);
#749=LINE('',#6440,#595);
#750=LINE('',#6442,#596);
#751=LINE('',#6593,#597);
#752=LINE('',#6595,#598);
#753=LINE('',#6719,#599);
#754=LINE('',#6721,#600);
#755=LINE('',#6726,#601);
#756=LINE('',#6728,#602);
#757=LINE('',#6730,#603);
#758=LINE('',#6988,#604);
#759=LINE('',#6990,#605);
#760=LINE('',#7092,#606);
#761=LINE('',#7094,#607);
#762=LINE('',#7174,#608);
#763=LINE('',#7176,#609);
#764=LINE('',#7698,#610);
#765=LINE('',#7700,#611);
#766=LINE('',#7702,#612);
#767=LINE('',#7706,#613);
#768=LINE('',#7708,#614);
#769=LINE('',#7710,#615);
#770=LINE('',#7736,#616);
#771=LINE('',#7738,#617);
#772=LINE('',#7740,#618);
#773=LINE('',#7744,#619);
#774=LINE('',#7746,#620);
#775=LINE('',#7748,#621);
#776=LINE('',#8464,#622);
#777=LINE('',#8466,#623);
#778=LINE('',#8468,#624);
#779=LINE('',#8471,#625);
#780=LINE('',#8473,#626);
#781=LINE('',#8478,#627);
#782=LINE('',#8480,#628);
#783=LINE('',#8482,#629);
#784=LINE('',#8485,#630);
#785=LINE('',#8487,#631);
#786=LINE('',#8492,#632);
#787=LINE('',#8494,#633);
#788=LINE('',#8496,#634);
#789=LINE('',#8498,#635);
#790=LINE('',#8499,#636);
#791=LINE('',#8502,#637);
#792=LINE('',#8504,#638);
#793=LINE('',#8505,#639);
#794=CYLINDRICAL_SURFACE('',#3475,0.49);
#795=CYLINDRICAL_SURFACE('',#3478,0.49);
#796=CYLINDRICAL_SURFACE('',#3481,0.49);
#797=CYLINDRICAL_SURFACE('',#3483,0.49);
#798=CYLINDRICAL_SURFACE('',#3484,0.49);
#799=CYLINDRICAL_SURFACE('',#3487,0.51);
#800=CYLINDRICAL_SURFACE('',#3488,0.49);
#801=CYLINDRICAL_SURFACE('',#3489,0.49);
#802=CYLINDRICAL_SURFACE('',#3492,0.49);
#803=CYLINDRICAL_SURFACE('',#3495,0.49);
#804=CYLINDRICAL_SURFACE('',#3498,0.49);
#805=CYLINDRICAL_SURFACE('',#3501,0.49);
#806=CYLINDRICAL_SURFACE('',#3504,0.49);
#807=CYLINDRICAL_SURFACE('',#3507,0.51);
#808=CYLINDRICAL_SURFACE('',#3508,0.49);
#809=CYLINDRICAL_SURFACE('',#3509,0.49);
#810=CYLINDRICAL_SURFACE('',#3513,0.32);
#811=CYLINDRICAL_SURFACE('',#3515,0.51);
#812=CYLINDRICAL_SURFACE('',#3521,0.51);
#813=CYLINDRICAL_SURFACE('',#3527,0.51);
#814=CYLINDRICAL_SURFACE('',#3552,0.51);
#815=CYLINDRICAL_SURFACE('',#3576,0.51);
#816=CYLINDRICAL_SURFACE('',#3577,0.51);
#817=CYLINDRICAL_SURFACE('',#3578,0.51);
#818=CYLINDRICAL_SURFACE('',#3586,0.51);
#819=CYLINDRICAL_SURFACE('',#3588,0.51);
#820=CYLINDRICAL_SURFACE('',#3590,0.51);
#821=CYLINDRICAL_SURFACE('',#3594,0.32);
#822=CYLINDRICAL_SURFACE('',#3607,0.49);
#823=CYLINDRICAL_SURFACE('',#3611,0.49);
#824=CYLINDRICAL_SURFACE('',#3613,0.51);
#825=CYLINDRICAL_SURFACE('',#3618,0.49);
#826=CYLINDRICAL_SURFACE('',#3625,0.49);
#827=CYLINDRICAL_SURFACE('',#3636,0.49);
#828=CYLINDRICAL_SURFACE('',#3650,0.49);
#829=CYLINDRICAL_SURFACE('',#3654,0.49);
#830=CYLINDRICAL_SURFACE('',#3656,0.51);
#831=CYLINDRICAL_SURFACE('',#3673,0.49);
#832=CYLINDRICAL_SURFACE('',#3676,0.49);
#833=CYLINDRICAL_SURFACE('',#3677,0.51);
#834=CYLINDRICAL_SURFACE('',#3682,0.49);
#835=CYLINDRICAL_SURFACE('',#3689,0.49);
#836=VERTEX_POINT('',#4257);
#837=VERTEX_POINT('',#4258);
#838=VERTEX_POINT('',#4260);
#839=VERTEX_POINT('',#4262);
#840=VERTEX_POINT('',#4266);
#841=VERTEX_POINT('',#4267);
#842=VERTEX_POINT('',#4269);
#843=VERTEX_POINT('',#4271);
#844=VERTEX_POINT('',#4281);
#845=VERTEX_POINT('',#4282);
#846=VERTEX_POINT('',#4284);
#847=VERTEX_POINT('',#4286);
#848=VERTEX_POINT('',#4290);
#849=VERTEX_POINT('',#4291);
#850=VERTEX_POINT('',#4293);
#851=VERTEX_POINT('',#4295);
#852=VERTEX_POINT('',#4299);
#853=VERTEX_POINT('',#4300);
#854=VERTEX_POINT('',#4305);
#855=VERTEX_POINT('',#4307);
#856=VERTEX_POINT('',#4308);
#857=VERTEX_POINT('',#4315);
#858=VERTEX_POINT('',#4320);
#859=VERTEX_POINT('',#4335);
#860=VERTEX_POINT('',#4340);
#861=VERTEX_POINT('',#4351);
#862=VERTEX_POINT('',#4374);
#863=VERTEX_POINT('',#4389);
#864=VERTEX_POINT('',#4394);
#865=VERTEX_POINT('',#4396);
#866=VERTEX_POINT('',#4429);
#867=VERTEX_POINT('',#4430);
#868=VERTEX_POINT('',#4445);
#869=VERTEX_POINT('',#4450);
#870=VERTEX_POINT('',#4455);
#871=VERTEX_POINT('',#4466);
#872=VERTEX_POINT('',#4476);
#873=VERTEX_POINT('',#4477);
#874=VERTEX_POINT('',#4479);
#875=VERTEX_POINT('',#4486);
#876=VERTEX_POINT('',#4487);
#877=VERTEX_POINT('',#4489);
#878=VERTEX_POINT('',#4491);
#879=VERTEX_POINT('',#4516);
#880=VERTEX_POINT('',#4521);
#881=VERTEX_POINT('',#4526);
#882=VERTEX_POINT('',#4531);
#883=VERTEX_POINT('',#4557);
#884=VERTEX_POINT('',#4558);
#885=VERTEX_POINT('',#4560);
#886=VERTEX_POINT('',#4561);
#887=VERTEX_POINT('',#4566);
#888=VERTEX_POINT('',#4573);
#889=VERTEX_POINT('',#4574);
#890=VERTEX_POINT('',#4587);
#891=VERTEX_POINT('',#4589);
#892=VERTEX_POINT('',#4590);
#893=VERTEX_POINT('',#4601);
#894=VERTEX_POINT('',#4603);
#895=VERTEX_POINT('',#4608);
#896=VERTEX_POINT('',#4610);
#897=VERTEX_POINT('',#4611);
#898=VERTEX_POINT('',#4622);
#899=VERTEX_POINT('',#4645);
#900=VERTEX_POINT('',#4652);
#901=VERTEX_POINT('',#4657);
#902=VERTEX_POINT('',#4678);
#903=VERTEX_POINT('',#4701);
#904=VERTEX_POINT('',#4710);
#905=VERTEX_POINT('',#4711);
#906=VERTEX_POINT('',#4713);
#907=VERTEX_POINT('',#4714);
#908=VERTEX_POINT('',#4721);
#909=VERTEX_POINT('',#4723);
#910=VERTEX_POINT('',#4725);
#911=VERTEX_POINT('',#4736);
#912=VERTEX_POINT('',#4737);
#913=VERTEX_POINT('',#4739);
#914=VERTEX_POINT('',#4740);
#915=VERTEX_POINT('',#4745);
#916=VERTEX_POINT('',#4747);
#917=VERTEX_POINT('',#4749);
#918=VERTEX_POINT('',#4760);
#919=VERTEX_POINT('',#4761);
#920=VERTEX_POINT('',#4763);
#921=VERTEX_POINT('',#4765);
#922=VERTEX_POINT('',#4767);
#923=VERTEX_POINT('',#4778);
#924=VERTEX_POINT('',#4779);
#925=VERTEX_POINT('',#4781);
#926=VERTEX_POINT('',#4790);
#927=VERTEX_POINT('',#4792);
#928=VERTEX_POINT('',#4794);
#929=VERTEX_POINT('',#4805);
#930=VERTEX_POINT('',#4806);
#931=VERTEX_POINT('',#4808);
#932=VERTEX_POINT('',#4810);
#933=VERTEX_POINT('',#4812);
#934=VERTEX_POINT('',#4816);
#935=VERTEX_POINT('',#4817);
#936=VERTEX_POINT('',#4819);
#937=VERTEX_POINT('',#4821);
#938=VERTEX_POINT('',#4828);
#939=VERTEX_POINT('',#4829);
#940=VERTEX_POINT('',#4831);
#941=VERTEX_POINT('',#4832);
#942=VERTEX_POINT('',#4837);
#943=VERTEX_POINT('',#4844);
#944=VERTEX_POINT('',#4845);
#945=VERTEX_POINT('',#4858);
#946=VERTEX_POINT('',#4860);
#947=VERTEX_POINT('',#4861);
#948=VERTEX_POINT('',#4872);
#949=VERTEX_POINT('',#4874);
#950=VERTEX_POINT('',#4879);
#951=VERTEX_POINT('',#4881);
#952=VERTEX_POINT('',#4882);
#953=VERTEX_POINT('',#4893);
#954=VERTEX_POINT('',#4916);
#955=VERTEX_POINT('',#4923);
#956=VERTEX_POINT('',#4928);
#957=VERTEX_POINT('',#4949);
#958=VERTEX_POINT('',#4972);
#959=VERTEX_POINT('',#4976);
#960=VERTEX_POINT('',#4977);
#961=VERTEX_POINT('',#4979);
#962=VERTEX_POINT('',#4981);
#963=VERTEX_POINT('',#4983);
#964=VERTEX_POINT('',#4985);
#965=VERTEX_POINT('',#4989);
#966=VERTEX_POINT('',#4990);
#967=VERTEX_POINT('',#4992);
#968=VERTEX_POINT('',#4997);
#969=VERTEX_POINT('',#5002);
#970=VERTEX_POINT('',#5007);
#971=VERTEX_POINT('',#5012);
#972=VERTEX_POINT('',#5016);
#973=VERTEX_POINT('',#5018);
#974=VERTEX_POINT('',#5022);
#975=VERTEX_POINT('',#5024);
#976=VERTEX_POINT('',#5032);
#977=VERTEX_POINT('',#5034);
#978=VERTEX_POINT('',#5038);
#979=VERTEX_POINT('',#5039);
#980=VERTEX_POINT('',#5041);
#981=VERTEX_POINT('',#5045);
#982=VERTEX_POINT('',#5047);
#983=VERTEX_POINT('',#5049);
#984=VERTEX_POINT('',#5051);
#985=VERTEX_POINT('',#5053);
#986=VERTEX_POINT('',#5055);
#987=VERTEX_POINT('',#5057);
#988=VERTEX_POINT('',#5059);
#989=VERTEX_POINT('',#5061);
#990=VERTEX_POINT('',#5072);
#991=VERTEX_POINT('',#5085);
#992=VERTEX_POINT('',#5087);
#993=VERTEX_POINT('',#5089);
#994=VERTEX_POINT('',#5091);
#995=VERTEX_POINT('',#5093);
#996=VERTEX_POINT('',#5095);
#997=VERTEX_POINT('',#5097);
#998=VERTEX_POINT('',#5099);
#999=VERTEX_POINT('',#5101);
#1000=VERTEX_POINT('',#5117);
#1001=VERTEX_POINT('',#5132);
#1002=VERTEX_POINT('',#5140);
#1003=VERTEX_POINT('',#5142);
#1004=VERTEX_POINT('',#5144);
#1005=VERTEX_POINT('',#5146);
#1006=VERTEX_POINT('',#5148);
#1007=VERTEX_POINT('',#5159);
#1008=VERTEX_POINT('',#5175);
#1009=VERTEX_POINT('',#5186);
#1010=VERTEX_POINT('',#5204);
#1011=VERTEX_POINT('',#5206);
#1012=VERTEX_POINT('',#5207);
#1013=VERTEX_POINT('',#5218);
#1014=VERTEX_POINT('',#5231);
#1015=VERTEX_POINT('',#5233);
#1016=VERTEX_POINT('',#5235);
#1017=VERTEX_POINT('',#5237);
#1018=VERTEX_POINT('',#5239);
#1019=VERTEX_POINT('',#5241);
#1020=VERTEX_POINT('',#5243);
#1021=VERTEX_POINT('',#5248);
#1022=VERTEX_POINT('',#5250);
#1023=VERTEX_POINT('',#5252);
#1024=VERTEX_POINT('',#5254);
#1025=VERTEX_POINT('',#5256);
#1026=VERTEX_POINT('',#5258);
#1027=VERTEX_POINT('',#5260);
#1028=VERTEX_POINT('',#5265);
#1029=VERTEX_POINT('',#5286);
#1030=VERTEX_POINT('',#5302);
#1031=VERTEX_POINT('',#5309);
#1032=VERTEX_POINT('',#5311);
#1033=VERTEX_POINT('',#5313);
#1034=VERTEX_POINT('',#5315);
#1035=VERTEX_POINT('',#5317);
#1036=VERTEX_POINT('',#5319);
#1037=VERTEX_POINT('',#5321);
#1038=VERTEX_POINT('',#5323);
#1039=VERTEX_POINT('',#5326);
#1040=VERTEX_POINT('',#5327);
#1041=VERTEX_POINT('',#5329);
#1042=VERTEX_POINT('',#5331);
#1043=VERTEX_POINT('',#5336);
#1044=VERTEX_POINT('',#5338);
#1045=VERTEX_POINT('',#5341);
#1046=VERTEX_POINT('',#5343);
#1047=VERTEX_POINT('',#5351);
#1048=VERTEX_POINT('',#5353);
#1049=VERTEX_POINT('',#5371);
#1050=VERTEX_POINT('',#5373);
#1051=VERTEX_POINT('',#5378);
#1052=VERTEX_POINT('',#5391);
#1053=VERTEX_POINT('',#5407);
#1054=VERTEX_POINT('',#5418);
#1055=VERTEX_POINT('',#5423);
#1056=VERTEX_POINT('',#5434);
#1057=VERTEX_POINT('',#5439);
#1058=VERTEX_POINT('',#5446);
#1059=VERTEX_POINT('',#5448);
#1060=VERTEX_POINT('',#5449);
#1061=VERTEX_POINT('',#5454);
#1062=VERTEX_POINT('',#5460);
#1063=VERTEX_POINT('',#5476);
#1064=VERTEX_POINT('',#5481);
#1065=VERTEX_POINT('',#5486);
#1066=VERTEX_POINT('',#5491);
#1067=VERTEX_POINT('',#5511);
#1068=VERTEX_POINT('',#5521);
#1069=VERTEX_POINT('',#5526);
#1070=VERTEX_POINT('',#5528);
#1071=VERTEX_POINT('',#5545);
#1072=VERTEX_POINT('',#5561);
#1073=VERTEX_POINT('',#5566);
#1074=VERTEX_POINT('',#5573);
#1075=VERTEX_POINT('',#5594);
#1076=VERTEX_POINT('',#5607);
#1077=VERTEX_POINT('',#5609);
#1078=VERTEX_POINT('',#5611);
#1079=VERTEX_POINT('',#5613);
#1080=VERTEX_POINT('',#5618);
#1081=VERTEX_POINT('',#5620);
#1082=VERTEX_POINT('',#5625);
#1083=VERTEX_POINT('',#5627);
#1084=VERTEX_POINT('',#5629);
#1085=VERTEX_POINT('',#5631);
#1086=VERTEX_POINT('',#5636);
#1087=VERTEX_POINT('',#5638);
#1088=VERTEX_POINT('',#5643);
#1089=VERTEX_POINT('',#5645);
#1090=VERTEX_POINT('',#5647);
#1091=VERTEX_POINT('',#5653);
#1092=VERTEX_POINT('',#5655);
#1093=VERTEX_POINT('',#5657);
#1094=VERTEX_POINT('',#5659);
#1095=VERTEX_POINT('',#5668);
#1096=VERTEX_POINT('',#5670);
#1097=VERTEX_POINT('',#5671);
#1098=VERTEX_POINT('',#5676);
#1099=VERTEX_POINT('',#5678);
#1100=VERTEX_POINT('',#5680);
#1101=VERTEX_POINT('',#5683);
#1102=VERTEX_POINT('',#5685);
#1103=VERTEX_POINT('',#5695);
#1104=VERTEX_POINT('',#5700);
#1105=VERTEX_POINT('',#5702);
#1106=VERTEX_POINT('',#5719);
#1107=VERTEX_POINT('',#5735);
#1108=VERTEX_POINT('',#5740);
#1109=VERTEX_POINT('',#5747);
#1110=VERTEX_POINT('',#5768);
#1111=VERTEX_POINT('',#5778);
#1112=VERTEX_POINT('',#5780);
#1113=VERTEX_POINT('',#5782);
#1114=VERTEX_POINT('',#5784);
#1115=VERTEX_POINT('',#5797);
#1116=VERTEX_POINT('',#5802);
#1117=VERTEX_POINT('',#5825);
#1118=VERTEX_POINT('',#5848);
#1119=VERTEX_POINT('',#5863);
#1120=VERTEX_POINT('',#5864);
#1121=VERTEX_POINT('',#5881);
#1122=VERTEX_POINT('',#5906);
#1123=VERTEX_POINT('',#5911);
#1124=VERTEX_POINT('',#5916);
#1125=VERTEX_POINT('',#5923);
#1126=VERTEX_POINT('',#5925);
#1127=VERTEX_POINT('',#5929);
#1128=VERTEX_POINT('',#5933);
#1129=VERTEX_POINT('',#5937);
#1130=VERTEX_POINT('',#5941);
#1131=VERTEX_POINT('',#6089);
#1132=VERTEX_POINT('',#6272);
#1133=VERTEX_POINT('',#6287);
#1134=VERTEX_POINT('',#6330);
#1135=VERTEX_POINT('',#6355);
#1136=VERTEX_POINT('',#6408);
#1137=VERTEX_POINT('',#6410);
#1138=VERTEX_POINT('',#6414);
#1139=VERTEX_POINT('',#6418);
#1140=VERTEX_POINT('',#6425);
#1141=VERTEX_POINT('',#6427);
#1142=VERTEX_POINT('',#6439);
#1143=VERTEX_POINT('',#6441);
#1144=VERTEX_POINT('',#6445);
#1145=VERTEX_POINT('',#6508);
#1146=VERTEX_POINT('',#6553);
#1147=VERTEX_POINT('',#6655);
#1148=VERTEX_POINT('',#6727);
#1149=VERTEX_POINT('',#6729);
#1150=VERTEX_POINT('',#6733);
#1151=VERTEX_POINT('',#6784);
#1152=VERTEX_POINT('',#6847);
#1153=VERTEX_POINT('',#6898);
#1154=VERTEX_POINT('',#7040);
#1155=VERTEX_POINT('',#7122);
#1156=VERTEX_POINT('',#7314);
#1157=VERTEX_POINT('',#7497);
#1158=VERTEX_POINT('',#7512);
#1159=VERTEX_POINT('',#7555);
#1160=VERTEX_POINT('',#7580);
#1161=VERTEX_POINT('',#7697);
#1162=VERTEX_POINT('',#7701);
#1163=VERTEX_POINT('',#7705);
#1164=VERTEX_POINT('',#7709);
#1165=VERTEX_POINT('',#7713);
#1166=VERTEX_POINT('',#7728);
#1167=VERTEX_POINT('',#7735);
#1168=VERTEX_POINT('',#7739);
#1169=VERTEX_POINT('',#7743);
#1170=VERTEX_POINT('',#7747);
#1171=VERTEX_POINT('',#7962);
#1172=VERTEX_POINT('',#7995);
#1173=VERTEX_POINT('',#8042);
#1174=VERTEX_POINT('',#8123);
#1175=VERTEX_POINT('',#8192);
#1176=VERTEX_POINT('',#8340);
#1177=VERTEX_POINT('',#8343);
#1178=VERTEX_POINT('',#8376);
#1179=VERTEX_POINT('',#8399);
#1180=VERTEX_POINT('',#8426);
#1181=VERTEX_POINT('',#8445);
#1182=VERTEX_POINT('',#8465);
#1183=VERTEX_POINT('',#8467);
#1184=VERTEX_POINT('',#8479);
#1185=VERTEX_POINT('',#8481);
#1186=VERTEX_POINT('',#8493);
#1187=CIRCLE('',#3460,0.1);
#1188=CIRCLE('',#3461,0.454999999999997);
#1189=CIRCLE('',#3462,0.1);
#1190=CIRCLE('',#3463,0.51);
#1191=CIRCLE('',#3465,0.1);
#1192=CIRCLE('',#3466,0.454999999999997);
#1193=CIRCLE('',#3467,0.1);
#1194=CIRCLE('',#3468,0.51);
#1195=CIRCLE('',#3470,0.454999999999997);
#1196=CIRCLE('',#3471,0.51);
#1197=CIRCLE('',#3473,0.454999999999997);
#1198=CIRCLE('',#3474,0.51);
#1199=CIRCLE('',#3476,0.49);
#1200=CIRCLE('',#3477,0.49);
#1201=CIRCLE('',#3479,0.49);
#1202=CIRCLE('',#3480,0.49);
#1203=CIRCLE('',#3482,0.49);
#1204=CIRCLE('',#3485,0.49);
#1205=CIRCLE('',#3486,0.49);
#1206=CIRCLE('',#3490,0.49);
#1207=CIRCLE('',#3491,0.49);
#1208=CIRCLE('',#3493,0.49);
#1209=CIRCLE('',#3494,0.49);
#1210=CIRCLE('',#3496,0.49);
#1211=CIRCLE('',#3497,0.49);
#1212=CIRCLE('',#3499,0.49);
#1213=CIRCLE('',#3500,0.49);
#1214=CIRCLE('',#3502,0.49);
#1215=CIRCLE('',#3503,0.49);
#1216=CIRCLE('',#3505,0.49);
#1217=CIRCLE('',#3506,0.49);
#1218=CIRCLE('',#3510,0.49);
#1219=CIRCLE('',#3511,0.49);
#1220=CIRCLE('',#3512,0.49);
#1221=CIRCLE('',#3514,0.32);
#1222=CIRCLE('',#3516,0.51);
#1223=CIRCLE('',#3518,0.1);
#1224=CIRCLE('',#3519,0.51);
#1225=CIRCLE('',#3520,0.1);
#1226=CIRCLE('',#3522,0.51);
#1227=CIRCLE('',#3524,0.1);
#1228=CIRCLE('',#3525,0.51);
#1229=CIRCLE('',#3526,0.1);
#1230=CIRCLE('',#3528,0.510000000000001);
#1231=CIRCLE('',#3529,0.51);
#1232=CIRCLE('',#3530,0.51);
#1233=CIRCLE('',#3531,0.51);
#1234=CIRCLE('',#3532,0.51);
#1235=CIRCLE('',#3533,0.510000000000001);
#1236=CIRCLE('',#3534,0.51);
#1237=CIRCLE('',#3535,0.51);
#1238=CIRCLE('',#3536,0.51);
#1239=CIRCLE('',#3537,0.51);
#1240=CIRCLE('',#3538,0.51);
#1241=CIRCLE('',#3539,0.51);
#1242=CIRCLE('',#3540,0.510000000000001);
#1243=CIRCLE('',#3541,0.51);
#1244=CIRCLE('',#3542,0.51);
#1245=CIRCLE('',#3543,0.51);
#1246=CIRCLE('',#3544,0.51);
#1247=CIRCLE('',#3545,0.510000000000001);
#1248=CIRCLE('',#3546,0.51);
#1249=CIRCLE('',#3547,0.51);
#1250=CIRCLE('',#3548,0.51);
#1251=CIRCLE('',#3549,0.51);
#1252=CIRCLE('',#3550,0.51);
#1253=CIRCLE('',#3551,0.51);
#1254=CIRCLE('',#3553,0.510000000000001);
#1255=CIRCLE('',#3554,0.51);
#1256=CIRCLE('',#3555,0.51);
#1257=CIRCLE('',#3556,0.51);
#1258=CIRCLE('',#3557,0.51);
#1259=CIRCLE('',#3558,0.51);
#1260=CIRCLE('',#3559,0.510000000000001);
#1261=CIRCLE('',#3560,0.510000000000001);
#1262=CIRCLE('',#3561,0.51);
#1263=CIRCLE('',#3562,0.51);
#1264=CIRCLE('',#3563,0.51);
#1265=CIRCLE('',#3564,0.51);
#1266=CIRCLE('',#3565,0.51);
#1267=CIRCLE('',#3566,0.51);
#1268=CIRCLE('',#3567,0.51);
#1269=CIRCLE('',#3568,0.51);
#1270=CIRCLE('',#3569,0.51);
#1271=CIRCLE('',#3570,0.51);
#1272=CIRCLE('',#3571,0.51);
#1273=CIRCLE('',#3572,0.51);
#1274=CIRCLE('',#3573,0.510000000000001);
#1275=CIRCLE('',#3574,0.51);
#1276=CIRCLE('',#3575,0.51);
#1277=CIRCLE('',#3580,0.21);
#1278=CIRCLE('',#3581,0.300000000000001);
#1279=CIRCLE('',#3582,0.300000000000002);
#1280=CIRCLE('',#3584,0.21);
#1281=CIRCLE('',#3591,0.51);
#1282=CIRCLE('',#3593,0.32);
#1283=CIRCLE('',#3597,0.49);
#1284=CIRCLE('',#3600,0.49);
#1285=CIRCLE('',#3603,0.49);
#1286=CIRCLE('',#3608,0.49);
#1287=CIRCLE('',#3616,0.49);
#1288=CIRCLE('',#3619,0.49);
#1289=CIRCLE('',#3623,0.49);
#1290=CIRCLE('',#3626,0.49);
#1291=CIRCLE('',#3630,0.49);
#1292=CIRCLE('',#3637,0.49);
#1293=CIRCLE('',#3641,0.49);
#1294=CIRCLE('',#3651,0.49);
#1295=CIRCLE('',#3658,0.49);
#1296=CIRCLE('',#3661,0.49);
#1297=CIRCLE('',#3664,0.49);
#1298=CIRCLE('',#3666,0.49);
#1299=CIRCLE('',#3669,0.49);
#1300=CIRCLE('',#3672,0.49);
#1301=CIRCLE('',#3680,0.49);
#1302=CIRCLE('',#3683,0.49);
#1303=CIRCLE('',#3687,0.49);
#1304=CIRCLE('',#3690,0.49);
#1305=EDGE_CURVE('',#836,#837,#1187,.T.);
#1306=EDGE_CURVE('',#837,#838,#1188,.T.);
#1307=EDGE_CURVE('',#839,#838,#1189,.T.);
#1308=EDGE_CURVE('',#836,#839,#1190,.T.);
#1309=EDGE_CURVE('',#840,#841,#1191,.T.);
#1310=EDGE_CURVE('',#841,#842,#1192,.T.);
#1311=EDGE_CURVE('',#843,#842,#1193,.T.);
#1312=EDGE_CURVE('',#840,#843,#1194,.T.);
#1313=EDGE_CURVE('',#842,#841,#1195,.T.);
#1314=EDGE_CURVE('',#843,#840,#1196,.T.);
#1315=EDGE_CURVE('',#838,#837,#1197,.T.);
#1316=EDGE_CURVE('',#839,#836,#1198,.T.);
#1317=EDGE_CURVE('',#844,#845,#1199,.T.);
#1318=EDGE_CURVE('',#845,#846,#640,.T.);
#1319=EDGE_CURVE('',#847,#846,#1200,.T.);
#1320=EDGE_CURVE('',#844,#847,#641,.T.);
#1321=EDGE_CURVE('',#848,#849,#1201,.T.);
#1322=EDGE_CURVE('',#849,#850,#642,.T.);
#1323=EDGE_CURVE('',#851,#850,#1202,.T.);
#1324=EDGE_CURVE('',#848,#851,#643,.T.);
#1325=EDGE_CURVE('',#852,#853,#1203,.T.);
#1326=EDGE_CURVE('',#854,#853,#247,.T.);
#1327=EDGE_CURVE('',#854,#855,#644,.T.);
#1328=EDGE_CURVE('',#855,#856,#644,.T.);
#1329=EDGE_CURVE('',#857,#856,#248,.T.);
#1330=EDGE_CURVE('',#858,#857,#249,.T.);
#1331=EDGE_CURVE('',#859,#858,#250,.T.);
#1332=EDGE_CURVE('',#860,#859,#251,.T.);
#1333=EDGE_CURVE('',#861,#860,#252,.T.);
#1334=EDGE_CURVE('',#862,#861,#253,.T.);
#1335=EDGE_CURVE('',#863,#862,#254,.T.);
#1336=EDGE_CURVE('',#864,#863,#255,.T.);
#1337=EDGE_CURVE('',#865,#864,#645,.T.);
#1338=EDGE_CURVE('',#852,#865,#256,.T.);
#1339=EDGE_CURVE('',#866,#867,#257,.T.);
#1340=EDGE_CURVE('',#868,#866,#258,.T.);
#1341=EDGE_CURVE('',#869,#868,#259,.T.);
#1342=EDGE_CURVE('',#870,#869,#260,.T.);
#1343=EDGE_CURVE('',#871,#870,#261,.T.);
#1344=EDGE_CURVE('',#867,#871,#262,.T.);
#1345=EDGE_CURVE('',#872,#873,#263,.T.);
#1346=EDGE_CURVE('',#872,#874,#646,.T.);
#1347=EDGE_CURVE('',#873,#874,#264,.T.);
#1348=EDGE_CURVE('',#875,#876,#1204,.T.);
#1349=EDGE_CURVE('',#876,#877,#647,.T.);
#1350=EDGE_CURVE('',#878,#877,#1205,.T.);
#1351=EDGE_CURVE('',#879,#878,#265,.T.);
#1352=EDGE_CURVE('',#880,#879,#266,.T.);
#1353=EDGE_CURVE('',#881,#880,#267,.T.);
#1354=EDGE_CURVE('',#882,#881,#268,.T.);
#1355=EDGE_CURVE('',#875,#882,#269,.T.);
#1356=EDGE_CURVE('',#883,#884,#270,.T.);
#1357=EDGE_CURVE('',#884,#885,#648,.T.);
#1358=EDGE_CURVE('',#885,#886,#648,.T.);
#1359=EDGE_CURVE('',#886,#887,#271,.T.);
#1360=EDGE_CURVE('',#887,#883,#649,.T.);
#1361=EDGE_CURVE('',#888,#889,#272,.T.);
#1362=EDGE_CURVE('',#890,#888,#273,.T.);
#1363=EDGE_CURVE('',#890,#891,#650,.T.);
#1364=EDGE_CURVE('',#891,#892,#650,.T.);
#1365=EDGE_CURVE('',#893,#892,#274,.T.);
#1366=EDGE_CURVE('',#894,#893,#651,.T.);
#1367=EDGE_CURVE('',#895,#894,#275,.T.);
#1368=EDGE_CURVE('',#895,#896,#652,.T.);
#1369=EDGE_CURVE('',#896,#897,#652,.T.);
#1370=EDGE_CURVE('',#898,#897,#276,.T.);
#1371=EDGE_CURVE('',#899,#898,#277,.T.);
#1372=EDGE_CURVE('',#900,#899,#278,.T.);
#1373=EDGE_CURVE('',#901,#900,#279,.T.);
#1374=EDGE_CURVE('',#902,#901,#280,.T.);
#1375=EDGE_CURVE('',#903,#902,#281,.T.);
#1376=EDGE_CURVE('',#889,#903,#653,.T.);
#1377=EDGE_CURVE('',#904,#905,#282,.T.);
#1378=EDGE_CURVE('',#904,#906,#654,.T.);
#1379=EDGE_CURVE('',#906,#907,#654,.T.);
#1380=EDGE_CURVE('',#908,#907,#283,.T.);
#1381=EDGE_CURVE('',#909,#908,#1206,.T.);
#1382=EDGE_CURVE('',#910,#909,#655,.T.);
#1383=EDGE_CURVE('',#910,#905,#1207,.T.);
#1384=EDGE_CURVE('',#911,#912,#284,.T.);
#1385=EDGE_CURVE('',#911,#913,#656,.T.);
#1386=EDGE_CURVE('',#913,#914,#656,.T.);
#1387=EDGE_CURVE('',#915,#914,#285,.T.);
#1388=EDGE_CURVE('',#916,#915,#1208,.T.);
#1389=EDGE_CURVE('',#917,#916,#657,.T.);
#1390=EDGE_CURVE('',#917,#912,#1209,.T.);
#1391=EDGE_CURVE('',#918,#919,#286,.T.);
#1392=EDGE_CURVE('',#918,#920,#658,.T.);
#1393=EDGE_CURVE('',#921,#920,#1210,.T.);
#1394=EDGE_CURVE('',#922,#921,#659,.T.);
#1395=EDGE_CURVE('',#922,#919,#1211,.T.);
#1396=EDGE_CURVE('',#923,#924,#287,.T.);
#1397=EDGE_CURVE('',#923,#925,#660,.T.);
#1398=EDGE_CURVE('',#926,#925,#288,.T.);
#1399=EDGE_CURVE('',#927,#926,#1212,.T.);
#1400=EDGE_CURVE('',#928,#927,#661,.T.);
#1401=EDGE_CURVE('',#928,#924,#1213,.T.);
#1402=EDGE_CURVE('',#929,#930,#289,.T.);
#1403=EDGE_CURVE('',#929,#931,#662,.T.);
#1404=EDGE_CURVE('',#932,#931,#1214,.T.);
#1405=EDGE_CURVE('',#933,#932,#663,.T.);
#1406=EDGE_CURVE('',#933,#930,#1215,.T.);
#1407=EDGE_CURVE('',#934,#935,#1216,.T.);
#1408=EDGE_CURVE('',#935,#936,#664,.T.);
#1409=EDGE_CURVE('',#937,#936,#1217,.T.);
#1410=EDGE_CURVE('',#934,#937,#665,.T.);
#1411=EDGE_CURVE('',#938,#939,#290,.T.);
#1412=EDGE_CURVE('',#939,#940,#666,.T.);
#1413=EDGE_CURVE('',#940,#941,#666,.T.);
#1414=EDGE_CURVE('',#941,#942,#291,.T.);
#1415=EDGE_CURVE('',#942,#938,#667,.T.);
#1416=EDGE_CURVE('',#943,#944,#292,.T.);
#1417=EDGE_CURVE('',#945,#943,#293,.T.);
#1418=EDGE_CURVE('',#945,#946,#668,.T.);
#1419=EDGE_CURVE('',#946,#947,#668,.T.);
#1420=EDGE_CURVE('',#948,#947,#294,.T.);
#1421=EDGE_CURVE('',#949,#948,#669,.T.);
#1422=EDGE_CURVE('',#950,#949,#295,.T.);
#1423=EDGE_CURVE('',#950,#951,#670,.T.);
#1424=EDGE_CURVE('',#951,#952,#670,.T.);
#1425=EDGE_CURVE('',#953,#952,#296,.T.);
#1426=EDGE_CURVE('',#954,#953,#297,.T.);
#1427=EDGE_CURVE('',#955,#954,#298,.T.);
#1428=EDGE_CURVE('',#956,#955,#299,.T.);
#1429=EDGE_CURVE('',#957,#956,#300,.T.);
#1430=EDGE_CURVE('',#958,#957,#301,.T.);
#1431=EDGE_CURVE('',#944,#958,#671,.T.);
#1432=EDGE_CURVE('',#959,#960,#1218,.T.);
#1433=EDGE_CURVE('',#960,#961,#672,.T.);
#1434=EDGE_CURVE('',#962,#961,#1219,.T.);
#1435=EDGE_CURVE('',#963,#962,#673,.T.);
#1436=EDGE_CURVE('',#963,#964,#1220,.T.);
#1437=EDGE_CURVE('',#959,#964,#674,.T.);
#1438=EDGE_CURVE('',#965,#966,#1221,.T.);
#1439=EDGE_CURVE('',#966,#967,#675,.T.);
#1440=EDGE_CURVE('',#967,#968,#239,.T.);
#1441=EDGE_CURVE('',#968,#969,#240,.T.);
#1442=EDGE_CURVE('',#969,#970,#241,.T.);
#1443=EDGE_CURVE('',#970,#971,#242,.T.);
#1444=EDGE_CURVE('',#965,#971,#676,.T.);
#1445=EDGE_CURVE('',#839,#972,#677,.T.);
#1446=EDGE_CURVE('',#973,#972,#1222,.T.);
#1447=EDGE_CURVE('',#836,#973,#678,.T.);
#1448=EDGE_CURVE('',#838,#974,#1223,.T.);
#1449=EDGE_CURVE('',#974,#975,#1224,.T.);
#1450=EDGE_CURVE('',#837,#975,#1225,.T.);
#1451=EDGE_CURVE('',#843,#974,#679,.T.);
#1452=EDGE_CURVE('',#975,#974,#1226,.T.);
#1453=EDGE_CURVE('',#840,#975,#680,.T.);
#1454=EDGE_CURVE('',#842,#976,#1227,.T.);
#1455=EDGE_CURVE('',#976,#977,#1228,.T.);
#1456=EDGE_CURVE('',#841,#977,#1229,.T.);
#1457=EDGE_CURVE('',#978,#979,#681,.T.);
#1458=EDGE_CURVE('',#978,#980,#1230,.T.);
#1459=EDGE_CURVE('',#980,#976,#682,.T.);
#1460=EDGE_CURVE('',#977,#976,#1231,.T.);
#1461=EDGE_CURVE('',#981,#977,#683,.T.);
#1462=EDGE_CURVE('',#981,#982,#1232,.T.);
#1463=EDGE_CURVE('',#982,#983,#684,.T.);
#1464=EDGE_CURVE('',#984,#983,#1233,.T.);
#1465=EDGE_CURVE('',#984,#985,#685,.T.);
#1466=EDGE_CURVE('',#986,#985,#1234,.T.);
#1467=EDGE_CURVE('',#986,#987,#686,.T.);
#1468=EDGE_CURVE('',#988,#987,#1235,.T.);
#1469=EDGE_CURVE('',#989,#988,#687,.T.);
#1470=EDGE_CURVE('',#989,#990,#302,.T.);
#1471=EDGE_CURVE('',#990,#991,#303,.T.);
#1472=EDGE_CURVE('',#992,#991,#688,.T.);
#1473=EDGE_CURVE('',#992,#993,#1236,.T.);
#1474=EDGE_CURVE('',#993,#994,#689,.T.);
#1475=EDGE_CURVE('',#995,#994,#1237,.T.);
#1476=EDGE_CURVE('',#996,#995,#690,.T.);
#1477=EDGE_CURVE('',#996,#997,#1238,.T.);
#1478=EDGE_CURVE('',#997,#998,#691,.T.);
#1479=EDGE_CURVE('',#999,#998,#1239,.T.);
#1480=EDGE_CURVE('',#999,#1000,#304,.T.);
#1481=EDGE_CURVE('',#1000,#1001,#305,.T.);
#1482=EDGE_CURVE('',#1001,#1002,#306,.T.);
#1483=EDGE_CURVE('',#1003,#1002,#692,.T.);
#1484=EDGE_CURVE('',#1003,#1004,#1240,.T.);
#1485=EDGE_CURVE('',#1004,#1005,#693,.T.);
#1486=EDGE_CURVE('',#1006,#1005,#1241,.T.);
#1487=EDGE_CURVE('',#1006,#1007,#307,.T.);
#1488=EDGE_CURVE('',#1007,#1008,#308,.T.);
#1489=EDGE_CURVE('',#1008,#1009,#309,.T.);
#1490=EDGE_CURVE('',#1009,#1010,#310,.T.);
#1491=EDGE_CURVE('',#1011,#1010,#694,.T.);
#1492=EDGE_CURVE('',#1012,#1011,#694,.T.);
#1493=EDGE_CURVE('',#1012,#1013,#311,.T.);
#1494=EDGE_CURVE('',#1013,#1014,#312,.T.);
#1495=EDGE_CURVE('',#1015,#1014,#695,.T.);
#1496=EDGE_CURVE('',#1015,#1016,#1242,.T.);
#1497=EDGE_CURVE('',#1016,#1017,#696,.T.);
#1498=EDGE_CURVE('',#1017,#1018,#1243,.T.);
#1499=EDGE_CURVE('',#1018,#1019,#697,.T.);
#1500=EDGE_CURVE('',#1019,#1020,#1244,.T.);
#1501=EDGE_CURVE('',#1020,#1021,#313,.T.);
#1502=EDGE_CURVE('',#1022,#1021,#1245,.T.);
#1503=EDGE_CURVE('',#1022,#1023,#698,.T.);
#1504=EDGE_CURVE('',#1024,#1023,#1246,.T.);
#1505=EDGE_CURVE('',#1024,#1025,#699,.T.);
#1506=EDGE_CURVE('',#1026,#1025,#1247,.T.);
#1507=EDGE_CURVE('',#1027,#1026,#700,.T.);
#1508=EDGE_CURVE('',#1027,#1028,#314,.T.);
#1509=EDGE_CURVE('',#1028,#1029,#315,.T.);
#1510=EDGE_CURVE('',#1029,#1030,#316,.T.);
#1511=EDGE_CURVE('',#1030,#1031,#317,.T.);
#1512=EDGE_CURVE('',#1032,#1031,#701,.T.);
#1513=EDGE_CURVE('',#1032,#1033,#1248,.T.);
#1514=EDGE_CURVE('',#1033,#1034,#702,.T.);
#1515=EDGE_CURVE('',#1035,#1034,#1249,.T.);
#1516=EDGE_CURVE('',#1036,#1035,#703,.T.);
#1517=EDGE_CURVE('',#1036,#1037,#1250,.T.);
#1518=EDGE_CURVE('',#1037,#1038,#704,.T.);
#1519=EDGE_CURVE('',#979,#1038,#1251,.T.);
#1520=EDGE_CURVE('',#1039,#1040,#705,.T.);
#1521=EDGE_CURVE('',#1040,#1041,#1252,.T.);
#1522=EDGE_CURVE('',#1041,#1042,#706,.T.);
#1523=EDGE_CURVE('',#1039,#1042,#1253,.T.);
#1524=EDGE_CURVE('',#980,#978,#1254,.T.);
#1525=EDGE_CURVE('',#1043,#979,#1255,.T.);
#1526=EDGE_CURVE('',#1043,#1044,#707,.T.);
#1527=EDGE_CURVE('',#1044,#1036,#1256,.T.);
#1528=EDGE_CURVE('',#1045,#1035,#1257,.T.);
#1529=EDGE_CURVE('',#1045,#1046,#708,.T.);
#1530=EDGE_CURVE('',#1046,#1032,#1258,.T.);
#1531=EDGE_CURVE('',#1031,#1047,#318,.T.);
#1532=EDGE_CURVE('',#1048,#1047,#1259,.T.);
#1533=EDGE_CURVE('',#1048,#1049,#319,.T.);
#1534=EDGE_CURVE('',#1049,#1050,#709,.T.);
#1535=EDGE_CURVE('',#1050,#1051,#320,.T.);
#1536=EDGE_CURVE('',#1051,#1052,#321,.T.);
#1537=EDGE_CURVE('',#1052,#1053,#322,.T.);
#1538=EDGE_CURVE('',#1053,#1054,#323,.T.);
#1539=EDGE_CURVE('',#1054,#1055,#324,.T.);
#1540=EDGE_CURVE('',#1055,#1056,#325,.T.);
#1541=EDGE_CURVE('',#1056,#1057,#326,.T.);
#1542=EDGE_CURVE('',#1057,#1058,#327,.T.);
#1543=EDGE_CURVE('',#1058,#1059,#710,.T.);
#1544=EDGE_CURVE('',#1059,#1060,#710,.T.);
#1545=EDGE_CURVE('',#1060,#1061,#328,.T.);
#1546=EDGE_CURVE('',#1061,#1027,#329,.T.);
#1547=EDGE_CURVE('',#1062,#1026,#1260,.T.);
#1548=EDGE_CURVE('',#1062,#1063,#330,.T.);
#1549=EDGE_CURVE('',#1063,#1064,#331,.T.);
#1550=EDGE_CURVE('',#1064,#1065,#332,.T.);
#1551=EDGE_CURVE('',#1065,#1066,#333,.T.);
#1552=EDGE_CURVE('',#1066,#1067,#334,.T.);
#1553=EDGE_CURVE('',#1067,#1015,#1261,.T.);
#1554=EDGE_CURVE('',#1014,#1068,#335,.T.);
#1555=EDGE_CURVE('',#1068,#1069,#336,.T.);
#1556=EDGE_CURVE('',#1069,#1070,#711,.T.);
#1557=EDGE_CURVE('',#1070,#1071,#337,.T.);
#1558=EDGE_CURVE('',#1071,#1072,#338,.T.);
#1559=EDGE_CURVE('',#1072,#1073,#339,.T.);
#1560=EDGE_CURVE('',#1073,#1074,#340,.T.);
#1561=EDGE_CURVE('',#1074,#1075,#341,.T.);
#1562=EDGE_CURVE('',#1075,#1012,#342,.T.);
#1563=EDGE_CURVE('',#1010,#1076,#343,.T.);
#1564=EDGE_CURVE('',#1077,#1076,#1262,.T.);
#1565=EDGE_CURVE('',#1077,#1078,#712,.T.);
#1566=EDGE_CURVE('',#1078,#1079,#1263,.T.);
#1567=EDGE_CURVE('',#1079,#1080,#344,.T.);
#1568=EDGE_CURVE('',#1080,#1081,#713,.T.);
#1569=EDGE_CURVE('',#1081,#1082,#345,.T.);
#1570=EDGE_CURVE('',#1083,#1082,#1264,.T.);
#1571=EDGE_CURVE('',#1083,#1084,#714,.T.);
#1572=EDGE_CURVE('',#1084,#1085,#1265,.T.);
#1573=EDGE_CURVE('',#1085,#1086,#346,.T.);
#1574=EDGE_CURVE('',#1086,#1087,#715,.T.);
#1575=EDGE_CURVE('',#1087,#1088,#347,.T.);
#1576=EDGE_CURVE('',#1089,#1088,#1266,.T.);
#1577=EDGE_CURVE('',#1089,#1090,#716,.T.);
#1578=EDGE_CURVE('',#1090,#1003,#1267,.T.);
#1579=EDGE_CURVE('',#1002,#1091,#348,.T.);
#1580=EDGE_CURVE('',#1092,#1091,#1268,.T.);
#1581=EDGE_CURVE('',#1092,#1093,#717,.T.);
#1582=EDGE_CURVE('',#1093,#1094,#1269,.T.);
#1583=EDGE_CURVE('',#1094,#1095,#349,.T.);
#1584=EDGE_CURVE('',#1095,#1096,#718,.T.);
#1585=EDGE_CURVE('',#1096,#1097,#718,.T.);
#1586=EDGE_CURVE('',#1097,#1098,#350,.T.);
#1587=EDGE_CURVE('',#1099,#1098,#1270,.T.);
#1588=EDGE_CURVE('',#1099,#1100,#719,.T.);
#1589=EDGE_CURVE('',#1100,#996,#1271,.T.);
#1590=EDGE_CURVE('',#1101,#995,#1272,.T.);
#1591=EDGE_CURVE('',#1101,#1102,#720,.T.);
#1592=EDGE_CURVE('',#1102,#992,#1273,.T.);
#1593=EDGE_CURVE('',#991,#1103,#351,.T.);
#1594=EDGE_CURVE('',#1103,#1104,#352,.T.);
#1595=EDGE_CURVE('',#1104,#1105,#721,.T.);
#1596=EDGE_CURVE('',#1105,#1106,#353,.T.);
#1597=EDGE_CURVE('',#1106,#1107,#354,.T.);
#1598=EDGE_CURVE('',#1107,#1108,#355,.T.);
#1599=EDGE_CURVE('',#1108,#1109,#356,.T.);
#1600=EDGE_CURVE('',#1109,#1110,#357,.T.);
#1601=EDGE_CURVE('',#1110,#989,#358,.T.);
#1602=EDGE_CURVE('',#1111,#988,#1274,.T.);
#1603=EDGE_CURVE('',#1111,#1112,#722,.T.);
#1604=EDGE_CURVE('',#1113,#1112,#1275,.T.);
#1605=EDGE_CURVE('',#1113,#1114,#723,.T.);
#1606=EDGE_CURVE('',#1114,#981,#1276,.T.);
#1607=EDGE_CURVE('',#1115,#1060,#359,.T.);
#1608=EDGE_CURVE('',#1058,#1116,#360,.T.);
#1609=EDGE_CURVE('',#1116,#1115,#361,.T.);
#1610=EDGE_CURVE('',#1080,#1117,#362,.T.);
#1611=EDGE_CURVE('',#1117,#1081,#363,.T.);
#1612=EDGE_CURVE('',#1086,#1118,#364,.T.);
#1613=EDGE_CURVE('',#1118,#1087,#365,.T.);
#1614=EDGE_CURVE('',#1119,#1120,#1277,.T.);
#1615=EDGE_CURVE('',#1120,#980,#1278,.T.);
#1616=EDGE_CURVE('',#1119,#978,#1279,.T.);
#1617=EDGE_CURVE('',#1120,#1119,#1280,.T.);
#1618=EDGE_CURVE('',#1095,#1121,#366,.T.);
#1619=EDGE_CURVE('',#1121,#1097,#367,.T.);
#1620=EDGE_CURVE('',#972,#973,#1281,.T.);
#1621=EDGE_CURVE('',#966,#965,#1282,.T.);
#1622=EDGE_CURVE('',#971,#1122,#243,.T.);
#1623=EDGE_CURVE('',#1122,#1123,#244,.T.);
#1624=EDGE_CURVE('',#1123,#1124,#245,.T.);
#1625=EDGE_CURVE('',#1124,#967,#246,.T.);
#1626=EDGE_CURVE('',#982,#1125,#724,.T.);
#1627=EDGE_CURVE('',#1125,#1126,#725,.T.);
#1628=EDGE_CURVE('',#983,#1126,#726,.T.);
#1629=EDGE_CURVE('',#1127,#1126,#1283,.T.);
#1630=EDGE_CURVE('',#984,#1127,#727,.T.);
#1631=EDGE_CURVE('',#1127,#1128,#728,.T.);
#1632=EDGE_CURVE('',#985,#1128,#729,.T.);
#1633=EDGE_CURVE('',#1129,#1128,#1284,.T.);
#1634=EDGE_CURVE('',#986,#1129,#730,.T.);
#1635=EDGE_CURVE('',#1129,#1130,#731,.T.);
#1636=EDGE_CURVE('',#987,#1130,#732,.T.);
#1637=EDGE_CURVE('',#960,#1130,#1285,.T.);
#1638=EDGE_CURVE('',#1111,#959,#733,.T.);
#1639=EDGE_CURVE('',#1112,#964,#734,.T.);
#1640=EDGE_CURVE('',#1113,#963,#735,.T.);
#1641=EDGE_CURVE('',#1114,#962,#736,.T.);
#1642=EDGE_CURVE('',#961,#1125,#1286,.T.);
#1643=EDGE_CURVE('',#1108,#955,#368,.T.);
#1644=EDGE_CURVE('',#1109,#954,#369,.T.);
#1645=EDGE_CURVE('',#1110,#953,#370,.T.);
#1646=EDGE_CURVE('',#952,#1131,#371,.T.);
#1647=EDGE_CURVE('',#990,#1131,#372,.T.);
#1648=EDGE_CURVE('',#1131,#945,#373,.T.);
#1649=EDGE_CURVE('',#1103,#943,#374,.T.);
#1650=EDGE_CURVE('',#1104,#944,#375,.T.);
#1651=EDGE_CURVE('',#1105,#958,#376,.T.);
#1652=EDGE_CURVE('',#1106,#957,#377,.T.);
#1653=EDGE_CURVE('',#1107,#956,#378,.T.);
#1654=EDGE_CURVE('',#947,#1132,#379,.T.);
#1655=EDGE_CURVE('',#1133,#950,#380,.T.);
#1656=EDGE_CURVE('',#1132,#1133,#381,.T.);
#1657=EDGE_CURVE('',#948,#938,#382,.T.);
#1658=EDGE_CURVE('',#1132,#1134,#383,.T.);
#1659=EDGE_CURVE('',#939,#1134,#384,.T.);
#1660=EDGE_CURVE('',#1133,#1135,#385,.T.);
#1661=EDGE_CURVE('',#1134,#1135,#386,.T.);
#1662=EDGE_CURVE('',#949,#942,#387,.T.);
#1663=EDGE_CURVE('',#1135,#941,#388,.T.);
#1664=EDGE_CURVE('',#1041,#1136,#737,.T.);
#1665=EDGE_CURVE('',#1136,#1137,#738,.T.);
#1666=EDGE_CURVE('',#1042,#1137,#739,.T.);
#1667=EDGE_CURVE('',#1138,#1137,#1287,.T.);
#1668=EDGE_CURVE('',#1039,#1138,#740,.T.);
#1669=EDGE_CURVE('',#1138,#1139,#741,.T.);
#1670=EDGE_CURVE('',#1040,#1139,#742,.T.);
#1671=EDGE_CURVE('',#1139,#1136,#1288,.T.);
#1672=EDGE_CURVE('',#993,#1140,#743,.T.);
#1673=EDGE_CURVE('',#1140,#1141,#744,.T.);
#1674=EDGE_CURVE('',#994,#1141,#745,.T.);
#1675=EDGE_CURVE('',#935,#1141,#1289,.T.);
#1676=EDGE_CURVE('',#1101,#934,#746,.T.);
#1677=EDGE_CURVE('',#1102,#937,#747,.T.);
#1678=EDGE_CURVE('',#936,#1140,#1290,.T.);
#1679=EDGE_CURVE('',#997,#1142,#748,.T.);
#1680=EDGE_CURVE('',#1142,#1143,#749,.T.);
#1681=EDGE_CURVE('',#998,#1143,#750,.T.);
#1682=EDGE_CURVE('',#1144,#1143,#1291,.T.);
#1683=EDGE_CURVE('',#999,#1144,#389,.T.);
#1684=EDGE_CURVE('',#1144,#1145,#390,.T.);
#1685=EDGE_CURVE('',#1000,#1145,#391,.T.);
#1686=EDGE_CURVE('',#1145,#1146,#392,.T.);
#1687=EDGE_CURVE('',#1001,#1146,#393,.T.);
#1688=EDGE_CURVE('',#1146,#923,#394,.T.);
#1689=EDGE_CURVE('',#1091,#924,#395,.T.);
#1690=EDGE_CURVE('',#1092,#928,#751,.T.);
#1691=EDGE_CURVE('',#1093,#927,#752,.T.);
#1692=EDGE_CURVE('',#1094,#926,#396,.T.);
#1693=EDGE_CURVE('',#925,#1147,#397,.T.);
#1694=EDGE_CURVE('',#1121,#1147,#398,.T.);
#1695=EDGE_CURVE('',#1147,#929,#399,.T.);
#1696=EDGE_CURVE('',#1098,#930,#400,.T.);
#1697=EDGE_CURVE('',#1099,#933,#753,.T.);
#1698=EDGE_CURVE('',#1100,#932,#754,.T.);
#1699=EDGE_CURVE('',#931,#1142,#1292,.T.);
#1700=EDGE_CURVE('',#1004,#1148,#755,.T.);
#1701=EDGE_CURVE('',#1148,#1149,#756,.T.);
#1702=EDGE_CURVE('',#1005,#1149,#757,.T.);
#1703=EDGE_CURVE('',#1150,#1149,#1293,.T.);
#1704=EDGE_CURVE('',#1006,#1150,#401,.T.);
#1705=EDGE_CURVE('',#1150,#1151,#402,.T.);
#1706=EDGE_CURVE('',#1007,#1151,#403,.T.);
#1707=EDGE_CURVE('',#1151,#1152,#404,.T.);
#1708=EDGE_CURVE('',#1008,#1152,#405,.T.);
#1709=EDGE_CURVE('',#1152,#1153,#406,.T.);
#1710=EDGE_CURVE('',#1009,#1153,#407,.T.);
#1711=EDGE_CURVE('',#1153,#904,#408,.T.);
#1712=EDGE_CURVE('',#1076,#905,#409,.T.);
#1713=EDGE_CURVE('',#1077,#910,#758,.T.);
#1714=EDGE_CURVE('',#1078,#909,#759,.T.);
#1715=EDGE_CURVE('',#1079,#908,#410,.T.);
#1716=EDGE_CURVE('',#907,#1154,#411,.T.);
#1717=EDGE_CURVE('',#1117,#1154,#412,.T.);
#1718=EDGE_CURVE('',#1154,#911,#413,.T.);
#1719=EDGE_CURVE('',#1082,#912,#414,.T.);
#1720=EDGE_CURVE('',#1083,#917,#760,.T.);
#1721=EDGE_CURVE('',#1084,#916,#761,.T.);
#1722=EDGE_CURVE('',#1085,#915,#415,.T.);
#1723=EDGE_CURVE('',#914,#1155,#416,.T.);
#1724=EDGE_CURVE('',#1118,#1155,#417,.T.);
#1725=EDGE_CURVE('',#1155,#918,#418,.T.);
#1726=EDGE_CURVE('',#1088,#919,#419,.T.);
#1727=EDGE_CURVE('',#1089,#922,#762,.T.);
#1728=EDGE_CURVE('',#1090,#921,#763,.T.);
#1729=EDGE_CURVE('',#920,#1148,#1294,.T.);
#1730=EDGE_CURVE('',#1073,#900,#420,.T.);
#1731=EDGE_CURVE('',#1074,#899,#421,.T.);
#1732=EDGE_CURVE('',#1075,#898,#422,.T.);
#1733=EDGE_CURVE('',#897,#1156,#423,.T.);
#1734=EDGE_CURVE('',#1013,#1156,#424,.T.);
#1735=EDGE_CURVE('',#1156,#890,#425,.T.);
#1736=EDGE_CURVE('',#1068,#888,#426,.T.);
#1737=EDGE_CURVE('',#1069,#889,#427,.T.);
#1738=EDGE_CURVE('',#1070,#903,#428,.T.);
#1739=EDGE_CURVE('',#1071,#902,#429,.T.);
#1740=EDGE_CURVE('',#1072,#901,#430,.T.);
#1741=EDGE_CURVE('',#892,#1157,#431,.T.);
#1742=EDGE_CURVE('',#1158,#895,#432,.T.);
#1743=EDGE_CURVE('',#1157,#1158,#433,.T.);
#1744=EDGE_CURVE('',#893,#883,#434,.T.);
#1745=EDGE_CURVE('',#1157,#1159,#435,.T.);
#1746=EDGE_CURVE('',#884,#1159,#436,.T.);
#1747=EDGE_CURVE('',#1158,#1160,#437,.T.);
#1748=EDGE_CURVE('',#1159,#1160,#438,.T.);
#1749=EDGE_CURVE('',#894,#887,#439,.T.);
#1750=EDGE_CURVE('',#1160,#886,#440,.T.);
#1751=EDGE_CURVE('',#1065,#880,#441,.T.);
#1752=EDGE_CURVE('',#1066,#879,#442,.T.);
#1753=EDGE_CURVE('',#1067,#878,#443,.T.);
#1754=EDGE_CURVE('',#877,#1161,#1295,.T.);
#1755=EDGE_CURVE('',#1016,#1161,#764,.T.);
#1756=EDGE_CURVE('',#1161,#1162,#765,.T.);
#1757=EDGE_CURVE('',#1017,#1162,#766,.T.);
#1758=EDGE_CURVE('',#1162,#1163,#1296,.T.);
#1759=EDGE_CURVE('',#1018,#1163,#767,.T.);
#1760=EDGE_CURVE('',#1163,#1164,#768,.T.);
#1761=EDGE_CURVE('',#1019,#1164,#769,.T.);
#1762=EDGE_CURVE('',#1164,#1165,#1297,.T.);
#1763=EDGE_CURVE('',#1020,#1165,#444,.T.);
#1764=EDGE_CURVE('',#1165,#1166,#445,.T.);
#1765=EDGE_CURVE('',#1021,#1166,#446,.T.);
#1766=EDGE_CURVE('',#1167,#1166,#1298,.T.);
#1767=EDGE_CURVE('',#1022,#1167,#770,.T.);
#1768=EDGE_CURVE('',#1167,#1168,#771,.T.);
#1769=EDGE_CURVE('',#1023,#1168,#772,.T.);
#1770=EDGE_CURVE('',#1169,#1168,#1299,.T.);
#1771=EDGE_CURVE('',#1024,#1169,#773,.T.);
#1772=EDGE_CURVE('',#1169,#1170,#774,.T.);
#1773=EDGE_CURVE('',#1025,#1170,#775,.T.);
#1774=EDGE_CURVE('',#876,#1170,#1300,.T.);
#1775=EDGE_CURVE('',#1062,#875,#447,.T.);
#1776=EDGE_CURVE('',#1063,#882,#448,.T.);
#1777=EDGE_CURVE('',#1064,#881,#449,.T.);
#1778=EDGE_CURVE('',#1052,#862,#450,.T.);
#1779=EDGE_CURVE('',#1053,#861,#451,.T.);
#1780=EDGE_CURVE('',#1054,#860,#452,.T.);
#1781=EDGE_CURVE('',#1055,#859,#453,.T.);
#1782=EDGE_CURVE('',#1056,#858,#454,.T.);
#1783=EDGE_CURVE('',#1057,#857,#455,.T.);
#1784=EDGE_CURVE('',#856,#1171,#456,.T.);
#1785=EDGE_CURVE('',#1116,#1171,#457,.T.);
#1786=EDGE_CURVE('',#1171,#1172,#458,.T.);
#1787=EDGE_CURVE('',#1115,#1172,#459,.T.);
#1788=EDGE_CURVE('',#1172,#872,#460,.T.);
#1789=EDGE_CURVE('',#1061,#873,#461,.T.);
#1790=EDGE_CURVE('',#874,#1173,#462,.T.);
#1791=EDGE_CURVE('',#1028,#1173,#463,.T.);
#1792=EDGE_CURVE('',#1173,#1174,#464,.T.);
#1793=EDGE_CURVE('',#1029,#1174,#465,.T.);
#1794=EDGE_CURVE('',#1174,#1175,#466,.T.);
#1795=EDGE_CURVE('',#1030,#1175,#467,.T.);
#1796=EDGE_CURVE('',#1175,#854,#468,.T.);
#1797=EDGE_CURVE('',#1047,#853,#469,.T.);
#1798=EDGE_CURVE('',#1048,#852,#470,.T.);
#1799=EDGE_CURVE('',#1049,#865,#471,.T.);
#1800=EDGE_CURVE('',#1050,#864,#472,.T.);
#1801=EDGE_CURVE('',#1051,#863,#473,.T.);
#1802=EDGE_CURVE('',#868,#1176,#474,.T.);
#1803=EDGE_CURVE('',#866,#1177,#475,.T.);
#1804=EDGE_CURVE('',#1176,#1177,#476,.T.);
#1805=EDGE_CURVE('',#867,#1178,#477,.T.);
#1806=EDGE_CURVE('',#1177,#1178,#478,.T.);
#1807=EDGE_CURVE('',#871,#1179,#479,.T.);
#1808=EDGE_CURVE('',#1178,#1179,#480,.T.);
#1809=EDGE_CURVE('',#870,#1180,#481,.T.);
#1810=EDGE_CURVE('',#1179,#1180,#482,.T.);
#1811=EDGE_CURVE('',#869,#1181,#483,.T.);
#1812=EDGE_CURVE('',#1180,#1181,#484,.T.);
#1813=EDGE_CURVE('',#1181,#1176,#485,.T.);
#1814=EDGE_CURVE('',#1033,#1182,#776,.T.);
#1815=EDGE_CURVE('',#1182,#1183,#777,.T.);
#1816=EDGE_CURVE('',#1034,#1183,#778,.T.);
#1817=EDGE_CURVE('',#849,#1183,#1301,.T.);
#1818=EDGE_CURVE('',#1045,#848,#779,.T.);
#1819=EDGE_CURVE('',#1046,#851,#780,.T.);
#1820=EDGE_CURVE('',#850,#1182,#1302,.T.);
#1821=EDGE_CURVE('',#1037,#1184,#781,.T.);
#1822=EDGE_CURVE('',#1184,#1185,#782,.T.);
#1823=EDGE_CURVE('',#1038,#1185,#783,.T.);
#1824=EDGE_CURVE('',#845,#1185,#1303,.T.);
#1825=EDGE_CURVE('',#1043,#844,#784,.T.);
#1826=EDGE_CURVE('',#1044,#847,#785,.T.);
#1827=EDGE_CURVE('',#846,#1184,#1304,.T.);
#1828=EDGE_CURVE('',#1124,#1186,#786,.T.);
#1829=EDGE_CURVE('',#1186,#967,#787,.T.);
#1830=EDGE_CURVE('',#1186,#968,#788,.T.);
#1831=EDGE_CURVE('',#1122,#1186,#789,.T.);
#1832=EDGE_CURVE('',#1186,#1123,#790,.T.);
#1833=EDGE_CURVE('',#1186,#971,#791,.T.);
#1834=EDGE_CURVE('',#1186,#969,#792,.T.);
#1835=EDGE_CURVE('',#970,#1186,#793,.T.);
#1836=ORIENTED_EDGE('',*,*,#1305,.T.);
#1837=ORIENTED_EDGE('',*,*,#1306,.T.);
#1838=ORIENTED_EDGE('',*,*,#1307,.F.);
#1839=ORIENTED_EDGE('',*,*,#1308,.F.);
#1840=ORIENTED_EDGE('',*,*,#1309,.T.);
#1841=ORIENTED_EDGE('',*,*,#1310,.T.);
#1842=ORIENTED_EDGE('',*,*,#1311,.F.);
#1843=ORIENTED_EDGE('',*,*,#1312,.F.);
#1844=ORIENTED_EDGE('',*,*,#1311,.T.);
#1845=ORIENTED_EDGE('',*,*,#1313,.T.);
#1846=ORIENTED_EDGE('',*,*,#1309,.F.);
#1847=ORIENTED_EDGE('',*,*,#1314,.F.);
#1848=ORIENTED_EDGE('',*,*,#1307,.T.);
#1849=ORIENTED_EDGE('',*,*,#1315,.T.);
#1850=ORIENTED_EDGE('',*,*,#1305,.F.);
#1851=ORIENTED_EDGE('',*,*,#1316,.F.);
#1852=ORIENTED_EDGE('',*,*,#1317,.T.);
#1853=ORIENTED_EDGE('',*,*,#1318,.T.);
#1854=ORIENTED_EDGE('',*,*,#1319,.F.);
#1855=ORIENTED_EDGE('',*,*,#1320,.F.);
#1856=ORIENTED_EDGE('',*,*,#1321,.T.);
#1857=ORIENTED_EDGE('',*,*,#1322,.T.);
#1858=ORIENTED_EDGE('',*,*,#1323,.F.);
#1859=ORIENTED_EDGE('',*,*,#1324,.F.);
#1860=ORIENTED_EDGE('',*,*,#1325,.T.);
#1861=ORIENTED_EDGE('',*,*,#1326,.F.);
#1862=ORIENTED_EDGE('',*,*,#1327,.T.);
#1863=ORIENTED_EDGE('',*,*,#1328,.T.);
#1864=ORIENTED_EDGE('',*,*,#1329,.F.);
#1865=ORIENTED_EDGE('',*,*,#1330,.F.);
#1866=ORIENTED_EDGE('',*,*,#1331,.F.);
#1867=ORIENTED_EDGE('',*,*,#1332,.F.);
#1868=ORIENTED_EDGE('',*,*,#1333,.F.);
#1869=ORIENTED_EDGE('',*,*,#1334,.F.);
#1870=ORIENTED_EDGE('',*,*,#1335,.F.);
#1871=ORIENTED_EDGE('',*,*,#1336,.F.);
#1872=ORIENTED_EDGE('',*,*,#1337,.F.);
#1873=ORIENTED_EDGE('',*,*,#1338,.F.);
#1874=ORIENTED_EDGE('',*,*,#1339,.F.);
#1875=ORIENTED_EDGE('',*,*,#1340,.F.);
#1876=ORIENTED_EDGE('',*,*,#1341,.F.);
#1877=ORIENTED_EDGE('',*,*,#1342,.F.);
#1878=ORIENTED_EDGE('',*,*,#1343,.F.);
#1879=ORIENTED_EDGE('',*,*,#1344,.F.);
#1880=ORIENTED_EDGE('',*,*,#1345,.F.);
#1881=ORIENTED_EDGE('',*,*,#1346,.T.);
#1882=ORIENTED_EDGE('',*,*,#1347,.F.);
#1883=ORIENTED_EDGE('',*,*,#1348,.T.);
#1884=ORIENTED_EDGE('',*,*,#1349,.T.);
#1885=ORIENTED_EDGE('',*,*,#1350,.F.);
#1886=ORIENTED_EDGE('',*,*,#1351,.F.);
#1887=ORIENTED_EDGE('',*,*,#1352,.F.);
#1888=ORIENTED_EDGE('',*,*,#1353,.F.);
#1889=ORIENTED_EDGE('',*,*,#1354,.F.);
#1890=ORIENTED_EDGE('',*,*,#1355,.F.);
#1891=ORIENTED_EDGE('',*,*,#1356,.T.);
#1892=ORIENTED_EDGE('',*,*,#1357,.T.);
#1893=ORIENTED_EDGE('',*,*,#1358,.T.);
#1894=ORIENTED_EDGE('',*,*,#1359,.T.);
#1895=ORIENTED_EDGE('',*,*,#1360,.T.);
#1896=ORIENTED_EDGE('',*,*,#1361,.F.);
#1897=ORIENTED_EDGE('',*,*,#1362,.F.);
#1898=ORIENTED_EDGE('',*,*,#1363,.T.);
#1899=ORIENTED_EDGE('',*,*,#1364,.T.);
#1900=ORIENTED_EDGE('',*,*,#1365,.F.);
#1901=ORIENTED_EDGE('',*,*,#1366,.F.);
#1902=ORIENTED_EDGE('',*,*,#1367,.F.);
#1903=ORIENTED_EDGE('',*,*,#1368,.T.);
#1904=ORIENTED_EDGE('',*,*,#1369,.T.);
#1905=ORIENTED_EDGE('',*,*,#1370,.F.);
#1906=ORIENTED_EDGE('',*,*,#1371,.F.);
#1907=ORIENTED_EDGE('',*,*,#1372,.F.);
#1908=ORIENTED_EDGE('',*,*,#1373,.F.);
#1909=ORIENTED_EDGE('',*,*,#1374,.F.);
#1910=ORIENTED_EDGE('',*,*,#1375,.F.);
#1911=ORIENTED_EDGE('',*,*,#1376,.F.);
#1912=ORIENTED_EDGE('',*,*,#1377,.F.);
#1913=ORIENTED_EDGE('',*,*,#1378,.T.);
#1914=ORIENTED_EDGE('',*,*,#1379,.T.);
#1915=ORIENTED_EDGE('',*,*,#1380,.F.);
#1916=ORIENTED_EDGE('',*,*,#1381,.F.);
#1917=ORIENTED_EDGE('',*,*,#1382,.F.);
#1918=ORIENTED_EDGE('',*,*,#1383,.T.);
#1919=ORIENTED_EDGE('',*,*,#1384,.F.);
#1920=ORIENTED_EDGE('',*,*,#1385,.T.);
#1921=ORIENTED_EDGE('',*,*,#1386,.T.);
#1922=ORIENTED_EDGE('',*,*,#1387,.F.);
#1923=ORIENTED_EDGE('',*,*,#1388,.F.);
#1924=ORIENTED_EDGE('',*,*,#1389,.F.);
#1925=ORIENTED_EDGE('',*,*,#1390,.T.);
#1926=ORIENTED_EDGE('',*,*,#1391,.F.);
#1927=ORIENTED_EDGE('',*,*,#1392,.T.);
#1928=ORIENTED_EDGE('',*,*,#1393,.F.);
#1929=ORIENTED_EDGE('',*,*,#1394,.F.);
#1930=ORIENTED_EDGE('',*,*,#1395,.T.);
#1931=ORIENTED_EDGE('',*,*,#1396,.F.);
#1932=ORIENTED_EDGE('',*,*,#1397,.T.);
#1933=ORIENTED_EDGE('',*,*,#1398,.F.);
#1934=ORIENTED_EDGE('',*,*,#1399,.F.);
#1935=ORIENTED_EDGE('',*,*,#1400,.F.);
#1936=ORIENTED_EDGE('',*,*,#1401,.T.);
#1937=ORIENTED_EDGE('',*,*,#1402,.F.);
#1938=ORIENTED_EDGE('',*,*,#1403,.T.);
#1939=ORIENTED_EDGE('',*,*,#1404,.F.);
#1940=ORIENTED_EDGE('',*,*,#1405,.F.);
#1941=ORIENTED_EDGE('',*,*,#1406,.T.);
#1942=ORIENTED_EDGE('',*,*,#1407,.T.);
#1943=ORIENTED_EDGE('',*,*,#1408,.T.);
#1944=ORIENTED_EDGE('',*,*,#1409,.F.);
#1945=ORIENTED_EDGE('',*,*,#1410,.F.);
#1946=ORIENTED_EDGE('',*,*,#1411,.T.);
#1947=ORIENTED_EDGE('',*,*,#1412,.T.);
#1948=ORIENTED_EDGE('',*,*,#1413,.T.);
#1949=ORIENTED_EDGE('',*,*,#1414,.T.);
#1950=ORIENTED_EDGE('',*,*,#1415,.T.);
#1951=ORIENTED_EDGE('',*,*,#1416,.F.);
#1952=ORIENTED_EDGE('',*,*,#1417,.F.);
#1953=ORIENTED_EDGE('',*,*,#1418,.T.);
#1954=ORIENTED_EDGE('',*,*,#1419,.T.);
#1955=ORIENTED_EDGE('',*,*,#1420,.F.);
#1956=ORIENTED_EDGE('',*,*,#1421,.F.);
#1957=ORIENTED_EDGE('',*,*,#1422,.F.);
#1958=ORIENTED_EDGE('',*,*,#1423,.T.);
#1959=ORIENTED_EDGE('',*,*,#1424,.T.);
#1960=ORIENTED_EDGE('',*,*,#1425,.F.);
#1961=ORIENTED_EDGE('',*,*,#1426,.F.);
#1962=ORIENTED_EDGE('',*,*,#1427,.F.);
#1963=ORIENTED_EDGE('',*,*,#1428,.F.);
#1964=ORIENTED_EDGE('',*,*,#1429,.F.);
#1965=ORIENTED_EDGE('',*,*,#1430,.F.);
#1966=ORIENTED_EDGE('',*,*,#1431,.F.);
#1967=ORIENTED_EDGE('',*,*,#1432,.T.);
#1968=ORIENTED_EDGE('',*,*,#1433,.T.);
#1969=ORIENTED_EDGE('',*,*,#1434,.F.);
#1970=ORIENTED_EDGE('',*,*,#1435,.F.);
#1971=ORIENTED_EDGE('',*,*,#1436,.T.);
#1972=ORIENTED_EDGE('',*,*,#1437,.F.);
#1973=ORIENTED_EDGE('',*,*,#1438,.T.);
#1974=ORIENTED_EDGE('',*,*,#1439,.T.);
#1975=ORIENTED_EDGE('',*,*,#1440,.T.);
#1976=ORIENTED_EDGE('',*,*,#1441,.T.);
#1977=ORIENTED_EDGE('',*,*,#1442,.T.);
#1978=ORIENTED_EDGE('',*,*,#1443,.T.);
#1979=ORIENTED_EDGE('',*,*,#1444,.F.);
#1980=ORIENTED_EDGE('',*,*,#1308,.T.);
#1981=ORIENTED_EDGE('',*,*,#1445,.T.);
#1982=ORIENTED_EDGE('',*,*,#1446,.F.);
#1983=ORIENTED_EDGE('',*,*,#1447,.F.);
#1984=ORIENTED_EDGE('',*,*,#1315,.F.);
#1985=ORIENTED_EDGE('',*,*,#1448,.T.);
#1986=ORIENTED_EDGE('',*,*,#1449,.T.);
#1987=ORIENTED_EDGE('',*,*,#1450,.F.);
#1988=ORIENTED_EDGE('',*,*,#1312,.T.);
#1989=ORIENTED_EDGE('',*,*,#1451,.T.);
#1990=ORIENTED_EDGE('',*,*,#1452,.F.);
#1991=ORIENTED_EDGE('',*,*,#1453,.F.);
#1992=ORIENTED_EDGE('',*,*,#1313,.F.);
#1993=ORIENTED_EDGE('',*,*,#1454,.T.);
#1994=ORIENTED_EDGE('',*,*,#1455,.T.);
#1995=ORIENTED_EDGE('',*,*,#1456,.F.);
#1996=ORIENTED_EDGE('',*,*,#1457,.F.);
#1997=ORIENTED_EDGE('',*,*,#1458,.T.);
#1998=ORIENTED_EDGE('',*,*,#1459,.T.);
#1999=ORIENTED_EDGE('',*,*,#1460,.F.);
#2000=ORIENTED_EDGE('',*,*,#1461,.F.);
#2001=ORIENTED_EDGE('',*,*,#1462,.T.);
#2002=ORIENTED_EDGE('',*,*,#1463,.T.);
#2003=ORIENTED_EDGE('',*,*,#1464,.F.);
#2004=ORIENTED_EDGE('',*,*,#1465,.T.);
#2005=ORIENTED_EDGE('',*,*,#1466,.F.);
#2006=ORIENTED_EDGE('',*,*,#1467,.T.);
#2007=ORIENTED_EDGE('',*,*,#1468,.F.);
#2008=ORIENTED_EDGE('',*,*,#1469,.F.);
#2009=ORIENTED_EDGE('',*,*,#1470,.T.);
#2010=ORIENTED_EDGE('',*,*,#1471,.T.);
#2011=ORIENTED_EDGE('',*,*,#1472,.F.);
#2012=ORIENTED_EDGE('',*,*,#1473,.T.);
#2013=ORIENTED_EDGE('',*,*,#1474,.T.);
#2014=ORIENTED_EDGE('',*,*,#1475,.F.);
#2015=ORIENTED_EDGE('',*,*,#1476,.F.);
#2016=ORIENTED_EDGE('',*,*,#1477,.T.);
#2017=ORIENTED_EDGE('',*,*,#1478,.T.);
#2018=ORIENTED_EDGE('',*,*,#1479,.F.);
#2019=ORIENTED_EDGE('',*,*,#1480,.T.);
#2020=ORIENTED_EDGE('',*,*,#1481,.T.);
#2021=ORIENTED_EDGE('',*,*,#1482,.T.);
#2022=ORIENTED_EDGE('',*,*,#1483,.F.);
#2023=ORIENTED_EDGE('',*,*,#1484,.T.);
#2024=ORIENTED_EDGE('',*,*,#1485,.T.);
#2025=ORIENTED_EDGE('',*,*,#1486,.F.);
#2026=ORIENTED_EDGE('',*,*,#1487,.T.);
#2027=ORIENTED_EDGE('',*,*,#1488,.T.);
#2028=ORIENTED_EDGE('',*,*,#1489,.T.);
#2029=ORIENTED_EDGE('',*,*,#1490,.T.);
#2030=ORIENTED_EDGE('',*,*,#1491,.F.);
#2031=ORIENTED_EDGE('',*,*,#1492,.F.);
#2032=ORIENTED_EDGE('',*,*,#1493,.T.);
#2033=ORIENTED_EDGE('',*,*,#1494,.T.);
#2034=ORIENTED_EDGE('',*,*,#1495,.F.);
#2035=ORIENTED_EDGE('',*,*,#1496,.T.);
#2036=ORIENTED_EDGE('',*,*,#1497,.T.);
#2037=ORIENTED_EDGE('',*,*,#1498,.T.);
#2038=ORIENTED_EDGE('',*,*,#1499,.T.);
#2039=ORIENTED_EDGE('',*,*,#1500,.T.);
#2040=ORIENTED_EDGE('',*,*,#1501,.T.);
#2041=ORIENTED_EDGE('',*,*,#1502,.F.);
#2042=ORIENTED_EDGE('',*,*,#1503,.T.);
#2043=ORIENTED_EDGE('',*,*,#1504,.F.);
#2044=ORIENTED_EDGE('',*,*,#1505,.T.);
#2045=ORIENTED_EDGE('',*,*,#1506,.F.);
#2046=ORIENTED_EDGE('',*,*,#1507,.F.);
#2047=ORIENTED_EDGE('',*,*,#1508,.T.);
#2048=ORIENTED_EDGE('',*,*,#1509,.T.);
#2049=ORIENTED_EDGE('',*,*,#1510,.T.);
#2050=ORIENTED_EDGE('',*,*,#1511,.T.);
#2051=ORIENTED_EDGE('',*,*,#1512,.F.);
#2052=ORIENTED_EDGE('',*,*,#1513,.T.);
#2053=ORIENTED_EDGE('',*,*,#1514,.T.);
#2054=ORIENTED_EDGE('',*,*,#1515,.F.);
#2055=ORIENTED_EDGE('',*,*,#1516,.F.);
#2056=ORIENTED_EDGE('',*,*,#1517,.T.);
#2057=ORIENTED_EDGE('',*,*,#1518,.T.);
#2058=ORIENTED_EDGE('',*,*,#1519,.F.);
#2059=ORIENTED_EDGE('',*,*,#1520,.T.);
#2060=ORIENTED_EDGE('',*,*,#1521,.T.);
#2061=ORIENTED_EDGE('',*,*,#1522,.T.);
#2062=ORIENTED_EDGE('',*,*,#1523,.F.);
#2063=ORIENTED_EDGE('',*,*,#1455,.F.);
#2064=ORIENTED_EDGE('',*,*,#1459,.F.);
#2065=ORIENTED_EDGE('',*,*,#1524,.T.);
#2066=ORIENTED_EDGE('',*,*,#1457,.T.);
#2067=ORIENTED_EDGE('',*,*,#1525,.F.);
#2068=ORIENTED_EDGE('',*,*,#1526,.T.);
#2069=ORIENTED_EDGE('',*,*,#1527,.T.);
#2070=ORIENTED_EDGE('',*,*,#1516,.T.);
#2071=ORIENTED_EDGE('',*,*,#1528,.F.);
#2072=ORIENTED_EDGE('',*,*,#1529,.T.);
#2073=ORIENTED_EDGE('',*,*,#1530,.T.);
#2074=ORIENTED_EDGE('',*,*,#1512,.T.);
#2075=ORIENTED_EDGE('',*,*,#1531,.T.);
#2076=ORIENTED_EDGE('',*,*,#1532,.F.);
#2077=ORIENTED_EDGE('',*,*,#1533,.T.);
#2078=ORIENTED_EDGE('',*,*,#1534,.T.);
#2079=ORIENTED_EDGE('',*,*,#1535,.T.);
#2080=ORIENTED_EDGE('',*,*,#1536,.T.);
#2081=ORIENTED_EDGE('',*,*,#1537,.T.);
#2082=ORIENTED_EDGE('',*,*,#1538,.T.);
#2083=ORIENTED_EDGE('',*,*,#1539,.T.);
#2084=ORIENTED_EDGE('',*,*,#1540,.T.);
#2085=ORIENTED_EDGE('',*,*,#1541,.T.);
#2086=ORIENTED_EDGE('',*,*,#1542,.T.);
#2087=ORIENTED_EDGE('',*,*,#1543,.T.);
#2088=ORIENTED_EDGE('',*,*,#1544,.T.);
#2089=ORIENTED_EDGE('',*,*,#1545,.T.);
#2090=ORIENTED_EDGE('',*,*,#1546,.T.);
#2091=ORIENTED_EDGE('',*,*,#1507,.T.);
#2092=ORIENTED_EDGE('',*,*,#1547,.F.);
#2093=ORIENTED_EDGE('',*,*,#1548,.T.);
#2094=ORIENTED_EDGE('',*,*,#1549,.T.);
#2095=ORIENTED_EDGE('',*,*,#1550,.T.);
#2096=ORIENTED_EDGE('',*,*,#1551,.T.);
#2097=ORIENTED_EDGE('',*,*,#1552,.T.);
#2098=ORIENTED_EDGE('',*,*,#1553,.T.);
#2099=ORIENTED_EDGE('',*,*,#1495,.T.);
#2100=ORIENTED_EDGE('',*,*,#1554,.T.);
#2101=ORIENTED_EDGE('',*,*,#1555,.T.);
#2102=ORIENTED_EDGE('',*,*,#1556,.T.);
#2103=ORIENTED_EDGE('',*,*,#1557,.T.);
#2104=ORIENTED_EDGE('',*,*,#1558,.T.);
#2105=ORIENTED_EDGE('',*,*,#1559,.T.);
#2106=ORIENTED_EDGE('',*,*,#1560,.T.);
#2107=ORIENTED_EDGE('',*,*,#1561,.T.);
#2108=ORIENTED_EDGE('',*,*,#1562,.T.);
#2109=ORIENTED_EDGE('',*,*,#1492,.T.);
#2110=ORIENTED_EDGE('',*,*,#1491,.T.);
#2111=ORIENTED_EDGE('',*,*,#1563,.T.);
#2112=ORIENTED_EDGE('',*,*,#1564,.F.);
#2113=ORIENTED_EDGE('',*,*,#1565,.T.);
#2114=ORIENTED_EDGE('',*,*,#1566,.T.);
#2115=ORIENTED_EDGE('',*,*,#1567,.T.);
#2116=ORIENTED_EDGE('',*,*,#1568,.T.);
#2117=ORIENTED_EDGE('',*,*,#1569,.T.);
#2118=ORIENTED_EDGE('',*,*,#1570,.F.);
#2119=ORIENTED_EDGE('',*,*,#1571,.T.);
#2120=ORIENTED_EDGE('',*,*,#1572,.T.);
#2121=ORIENTED_EDGE('',*,*,#1573,.T.);
#2122=ORIENTED_EDGE('',*,*,#1574,.T.);
#2123=ORIENTED_EDGE('',*,*,#1575,.T.);
#2124=ORIENTED_EDGE('',*,*,#1576,.F.);
#2125=ORIENTED_EDGE('',*,*,#1577,.T.);
#2126=ORIENTED_EDGE('',*,*,#1578,.T.);
#2127=ORIENTED_EDGE('',*,*,#1483,.T.);
#2128=ORIENTED_EDGE('',*,*,#1579,.T.);
#2129=ORIENTED_EDGE('',*,*,#1580,.F.);
#2130=ORIENTED_EDGE('',*,*,#1581,.T.);
#2131=ORIENTED_EDGE('',*,*,#1582,.T.);
#2132=ORIENTED_EDGE('',*,*,#1583,.T.);
#2133=ORIENTED_EDGE('',*,*,#1584,.T.);
#2134=ORIENTED_EDGE('',*,*,#1585,.T.);
#2135=ORIENTED_EDGE('',*,*,#1586,.T.);
#2136=ORIENTED_EDGE('',*,*,#1587,.F.);
#2137=ORIENTED_EDGE('',*,*,#1588,.T.);
#2138=ORIENTED_EDGE('',*,*,#1589,.T.);
#2139=ORIENTED_EDGE('',*,*,#1476,.T.);
#2140=ORIENTED_EDGE('',*,*,#1590,.F.);
#2141=ORIENTED_EDGE('',*,*,#1591,.T.);
#2142=ORIENTED_EDGE('',*,*,#1592,.T.);
#2143=ORIENTED_EDGE('',*,*,#1472,.T.);
#2144=ORIENTED_EDGE('',*,*,#1593,.T.);
#2145=ORIENTED_EDGE('',*,*,#1594,.T.);
#2146=ORIENTED_EDGE('',*,*,#1595,.T.);
#2147=ORIENTED_EDGE('',*,*,#1596,.T.);
#2148=ORIENTED_EDGE('',*,*,#1597,.T.);
#2149=ORIENTED_EDGE('',*,*,#1598,.T.);
#2150=ORIENTED_EDGE('',*,*,#1599,.T.);
#2151=ORIENTED_EDGE('',*,*,#1600,.T.);
#2152=ORIENTED_EDGE('',*,*,#1601,.T.);
#2153=ORIENTED_EDGE('',*,*,#1469,.T.);
#2154=ORIENTED_EDGE('',*,*,#1602,.F.);
#2155=ORIENTED_EDGE('',*,*,#1603,.T.);
#2156=ORIENTED_EDGE('',*,*,#1604,.F.);
#2157=ORIENTED_EDGE('',*,*,#1605,.T.);
#2158=ORIENTED_EDGE('',*,*,#1606,.T.);
#2159=ORIENTED_EDGE('',*,*,#1461,.T.);
#2160=ORIENTED_EDGE('',*,*,#1607,.T.);
#2161=ORIENTED_EDGE('',*,*,#1544,.F.);
#2162=ORIENTED_EDGE('',*,*,#1543,.F.);
#2163=ORIENTED_EDGE('',*,*,#1608,.T.);
#2164=ORIENTED_EDGE('',*,*,#1609,.T.);
#2165=ORIENTED_EDGE('',*,*,#1568,.F.);
#2166=ORIENTED_EDGE('',*,*,#1610,.T.);
#2167=ORIENTED_EDGE('',*,*,#1611,.T.);
#2168=ORIENTED_EDGE('',*,*,#1574,.F.);
#2169=ORIENTED_EDGE('',*,*,#1612,.T.);
#2170=ORIENTED_EDGE('',*,*,#1613,.T.);
#2171=ORIENTED_EDGE('',*,*,#1614,.T.);
#2172=ORIENTED_EDGE('',*,*,#1615,.T.);
#2173=ORIENTED_EDGE('',*,*,#1458,.F.);
#2174=ORIENTED_EDGE('',*,*,#1616,.F.);
#2175=ORIENTED_EDGE('',*,*,#1614,.F.);
#2176=ORIENTED_EDGE('',*,*,#1617,.F.);
#2177=ORIENTED_EDGE('',*,*,#1615,.F.);
#2178=ORIENTED_EDGE('',*,*,#1617,.T.);
#2179=ORIENTED_EDGE('',*,*,#1616,.T.);
#2180=ORIENTED_EDGE('',*,*,#1524,.F.);
#2181=ORIENTED_EDGE('',*,*,#1585,.F.);
#2182=ORIENTED_EDGE('',*,*,#1584,.F.);
#2183=ORIENTED_EDGE('',*,*,#1618,.T.);
#2184=ORIENTED_EDGE('',*,*,#1619,.T.);
#2185=ORIENTED_EDGE('',*,*,#1310,.F.);
#2186=ORIENTED_EDGE('',*,*,#1456,.T.);
#2187=ORIENTED_EDGE('',*,*,#1460,.T.);
#2188=ORIENTED_EDGE('',*,*,#1454,.F.);
#2189=ORIENTED_EDGE('',*,*,#1451,.F.);
#2190=ORIENTED_EDGE('',*,*,#1314,.T.);
#2191=ORIENTED_EDGE('',*,*,#1453,.T.);
#2192=ORIENTED_EDGE('',*,*,#1449,.F.);
#2193=ORIENTED_EDGE('',*,*,#1306,.F.);
#2194=ORIENTED_EDGE('',*,*,#1450,.T.);
#2195=ORIENTED_EDGE('',*,*,#1452,.T.);
#2196=ORIENTED_EDGE('',*,*,#1448,.F.);
#2197=ORIENTED_EDGE('',*,*,#1445,.F.);
#2198=ORIENTED_EDGE('',*,*,#1316,.T.);
#2199=ORIENTED_EDGE('',*,*,#1447,.T.);
#2200=ORIENTED_EDGE('',*,*,#1620,.F.);
#2201=ORIENTED_EDGE('',*,*,#1438,.F.);
#2202=ORIENTED_EDGE('',*,*,#1621,.F.);
#2203=ORIENTED_EDGE('',*,*,#1446,.T.);
#2204=ORIENTED_EDGE('',*,*,#1620,.T.);
#2205=ORIENTED_EDGE('',*,*,#1439,.F.);
#2206=ORIENTED_EDGE('',*,*,#1621,.T.);
#2207=ORIENTED_EDGE('',*,*,#1444,.T.);
#2208=ORIENTED_EDGE('',*,*,#1622,.T.);
#2209=ORIENTED_EDGE('',*,*,#1623,.T.);
#2210=ORIENTED_EDGE('',*,*,#1624,.T.);
#2211=ORIENTED_EDGE('',*,*,#1625,.T.);
#2212=ORIENTED_EDGE('',*,*,#1626,.T.);
#2213=ORIENTED_EDGE('',*,*,#1627,.T.);
#2214=ORIENTED_EDGE('',*,*,#1628,.F.);
#2215=ORIENTED_EDGE('',*,*,#1463,.F.);
#2216=ORIENTED_EDGE('',*,*,#1628,.T.);
#2217=ORIENTED_EDGE('',*,*,#1629,.F.);
#2218=ORIENTED_EDGE('',*,*,#1630,.F.);
#2219=ORIENTED_EDGE('',*,*,#1464,.T.);
#2220=ORIENTED_EDGE('',*,*,#1630,.T.);
#2221=ORIENTED_EDGE('',*,*,#1631,.T.);
#2222=ORIENTED_EDGE('',*,*,#1632,.F.);
#2223=ORIENTED_EDGE('',*,*,#1465,.F.);
#2224=ORIENTED_EDGE('',*,*,#1632,.T.);
#2225=ORIENTED_EDGE('',*,*,#1633,.F.);
#2226=ORIENTED_EDGE('',*,*,#1634,.F.);
#2227=ORIENTED_EDGE('',*,*,#1466,.T.);
#2228=ORIENTED_EDGE('',*,*,#1634,.T.);
#2229=ORIENTED_EDGE('',*,*,#1635,.T.);
#2230=ORIENTED_EDGE('',*,*,#1636,.F.);
#2231=ORIENTED_EDGE('',*,*,#1467,.F.);
#2232=ORIENTED_EDGE('',*,*,#1636,.T.);
#2233=ORIENTED_EDGE('',*,*,#1637,.F.);
#2234=ORIENTED_EDGE('',*,*,#1432,.F.);
#2235=ORIENTED_EDGE('',*,*,#1638,.F.);
#2236=ORIENTED_EDGE('',*,*,#1602,.T.);
#2237=ORIENTED_EDGE('',*,*,#1468,.T.);
#2238=ORIENTED_EDGE('',*,*,#1638,.T.);
#2239=ORIENTED_EDGE('',*,*,#1437,.T.);
#2240=ORIENTED_EDGE('',*,*,#1639,.F.);
#2241=ORIENTED_EDGE('',*,*,#1603,.F.);
#2242=ORIENTED_EDGE('',*,*,#1639,.T.);
#2243=ORIENTED_EDGE('',*,*,#1436,.F.);
#2244=ORIENTED_EDGE('',*,*,#1640,.F.);
#2245=ORIENTED_EDGE('',*,*,#1604,.T.);
#2246=ORIENTED_EDGE('',*,*,#1640,.T.);
#2247=ORIENTED_EDGE('',*,*,#1435,.T.);
#2248=ORIENTED_EDGE('',*,*,#1641,.F.);
#2249=ORIENTED_EDGE('',*,*,#1605,.F.);
#2250=ORIENTED_EDGE('',*,*,#1433,.F.);
#2251=ORIENTED_EDGE('',*,*,#1637,.T.);
#2252=ORIENTED_EDGE('',*,*,#1635,.F.);
#2253=ORIENTED_EDGE('',*,*,#1633,.T.);
#2254=ORIENTED_EDGE('',*,*,#1631,.F.);
#2255=ORIENTED_EDGE('',*,*,#1629,.T.);
#2256=ORIENTED_EDGE('',*,*,#1627,.F.);
#2257=ORIENTED_EDGE('',*,*,#1642,.F.);
#2258=ORIENTED_EDGE('',*,*,#1606,.F.);
#2259=ORIENTED_EDGE('',*,*,#1641,.T.);
#2260=ORIENTED_EDGE('',*,*,#1434,.T.);
#2261=ORIENTED_EDGE('',*,*,#1642,.T.);
#2262=ORIENTED_EDGE('',*,*,#1626,.F.);
#2263=ORIENTED_EDGE('',*,*,#1462,.F.);
#2264=ORIENTED_EDGE('',*,*,#1643,.T.);
#2265=ORIENTED_EDGE('',*,*,#1427,.T.);
#2266=ORIENTED_EDGE('',*,*,#1644,.F.);
#2267=ORIENTED_EDGE('',*,*,#1599,.F.);
#2268=ORIENTED_EDGE('',*,*,#1644,.T.);
#2269=ORIENTED_EDGE('',*,*,#1426,.T.);
#2270=ORIENTED_EDGE('',*,*,#1645,.F.);
#2271=ORIENTED_EDGE('',*,*,#1600,.F.);
#2272=ORIENTED_EDGE('',*,*,#1645,.T.);
#2273=ORIENTED_EDGE('',*,*,#1425,.T.);
#2274=ORIENTED_EDGE('',*,*,#1646,.T.);
#2275=ORIENTED_EDGE('',*,*,#1647,.F.);
#2276=ORIENTED_EDGE('',*,*,#1470,.F.);
#2277=ORIENTED_EDGE('',*,*,#1601,.F.);
#2278=ORIENTED_EDGE('',*,*,#1647,.T.);
#2279=ORIENTED_EDGE('',*,*,#1648,.T.);
#2280=ORIENTED_EDGE('',*,*,#1417,.T.);
#2281=ORIENTED_EDGE('',*,*,#1649,.F.);
#2282=ORIENTED_EDGE('',*,*,#1593,.F.);
#2283=ORIENTED_EDGE('',*,*,#1471,.F.);
#2284=ORIENTED_EDGE('',*,*,#1649,.T.);
#2285=ORIENTED_EDGE('',*,*,#1416,.T.);
#2286=ORIENTED_EDGE('',*,*,#1650,.F.);
#2287=ORIENTED_EDGE('',*,*,#1594,.F.);
#2288=ORIENTED_EDGE('',*,*,#1650,.T.);
#2289=ORIENTED_EDGE('',*,*,#1431,.T.);
#2290=ORIENTED_EDGE('',*,*,#1651,.F.);
#2291=ORIENTED_EDGE('',*,*,#1595,.F.);
#2292=ORIENTED_EDGE('',*,*,#1651,.T.);
#2293=ORIENTED_EDGE('',*,*,#1430,.T.);
#2294=ORIENTED_EDGE('',*,*,#1652,.F.);
#2295=ORIENTED_EDGE('',*,*,#1596,.F.);
#2296=ORIENTED_EDGE('',*,*,#1652,.T.);
#2297=ORIENTED_EDGE('',*,*,#1429,.T.);
#2298=ORIENTED_EDGE('',*,*,#1653,.F.);
#2299=ORIENTED_EDGE('',*,*,#1597,.F.);
#2300=ORIENTED_EDGE('',*,*,#1654,.F.);
#2301=ORIENTED_EDGE('',*,*,#1419,.F.);
#2302=ORIENTED_EDGE('',*,*,#1418,.F.);
#2303=ORIENTED_EDGE('',*,*,#1648,.F.);
#2304=ORIENTED_EDGE('',*,*,#1646,.F.);
#2305=ORIENTED_EDGE('',*,*,#1424,.F.);
#2306=ORIENTED_EDGE('',*,*,#1423,.F.);
#2307=ORIENTED_EDGE('',*,*,#1655,.F.);
#2308=ORIENTED_EDGE('',*,*,#1656,.F.);
#2309=ORIENTED_EDGE('',*,*,#1598,.F.);
#2310=ORIENTED_EDGE('',*,*,#1653,.T.);
#2311=ORIENTED_EDGE('',*,*,#1428,.T.);
#2312=ORIENTED_EDGE('',*,*,#1643,.F.);
#2313=ORIENTED_EDGE('',*,*,#1657,.F.);
#2314=ORIENTED_EDGE('',*,*,#1420,.T.);
#2315=ORIENTED_EDGE('',*,*,#1654,.T.);
#2316=ORIENTED_EDGE('',*,*,#1658,.T.);
#2317=ORIENTED_EDGE('',*,*,#1659,.F.);
#2318=ORIENTED_EDGE('',*,*,#1411,.F.);
#2319=ORIENTED_EDGE('',*,*,#1658,.F.);
#2320=ORIENTED_EDGE('',*,*,#1656,.T.);
#2321=ORIENTED_EDGE('',*,*,#1660,.T.);
#2322=ORIENTED_EDGE('',*,*,#1661,.F.);
#2323=ORIENTED_EDGE('',*,*,#1660,.F.);
#2324=ORIENTED_EDGE('',*,*,#1655,.T.);
#2325=ORIENTED_EDGE('',*,*,#1422,.T.);
#2326=ORIENTED_EDGE('',*,*,#1662,.T.);
#2327=ORIENTED_EDGE('',*,*,#1414,.F.);
#2328=ORIENTED_EDGE('',*,*,#1663,.F.);
#2329=ORIENTED_EDGE('',*,*,#1421,.T.);
#2330=ORIENTED_EDGE('',*,*,#1657,.T.);
#2331=ORIENTED_EDGE('',*,*,#1415,.F.);
#2332=ORIENTED_EDGE('',*,*,#1662,.F.);
#2333=ORIENTED_EDGE('',*,*,#1663,.T.);
#2334=ORIENTED_EDGE('',*,*,#1413,.F.);
#2335=ORIENTED_EDGE('',*,*,#1412,.F.);
#2336=ORIENTED_EDGE('',*,*,#1659,.T.);
#2337=ORIENTED_EDGE('',*,*,#1661,.T.);
#2338=ORIENTED_EDGE('',*,*,#1664,.T.);
#2339=ORIENTED_EDGE('',*,*,#1665,.T.);
#2340=ORIENTED_EDGE('',*,*,#1666,.F.);
#2341=ORIENTED_EDGE('',*,*,#1522,.F.);
#2342=ORIENTED_EDGE('',*,*,#1666,.T.);
#2343=ORIENTED_EDGE('',*,*,#1667,.F.);
#2344=ORIENTED_EDGE('',*,*,#1668,.F.);
#2345=ORIENTED_EDGE('',*,*,#1523,.T.);
#2346=ORIENTED_EDGE('',*,*,#1668,.T.);
#2347=ORIENTED_EDGE('',*,*,#1669,.T.);
#2348=ORIENTED_EDGE('',*,*,#1670,.F.);
#2349=ORIENTED_EDGE('',*,*,#1520,.F.);
#2350=ORIENTED_EDGE('',*,*,#1669,.F.);
#2351=ORIENTED_EDGE('',*,*,#1667,.T.);
#2352=ORIENTED_EDGE('',*,*,#1665,.F.);
#2353=ORIENTED_EDGE('',*,*,#1671,.F.);
#2354=ORIENTED_EDGE('',*,*,#1521,.F.);
#2355=ORIENTED_EDGE('',*,*,#1670,.T.);
#2356=ORIENTED_EDGE('',*,*,#1671,.T.);
#2357=ORIENTED_EDGE('',*,*,#1664,.F.);
#2358=ORIENTED_EDGE('',*,*,#1672,.T.);
#2359=ORIENTED_EDGE('',*,*,#1673,.T.);
#2360=ORIENTED_EDGE('',*,*,#1674,.F.);
#2361=ORIENTED_EDGE('',*,*,#1474,.F.);
#2362=ORIENTED_EDGE('',*,*,#1674,.T.);
#2363=ORIENTED_EDGE('',*,*,#1675,.F.);
#2364=ORIENTED_EDGE('',*,*,#1407,.F.);
#2365=ORIENTED_EDGE('',*,*,#1676,.F.);
#2366=ORIENTED_EDGE('',*,*,#1590,.T.);
#2367=ORIENTED_EDGE('',*,*,#1475,.T.);
#2368=ORIENTED_EDGE('',*,*,#1676,.T.);
#2369=ORIENTED_EDGE('',*,*,#1410,.T.);
#2370=ORIENTED_EDGE('',*,*,#1677,.F.);
#2371=ORIENTED_EDGE('',*,*,#1591,.F.);
#2372=ORIENTED_EDGE('',*,*,#1408,.F.);
#2373=ORIENTED_EDGE('',*,*,#1675,.T.);
#2374=ORIENTED_EDGE('',*,*,#1673,.F.);
#2375=ORIENTED_EDGE('',*,*,#1678,.F.);
#2376=ORIENTED_EDGE('',*,*,#1592,.F.);
#2377=ORIENTED_EDGE('',*,*,#1677,.T.);
#2378=ORIENTED_EDGE('',*,*,#1409,.T.);
#2379=ORIENTED_EDGE('',*,*,#1678,.T.);
#2380=ORIENTED_EDGE('',*,*,#1672,.F.);
#2381=ORIENTED_EDGE('',*,*,#1473,.F.);
#2382=ORIENTED_EDGE('',*,*,#1679,.T.);
#2383=ORIENTED_EDGE('',*,*,#1680,.T.);
#2384=ORIENTED_EDGE('',*,*,#1681,.F.);
#2385=ORIENTED_EDGE('',*,*,#1478,.F.);
#2386=ORIENTED_EDGE('',*,*,#1681,.T.);
#2387=ORIENTED_EDGE('',*,*,#1682,.F.);
#2388=ORIENTED_EDGE('',*,*,#1683,.F.);
#2389=ORIENTED_EDGE('',*,*,#1479,.T.);
#2390=ORIENTED_EDGE('',*,*,#1683,.T.);
#2391=ORIENTED_EDGE('',*,*,#1684,.T.);
#2392=ORIENTED_EDGE('',*,*,#1685,.F.);
#2393=ORIENTED_EDGE('',*,*,#1480,.F.);
#2394=ORIENTED_EDGE('',*,*,#1685,.T.);
#2395=ORIENTED_EDGE('',*,*,#1686,.T.);
#2396=ORIENTED_EDGE('',*,*,#1687,.F.);
#2397=ORIENTED_EDGE('',*,*,#1481,.F.);
#2398=ORIENTED_EDGE('',*,*,#1687,.T.);
#2399=ORIENTED_EDGE('',*,*,#1688,.T.);
#2400=ORIENTED_EDGE('',*,*,#1396,.T.);
#2401=ORIENTED_EDGE('',*,*,#1689,.F.);
#2402=ORIENTED_EDGE('',*,*,#1579,.F.);
#2403=ORIENTED_EDGE('',*,*,#1482,.F.);
#2404=ORIENTED_EDGE('',*,*,#1689,.T.);
#2405=ORIENTED_EDGE('',*,*,#1401,.F.);
#2406=ORIENTED_EDGE('',*,*,#1690,.F.);
#2407=ORIENTED_EDGE('',*,*,#1580,.T.);
#2408=ORIENTED_EDGE('',*,*,#1690,.T.);
#2409=ORIENTED_EDGE('',*,*,#1400,.T.);
#2410=ORIENTED_EDGE('',*,*,#1691,.F.);
#2411=ORIENTED_EDGE('',*,*,#1581,.F.);
#2412=ORIENTED_EDGE('',*,*,#1691,.T.);
#2413=ORIENTED_EDGE('',*,*,#1399,.T.);
#2414=ORIENTED_EDGE('',*,*,#1692,.F.);
#2415=ORIENTED_EDGE('',*,*,#1582,.F.);
#2416=ORIENTED_EDGE('',*,*,#1692,.T.);
#2417=ORIENTED_EDGE('',*,*,#1398,.T.);
#2418=ORIENTED_EDGE('',*,*,#1693,.T.);
#2419=ORIENTED_EDGE('',*,*,#1694,.F.);
#2420=ORIENTED_EDGE('',*,*,#1618,.F.);
#2421=ORIENTED_EDGE('',*,*,#1583,.F.);
#2422=ORIENTED_EDGE('',*,*,#1694,.T.);
#2423=ORIENTED_EDGE('',*,*,#1695,.T.);
#2424=ORIENTED_EDGE('',*,*,#1402,.T.);
#2425=ORIENTED_EDGE('',*,*,#1696,.F.);
#2426=ORIENTED_EDGE('',*,*,#1586,.F.);
#2427=ORIENTED_EDGE('',*,*,#1619,.F.);
#2428=ORIENTED_EDGE('',*,*,#1696,.T.);
#2429=ORIENTED_EDGE('',*,*,#1406,.F.);
#2430=ORIENTED_EDGE('',*,*,#1697,.F.);
#2431=ORIENTED_EDGE('',*,*,#1587,.T.);
#2432=ORIENTED_EDGE('',*,*,#1697,.T.);
#2433=ORIENTED_EDGE('',*,*,#1405,.T.);
#2434=ORIENTED_EDGE('',*,*,#1698,.F.);
#2435=ORIENTED_EDGE('',*,*,#1588,.F.);
#2436=ORIENTED_EDGE('',*,*,#1397,.F.);
#2437=ORIENTED_EDGE('',*,*,#1688,.F.);
#2438=ORIENTED_EDGE('',*,*,#1686,.F.);
#2439=ORIENTED_EDGE('',*,*,#1684,.F.);
#2440=ORIENTED_EDGE('',*,*,#1682,.T.);
#2441=ORIENTED_EDGE('',*,*,#1680,.F.);
#2442=ORIENTED_EDGE('',*,*,#1699,.F.);
#2443=ORIENTED_EDGE('',*,*,#1403,.F.);
#2444=ORIENTED_EDGE('',*,*,#1695,.F.);
#2445=ORIENTED_EDGE('',*,*,#1693,.F.);
#2446=ORIENTED_EDGE('',*,*,#1589,.F.);
#2447=ORIENTED_EDGE('',*,*,#1698,.T.);
#2448=ORIENTED_EDGE('',*,*,#1404,.T.);
#2449=ORIENTED_EDGE('',*,*,#1699,.T.);
#2450=ORIENTED_EDGE('',*,*,#1679,.F.);
#2451=ORIENTED_EDGE('',*,*,#1477,.F.);
#2452=ORIENTED_EDGE('',*,*,#1700,.T.);
#2453=ORIENTED_EDGE('',*,*,#1701,.T.);
#2454=ORIENTED_EDGE('',*,*,#1702,.F.);
#2455=ORIENTED_EDGE('',*,*,#1485,.F.);
#2456=ORIENTED_EDGE('',*,*,#1702,.T.);
#2457=ORIENTED_EDGE('',*,*,#1703,.F.);
#2458=ORIENTED_EDGE('',*,*,#1704,.F.);
#2459=ORIENTED_EDGE('',*,*,#1486,.T.);
#2460=ORIENTED_EDGE('',*,*,#1704,.T.);
#2461=ORIENTED_EDGE('',*,*,#1705,.T.);
#2462=ORIENTED_EDGE('',*,*,#1706,.F.);
#2463=ORIENTED_EDGE('',*,*,#1487,.F.);
#2464=ORIENTED_EDGE('',*,*,#1706,.T.);
#2465=ORIENTED_EDGE('',*,*,#1707,.T.);
#2466=ORIENTED_EDGE('',*,*,#1708,.F.);
#2467=ORIENTED_EDGE('',*,*,#1488,.F.);
#2468=ORIENTED_EDGE('',*,*,#1708,.T.);
#2469=ORIENTED_EDGE('',*,*,#1709,.T.);
#2470=ORIENTED_EDGE('',*,*,#1710,.F.);
#2471=ORIENTED_EDGE('',*,*,#1489,.F.);
#2472=ORIENTED_EDGE('',*,*,#1710,.T.);
#2473=ORIENTED_EDGE('',*,*,#1711,.T.);
#2474=ORIENTED_EDGE('',*,*,#1377,.T.);
#2475=ORIENTED_EDGE('',*,*,#1712,.F.);
#2476=ORIENTED_EDGE('',*,*,#1563,.F.);
#2477=ORIENTED_EDGE('',*,*,#1490,.F.);
#2478=ORIENTED_EDGE('',*,*,#1712,.T.);
#2479=ORIENTED_EDGE('',*,*,#1383,.F.);
#2480=ORIENTED_EDGE('',*,*,#1713,.F.);
#2481=ORIENTED_EDGE('',*,*,#1564,.T.);
#2482=ORIENTED_EDGE('',*,*,#1713,.T.);
#2483=ORIENTED_EDGE('',*,*,#1382,.T.);
#2484=ORIENTED_EDGE('',*,*,#1714,.F.);
#2485=ORIENTED_EDGE('',*,*,#1565,.F.);
#2486=ORIENTED_EDGE('',*,*,#1714,.T.);
#2487=ORIENTED_EDGE('',*,*,#1381,.T.);
#2488=ORIENTED_EDGE('',*,*,#1715,.F.);
#2489=ORIENTED_EDGE('',*,*,#1566,.F.);
#2490=ORIENTED_EDGE('',*,*,#1715,.T.);
#2491=ORIENTED_EDGE('',*,*,#1380,.T.);
#2492=ORIENTED_EDGE('',*,*,#1716,.T.);
#2493=ORIENTED_EDGE('',*,*,#1717,.F.);
#2494=ORIENTED_EDGE('',*,*,#1610,.F.);
#2495=ORIENTED_EDGE('',*,*,#1567,.F.);
#2496=ORIENTED_EDGE('',*,*,#1717,.T.);
#2497=ORIENTED_EDGE('',*,*,#1718,.T.);
#2498=ORIENTED_EDGE('',*,*,#1384,.T.);
#2499=ORIENTED_EDGE('',*,*,#1719,.F.);
#2500=ORIENTED_EDGE('',*,*,#1569,.F.);
#2501=ORIENTED_EDGE('',*,*,#1611,.F.);
#2502=ORIENTED_EDGE('',*,*,#1719,.T.);
#2503=ORIENTED_EDGE('',*,*,#1390,.F.);
#2504=ORIENTED_EDGE('',*,*,#1720,.F.);
#2505=ORIENTED_EDGE('',*,*,#1570,.T.);
#2506=ORIENTED_EDGE('',*,*,#1720,.T.);
#2507=ORIENTED_EDGE('',*,*,#1389,.T.);
#2508=ORIENTED_EDGE('',*,*,#1721,.F.);
#2509=ORIENTED_EDGE('',*,*,#1571,.F.);
#2510=ORIENTED_EDGE('',*,*,#1721,.T.);
#2511=ORIENTED_EDGE('',*,*,#1388,.T.);
#2512=ORIENTED_EDGE('',*,*,#1722,.F.);
#2513=ORIENTED_EDGE('',*,*,#1572,.F.);
#2514=ORIENTED_EDGE('',*,*,#1722,.T.);
#2515=ORIENTED_EDGE('',*,*,#1387,.T.);
#2516=ORIENTED_EDGE('',*,*,#1723,.T.);
#2517=ORIENTED_EDGE('',*,*,#1724,.F.);
#2518=ORIENTED_EDGE('',*,*,#1612,.F.);
#2519=ORIENTED_EDGE('',*,*,#1573,.F.);
#2520=ORIENTED_EDGE('',*,*,#1724,.T.);
#2521=ORIENTED_EDGE('',*,*,#1725,.T.);
#2522=ORIENTED_EDGE('',*,*,#1391,.T.);
#2523=ORIENTED_EDGE('',*,*,#1726,.F.);
#2524=ORIENTED_EDGE('',*,*,#1575,.F.);
#2525=ORIENTED_EDGE('',*,*,#1613,.F.);
#2526=ORIENTED_EDGE('',*,*,#1726,.T.);
#2527=ORIENTED_EDGE('',*,*,#1395,.F.);
#2528=ORIENTED_EDGE('',*,*,#1727,.F.);
#2529=ORIENTED_EDGE('',*,*,#1576,.T.);
#2530=ORIENTED_EDGE('',*,*,#1727,.T.);
#2531=ORIENTED_EDGE('',*,*,#1394,.T.);
#2532=ORIENTED_EDGE('',*,*,#1728,.F.);
#2533=ORIENTED_EDGE('',*,*,#1577,.F.);
#2534=ORIENTED_EDGE('',*,*,#1716,.F.);
#2535=ORIENTED_EDGE('',*,*,#1379,.F.);
#2536=ORIENTED_EDGE('',*,*,#1378,.F.);
#2537=ORIENTED_EDGE('',*,*,#1711,.F.);
#2538=ORIENTED_EDGE('',*,*,#1709,.F.);
#2539=ORIENTED_EDGE('',*,*,#1707,.F.);
#2540=ORIENTED_EDGE('',*,*,#1705,.F.);
#2541=ORIENTED_EDGE('',*,*,#1703,.T.);
#2542=ORIENTED_EDGE('',*,*,#1701,.F.);
#2543=ORIENTED_EDGE('',*,*,#1729,.F.);
#2544=ORIENTED_EDGE('',*,*,#1392,.F.);
#2545=ORIENTED_EDGE('',*,*,#1725,.F.);
#2546=ORIENTED_EDGE('',*,*,#1723,.F.);
#2547=ORIENTED_EDGE('',*,*,#1386,.F.);
#2548=ORIENTED_EDGE('',*,*,#1385,.F.);
#2549=ORIENTED_EDGE('',*,*,#1718,.F.);
#2550=ORIENTED_EDGE('',*,*,#1578,.F.);
#2551=ORIENTED_EDGE('',*,*,#1728,.T.);
#2552=ORIENTED_EDGE('',*,*,#1393,.T.);
#2553=ORIENTED_EDGE('',*,*,#1729,.T.);
#2554=ORIENTED_EDGE('',*,*,#1700,.F.);
#2555=ORIENTED_EDGE('',*,*,#1484,.F.);
#2556=ORIENTED_EDGE('',*,*,#1730,.T.);
#2557=ORIENTED_EDGE('',*,*,#1372,.T.);
#2558=ORIENTED_EDGE('',*,*,#1731,.F.);
#2559=ORIENTED_EDGE('',*,*,#1560,.F.);
#2560=ORIENTED_EDGE('',*,*,#1731,.T.);
#2561=ORIENTED_EDGE('',*,*,#1371,.T.);
#2562=ORIENTED_EDGE('',*,*,#1732,.F.);
#2563=ORIENTED_EDGE('',*,*,#1561,.F.);
#2564=ORIENTED_EDGE('',*,*,#1732,.T.);
#2565=ORIENTED_EDGE('',*,*,#1370,.T.);
#2566=ORIENTED_EDGE('',*,*,#1733,.T.);
#2567=ORIENTED_EDGE('',*,*,#1734,.F.);
#2568=ORIENTED_EDGE('',*,*,#1493,.F.);
#2569=ORIENTED_EDGE('',*,*,#1562,.F.);
#2570=ORIENTED_EDGE('',*,*,#1734,.T.);
#2571=ORIENTED_EDGE('',*,*,#1735,.T.);
#2572=ORIENTED_EDGE('',*,*,#1362,.T.);
#2573=ORIENTED_EDGE('',*,*,#1736,.F.);
#2574=ORIENTED_EDGE('',*,*,#1554,.F.);
#2575=ORIENTED_EDGE('',*,*,#1494,.F.);
#2576=ORIENTED_EDGE('',*,*,#1736,.T.);
#2577=ORIENTED_EDGE('',*,*,#1361,.T.);
#2578=ORIENTED_EDGE('',*,*,#1737,.F.);
#2579=ORIENTED_EDGE('',*,*,#1555,.F.);
#2580=ORIENTED_EDGE('',*,*,#1737,.T.);
#2581=ORIENTED_EDGE('',*,*,#1376,.T.);
#2582=ORIENTED_EDGE('',*,*,#1738,.F.);
#2583=ORIENTED_EDGE('',*,*,#1556,.F.);
#2584=ORIENTED_EDGE('',*,*,#1738,.T.);
#2585=ORIENTED_EDGE('',*,*,#1375,.T.);
#2586=ORIENTED_EDGE('',*,*,#1739,.F.);
#2587=ORIENTED_EDGE('',*,*,#1557,.F.);
#2588=ORIENTED_EDGE('',*,*,#1739,.T.);
#2589=ORIENTED_EDGE('',*,*,#1374,.T.);
#2590=ORIENTED_EDGE('',*,*,#1740,.F.);
#2591=ORIENTED_EDGE('',*,*,#1558,.F.);
#2592=ORIENTED_EDGE('',*,*,#1741,.F.);
#2593=ORIENTED_EDGE('',*,*,#1364,.F.);
#2594=ORIENTED_EDGE('',*,*,#1363,.F.);
#2595=ORIENTED_EDGE('',*,*,#1735,.F.);
#2596=ORIENTED_EDGE('',*,*,#1733,.F.);
#2597=ORIENTED_EDGE('',*,*,#1369,.F.);
#2598=ORIENTED_EDGE('',*,*,#1368,.F.);
#2599=ORIENTED_EDGE('',*,*,#1742,.F.);
#2600=ORIENTED_EDGE('',*,*,#1743,.F.);
#2601=ORIENTED_EDGE('',*,*,#1559,.F.);
#2602=ORIENTED_EDGE('',*,*,#1740,.T.);
#2603=ORIENTED_EDGE('',*,*,#1373,.T.);
#2604=ORIENTED_EDGE('',*,*,#1730,.F.);
#2605=ORIENTED_EDGE('',*,*,#1744,.F.);
#2606=ORIENTED_EDGE('',*,*,#1365,.T.);
#2607=ORIENTED_EDGE('',*,*,#1741,.T.);
#2608=ORIENTED_EDGE('',*,*,#1745,.T.);
#2609=ORIENTED_EDGE('',*,*,#1746,.F.);
#2610=ORIENTED_EDGE('',*,*,#1356,.F.);
#2611=ORIENTED_EDGE('',*,*,#1745,.F.);
#2612=ORIENTED_EDGE('',*,*,#1743,.T.);
#2613=ORIENTED_EDGE('',*,*,#1747,.T.);
#2614=ORIENTED_EDGE('',*,*,#1748,.F.);
#2615=ORIENTED_EDGE('',*,*,#1747,.F.);
#2616=ORIENTED_EDGE('',*,*,#1742,.T.);
#2617=ORIENTED_EDGE('',*,*,#1367,.T.);
#2618=ORIENTED_EDGE('',*,*,#1749,.T.);
#2619=ORIENTED_EDGE('',*,*,#1359,.F.);
#2620=ORIENTED_EDGE('',*,*,#1750,.F.);
#2621=ORIENTED_EDGE('',*,*,#1366,.T.);
#2622=ORIENTED_EDGE('',*,*,#1744,.T.);
#2623=ORIENTED_EDGE('',*,*,#1360,.F.);
#2624=ORIENTED_EDGE('',*,*,#1749,.F.);
#2625=ORIENTED_EDGE('',*,*,#1750,.T.);
#2626=ORIENTED_EDGE('',*,*,#1358,.F.);
#2627=ORIENTED_EDGE('',*,*,#1357,.F.);
#2628=ORIENTED_EDGE('',*,*,#1746,.T.);
#2629=ORIENTED_EDGE('',*,*,#1748,.T.);
#2630=ORIENTED_EDGE('',*,*,#1751,.T.);
#2631=ORIENTED_EDGE('',*,*,#1352,.T.);
#2632=ORIENTED_EDGE('',*,*,#1752,.F.);
#2633=ORIENTED_EDGE('',*,*,#1551,.F.);
#2634=ORIENTED_EDGE('',*,*,#1752,.T.);
#2635=ORIENTED_EDGE('',*,*,#1351,.T.);
#2636=ORIENTED_EDGE('',*,*,#1753,.F.);
#2637=ORIENTED_EDGE('',*,*,#1552,.F.);
#2638=ORIENTED_EDGE('',*,*,#1753,.T.);
#2639=ORIENTED_EDGE('',*,*,#1350,.T.);
#2640=ORIENTED_EDGE('',*,*,#1754,.T.);
#2641=ORIENTED_EDGE('',*,*,#1755,.F.);
#2642=ORIENTED_EDGE('',*,*,#1496,.F.);
#2643=ORIENTED_EDGE('',*,*,#1553,.F.);
#2644=ORIENTED_EDGE('',*,*,#1755,.T.);
#2645=ORIENTED_EDGE('',*,*,#1756,.T.);
#2646=ORIENTED_EDGE('',*,*,#1757,.F.);
#2647=ORIENTED_EDGE('',*,*,#1497,.F.);
#2648=ORIENTED_EDGE('',*,*,#1757,.T.);
#2649=ORIENTED_EDGE('',*,*,#1758,.T.);
#2650=ORIENTED_EDGE('',*,*,#1759,.F.);
#2651=ORIENTED_EDGE('',*,*,#1498,.F.);
#2652=ORIENTED_EDGE('',*,*,#1759,.T.);
#2653=ORIENTED_EDGE('',*,*,#1760,.T.);
#2654=ORIENTED_EDGE('',*,*,#1761,.F.);
#2655=ORIENTED_EDGE('',*,*,#1499,.F.);
#2656=ORIENTED_EDGE('',*,*,#1761,.T.);
#2657=ORIENTED_EDGE('',*,*,#1762,.T.);
#2658=ORIENTED_EDGE('',*,*,#1763,.F.);
#2659=ORIENTED_EDGE('',*,*,#1500,.F.);
#2660=ORIENTED_EDGE('',*,*,#1763,.T.);
#2661=ORIENTED_EDGE('',*,*,#1764,.T.);
#2662=ORIENTED_EDGE('',*,*,#1765,.F.);
#2663=ORIENTED_EDGE('',*,*,#1501,.F.);
#2664=ORIENTED_EDGE('',*,*,#1765,.T.);
#2665=ORIENTED_EDGE('',*,*,#1766,.F.);
#2666=ORIENTED_EDGE('',*,*,#1767,.F.);
#2667=ORIENTED_EDGE('',*,*,#1502,.T.);
#2668=ORIENTED_EDGE('',*,*,#1767,.T.);
#2669=ORIENTED_EDGE('',*,*,#1768,.T.);
#2670=ORIENTED_EDGE('',*,*,#1769,.F.);
#2671=ORIENTED_EDGE('',*,*,#1503,.F.);
#2672=ORIENTED_EDGE('',*,*,#1769,.T.);
#2673=ORIENTED_EDGE('',*,*,#1770,.F.);
#2674=ORIENTED_EDGE('',*,*,#1771,.F.);
#2675=ORIENTED_EDGE('',*,*,#1504,.T.);
#2676=ORIENTED_EDGE('',*,*,#1771,.T.);
#2677=ORIENTED_EDGE('',*,*,#1772,.T.);
#2678=ORIENTED_EDGE('',*,*,#1773,.F.);
#2679=ORIENTED_EDGE('',*,*,#1505,.F.);
#2680=ORIENTED_EDGE('',*,*,#1773,.T.);
#2681=ORIENTED_EDGE('',*,*,#1774,.F.);
#2682=ORIENTED_EDGE('',*,*,#1348,.F.);
#2683=ORIENTED_EDGE('',*,*,#1775,.F.);
#2684=ORIENTED_EDGE('',*,*,#1547,.T.);
#2685=ORIENTED_EDGE('',*,*,#1506,.T.);
#2686=ORIENTED_EDGE('',*,*,#1775,.T.);
#2687=ORIENTED_EDGE('',*,*,#1355,.T.);
#2688=ORIENTED_EDGE('',*,*,#1776,.F.);
#2689=ORIENTED_EDGE('',*,*,#1548,.F.);
#2690=ORIENTED_EDGE('',*,*,#1776,.T.);
#2691=ORIENTED_EDGE('',*,*,#1354,.T.);
#2692=ORIENTED_EDGE('',*,*,#1777,.F.);
#2693=ORIENTED_EDGE('',*,*,#1549,.F.);
#2694=ORIENTED_EDGE('',*,*,#1349,.F.);
#2695=ORIENTED_EDGE('',*,*,#1774,.T.);
#2696=ORIENTED_EDGE('',*,*,#1772,.F.);
#2697=ORIENTED_EDGE('',*,*,#1770,.T.);
#2698=ORIENTED_EDGE('',*,*,#1768,.F.);
#2699=ORIENTED_EDGE('',*,*,#1766,.T.);
#2700=ORIENTED_EDGE('',*,*,#1764,.F.);
#2701=ORIENTED_EDGE('',*,*,#1762,.F.);
#2702=ORIENTED_EDGE('',*,*,#1760,.F.);
#2703=ORIENTED_EDGE('',*,*,#1758,.F.);
#2704=ORIENTED_EDGE('',*,*,#1756,.F.);
#2705=ORIENTED_EDGE('',*,*,#1754,.F.);
#2706=ORIENTED_EDGE('',*,*,#1550,.F.);
#2707=ORIENTED_EDGE('',*,*,#1777,.T.);
#2708=ORIENTED_EDGE('',*,*,#1353,.T.);
#2709=ORIENTED_EDGE('',*,*,#1751,.F.);
#2710=ORIENTED_EDGE('',*,*,#1778,.T.);
#2711=ORIENTED_EDGE('',*,*,#1334,.T.);
#2712=ORIENTED_EDGE('',*,*,#1779,.F.);
#2713=ORIENTED_EDGE('',*,*,#1537,.F.);
#2714=ORIENTED_EDGE('',*,*,#1779,.T.);
#2715=ORIENTED_EDGE('',*,*,#1333,.T.);
#2716=ORIENTED_EDGE('',*,*,#1780,.F.);
#2717=ORIENTED_EDGE('',*,*,#1538,.F.);
#2718=ORIENTED_EDGE('',*,*,#1780,.T.);
#2719=ORIENTED_EDGE('',*,*,#1332,.T.);
#2720=ORIENTED_EDGE('',*,*,#1781,.F.);
#2721=ORIENTED_EDGE('',*,*,#1539,.F.);
#2722=ORIENTED_EDGE('',*,*,#1781,.T.);
#2723=ORIENTED_EDGE('',*,*,#1331,.T.);
#2724=ORIENTED_EDGE('',*,*,#1782,.F.);
#2725=ORIENTED_EDGE('',*,*,#1540,.F.);
#2726=ORIENTED_EDGE('',*,*,#1782,.T.);
#2727=ORIENTED_EDGE('',*,*,#1330,.T.);
#2728=ORIENTED_EDGE('',*,*,#1783,.F.);
#2729=ORIENTED_EDGE('',*,*,#1541,.F.);
#2730=ORIENTED_EDGE('',*,*,#1783,.T.);
#2731=ORIENTED_EDGE('',*,*,#1329,.T.);
#2732=ORIENTED_EDGE('',*,*,#1784,.T.);
#2733=ORIENTED_EDGE('',*,*,#1785,.F.);
#2734=ORIENTED_EDGE('',*,*,#1608,.F.);
#2735=ORIENTED_EDGE('',*,*,#1542,.F.);
#2736=ORIENTED_EDGE('',*,*,#1785,.T.);
#2737=ORIENTED_EDGE('',*,*,#1786,.T.);
#2738=ORIENTED_EDGE('',*,*,#1787,.F.);
#2739=ORIENTED_EDGE('',*,*,#1609,.F.);
#2740=ORIENTED_EDGE('',*,*,#1787,.T.);
#2741=ORIENTED_EDGE('',*,*,#1788,.T.);
#2742=ORIENTED_EDGE('',*,*,#1345,.T.);
#2743=ORIENTED_EDGE('',*,*,#1789,.F.);
#2744=ORIENTED_EDGE('',*,*,#1545,.F.);
#2745=ORIENTED_EDGE('',*,*,#1607,.F.);
#2746=ORIENTED_EDGE('',*,*,#1789,.T.);
#2747=ORIENTED_EDGE('',*,*,#1347,.T.);
#2748=ORIENTED_EDGE('',*,*,#1790,.T.);
#2749=ORIENTED_EDGE('',*,*,#1791,.F.);
#2750=ORIENTED_EDGE('',*,*,#1508,.F.);
#2751=ORIENTED_EDGE('',*,*,#1546,.F.);
#2752=ORIENTED_EDGE('',*,*,#1791,.T.);
#2753=ORIENTED_EDGE('',*,*,#1792,.T.);
#2754=ORIENTED_EDGE('',*,*,#1793,.F.);
#2755=ORIENTED_EDGE('',*,*,#1509,.F.);
#2756=ORIENTED_EDGE('',*,*,#1793,.T.);
#2757=ORIENTED_EDGE('',*,*,#1794,.T.);
#2758=ORIENTED_EDGE('',*,*,#1795,.F.);
#2759=ORIENTED_EDGE('',*,*,#1510,.F.);
#2760=ORIENTED_EDGE('',*,*,#1795,.T.);
#2761=ORIENTED_EDGE('',*,*,#1796,.T.);
#2762=ORIENTED_EDGE('',*,*,#1326,.T.);
#2763=ORIENTED_EDGE('',*,*,#1797,.F.);
#2764=ORIENTED_EDGE('',*,*,#1531,.F.);
#2765=ORIENTED_EDGE('',*,*,#1511,.F.);
#2766=ORIENTED_EDGE('',*,*,#1797,.T.);
#2767=ORIENTED_EDGE('',*,*,#1325,.F.);
#2768=ORIENTED_EDGE('',*,*,#1798,.F.);
#2769=ORIENTED_EDGE('',*,*,#1532,.T.);
#2770=ORIENTED_EDGE('',*,*,#1798,.T.);
#2771=ORIENTED_EDGE('',*,*,#1338,.T.);
#2772=ORIENTED_EDGE('',*,*,#1799,.F.);
#2773=ORIENTED_EDGE('',*,*,#1533,.F.);
#2774=ORIENTED_EDGE('',*,*,#1799,.T.);
#2775=ORIENTED_EDGE('',*,*,#1337,.T.);
#2776=ORIENTED_EDGE('',*,*,#1800,.F.);
#2777=ORIENTED_EDGE('',*,*,#1534,.F.);
#2778=ORIENTED_EDGE('',*,*,#1800,.T.);
#2779=ORIENTED_EDGE('',*,*,#1336,.T.);
#2780=ORIENTED_EDGE('',*,*,#1801,.F.);
#2781=ORIENTED_EDGE('',*,*,#1535,.F.);
#2782=ORIENTED_EDGE('',*,*,#1328,.F.);
#2783=ORIENTED_EDGE('',*,*,#1327,.F.);
#2784=ORIENTED_EDGE('',*,*,#1796,.F.);
#2785=ORIENTED_EDGE('',*,*,#1794,.F.);
#2786=ORIENTED_EDGE('',*,*,#1792,.F.);
#2787=ORIENTED_EDGE('',*,*,#1790,.F.);
#2788=ORIENTED_EDGE('',*,*,#1346,.F.);
#2789=ORIENTED_EDGE('',*,*,#1788,.F.);
#2790=ORIENTED_EDGE('',*,*,#1786,.F.);
#2791=ORIENTED_EDGE('',*,*,#1784,.F.);
#2792=ORIENTED_EDGE('',*,*,#1536,.F.);
#2793=ORIENTED_EDGE('',*,*,#1801,.T.);
#2794=ORIENTED_EDGE('',*,*,#1335,.T.);
#2795=ORIENTED_EDGE('',*,*,#1778,.F.);
#2796=ORIENTED_EDGE('',*,*,#1802,.F.);
#2797=ORIENTED_EDGE('',*,*,#1340,.T.);
#2798=ORIENTED_EDGE('',*,*,#1803,.T.);
#2799=ORIENTED_EDGE('',*,*,#1804,.F.);
#2800=ORIENTED_EDGE('',*,*,#1803,.F.);
#2801=ORIENTED_EDGE('',*,*,#1339,.T.);
#2802=ORIENTED_EDGE('',*,*,#1805,.T.);
#2803=ORIENTED_EDGE('',*,*,#1806,.F.);
#2804=ORIENTED_EDGE('',*,*,#1805,.F.);
#2805=ORIENTED_EDGE('',*,*,#1344,.T.);
#2806=ORIENTED_EDGE('',*,*,#1807,.T.);
#2807=ORIENTED_EDGE('',*,*,#1808,.F.);
#2808=ORIENTED_EDGE('',*,*,#1807,.F.);
#2809=ORIENTED_EDGE('',*,*,#1343,.T.);
#2810=ORIENTED_EDGE('',*,*,#1809,.T.);
#2811=ORIENTED_EDGE('',*,*,#1810,.F.);
#2812=ORIENTED_EDGE('',*,*,#1809,.F.);
#2813=ORIENTED_EDGE('',*,*,#1342,.T.);
#2814=ORIENTED_EDGE('',*,*,#1811,.T.);
#2815=ORIENTED_EDGE('',*,*,#1812,.F.);
#2816=ORIENTED_EDGE('',*,*,#1341,.T.);
#2817=ORIENTED_EDGE('',*,*,#1802,.T.);
#2818=ORIENTED_EDGE('',*,*,#1813,.F.);
#2819=ORIENTED_EDGE('',*,*,#1811,.F.);
#2820=ORIENTED_EDGE('',*,*,#1804,.T.);
#2821=ORIENTED_EDGE('',*,*,#1806,.T.);
#2822=ORIENTED_EDGE('',*,*,#1808,.T.);
#2823=ORIENTED_EDGE('',*,*,#1810,.T.);
#2824=ORIENTED_EDGE('',*,*,#1812,.T.);
#2825=ORIENTED_EDGE('',*,*,#1813,.T.);
#2826=ORIENTED_EDGE('',*,*,#1814,.T.);
#2827=ORIENTED_EDGE('',*,*,#1815,.T.);
#2828=ORIENTED_EDGE('',*,*,#1816,.F.);
#2829=ORIENTED_EDGE('',*,*,#1514,.F.);
#2830=ORIENTED_EDGE('',*,*,#1816,.T.);
#2831=ORIENTED_EDGE('',*,*,#1817,.F.);
#2832=ORIENTED_EDGE('',*,*,#1321,.F.);
#2833=ORIENTED_EDGE('',*,*,#1818,.F.);
#2834=ORIENTED_EDGE('',*,*,#1528,.T.);
#2835=ORIENTED_EDGE('',*,*,#1515,.T.);
#2836=ORIENTED_EDGE('',*,*,#1818,.T.);
#2837=ORIENTED_EDGE('',*,*,#1324,.T.);
#2838=ORIENTED_EDGE('',*,*,#1819,.F.);
#2839=ORIENTED_EDGE('',*,*,#1529,.F.);
#2840=ORIENTED_EDGE('',*,*,#1322,.F.);
#2841=ORIENTED_EDGE('',*,*,#1817,.T.);
#2842=ORIENTED_EDGE('',*,*,#1815,.F.);
#2843=ORIENTED_EDGE('',*,*,#1820,.F.);
#2844=ORIENTED_EDGE('',*,*,#1530,.F.);
#2845=ORIENTED_EDGE('',*,*,#1819,.T.);
#2846=ORIENTED_EDGE('',*,*,#1323,.T.);
#2847=ORIENTED_EDGE('',*,*,#1820,.T.);
#2848=ORIENTED_EDGE('',*,*,#1814,.F.);
#2849=ORIENTED_EDGE('',*,*,#1513,.F.);
#2850=ORIENTED_EDGE('',*,*,#1821,.T.);
#2851=ORIENTED_EDGE('',*,*,#1822,.T.);
#2852=ORIENTED_EDGE('',*,*,#1823,.F.);
#2853=ORIENTED_EDGE('',*,*,#1518,.F.);
#2854=ORIENTED_EDGE('',*,*,#1823,.T.);
#2855=ORIENTED_EDGE('',*,*,#1824,.F.);
#2856=ORIENTED_EDGE('',*,*,#1317,.F.);
#2857=ORIENTED_EDGE('',*,*,#1825,.F.);
#2858=ORIENTED_EDGE('',*,*,#1525,.T.);
#2859=ORIENTED_EDGE('',*,*,#1519,.T.);
#2860=ORIENTED_EDGE('',*,*,#1825,.T.);
#2861=ORIENTED_EDGE('',*,*,#1320,.T.);
#2862=ORIENTED_EDGE('',*,*,#1826,.F.);
#2863=ORIENTED_EDGE('',*,*,#1526,.F.);
#2864=ORIENTED_EDGE('',*,*,#1318,.F.);
#2865=ORIENTED_EDGE('',*,*,#1824,.T.);
#2866=ORIENTED_EDGE('',*,*,#1822,.F.);
#2867=ORIENTED_EDGE('',*,*,#1827,.F.);
#2868=ORIENTED_EDGE('',*,*,#1527,.F.);
#2869=ORIENTED_EDGE('',*,*,#1826,.T.);
#2870=ORIENTED_EDGE('',*,*,#1319,.T.);
#2871=ORIENTED_EDGE('',*,*,#1827,.T.);
#2872=ORIENTED_EDGE('',*,*,#1821,.F.);
#2873=ORIENTED_EDGE('',*,*,#1517,.F.);
#2874=ORIENTED_EDGE('',*,*,#1625,.F.);
#2875=ORIENTED_EDGE('',*,*,#1828,.T.);
#2876=ORIENTED_EDGE('',*,*,#1829,.T.);
#2877=ORIENTED_EDGE('',*,*,#1829,.F.);
#2878=ORIENTED_EDGE('',*,*,#1830,.T.);
#2879=ORIENTED_EDGE('',*,*,#1440,.F.);
#2880=ORIENTED_EDGE('',*,*,#1831,.T.);
#2881=ORIENTED_EDGE('',*,*,#1832,.T.);
#2882=ORIENTED_EDGE('',*,*,#1623,.F.);
#2883=ORIENTED_EDGE('',*,*,#1832,.F.);
#2884=ORIENTED_EDGE('',*,*,#1828,.F.);
#2885=ORIENTED_EDGE('',*,*,#1624,.F.);
#2886=ORIENTED_EDGE('',*,*,#1833,.F.);
#2887=ORIENTED_EDGE('',*,*,#1831,.F.);
#2888=ORIENTED_EDGE('',*,*,#1622,.F.);
#2889=ORIENTED_EDGE('',*,*,#1834,.F.);
#2890=ORIENTED_EDGE('',*,*,#1835,.F.);
#2891=ORIENTED_EDGE('',*,*,#1442,.F.);
#2892=ORIENTED_EDGE('',*,*,#1830,.F.);
#2893=ORIENTED_EDGE('',*,*,#1834,.T.);
#2894=ORIENTED_EDGE('',*,*,#1441,.F.);
#2895=ORIENTED_EDGE('',*,*,#1835,.T.);
#2896=ORIENTED_EDGE('',*,*,#1833,.T.);
#2897=ORIENTED_EDGE('',*,*,#1443,.F.);
#2898=EDGE_LOOP('',(#1836,#1837,#1838,#1839));
#2899=EDGE_LOOP('',(#1840,#1841,#1842,#1843));
#2900=EDGE_LOOP('',(#1844,#1845,#1846,#1847));
#2901=EDGE_LOOP('',(#1848,#1849,#1850,#1851));
#2902=EDGE_LOOP('',(#1852,#1853,#1854,#1855));
#2903=EDGE_LOOP('',(#1856,#1857,#1858,#1859));
#2904=EDGE_LOOP('',(#1860,#1861,#1862,#1863,#1864,#1865,#1866,#1867,#1868,
#1869,#1870,#1871,#1872,#1873));
#2905=EDGE_LOOP('',(#1874,#1875,#1876,#1877,#1878,#1879));
#2906=EDGE_LOOP('',(#1880,#1881,#1882));
#2907=EDGE_LOOP('',(#1883,#1884,#1885,#1886,#1887,#1888,#1889,#1890));
#2908=EDGE_LOOP('',(#1891,#1892,#1893,#1894,#1895));
#2909=EDGE_LOOP('',(#1896,#1897,#1898,#1899,#1900,#1901,#1902,#1903,#1904,
#1905,#1906,#1907,#1908,#1909,#1910,#1911));
#2910=EDGE_LOOP('',(#1912,#1913,#1914,#1915,#1916,#1917,#1918));
#2911=EDGE_LOOP('',(#1919,#1920,#1921,#1922,#1923,#1924,#1925));
#2912=EDGE_LOOP('',(#1926,#1927,#1928,#1929,#1930));
#2913=EDGE_LOOP('',(#1931,#1932,#1933,#1934,#1935,#1936));
#2914=EDGE_LOOP('',(#1937,#1938,#1939,#1940,#1941));
#2915=EDGE_LOOP('',(#1942,#1943,#1944,#1945));
#2916=EDGE_LOOP('',(#1946,#1947,#1948,#1949,#1950));
#2917=EDGE_LOOP('',(#1951,#1952,#1953,#1954,#1955,#1956,#1957,#1958,#1959,
#1960,#1961,#1962,#1963,#1964,#1965,#1966));
#2918=EDGE_LOOP('',(#1967,#1968,#1969,#1970,#1971,#1972));
#2919=EDGE_LOOP('',(#1973,#1974,#1975,#1976,#1977,#1978,#1979));
#2920=EDGE_LOOP('',(#1980,#1981,#1982,#1983));
#2921=EDGE_LOOP('',(#1984,#1985,#1986,#1987));
#2922=EDGE_LOOP('',(#1988,#1989,#1990,#1991));
#2923=EDGE_LOOP('',(#1992,#1993,#1994,#1995));
#2924=EDGE_LOOP('',(#1996,#1997,#1998,#1999,#2000,#2001,#2002,#2003,#2004,
#2005,#2006,#2007,#2008,#2009,#2010,#2011,#2012,#2013,#2014,#2015,#2016,
#2017,#2018,#2019,#2020,#2021,#2022,#2023,#2024,#2025,#2026,#2027,#2028,
#2029,#2030,#2031,#2032,#2033,#2034,#2035,#2036,#2037,#2038,#2039,#2040,
#2041,#2042,#2043,#2044,#2045,#2046,#2047,#2048,#2049,#2050,#2051,#2052,
#2053,#2054,#2055,#2056,#2057,#2058));
#2925=EDGE_LOOP('',(#2059,#2060,#2061,#2062));
#2926=EDGE_LOOP('',(#2063,#2064,#2065,#2066,#2067,#2068,#2069,#2070,#2071,
#2072,#2073,#2074,#2075,#2076,#2077,#2078,#2079,#2080,#2081,#2082,#2083,
#2084,#2085,#2086,#2087,#2088,#2089,#2090,#2091,#2092,#2093,#2094,#2095,
#2096,#2097,#2098,#2099,#2100,#2101,#2102,#2103,#2104,#2105,#2106,#2107,
#2108,#2109,#2110,#2111,#2112,#2113,#2114,#2115,#2116,#2117,#2118,#2119,
#2120,#2121,#2122,#2123,#2124,#2125,#2126,#2127,#2128,#2129,#2130,#2131,
#2132,#2133,#2134,#2135,#2136,#2137,#2138,#2139,#2140,#2141,#2142,#2143,
#2144,#2145,#2146,#2147,#2148,#2149,#2150,#2151,#2152,#2153,#2154,#2155,
#2156,#2157,#2158,#2159));
#2927=EDGE_LOOP('',(#2160,#2161,#2162,#2163,#2164));
#2928=EDGE_LOOP('',(#2165,#2166,#2167));
#2929=EDGE_LOOP('',(#2168,#2169,#2170));
#2930=EDGE_LOOP('',(#2171,#2172,#2173,#2174));
#2931=EDGE_LOOP('',(#2175,#2176));
#2932=EDGE_LOOP('',(#2177,#2178,#2179,#2180));
#2933=EDGE_LOOP('',(#2181,#2182,#2183,#2184));
#2934=EDGE_LOOP('',(#2185,#2186,#2187,#2188));
#2935=EDGE_LOOP('',(#2189,#2190,#2191,#2192));
#2936=EDGE_LOOP('',(#2193,#2194,#2195,#2196));
#2937=EDGE_LOOP('',(#2197,#2198,#2199,#2200));
#2938=EDGE_LOOP('',(#2201,#2202));
#2939=EDGE_LOOP('',(#2203,#2204));
#2940=EDGE_LOOP('',(#2205,#2206,#2207,#2208,#2209,#2210,#2211));
#2941=EDGE_LOOP('',(#2212,#2213,#2214,#2215));
#2942=EDGE_LOOP('',(#2216,#2217,#2218,#2219));
#2943=EDGE_LOOP('',(#2220,#2221,#2222,#2223));
#2944=EDGE_LOOP('',(#2224,#2225,#2226,#2227));
#2945=EDGE_LOOP('',(#2228,#2229,#2230,#2231));
#2946=EDGE_LOOP('',(#2232,#2233,#2234,#2235,#2236,#2237));
#2947=EDGE_LOOP('',(#2238,#2239,#2240,#2241));
#2948=EDGE_LOOP('',(#2242,#2243,#2244,#2245));
#2949=EDGE_LOOP('',(#2246,#2247,#2248,#2249));
#2950=EDGE_LOOP('',(#2250,#2251,#2252,#2253,#2254,#2255,#2256,#2257));
#2951=EDGE_LOOP('',(#2258,#2259,#2260,#2261,#2262,#2263));
#2952=EDGE_LOOP('',(#2264,#2265,#2266,#2267));
#2953=EDGE_LOOP('',(#2268,#2269,#2270,#2271));
#2954=EDGE_LOOP('',(#2272,#2273,#2274,#2275,#2276,#2277));
#2955=EDGE_LOOP('',(#2278,#2279,#2280,#2281,#2282,#2283));
#2956=EDGE_LOOP('',(#2284,#2285,#2286,#2287));
#2957=EDGE_LOOP('',(#2288,#2289,#2290,#2291));
#2958=EDGE_LOOP('',(#2292,#2293,#2294,#2295));
#2959=EDGE_LOOP('',(#2296,#2297,#2298,#2299));
#2960=EDGE_LOOP('',(#2300,#2301,#2302,#2303,#2304,#2305,#2306,#2307,#2308));
#2961=EDGE_LOOP('',(#2309,#2310,#2311,#2312));
#2962=EDGE_LOOP('',(#2313,#2314,#2315,#2316,#2317,#2318));
#2963=EDGE_LOOP('',(#2319,#2320,#2321,#2322));
#2964=EDGE_LOOP('',(#2323,#2324,#2325,#2326,#2327,#2328));
#2965=EDGE_LOOP('',(#2329,#2330,#2331,#2332));
#2966=EDGE_LOOP('',(#2333,#2334,#2335,#2336,#2337));
#2967=EDGE_LOOP('',(#2338,#2339,#2340,#2341));
#2968=EDGE_LOOP('',(#2342,#2343,#2344,#2345));
#2969=EDGE_LOOP('',(#2346,#2347,#2348,#2349));
#2970=EDGE_LOOP('',(#2350,#2351,#2352,#2353));
#2971=EDGE_LOOP('',(#2354,#2355,#2356,#2357));
#2972=EDGE_LOOP('',(#2358,#2359,#2360,#2361));
#2973=EDGE_LOOP('',(#2362,#2363,#2364,#2365,#2366,#2367));
#2974=EDGE_LOOP('',(#2368,#2369,#2370,#2371));
#2975=EDGE_LOOP('',(#2372,#2373,#2374,#2375));
#2976=EDGE_LOOP('',(#2376,#2377,#2378,#2379,#2380,#2381));
#2977=EDGE_LOOP('',(#2382,#2383,#2384,#2385));
#2978=EDGE_LOOP('',(#2386,#2387,#2388,#2389));
#2979=EDGE_LOOP('',(#2390,#2391,#2392,#2393));
#2980=EDGE_LOOP('',(#2394,#2395,#2396,#2397));
#2981=EDGE_LOOP('',(#2398,#2399,#2400,#2401,#2402,#2403));
#2982=EDGE_LOOP('',(#2404,#2405,#2406,#2407));
#2983=EDGE_LOOP('',(#2408,#2409,#2410,#2411));
#2984=EDGE_LOOP('',(#2412,#2413,#2414,#2415));
#2985=EDGE_LOOP('',(#2416,#2417,#2418,#2419,#2420,#2421));
#2986=EDGE_LOOP('',(#2422,#2423,#2424,#2425,#2426,#2427));
#2987=EDGE_LOOP('',(#2428,#2429,#2430,#2431));
#2988=EDGE_LOOP('',(#2432,#2433,#2434,#2435));
#2989=EDGE_LOOP('',(#2436,#2437,#2438,#2439,#2440,#2441,#2442,#2443,#2444,
#2445));
#2990=EDGE_LOOP('',(#2446,#2447,#2448,#2449,#2450,#2451));
#2991=EDGE_LOOP('',(#2452,#2453,#2454,#2455));
#2992=EDGE_LOOP('',(#2456,#2457,#2458,#2459));
#2993=EDGE_LOOP('',(#2460,#2461,#2462,#2463));
#2994=EDGE_LOOP('',(#2464,#2465,#2466,#2467));
#2995=EDGE_LOOP('',(#2468,#2469,#2470,#2471));
#2996=EDGE_LOOP('',(#2472,#2473,#2474,#2475,#2476,#2477));
#2997=EDGE_LOOP('',(#2478,#2479,#2480,#2481));
#2998=EDGE_LOOP('',(#2482,#2483,#2484,#2485));
#2999=EDGE_LOOP('',(#2486,#2487,#2488,#2489));
#3000=EDGE_LOOP('',(#2490,#2491,#2492,#2493,#2494,#2495));
#3001=EDGE_LOOP('',(#2496,#2497,#2498,#2499,#2500,#2501));
#3002=EDGE_LOOP('',(#2502,#2503,#2504,#2505));
#3003=EDGE_LOOP('',(#2506,#2507,#2508,#2509));
#3004=EDGE_LOOP('',(#2510,#2511,#2512,#2513));
#3005=EDGE_LOOP('',(#2514,#2515,#2516,#2517,#2518,#2519));
#3006=EDGE_LOOP('',(#2520,#2521,#2522,#2523,#2524,#2525));
#3007=EDGE_LOOP('',(#2526,#2527,#2528,#2529));
#3008=EDGE_LOOP('',(#2530,#2531,#2532,#2533));
#3009=EDGE_LOOP('',(#2534,#2535,#2536,#2537,#2538,#2539,#2540,#2541,#2542,
#2543,#2544,#2545,#2546,#2547,#2548,#2549));
#3010=EDGE_LOOP('',(#2550,#2551,#2552,#2553,#2554,#2555));
#3011=EDGE_LOOP('',(#2556,#2557,#2558,#2559));
#3012=EDGE_LOOP('',(#2560,#2561,#2562,#2563));
#3013=EDGE_LOOP('',(#2564,#2565,#2566,#2567,#2568,#2569));
#3014=EDGE_LOOP('',(#2570,#2571,#2572,#2573,#2574,#2575));
#3015=EDGE_LOOP('',(#2576,#2577,#2578,#2579));
#3016=EDGE_LOOP('',(#2580,#2581,#2582,#2583));
#3017=EDGE_LOOP('',(#2584,#2585,#2586,#2587));
#3018=EDGE_LOOP('',(#2588,#2589,#2590,#2591));
#3019=EDGE_LOOP('',(#2592,#2593,#2594,#2595,#2596,#2597,#2598,#2599,#2600));
#3020=EDGE_LOOP('',(#2601,#2602,#2603,#2604));
#3021=EDGE_LOOP('',(#2605,#2606,#2607,#2608,#2609,#2610));
#3022=EDGE_LOOP('',(#2611,#2612,#2613,#2614));
#3023=EDGE_LOOP('',(#2615,#2616,#2617,#2618,#2619,#2620));
#3024=EDGE_LOOP('',(#2621,#2622,#2623,#2624));
#3025=EDGE_LOOP('',(#2625,#2626,#2627,#2628,#2629));
#3026=EDGE_LOOP('',(#2630,#2631,#2632,#2633));
#3027=EDGE_LOOP('',(#2634,#2635,#2636,#2637));
#3028=EDGE_LOOP('',(#2638,#2639,#2640,#2641,#2642,#2643));
#3029=EDGE_LOOP('',(#2644,#2645,#2646,#2647));
#3030=EDGE_LOOP('',(#2648,#2649,#2650,#2651));
#3031=EDGE_LOOP('',(#2652,#2653,#2654,#2655));
#3032=EDGE_LOOP('',(#2656,#2657,#2658,#2659));
#3033=EDGE_LOOP('',(#2660,#2661,#2662,#2663));
#3034=EDGE_LOOP('',(#2664,#2665,#2666,#2667));
#3035=EDGE_LOOP('',(#2668,#2669,#2670,#2671));
#3036=EDGE_LOOP('',(#2672,#2673,#2674,#2675));
#3037=EDGE_LOOP('',(#2676,#2677,#2678,#2679));
#3038=EDGE_LOOP('',(#2680,#2681,#2682,#2683,#2684,#2685));
#3039=EDGE_LOOP('',(#2686,#2687,#2688,#2689));
#3040=EDGE_LOOP('',(#2690,#2691,#2692,#2693));
#3041=EDGE_LOOP('',(#2694,#2695,#2696,#2697,#2698,#2699,#2700,#2701,#2702,
#2703,#2704,#2705));
#3042=EDGE_LOOP('',(#2706,#2707,#2708,#2709));
#3043=EDGE_LOOP('',(#2710,#2711,#2712,#2713));
#3044=EDGE_LOOP('',(#2714,#2715,#2716,#2717));
#3045=EDGE_LOOP('',(#2718,#2719,#2720,#2721));
#3046=EDGE_LOOP('',(#2722,#2723,#2724,#2725));
#3047=EDGE_LOOP('',(#2726,#2727,#2728,#2729));
#3048=EDGE_LOOP('',(#2730,#2731,#2732,#2733,#2734,#2735));
#3049=EDGE_LOOP('',(#2736,#2737,#2738,#2739));
#3050=EDGE_LOOP('',(#2740,#2741,#2742,#2743,#2744,#2745));
#3051=EDGE_LOOP('',(#2746,#2747,#2748,#2749,#2750,#2751));
#3052=EDGE_LOOP('',(#2752,#2753,#2754,#2755));
#3053=EDGE_LOOP('',(#2756,#2757,#2758,#2759));
#3054=EDGE_LOOP('',(#2760,#2761,#2762,#2763,#2764,#2765));
#3055=EDGE_LOOP('',(#2766,#2767,#2768,#2769));
#3056=EDGE_LOOP('',(#2770,#2771,#2772,#2773));
#3057=EDGE_LOOP('',(#2774,#2775,#2776,#2777));
#3058=EDGE_LOOP('',(#2778,#2779,#2780,#2781));
#3059=EDGE_LOOP('',(#2782,#2783,#2784,#2785,#2786,#2787,#2788,#2789,#2790,
#2791));
#3060=EDGE_LOOP('',(#2792,#2793,#2794,#2795));
#3061=EDGE_LOOP('',(#2796,#2797,#2798,#2799));
#3062=EDGE_LOOP('',(#2800,#2801,#2802,#2803));
#3063=EDGE_LOOP('',(#2804,#2805,#2806,#2807));
#3064=EDGE_LOOP('',(#2808,#2809,#2810,#2811));
#3065=EDGE_LOOP('',(#2812,#2813,#2814,#2815));
#3066=EDGE_LOOP('',(#2816,#2817,#2818,#2819));
#3067=EDGE_LOOP('',(#2820,#2821,#2822,#2823,#2824,#2825));
#3068=EDGE_LOOP('',(#2826,#2827,#2828,#2829));
#3069=EDGE_LOOP('',(#2830,#2831,#2832,#2833,#2834,#2835));
#3070=EDGE_LOOP('',(#2836,#2837,#2838,#2839));
#3071=EDGE_LOOP('',(#2840,#2841,#2842,#2843));
#3072=EDGE_LOOP('',(#2844,#2845,#2846,#2847,#2848,#2849));
#3073=EDGE_LOOP('',(#2850,#2851,#2852,#2853));
#3074=EDGE_LOOP('',(#2854,#2855,#2856,#2857,#2858,#2859));
#3075=EDGE_LOOP('',(#2860,#2861,#2862,#2863));
#3076=EDGE_LOOP('',(#2864,#2865,#2866,#2867));
#3077=EDGE_LOOP('',(#2868,#2869,#2870,#2871,#2872,#2873));
#3078=EDGE_LOOP('',(#2874,#2875,#2876));
#3079=EDGE_LOOP('',(#2877,#2878,#2879));
#3080=EDGE_LOOP('',(#2880,#2881,#2882));
#3081=EDGE_LOOP('',(#2883,#2884,#2885));
#3082=EDGE_LOOP('',(#2886,#2887,#2888));
#3083=EDGE_LOOP('',(#2889,#2890,#2891));
#3084=EDGE_LOOP('',(#2892,#2893,#2894));
#3085=EDGE_LOOP('',(#2895,#2896,#2897));
#3086=FACE_BOUND('',#2898,.T.);
#3087=FACE_BOUND('',#2899,.T.);
#3088=FACE_BOUND('',#2900,.T.);
#3089=FACE_BOUND('',#2901,.T.);
#3090=FACE_BOUND('',#2902,.T.);
#3091=FACE_BOUND('',#2903,.T.);
#3092=FACE_BOUND('',#2904,.T.);
#3093=FACE_BOUND('',#2905,.T.);
#3094=FACE_BOUND('',#2906,.T.);
#3095=FACE_BOUND('',#2907,.T.);
#3096=FACE_BOUND('',#2908,.T.);
#3097=FACE_BOUND('',#2909,.T.);
#3098=FACE_BOUND('',#2910,.T.);
#3099=FACE_BOUND('',#2911,.T.);
#3100=FACE_BOUND('',#2912,.T.);
#3101=FACE_BOUND('',#2913,.T.);
#3102=FACE_BOUND('',#2914,.T.);
#3103=FACE_BOUND('',#2915,.T.);
#3104=FACE_BOUND('',#2916,.T.);
#3105=FACE_BOUND('',#2917,.T.);
#3106=FACE_BOUND('',#2918,.T.);
#3107=FACE_BOUND('',#2919,.T.);
#3108=FACE_BOUND('',#2920,.T.);
#3109=FACE_BOUND('',#2921,.T.);
#3110=FACE_BOUND('',#2922,.T.);
#3111=FACE_BOUND('',#2923,.T.);
#3112=FACE_BOUND('',#2924,.T.);
#3113=FACE_BOUND('',#2925,.T.);
#3114=FACE_BOUND('',#2926,.T.);
#3115=FACE_BOUND('',#2927,.T.);
#3116=FACE_BOUND('',#2928,.T.);
#3117=FACE_BOUND('',#2929,.T.);
#3118=FACE_BOUND('',#2930,.T.);
#3119=FACE_BOUND('',#2931,.T.);
#3120=FACE_BOUND('',#2932,.T.);
#3121=FACE_BOUND('',#2933,.T.);
#3122=FACE_BOUND('',#2934,.T.);
#3123=FACE_BOUND('',#2935,.T.);
#3124=FACE_BOUND('',#2936,.T.);
#3125=FACE_BOUND('',#2937,.T.);
#3126=FACE_BOUND('',#2938,.T.);
#3127=FACE_BOUND('',#2939,.T.);
#3128=FACE_BOUND('',#2940,.T.);
#3129=FACE_BOUND('',#2941,.T.);
#3130=FACE_BOUND('',#2942,.T.);
#3131=FACE_BOUND('',#2943,.T.);
#3132=FACE_BOUND('',#2944,.T.);
#3133=FACE_BOUND('',#2945,.T.);
#3134=FACE_BOUND('',#2946,.T.);
#3135=FACE_BOUND('',#2947,.T.);
#3136=FACE_BOUND('',#2948,.T.);
#3137=FACE_BOUND('',#2949,.T.);
#3138=FACE_BOUND('',#2950,.T.);
#3139=FACE_BOUND('',#2951,.T.);
#3140=FACE_BOUND('',#2952,.T.);
#3141=FACE_BOUND('',#2953,.T.);
#3142=FACE_BOUND('',#2954,.T.);
#3143=FACE_BOUND('',#2955,.T.);
#3144=FACE_BOUND('',#2956,.T.);
#3145=FACE_BOUND('',#2957,.T.);
#3146=FACE_BOUND('',#2958,.T.);
#3147=FACE_BOUND('',#2959,.T.);
#3148=FACE_BOUND('',#2960,.T.);
#3149=FACE_BOUND('',#2961,.T.);
#3150=FACE_BOUND('',#2962,.T.);
#3151=FACE_BOUND('',#2963,.T.);
#3152=FACE_BOUND('',#2964,.T.);
#3153=FACE_BOUND('',#2965,.T.);
#3154=FACE_BOUND('',#2966,.T.);
#3155=FACE_BOUND('',#2967,.T.);
#3156=FACE_BOUND('',#2968,.T.);
#3157=FACE_BOUND('',#2969,.T.);
#3158=FACE_BOUND('',#2970,.T.);
#3159=FACE_BOUND('',#2971,.T.);
#3160=FACE_BOUND('',#2972,.T.);
#3161=FACE_BOUND('',#2973,.T.);
#3162=FACE_BOUND('',#2974,.T.);
#3163=FACE_BOUND('',#2975,.T.);
#3164=FACE_BOUND('',#2976,.T.);
#3165=FACE_BOUND('',#2977,.T.);
#3166=FACE_BOUND('',#2978,.T.);
#3167=FACE_BOUND('',#2979,.T.);
#3168=FACE_BOUND('',#2980,.T.);
#3169=FACE_BOUND('',#2981,.T.);
#3170=FACE_BOUND('',#2982,.T.);
#3171=FACE_BOUND('',#2983,.T.);
#3172=FACE_BOUND('',#2984,.T.);
#3173=FACE_BOUND('',#2985,.T.);
#3174=FACE_BOUND('',#2986,.T.);
#3175=FACE_BOUND('',#2987,.T.);
#3176=FACE_BOUND('',#2988,.T.);
#3177=FACE_BOUND('',#2989,.T.);
#3178=FACE_BOUND('',#2990,.T.);
#3179=FACE_BOUND('',#2991,.T.);
#3180=FACE_BOUND('',#2992,.T.);
#3181=FACE_BOUND('',#2993,.T.);
#3182=FACE_BOUND('',#2994,.T.);
#3183=FACE_BOUND('',#2995,.T.);
#3184=FACE_BOUND('',#2996,.T.);
#3185=FACE_BOUND('',#2997,.T.);
#3186=FACE_BOUND('',#2998,.T.);
#3187=FACE_BOUND('',#2999,.T.);
#3188=FACE_BOUND('',#3000,.T.);
#3189=FACE_BOUND('',#3001,.T.);
#3190=FACE_BOUND('',#3002,.T.);
#3191=FACE_BOUND('',#3003,.T.);
#3192=FACE_BOUND('',#3004,.T.);
#3193=FACE_BOUND('',#3005,.T.);
#3194=FACE_BOUND('',#3006,.T.);
#3195=FACE_BOUND('',#3007,.T.);
#3196=FACE_BOUND('',#3008,.T.);
#3197=FACE_BOUND('',#3009,.T.);
#3198=FACE_BOUND('',#3010,.T.);
#3199=FACE_BOUND('',#3011,.T.);
#3200=FACE_BOUND('',#3012,.T.);
#3201=FACE_BOUND('',#3013,.T.);
#3202=FACE_BOUND('',#3014,.T.);
#3203=FACE_BOUND('',#3015,.T.);
#3204=FACE_BOUND('',#3016,.T.);
#3205=FACE_BOUND('',#3017,.T.);
#3206=FACE_BOUND('',#3018,.T.);
#3207=FACE_BOUND('',#3019,.T.);
#3208=FACE_BOUND('',#3020,.T.);
#3209=FACE_BOUND('',#3021,.T.);
#3210=FACE_BOUND('',#3022,.T.);
#3211=FACE_BOUND('',#3023,.T.);
#3212=FACE_BOUND('',#3024,.T.);
#3213=FACE_BOUND('',#3025,.T.);
#3214=FACE_BOUND('',#3026,.T.);
#3215=FACE_BOUND('',#3027,.T.);
#3216=FACE_BOUND('',#3028,.T.);
#3217=FACE_BOUND('',#3029,.T.);
#3218=FACE_BOUND('',#3030,.T.);
#3219=FACE_BOUND('',#3031,.T.);
#3220=FACE_BOUND('',#3032,.T.);
#3221=FACE_BOUND('',#3033,.T.);
#3222=FACE_BOUND('',#3034,.T.);
#3223=FACE_BOUND('',#3035,.T.);
#3224=FACE_BOUND('',#3036,.T.);
#3225=FACE_BOUND('',#3037,.T.);
#3226=FACE_BOUND('',#3038,.T.);
#3227=FACE_BOUND('',#3039,.T.);
#3228=FACE_BOUND('',#3040,.T.);
#3229=FACE_BOUND('',#3041,.T.);
#3230=FACE_BOUND('',#3042,.T.);
#3231=FACE_BOUND('',#3043,.T.);
#3232=FACE_BOUND('',#3044,.T.);
#3233=FACE_BOUND('',#3045,.T.);
#3234=FACE_BOUND('',#3046,.T.);
#3235=FACE_BOUND('',#3047,.T.);
#3236=FACE_BOUND('',#3048,.T.);
#3237=FACE_BOUND('',#3049,.T.);
#3238=FACE_BOUND('',#3050,.T.);
#3239=FACE_BOUND('',#3051,.T.);
#3240=FACE_BOUND('',#3052,.T.);
#3241=FACE_BOUND('',#3053,.T.);
#3242=FACE_BOUND('',#3054,.T.);
#3243=FACE_BOUND('',#3055,.T.);
#3244=FACE_BOUND('',#3056,.T.);
#3245=FACE_BOUND('',#3057,.T.);
#3246=FACE_BOUND('',#3058,.T.);
#3247=FACE_BOUND('',#3059,.T.);
#3248=FACE_BOUND('',#3060,.T.);
#3249=FACE_BOUND('',#3061,.T.);
#3250=FACE_BOUND('',#3062,.T.);
#3251=FACE_BOUND('',#3063,.T.);
#3252=FACE_BOUND('',#3064,.T.);
#3253=FACE_BOUND('',#3065,.T.);
#3254=FACE_BOUND('',#3066,.T.);
#3255=FACE_BOUND('',#3067,.T.);
#3256=FACE_BOUND('',#3068,.T.);
#3257=FACE_BOUND('',#3069,.T.);
#3258=FACE_BOUND('',#3070,.T.);
#3259=FACE_BOUND('',#3071,.T.);
#3260=FACE_BOUND('',#3072,.T.);
#3261=FACE_BOUND('',#3073,.T.);
#3262=FACE_BOUND('',#3074,.T.);
#3263=FACE_BOUND('',#3075,.T.);
#3264=FACE_BOUND('',#3076,.T.);
#3265=FACE_BOUND('',#3077,.T.);
#3266=FACE_BOUND('',#3078,.T.);
#3267=FACE_BOUND('',#3079,.T.);
#3268=FACE_BOUND('',#3080,.T.);
#3269=FACE_BOUND('',#3081,.T.);
#3270=FACE_BOUND('',#3082,.T.);
#3271=FACE_BOUND('',#3083,.T.);
#3272=FACE_BOUND('',#3084,.T.);
#3273=FACE_BOUND('',#3085,.T.);
#3274=ADVANCED_FACE('',(#3086),#8508,.F.);
#3275=ADVANCED_FACE('',(#3087),#8509,.F.);
#3276=ADVANCED_FACE('',(#3088),#8510,.F.);
#3277=ADVANCED_FACE('',(#3089),#8511,.F.);
#3278=ADVANCED_FACE('',(#3090),#794,.T.);
#3279=ADVANCED_FACE('',(#3091),#795,.T.);
#3280=ADVANCED_FACE('',(#3092,#3093),#796,.T.);
#3281=ADVANCED_FACE('',(#3094),#797,.T.);
#3282=ADVANCED_FACE('',(#3095),#798,.T.);
#3283=ADVANCED_FACE('',(#3096),#799,.T.);
#3284=ADVANCED_FACE('',(#3097),#800,.T.);
#3285=ADVANCED_FACE('',(#3098),#801,.T.);
#3286=ADVANCED_FACE('',(#3099),#802,.T.);
#3287=ADVANCED_FACE('',(#3100),#803,.T.);
#3288=ADVANCED_FACE('',(#3101),#804,.T.);
#3289=ADVANCED_FACE('',(#3102),#805,.T.);
#3290=ADVANCED_FACE('',(#3103),#806,.T.);
#3291=ADVANCED_FACE('',(#3104),#807,.T.);
#3292=ADVANCED_FACE('',(#3105),#808,.T.);
#3293=ADVANCED_FACE('',(#3106),#809,.T.);
#3294=ADVANCED_FACE('',(#3107),#810,.T.);
#3295=ADVANCED_FACE('',(#3108),#811,.T.);
#3296=ADVANCED_FACE('',(#3109),#8512,.F.);
#3297=ADVANCED_FACE('',(#3110),#812,.T.);
#3298=ADVANCED_FACE('',(#3111),#8513,.F.);
#3299=ADVANCED_FACE('',(#3112,#3113),#813,.T.);
#3300=ADVANCED_FACE('',(#3114),#814,.T.);
#3301=ADVANCED_FACE('',(#3115),#815,.T.);
#3302=ADVANCED_FACE('',(#3116),#816,.T.);
#3303=ADVANCED_FACE('',(#3117),#817,.T.);
#3304=ADVANCED_FACE('',(#3118),#237,.T.);
#3305=ADVANCED_FACE('',(#3119),#166,.F.);
#3306=ADVANCED_FACE('',(#3120),#238,.T.);
#3307=ADVANCED_FACE('',(#3121),#818,.T.);
#3308=ADVANCED_FACE('',(#3122),#8514,.F.);
#3309=ADVANCED_FACE('',(#3123),#819,.T.);
#3310=ADVANCED_FACE('',(#3124),#8515,.F.);
#3311=ADVANCED_FACE('',(#3125),#820,.T.);
#3312=ADVANCED_FACE('',(#3126,#3127),#167,.F.);
#3313=ADVANCED_FACE('',(#3128),#821,.T.);
#3314=ADVANCED_FACE('',(#3129),#168,.T.);
#3315=ADVANCED_FACE('',(#3130),#169,.F.);
#3316=ADVANCED_FACE('',(#3131),#170,.T.);
#3317=ADVANCED_FACE('',(#3132),#171,.F.);
#3318=ADVANCED_FACE('',(#3133),#172,.T.);
#3319=ADVANCED_FACE('',(#3134),#173,.F.);
#3320=ADVANCED_FACE('',(#3135),#174,.T.);
#3321=ADVANCED_FACE('',(#3136),#175,.F.);
#3322=ADVANCED_FACE('',(#3137),#176,.T.);
#3323=ADVANCED_FACE('',(#3138),#822,.T.);
#3324=ADVANCED_FACE('',(#3139),#177,.T.);
#3325=ADVANCED_FACE('',(#3140),#104,.T.);
#3326=ADVANCED_FACE('',(#3141),#105,.T.);
#3327=ADVANCED_FACE('',(#3142),#106,.T.);
#3328=ADVANCED_FACE('',(#3143),#107,.T.);
#3329=ADVANCED_FACE('',(#3144),#108,.T.);
#3330=ADVANCED_FACE('',(#3145),#178,.T.);
#3331=ADVANCED_FACE('',(#3146),#109,.T.);
#3332=ADVANCED_FACE('',(#3147),#110,.T.);
#3333=ADVANCED_FACE('',(#3148),#823,.T.);
#3334=ADVANCED_FACE('',(#3149),#111,.T.);
#3335=ADVANCED_FACE('',(#3150),#112,.T.);
#3336=ADVANCED_FACE('',(#3151),#113,.T.);
#3337=ADVANCED_FACE('',(#3152),#114,.T.);
#3338=ADVANCED_FACE('',(#3153),#179,.T.);
#3339=ADVANCED_FACE('',(#3154),#824,.T.);
#3340=ADVANCED_FACE('',(#3155),#180,.T.);
#3341=ADVANCED_FACE('',(#3156),#181,.F.);
#3342=ADVANCED_FACE('',(#3157),#182,.T.);
#3343=ADVANCED_FACE('',(#3158),#825,.T.);
#3344=ADVANCED_FACE('',(#3159),#183,.T.);
#3345=ADVANCED_FACE('',(#3160),#184,.T.);
#3346=ADVANCED_FACE('',(#3161),#185,.F.);
#3347=ADVANCED_FACE('',(#3162),#186,.T.);
#3348=ADVANCED_FACE('',(#3163),#826,.T.);
#3349=ADVANCED_FACE('',(#3164),#187,.T.);
#3350=ADVANCED_FACE('',(#3165),#188,.T.);
#3351=ADVANCED_FACE('',(#3166),#189,.F.);
#3352=ADVANCED_FACE('',(#3167),#115,.T.);
#3353=ADVANCED_FACE('',(#3168),#116,.T.);
#3354=ADVANCED_FACE('',(#3169),#117,.T.);
#3355=ADVANCED_FACE('',(#3170),#190,.F.);
#3356=ADVANCED_FACE('',(#3171),#191,.T.);
#3357=ADVANCED_FACE('',(#3172),#192,.T.);
#3358=ADVANCED_FACE('',(#3173),#118,.T.);
#3359=ADVANCED_FACE('',(#3174),#119,.T.);
#3360=ADVANCED_FACE('',(#3175),#193,.F.);
#3361=ADVANCED_FACE('',(#3176),#194,.T.);
#3362=ADVANCED_FACE('',(#3177),#827,.T.);
#3363=ADVANCED_FACE('',(#3178),#195,.T.);
#3364=ADVANCED_FACE('',(#3179),#196,.T.);
#3365=ADVANCED_FACE('',(#3180),#197,.F.);
#3366=ADVANCED_FACE('',(#3181),#120,.T.);
#3367=ADVANCED_FACE('',(#3182),#121,.T.);
#3368=ADVANCED_FACE('',(#3183),#122,.T.);
#3369=ADVANCED_FACE('',(#3184),#123,.T.);
#3370=ADVANCED_FACE('',(#3185),#198,.F.);
#3371=ADVANCED_FACE('',(#3186),#199,.T.);
#3372=ADVANCED_FACE('',(#3187),#200,.T.);
#3373=ADVANCED_FACE('',(#3188),#124,.T.);
#3374=ADVANCED_FACE('',(#3189),#125,.T.);
#3375=ADVANCED_FACE('',(#3190),#201,.F.);
#3376=ADVANCED_FACE('',(#3191),#202,.T.);
#3377=ADVANCED_FACE('',(#3192),#203,.T.);
#3378=ADVANCED_FACE('',(#3193),#126,.T.);
#3379=ADVANCED_FACE('',(#3194),#127,.T.);
#3380=ADVANCED_FACE('',(#3195),#204,.F.);
#3381=ADVANCED_FACE('',(#3196),#205,.T.);
#3382=ADVANCED_FACE('',(#3197),#828,.T.);
#3383=ADVANCED_FACE('',(#3198),#206,.T.);
#3384=ADVANCED_FACE('',(#3199),#128,.T.);
#3385=ADVANCED_FACE('',(#3200),#129,.T.);
#3386=ADVANCED_FACE('',(#3201),#130,.T.);
#3387=ADVANCED_FACE('',(#3202),#131,.T.);
#3388=ADVANCED_FACE('',(#3203),#132,.T.);
#3389=ADVANCED_FACE('',(#3204),#207,.T.);
#3390=ADVANCED_FACE('',(#3205),#133,.T.);
#3391=ADVANCED_FACE('',(#3206),#134,.T.);
#3392=ADVANCED_FACE('',(#3207),#829,.T.);
#3393=ADVANCED_FACE('',(#3208),#135,.T.);
#3394=ADVANCED_FACE('',(#3209),#136,.T.);
#3395=ADVANCED_FACE('',(#3210),#137,.T.);
#3396=ADVANCED_FACE('',(#3211),#138,.T.);
#3397=ADVANCED_FACE('',(#3212),#208,.T.);
#3398=ADVANCED_FACE('',(#3213),#830,.T.);
#3399=ADVANCED_FACE('',(#3214),#139,.T.);
#3400=ADVANCED_FACE('',(#3215),#140,.T.);
#3401=ADVANCED_FACE('',(#3216),#209,.T.);
#3402=ADVANCED_FACE('',(#3217),#210,.T.);
#3403=ADVANCED_FACE('',(#3218),#211,.T.);
#3404=ADVANCED_FACE('',(#3219),#212,.T.);
#3405=ADVANCED_FACE('',(#3220),#213,.T.);
#3406=ADVANCED_FACE('',(#3221),#141,.T.);
#3407=ADVANCED_FACE('',(#3222),#214,.F.);
#3408=ADVANCED_FACE('',(#3223),#215,.T.);
#3409=ADVANCED_FACE('',(#3224),#216,.F.);
#3410=ADVANCED_FACE('',(#3225),#217,.T.);
#3411=ADVANCED_FACE('',(#3226),#218,.F.);
#3412=ADVANCED_FACE('',(#3227),#142,.T.);
#3413=ADVANCED_FACE('',(#3228),#143,.T.);
#3414=ADVANCED_FACE('',(#3229),#831,.T.);
#3415=ADVANCED_FACE('',(#3230),#144,.T.);
#3416=ADVANCED_FACE('',(#3231),#145,.T.);
#3417=ADVANCED_FACE('',(#3232),#146,.T.);
#3418=ADVANCED_FACE('',(#3233),#147,.T.);
#3419=ADVANCED_FACE('',(#3234),#148,.T.);
#3420=ADVANCED_FACE('',(#3235),#149,.T.);
#3421=ADVANCED_FACE('',(#3236),#150,.T.);
#3422=ADVANCED_FACE('',(#3237),#151,.T.);
#3423=ADVANCED_FACE('',(#3238),#152,.T.);
#3424=ADVANCED_FACE('',(#3239),#153,.T.);
#3425=ADVANCED_FACE('',(#3240),#154,.T.);
#3426=ADVANCED_FACE('',(#3241),#155,.T.);
#3427=ADVANCED_FACE('',(#3242),#156,.T.);
#3428=ADVANCED_FACE('',(#3243),#219,.F.);
#3429=ADVANCED_FACE('',(#3244),#157,.T.);
#3430=ADVANCED_FACE('',(#3245),#220,.T.);
#3431=ADVANCED_FACE('',(#3246),#158,.T.);
#3432=ADVANCED_FACE('',(#3247),#832,.T.);
#3433=ADVANCED_FACE('',(#3248),#159,.T.);
#3434=ADVANCED_FACE('',(#3249),#160,.T.);
#3435=ADVANCED_FACE('',(#3250),#161,.T.);
#3436=ADVANCED_FACE('',(#3251),#162,.T.);
#3437=ADVANCED_FACE('',(#3252),#163,.T.);
#3438=ADVANCED_FACE('',(#3253),#164,.T.);
#3439=ADVANCED_FACE('',(#3254),#165,.T.);
#3440=ADVANCED_FACE('',(#3255),#833,.T.);
#3441=ADVANCED_FACE('',(#3256),#221,.T.);
#3442=ADVANCED_FACE('',(#3257),#222,.F.);
#3443=ADVANCED_FACE('',(#3258),#223,.T.);
#3444=ADVANCED_FACE('',(#3259),#834,.T.);
#3445=ADVANCED_FACE('',(#3260),#224,.T.);
#3446=ADVANCED_FACE('',(#3261),#225,.T.);
#3447=ADVANCED_FACE('',(#3262),#226,.F.);
#3448=ADVANCED_FACE('',(#3263),#227,.T.);
#3449=ADVANCED_FACE('',(#3264),#835,.T.);
#3450=ADVANCED_FACE('',(#3265),#228,.T.);
#3451=ADVANCED_FACE('',(#3266),#229,.F.);
#3452=ADVANCED_FACE('',(#3267),#230,.F.);
#3453=ADVANCED_FACE('',(#3268),#231,.F.);
#3454=ADVANCED_FACE('',(#3269),#232,.F.);
#3455=ADVANCED_FACE('',(#3270),#233,.F.);
#3456=ADVANCED_FACE('',(#3271),#234,.F.);
#3457=ADVANCED_FACE('',(#3272),#235,.F.);
#3458=ADVANCED_FACE('',(#3273),#236,.F.);
#3459=AXIS2_PLACEMENT_3D('',#4255,#3700,$);
#3460=AXIS2_PLACEMENT_3D('',#4256,#3701,#3702);
#3461=AXIS2_PLACEMENT_3D('',#4259,#3703,#3704);
#3462=AXIS2_PLACEMENT_3D('',#4261,#3705,#3706);
#3463=AXIS2_PLACEMENT_3D('',#4263,#3707,#3708);
#3464=AXIS2_PLACEMENT_3D('',#4264,#3709,$);
#3465=AXIS2_PLACEMENT_3D('',#4265,#3710,#3711);
#3466=AXIS2_PLACEMENT_3D('',#4268,#3712,#3713);
#3467=AXIS2_PLACEMENT_3D('',#4270,#3714,#3715);
#3468=AXIS2_PLACEMENT_3D('',#4272,#3716,#3717);
#3469=AXIS2_PLACEMENT_3D('',#4273,#3718,$);
#3470=AXIS2_PLACEMENT_3D('',#4274,#3719,#3720);
#3471=AXIS2_PLACEMENT_3D('',#4275,#3721,#3722);
#3472=AXIS2_PLACEMENT_3D('',#4276,#3723,$);
#3473=AXIS2_PLACEMENT_3D('',#4277,#3724,#3725);
#3474=AXIS2_PLACEMENT_3D('',#4278,#3726,#3727);
#3475=AXIS2_PLACEMENT_3D('',#4279,#3728,#3729);
#3476=AXIS2_PLACEMENT_3D('',#4280,#3730,#3731);
#3477=AXIS2_PLACEMENT_3D('',#4285,#3733,#3734);
#3478=AXIS2_PLACEMENT_3D('',#4288,#3736,#3737);
#3479=AXIS2_PLACEMENT_3D('',#4289,#3738,#3739);
#3480=AXIS2_PLACEMENT_3D('',#4294,#3741,#3742);
#3481=AXIS2_PLACEMENT_3D('',#4297,#3744,#3745);
#3482=AXIS2_PLACEMENT_3D('',#4298,#3746,#3747);
#3483=AXIS2_PLACEMENT_3D('',#4471,#3750,#3751);
#3484=AXIS2_PLACEMENT_3D('',#4484,#3753,#3754);
#3485=AXIS2_PLACEMENT_3D('',#4485,#3755,#3756);
#3486=AXIS2_PLACEMENT_3D('',#4490,#3758,#3759);
#3487=AXIS2_PLACEMENT_3D('',#4552,#3760,#3761);
#3488=AXIS2_PLACEMENT_3D('',#4568,#3764,#3765);
#3489=AXIS2_PLACEMENT_3D('',#4703,#3770,#3771);
#3490=AXIS2_PLACEMENT_3D('',#4722,#3773,#3774);
#3491=AXIS2_PLACEMENT_3D('',#4726,#3776,#3777);
#3492=AXIS2_PLACEMENT_3D('',#4727,#3778,#3779);
#3493=AXIS2_PLACEMENT_3D('',#4746,#3781,#3782);
#3494=AXIS2_PLACEMENT_3D('',#4750,#3784,#3785);
#3495=AXIS2_PLACEMENT_3D('',#4751,#3786,#3787);
#3496=AXIS2_PLACEMENT_3D('',#4764,#3789,#3790);
#3497=AXIS2_PLACEMENT_3D('',#4768,#3792,#3793);
#3498=AXIS2_PLACEMENT_3D('',#4769,#3794,#3795);
#3499=AXIS2_PLACEMENT_3D('',#4791,#3797,#3798);
#3500=AXIS2_PLACEMENT_3D('',#4795,#3800,#3801);
#3501=AXIS2_PLACEMENT_3D('',#4796,#3802,#3803);
#3502=AXIS2_PLACEMENT_3D('',#4809,#3805,#3806);
#3503=AXIS2_PLACEMENT_3D('',#4813,#3808,#3809);
#3504=AXIS2_PLACEMENT_3D('',#4814,#3810,#3811);
#3505=AXIS2_PLACEMENT_3D('',#4815,#3812,#3813);
#3506=AXIS2_PLACEMENT_3D('',#4820,#3815,#3816);
#3507=AXIS2_PLACEMENT_3D('',#4823,#3818,#3819);
#3508=AXIS2_PLACEMENT_3D('',#4839,#3822,#3823);
#3509=AXIS2_PLACEMENT_3D('',#4974,#3828,#3829);
#3510=AXIS2_PLACEMENT_3D('',#4975,#3830,#3831);
#3511=AXIS2_PLACEMENT_3D('',#4980,#3833,#3834);
#3512=AXIS2_PLACEMENT_3D('',#4984,#3836,#3837);
#3513=AXIS2_PLACEMENT_3D('',#4987,#3839,#3840);
#3514=AXIS2_PLACEMENT_3D('',#4988,#3841,#3842);
#3515=AXIS2_PLACEMENT_3D('',#5014,#3845,#3846);
#3516=AXIS2_PLACEMENT_3D('',#5017,#3848,#3849);
#3517=AXIS2_PLACEMENT_3D('',#5020,#3851,$);
#3518=AXIS2_PLACEMENT_3D('',#5021,#3852,#3853);
#3519=AXIS2_PLACEMENT_3D('',#5023,#3854,#3855);
#3520=AXIS2_PLACEMENT_3D('',#5025,#3856,#3857);
#3521=AXIS2_PLACEMENT_3D('',#5026,#3858,#3859);
#3522=AXIS2_PLACEMENT_3D('',#5028,#3861,#3862);
#3523=AXIS2_PLACEMENT_3D('',#5030,#3864,$);
#3524=AXIS2_PLACEMENT_3D('',#5031,#3865,#3866);
#3525=AXIS2_PLACEMENT_3D('',#5033,#3867,#3868);
#3526=AXIS2_PLACEMENT_3D('',#5035,#3869,#3870);
#3527=AXIS2_PLACEMENT_3D('',#5036,#3871,#3872);
#3528=AXIS2_PLACEMENT_3D('',#5040,#3874,#3875);
#3529=AXIS2_PLACEMENT_3D('',#5043,#3877,#3878);
#3530=AXIS2_PLACEMENT_3D('',#5046,#3880,#3881);
#3531=AXIS2_PLACEMENT_3D('',#5050,#3883,#3884);
#3532=AXIS2_PLACEMENT_3D('',#5054,#3886,#3887);
#3533=AXIS2_PLACEMENT_3D('',#5058,#3889,#3890);
#3534=AXIS2_PLACEMENT_3D('',#5088,#3893,#3894);
#3535=AXIS2_PLACEMENT_3D('',#5092,#3896,#3897);
#3536=AXIS2_PLACEMENT_3D('',#5096,#3899,#3900);
#3537=AXIS2_PLACEMENT_3D('',#5100,#3902,#3903);
#3538=AXIS2_PLACEMENT_3D('',#5143,#3905,#3906);
#3539=AXIS2_PLACEMENT_3D('',#5147,#3908,#3909);
#3540=AXIS2_PLACEMENT_3D('',#5234,#3912,#3913);
#3541=AXIS2_PLACEMENT_3D('',#5238,#3915,#3916);
#3542=AXIS2_PLACEMENT_3D('',#5242,#3918,#3919);
#3543=AXIS2_PLACEMENT_3D('',#5249,#3920,#3921);
#3544=AXIS2_PLACEMENT_3D('',#5253,#3923,#3924);
#3545=AXIS2_PLACEMENT_3D('',#5257,#3926,#3927);
#3546=AXIS2_PLACEMENT_3D('',#5312,#3930,#3931);
#3547=AXIS2_PLACEMENT_3D('',#5316,#3933,#3934);
#3548=AXIS2_PLACEMENT_3D('',#5320,#3936,#3937);
#3549=AXIS2_PLACEMENT_3D('',#5324,#3939,#3940);
#3550=AXIS2_PLACEMENT_3D('',#5328,#3942,#3943);
#3551=AXIS2_PLACEMENT_3D('',#5332,#3945,#3946);
#3552=AXIS2_PLACEMENT_3D('',#5333,#3947,#3948);
#3553=AXIS2_PLACEMENT_3D('',#5334,#3949,#3950);
#3554=AXIS2_PLACEMENT_3D('',#5335,#3951,#3952);
#3555=AXIS2_PLACEMENT_3D('',#5339,#3954,#3955);
#3556=AXIS2_PLACEMENT_3D('',#5340,#3956,#3957);
#3557=AXIS2_PLACEMENT_3D('',#5344,#3959,#3960);
#3558=AXIS2_PLACEMENT_3D('',#5352,#3961,#3962);
#3559=AXIS2_PLACEMENT_3D('',#5459,#3965,#3966);
#3560=AXIS2_PLACEMENT_3D('',#5512,#3967,#3968);
#3561=AXIS2_PLACEMENT_3D('',#5608,#3970,#3971);
#3562=AXIS2_PLACEMENT_3D('',#5612,#3973,#3974);
#3563=AXIS2_PLACEMENT_3D('',#5626,#3976,#3977);
#3564=AXIS2_PLACEMENT_3D('',#5630,#3979,#3980);
#3565=AXIS2_PLACEMENT_3D('',#5644,#3982,#3983);
#3566=AXIS2_PLACEMENT_3D('',#5648,#3985,#3986);
#3567=AXIS2_PLACEMENT_3D('',#5654,#3987,#3988);
#3568=AXIS2_PLACEMENT_3D('',#5658,#3990,#3991);
#3569=AXIS2_PLACEMENT_3D('',#5677,#3993,#3994);
#3570=AXIS2_PLACEMENT_3D('',#5681,#3996,#3997);
#3571=AXIS2_PLACEMENT_3D('',#5682,#3998,#3999);
#3572=AXIS2_PLACEMENT_3D('',#5686,#4001,#4002);
#3573=AXIS2_PLACEMENT_3D('',#5777,#4004,#4005);
#3574=AXIS2_PLACEMENT_3D('',#5781,#4007,#4008);
#3575=AXIS2_PLACEMENT_3D('',#5785,#4010,#4011);
#3576=AXIS2_PLACEMENT_3D('',#5786,#4012,#4013);
#3577=AXIS2_PLACEMENT_3D('',#5811,#4014,#4015);
#3578=AXIS2_PLACEMENT_3D('',#5836,#4016,#4017);
#3579=AXIS2_PLACEMENT_3D('',#5861,#4018,$);
#3580=AXIS2_PLACEMENT_3D('',#5862,#4019,#4020);
#3581=AXIS2_PLACEMENT_3D('',#5865,#4021,#4022);
#3582=AXIS2_PLACEMENT_3D('',#5866,#4023,#4024);
#3583=AXIS2_PLACEMENT_3D('',#5867,#4025,$);
#3584=AXIS2_PLACEMENT_3D('',#5868,#4026,#4027);
#3585=AXIS2_PLACEMENT_3D('',#5869,#4028,$);
#3586=AXIS2_PLACEMENT_3D('',#5870,#4029,#4030);
#3587=AXIS2_PLACEMENT_3D('',#5894,#4031,$);
#3588=AXIS2_PLACEMENT_3D('',#5895,#4032,#4033);
#3589=AXIS2_PLACEMENT_3D('',#5896,#4034,$);
#3590=AXIS2_PLACEMENT_3D('',#5897,#4035,#4036);
#3591=AXIS2_PLACEMENT_3D('',#5898,#4037,#4038);
#3592=AXIS2_PLACEMENT_3D('',#5899,#4039,$);
#3593=AXIS2_PLACEMENT_3D('',#5900,#4040,#4041);
#3594=AXIS2_PLACEMENT_3D('',#5901,#4042,#4043);
#3595=AXIS2_PLACEMENT_3D('',#5921,#4044,$);
#3596=AXIS2_PLACEMENT_3D('',#5927,#4048,$);
#3597=AXIS2_PLACEMENT_3D('',#5928,#4049,#4050);
#3598=AXIS2_PLACEMENT_3D('',#5931,#4052,$);
#3599=AXIS2_PLACEMENT_3D('',#5935,#4055,$);
#3600=AXIS2_PLACEMENT_3D('',#5936,#4056,#4057);
#3601=AXIS2_PLACEMENT_3D('',#5939,#4059,$);
#3602=AXIS2_PLACEMENT_3D('',#5943,#4062,$);
#3603=AXIS2_PLACEMENT_3D('',#5944,#4063,#4064);
#3604=AXIS2_PLACEMENT_3D('',#5946,#4066,$);
#3605=AXIS2_PLACEMENT_3D('',#5948,#4068,$);
#3606=AXIS2_PLACEMENT_3D('',#5950,#4070,$);
#3607=AXIS2_PLACEMENT_3D('',#5952,#4072,#4073);
#3608=AXIS2_PLACEMENT_3D('',#5953,#4074,#4075);
#3609=AXIS2_PLACEMENT_3D('',#5954,#4076,$);
#3610=AXIS2_PLACEMENT_3D('',#6176,#4077,$);
#3611=AXIS2_PLACEMENT_3D('',#6267,#4078,#4079);
#3612=AXIS2_PLACEMENT_3D('',#6404,#4080,$);
#3613=AXIS2_PLACEMENT_3D('',#6405,#4081,#4082);
#3614=AXIS2_PLACEMENT_3D('',#6406,#4083,$);
#3615=AXIS2_PLACEMENT_3D('',#6412,#4087,$);
#3616=AXIS2_PLACEMENT_3D('',#6413,#4088,#4089);
#3617=AXIS2_PLACEMENT_3D('',#6416,#4091,$);
#3618=AXIS2_PLACEMENT_3D('',#6420,#4094,#4095);
#3619=AXIS2_PLACEMENT_3D('',#6421,#4096,#4097);
#3620=AXIS2_PLACEMENT_3D('',#6422,#4098,$);
#3621=AXIS2_PLACEMENT_3D('',#6423,#4099,$);
#3622=AXIS2_PLACEMENT_3D('',#6429,#4103,$);
#3623=AXIS2_PLACEMENT_3D('',#6430,#4104,#4105);
#3624=AXIS2_PLACEMENT_3D('',#6432,#4107,$);
#3625=AXIS2_PLACEMENT_3D('',#6434,#4109,#4110);
#3626=AXIS2_PLACEMENT_3D('',#6435,#4111,#4112);
#3627=AXIS2_PLACEMENT_3D('',#6436,#4113,$);
#3628=AXIS2_PLACEMENT_3D('',#6437,#4114,$);
#3629=AXIS2_PLACEMENT_3D('',#6443,#4118,$);
#3630=AXIS2_PLACEMENT_3D('',#6444,#4119,#4120);
#3631=AXIS2_PLACEMENT_3D('',#6592,#4121,$);
#3632=AXIS2_PLACEMENT_3D('',#6594,#4123,$);
#3633=AXIS2_PLACEMENT_3D('',#6596,#4125,$);
#3634=AXIS2_PLACEMENT_3D('',#6718,#4126,$);
#3635=AXIS2_PLACEMENT_3D('',#6720,#4128,$);
#3636=AXIS2_PLACEMENT_3D('',#6722,#4130,#4131);
#3637=AXIS2_PLACEMENT_3D('',#6723,#4132,#4133);
#3638=AXIS2_PLACEMENT_3D('',#6724,#4134,$);
#3639=AXIS2_PLACEMENT_3D('',#6725,#4135,$);
#3640=AXIS2_PLACEMENT_3D('',#6731,#4139,$);
#3641=AXIS2_PLACEMENT_3D('',#6732,#4140,#4141);
#3642=AXIS2_PLACEMENT_3D('',#6987,#4142,$);
#3643=AXIS2_PLACEMENT_3D('',#6989,#4144,$);
#3644=AXIS2_PLACEMENT_3D('',#6991,#4146,$);
#3645=AXIS2_PLACEMENT_3D('',#7091,#4147,$);
#3646=AXIS2_PLACEMENT_3D('',#7093,#4149,$);
#3647=AXIS2_PLACEMENT_3D('',#7095,#4151,$);
#3648=AXIS2_PLACEMENT_3D('',#7173,#4152,$);
#3649=AXIS2_PLACEMENT_3D('',#7175,#4154,$);
#3650=AXIS2_PLACEMENT_3D('',#7177,#4156,#4157);
#3651=AXIS2_PLACEMENT_3D('',#7178,#4158,#4159);
#3652=AXIS2_PLACEMENT_3D('',#7179,#4160,$);
#3653=AXIS2_PLACEMENT_3D('',#7401,#4161,$);
#3654=AXIS2_PLACEMENT_3D('',#7492,#4162,#4163);
#3655=AXIS2_PLACEMENT_3D('',#7629,#4164,$);
#3656=AXIS2_PLACEMENT_3D('',#7630,#4165,#4166);
#3657=AXIS2_PLACEMENT_3D('',#7695,#4167,$);
#3658=AXIS2_PLACEMENT_3D('',#7696,#4168,#4169);
#3659=AXIS2_PLACEMENT_3D('',#7699,#4171,$);
#3660=AXIS2_PLACEMENT_3D('',#7703,#4174,$);
#3661=AXIS2_PLACEMENT_3D('',#7704,#4175,#4176);
#3662=AXIS2_PLACEMENT_3D('',#7707,#4178,$);
#3663=AXIS2_PLACEMENT_3D('',#7711,#4181,$);
#3664=AXIS2_PLACEMENT_3D('',#7712,#4182,#4183);
#3665=AXIS2_PLACEMENT_3D('',#7733,#4184,$);
#3666=AXIS2_PLACEMENT_3D('',#7734,#4185,#4186);
#3667=AXIS2_PLACEMENT_3D('',#7737,#4188,$);
#3668=AXIS2_PLACEMENT_3D('',#7741,#4191,$);
#3669=AXIS2_PLACEMENT_3D('',#7742,#4192,#4193);
#3670=AXIS2_PLACEMENT_3D('',#7745,#4195,$);
#3671=AXIS2_PLACEMENT_3D('',#7749,#4198,$);
#3672=AXIS2_PLACEMENT_3D('',#7750,#4199,#4200);
#3673=AXIS2_PLACEMENT_3D('',#7805,#4201,#4202);
#3674=AXIS2_PLACEMENT_3D('',#8217,#4203,$);
#3675=AXIS2_PLACEMENT_3D('',#8268,#4204,$);
#3676=AXIS2_PLACEMENT_3D('',#8281,#4205,#4206);
#3677=AXIS2_PLACEMENT_3D('',#8462,#4207,#4208);
#3678=AXIS2_PLACEMENT_3D('',#8463,#4209,$);
#3679=AXIS2_PLACEMENT_3D('',#8469,#4213,$);
#3680=AXIS2_PLACEMENT_3D('',#8470,#4214,#4215);
#3681=AXIS2_PLACEMENT_3D('',#8472,#4217,$);
#3682=AXIS2_PLACEMENT_3D('',#8474,#4219,#4220);
#3683=AXIS2_PLACEMENT_3D('',#8475,#4221,#4222);
#3684=AXIS2_PLACEMENT_3D('',#8476,#4223,$);
#3685=AXIS2_PLACEMENT_3D('',#8477,#4224,$);
#3686=AXIS2_PLACEMENT_3D('',#8483,#4228,$);
#3687=AXIS2_PLACEMENT_3D('',#8484,#4229,#4230);
#3688=AXIS2_PLACEMENT_3D('',#8486,#4232,$);
#3689=AXIS2_PLACEMENT_3D('',#8488,#4234,#4235);
#3690=AXIS2_PLACEMENT_3D('',#8489,#4236,#4237);
#3691=AXIS2_PLACEMENT_3D('',#8490,#4238,$);
#3692=AXIS2_PLACEMENT_3D('',#8491,#4239,$);
#3693=AXIS2_PLACEMENT_3D('',#8495,#4242,$);
#3694=AXIS2_PLACEMENT_3D('',#8497,#4244,$);
#3695=AXIS2_PLACEMENT_3D('',#8500,#4247,$);
#3696=AXIS2_PLACEMENT_3D('',#8501,#4248,$);
#3697=AXIS2_PLACEMENT_3D('',#8503,#4250,$);
#3698=AXIS2_PLACEMENT_3D('',#8506,#4253,$);
#3699=AXIS2_PLACEMENT_3D('',#8507,#4254,$);
#3700=DIRECTION('',(0.,0.,1.));
#3701=DIRECTION('',(0.,-1.,0.));
#3702=DIRECTION('',(0.,0.,-0.1));
#3703=DIRECTION('',(0.,0.,1.));
#3704=DIRECTION('',(0.454999999999997,0.,0.));
#3705=DIRECTION('',(1.22464679914735E-16,1.,0.));
#3706=DIRECTION('',(-0.1,1.22464679914735E-17,0.));
#3707=DIRECTION('',(0.,0.,1.));
#3708=DIRECTION('',(0.51,0.,0.));
#3709=DIRECTION('',(0.,0.,1.));
#3710=DIRECTION('',(0.,-1.,0.));
#3711=DIRECTION('',(0.,0.,-0.1));
#3712=DIRECTION('',(0.,0.,1.));
#3713=DIRECTION('',(0.454999999999997,0.,0.));
#3714=DIRECTION('',(1.22464679914735E-16,1.,0.));
#3715=DIRECTION('',(-0.1,1.22464679914735E-17,0.));
#3716=DIRECTION('',(0.,0.,1.));
#3717=DIRECTION('',(0.51,0.,0.));
#3718=DIRECTION('',(0.,0.,1.));
#3719=DIRECTION('',(0.,0.,1.));
#3720=DIRECTION('',(0.454999999999997,0.,0.));
#3721=DIRECTION('',(0.,0.,1.));
#3722=DIRECTION('',(0.51,0.,0.));
#3723=DIRECTION('',(0.,0.,1.));
#3724=DIRECTION('',(0.,0.,1.));
#3725=DIRECTION('',(0.454999999999997,0.,0.));
#3726=DIRECTION('',(0.,0.,1.));
#3727=DIRECTION('',(0.51,0.,0.));
#3728=DIRECTION('',(0.,0.,1.));
#3729=DIRECTION('',(0.49,0.,0.));
#3730=DIRECTION('',(0.,0.,1.));
#3731=DIRECTION('',(0.49,0.,0.));
#3732=DIRECTION('',(0.,0.,1.));
#3733=DIRECTION('',(0.,0.,1.));
#3734=DIRECTION('',(0.49,0.,0.));
#3735=DIRECTION('',(0.,0.,1.));
#3736=DIRECTION('',(0.,0.,1.));
#3737=DIRECTION('',(0.49,0.,0.));
#3738=DIRECTION('',(0.,0.,1.));
#3739=DIRECTION('',(0.49,0.,0.));
#3740=DIRECTION('',(0.,0.,1.));
#3741=DIRECTION('',(0.,0.,1.));
#3742=DIRECTION('',(0.49,0.,0.));
#3743=DIRECTION('',(0.,0.,1.));
#3744=DIRECTION('',(0.,0.,1.));
#3745=DIRECTION('',(0.49,0.,0.));
#3746=DIRECTION('',(0.,0.,1.));
#3747=DIRECTION('',(0.49,0.,0.));
#3748=DIRECTION('',(-0.000246280737286467,-1.79567829263146E-5,0.999999969511676));
#3749=DIRECTION('',(0.,0.,1.));
#3750=DIRECTION('',(0.,0.,1.));
#3751=DIRECTION('',(0.49,0.,0.));
#3752=DIRECTION('',(-7.61392703025979E-6,0.000213650138132155,0.999999977147823));
#3753=DIRECTION('',(0.,0.,1.));
#3754=DIRECTION('',(0.49,0.,0.));
#3755=DIRECTION('',(0.,0.,1.));
#3756=DIRECTION('',(0.49,0.,0.));
#3757=DIRECTION('',(0.,0.,1.));
#3758=DIRECTION('',(0.,0.,1.));
#3759=DIRECTION('',(0.49,0.,0.));
#3760=DIRECTION('',(0.,0.,1.));
#3761=DIRECTION('',(0.51,0.,0.));
#3762=DIRECTION('',(1.03616160077222E-5,2.5737389565534E-5,0.999999999615112));
#3763=DIRECTION('',(0.,0.,-1.));
#3764=DIRECTION('',(0.,0.,1.));
#3765=DIRECTION('',(0.49,0.,0.));
#3766=DIRECTION('',(3.44056664864019E-5,4.01158915063569E-6,0.999999999400079));
#3767=DIRECTION('',(1.75612203581451E-16,-4.39030508953627E-17,-1.));
#3768=DIRECTION('',(-5.97383983808652E-5,-3.38867038499722E-5,0.999999997641507));
#3769=DIRECTION('',(0.,0.,1.));
#3770=DIRECTION('',(0.,0.,1.));
#3771=DIRECTION('',(0.49,0.,0.));
#3772=DIRECTION('',(-7.56560016426465E-6,8.12359018307817E-5,0.999999996671745));
#3773=DIRECTION('',(0.,0.,1.));
#3774=DIRECTION('',(0.49,0.,0.));
#3775=DIRECTION('',(0.,0.,1.));
#3776=DIRECTION('',(0.,0.,1.));
#3777=DIRECTION('',(0.49,0.,0.));
#3778=DIRECTION('',(0.,0.,1.));
#3779=DIRECTION('',(0.49,0.,0.));
#3780=DIRECTION('',(9.96663771511423E-5,5.58682289963135E-5,0.999999993472677));
#3781=DIRECTION('',(0.,0.,1.));
#3782=DIRECTION('',(0.49,0.,0.));
#3783=DIRECTION('',(-2.80979525730319E-15,-2.24783620584255E-15,1.));
#3784=DIRECTION('',(0.,0.,1.));
#3785=DIRECTION('',(0.49,0.,0.));
#3786=DIRECTION('',(0.,0.,1.));
#3787=DIRECTION('',(0.49,0.,0.));
#3788=DIRECTION('',(-9.8288239730082E-6,-6.72025610718592E-6,0.999999999929116));
#3789=DIRECTION('',(0.,0.,1.));
#3790=DIRECTION('',(0.49,0.,0.));
#3791=DIRECTION('',(0.,0.,1.));
#3792=DIRECTION('',(0.,0.,1.));
#3793=DIRECTION('',(0.49,0.,0.));
#3794=DIRECTION('',(0.,0.,1.));
#3795=DIRECTION('',(0.49,0.,0.));
#3796=DIRECTION('',(-3.42546150390673E-7,-2.58437680861356E-5,0.999999999665991));
#3797=DIRECTION('',(0.,0.,1.));
#3798=DIRECTION('',(0.49,0.,0.));
#3799=DIRECTION('',(0.,0.,1.));
#3800=DIRECTION('',(0.,0.,1.));
#3801=DIRECTION('',(0.49,0.,0.));
#3802=DIRECTION('',(0.,0.,1.));
#3803=DIRECTION('',(0.49,0.,0.));
#3804=DIRECTION('',(-6.37688742384048E-6,2.96724634937727E-6,0.999999999975265));
#3805=DIRECTION('',(0.,0.,1.));
#3806=DIRECTION('',(0.49,0.,0.));
#3807=DIRECTION('',(0.,0.,1.));
#3808=DIRECTION('',(0.,0.,1.));
#3809=DIRECTION('',(0.49,0.,0.));
#3810=DIRECTION('',(0.,0.,1.));
#3811=DIRECTION('',(0.49,0.,0.));
#3812=DIRECTION('',(0.,0.,1.));
#3813=DIRECTION('',(0.49,0.,0.));
#3814=DIRECTION('',(0.,0.,1.));
#3815=DIRECTION('',(0.,0.,1.));
#3816=DIRECTION('',(0.49,0.,0.));
#3817=DIRECTION('',(0.,0.,1.));
#3818=DIRECTION('',(0.,0.,1.));
#3819=DIRECTION('',(0.51,0.,0.));
#3820=DIRECTION('',(1.03616156245361E-5,2.57373897960436E-5,0.999999999615112));
#3821=DIRECTION('',(0.,0.,-1.));
#3822=DIRECTION('',(0.,0.,1.));
#3823=DIRECTION('',(0.49,0.,0.));
#3824=DIRECTION('',(3.44056674059839E-5,4.01158855465892E-6,0.999999999400079));
#3825=DIRECTION('',(1.75612203581452E-16,-4.3903050895363E-17,-1.));
#3826=DIRECTION('',(-5.97383966412331E-5,-3.38867037155524E-5,0.999999997641508));
#3827=DIRECTION('',(0.,0.,1.));
#3828=DIRECTION('',(0.,0.,1.));
#3829=DIRECTION('',(0.49,0.,0.));
#3830=DIRECTION('',(0.,0.,1.));
#3831=DIRECTION('',(0.49,0.,0.));
#3832=DIRECTION('',(0.,0.,1.));
#3833=DIRECTION('',(0.,0.,1.));
#3834=DIRECTION('',(0.49,0.,0.));
#3835=DIRECTION('',(0.,0.,1.));
#3836=DIRECTION('',(0.,0.,1.));
#3837=DIRECTION('',(0.49,0.,0.));
#3838=DIRECTION('',(0.,0.,1.));
#3839=DIRECTION('',(0.,0.,1.));
#3840=DIRECTION('',(0.32,0.,0.));
#3841=DIRECTION('',(0.,0.,1.));
#3842=DIRECTION('',(0.32,0.,0.));
#3843=DIRECTION('',(1.24272072644469E-16,-5.48320085647078E-18,1.));
#3844=DIRECTION('',(-6.21360363222343E-17,3.12653486202186E-16,1.));
#3845=DIRECTION('',(0.,0.,1.));
#3846=DIRECTION('',(0.51,0.,0.));
#3847=DIRECTION('',(0.,0.,1.));
#3848=DIRECTION('',(0.,0.,1.));
#3849=DIRECTION('',(0.51,0.,0.));
#3850=DIRECTION('',(0.,0.,1.));
#3851=DIRECTION('',(0.,0.,1.));
#3852=DIRECTION('',(1.22464679914735E-16,1.,0.));
#3853=DIRECTION('',(-0.1,1.22464679914735E-17,0.));
#3854=DIRECTION('',(0.,0.,1.));
#3855=DIRECTION('',(0.51,0.,0.));
#3856=DIRECTION('',(0.,-1.,0.));
#3857=DIRECTION('',(0.,0.,-0.1));
#3858=DIRECTION('',(0.,0.,1.));
#3859=DIRECTION('',(0.51,0.,0.));
#3860=DIRECTION('',(0.,0.,1.));
#3861=DIRECTION('',(0.,0.,1.));
#3862=DIRECTION('',(0.51,0.,0.));
#3863=DIRECTION('',(0.,0.,1.));
#3864=DIRECTION('',(0.,0.,1.));
#3865=DIRECTION('',(1.22464679914735E-16,1.,0.));
#3866=DIRECTION('',(-0.1,1.22464679914735E-17,0.));
#3867=DIRECTION('',(0.,0.,1.));
#3868=DIRECTION('',(0.51,0.,0.));
#3869=DIRECTION('',(0.,-1.,0.));
#3870=DIRECTION('',(0.,0.,-0.1));
#3871=DIRECTION('',(0.,0.,1.));
#3872=DIRECTION('',(0.51,0.,0.));
#3873=DIRECTION('',(-3.46041490874255E-17,0.,1.));
#3874=DIRECTION('',(0.,0.,1.));
#3875=DIRECTION('',(0.510000000000001,0.,0.));
#3876=DIRECTION('',(3.63848035327475E-17,-2.52470291428244E-33,1.));
#3877=DIRECTION('',(0.,0.,1.));
#3878=DIRECTION('',(0.51,0.,0.));
#3879=DIRECTION('',(-6.51537412743274E-17,0.,1.));
#3880=DIRECTION('',(0.,0.,1.));
#3881=DIRECTION('',(0.379970599064984,0.340179869842702,0.));
#3882=DIRECTION('',(0.,0.,-1.));
#3883=DIRECTION('',(0.,0.,1.));
#3884=DIRECTION('',(0.379970599064984,0.340179869842702,0.));
#3885=DIRECTION('',(0.,0.,1.));
#3886=DIRECTION('',(0.,0.,1.));
#3887=DIRECTION('',(0.433212386541845,0.269122700913021,0.));
#3888=DIRECTION('',(3.21119457977512E-16,2.00699661235945E-17,-1.));
#3889=DIRECTION('',(0.,0.,1.));
#3890=DIRECTION('',(0.50869118023489,0.0365141500138733,0.));
#3891=DIRECTION('',(1.6594406997668E-5,1.83504545618061E-7,0.999999999862296));
#3892=DIRECTION('',(-2.63940512680235E-5,-9.41413355089966E-6,0.999999999607364));
#3893=DIRECTION('',(0.,0.,1.));
#3894=DIRECTION('',(0.483553114776306,0.162099923473557,0.));
#3895=DIRECTION('',(0.,0.,-1.));
#3896=DIRECTION('',(0.,0.,1.));
#3897=DIRECTION('',(0.483553114776306,0.162099923473557,0.));
#3898=DIRECTION('',(0.,0.,1.));
#3899=DIRECTION('',(0.,0.,1.));
#3900=DIRECTION('',(0.483553114776306,0.162099923473557,0.));
#3901=DIRECTION('',(0.,0.,-1.));
#3902=DIRECTION('',(0.,0.,1.));
#3903=DIRECTION('',(0.483553114776306,0.162099923473557,0.));
#3904=DIRECTION('',(-1.32880204258645E-6,-5.37306115246674E-6,0.999999999984682));
#3905=DIRECTION('',(0.,0.,1.));
#3906=DIRECTION('',(0.483553114776306,0.162099923473557,0.));
#3907=DIRECTION('',(0.,0.,-1.));
#3908=DIRECTION('',(0.,0.,1.));
#3909=DIRECTION('',(0.483553114776306,0.162099923473557,0.));
#3910=DIRECTION('',(2.21699099430247E-5,-7.22977831653897E-5,0.999999997140763));
#3911=DIRECTION('',(-2.2773149250094E-5,-8.12264345231951E-6,0.999999999707703));
#3912=DIRECTION('',(0.,0.,1.));
#3913=DIRECTION('',(0.50433911010208,0.075776394882858,0.));
#3914=DIRECTION('',(-1.60559728988757E-15,-1.60559728988757E-15,1.));
#3915=DIRECTION('',(0.,0.,1.));
#3916=DIRECTION('',(0.483553114776306,0.162099923473557,0.));
#3917=DIRECTION('',(8.02798644943787E-16,-8.02798644943787E-16,-1.));
#3918=DIRECTION('',(0.,0.,1.));
#3919=DIRECTION('',(0.423155228642069,0.284674643185652,0.));
#3920=DIRECTION('',(0.,0.,1.));
#3921=DIRECTION('',(0.389293671286698,0.329469934130756,0.));
#3922=DIRECTION('',(0.,0.,-1.));
#3923=DIRECTION('',(0.,0.,1.));
#3924=DIRECTION('',(0.483553114776306,0.162099923473557,0.));
#3925=DIRECTION('',(0.,0.,1.));
#3926=DIRECTION('',(0.,0.,1.));
#3927=DIRECTION('',(0.50433911010208,0.075776394882858,0.));
#3928=DIRECTION('',(2.90719367254902E-10,2.25935667742358E-9,1.));
#3929=DIRECTION('',(0.000204419935648689,3.02293932303433E-6,0.999999979101676));
#3930=DIRECTION('',(0.,0.,1.));
#3931=DIRECTION('',(0.379970599064984,0.340179869842702,0.));
#3932=DIRECTION('',(0.,0.,-1.));
#3933=DIRECTION('',(0.,0.,1.));
#3934=DIRECTION('',(0.379970599064984,0.340179869842702,0.));
#3935=DIRECTION('',(0.,0.,1.));
#3936=DIRECTION('',(0.,0.,1.));
#3937=DIRECTION('',(0.379970599064984,0.340179869842702,0.));
#3938=DIRECTION('',(0.,0.,-1.));
#3939=DIRECTION('',(0.,0.,1.));
#3940=DIRECTION('',(0.379970599064984,0.340179869842702,0.));
#3941=DIRECTION('',(0.,5.61959051460658E-16,1.));
#3942=DIRECTION('',(0.,0.,1.));
#3943=DIRECTION('',(0.379970599064984,0.340179869842702,0.));
#3944=DIRECTION('',(0.,0.,-1.));
#3945=DIRECTION('',(0.,0.,1.));
#3946=DIRECTION('',(0.379970599064984,0.340179869842702,0.));
#3947=DIRECTION('',(0.,0.,1.));
#3948=DIRECTION('',(0.51,0.,0.));
#3949=DIRECTION('',(0.,0.,1.));
#3950=DIRECTION('',(0.510000000000001,0.,0.));
#3951=DIRECTION('',(0.,0.,1.));
#3952=DIRECTION('',(0.379970599064984,0.340179869842702,0.));
#3953=DIRECTION('',(0.,0.,1.));
#3954=DIRECTION('',(0.,0.,1.));
#3955=DIRECTION('',(0.379970599064984,0.340179869842702,0.));
#3956=DIRECTION('',(0.,0.,1.));
#3957=DIRECTION('',(0.379970599064984,0.340179869842702,0.));
#3958=DIRECTION('',(0.,0.,1.));
#3959=DIRECTION('',(0.,0.,1.));
#3960=DIRECTION('',(0.379970599064984,0.340179869842702,0.));
#3961=DIRECTION('',(0.,0.,1.));
#3962=DIRECTION('',(0.508928540209551,-0.0330415036004032,0.));
#3963=DIRECTION('',(0.,0.,1.));
#3964=DIRECTION('',(-5.19812435560044E-7,-1.58323492804238E-5,0.999999999874533));
#3965=DIRECTION('',(0.,0.,1.));
#3966=DIRECTION('',(0.50433911010208,0.075776394882858,0.));
#3967=DIRECTION('',(0.,0.,1.));
#3968=DIRECTION('',(0.50433911010208,0.075776394882858,0.));
#3969=DIRECTION('',(0.,0.,1.));
#3970=DIRECTION('',(0.,0.,1.));
#3971=DIRECTION('',(0.509822319558078,-0.0134611470692918,0.));
#3972=DIRECTION('',(-1.12391810292128E-15,-5.61959051460638E-16,1.));
#3973=DIRECTION('',(0.,0.,1.));
#3974=DIRECTION('',(0.507561895199518,-0.0498088600700135,0.));
#3975=DIRECTION('',(-1.01625787747135E-6,-2.80360210702029E-5,0.999999999606474));
#3976=DIRECTION('',(0.,0.,1.));
#3977=DIRECTION('',(0.504213477529149,-0.0766078917472811,0.));
#3978=DIRECTION('',(-1.12391810292128E-15,-1.12391810292128E-15,1.));
#3979=DIRECTION('',(0.,0.,1.));
#3980=DIRECTION('',(0.508514907261498,-0.0388920183692037,0.));
#3981=DIRECTION('',(-4.4778543530795E-5,-3.51785736130231E-6,0.999999998991253));
#3982=DIRECTION('',(0.,0.,1.));
#3983=DIRECTION('',(0.497899406889348,-0.110436319294132,0.));
#3984=DIRECTION('',(5.61959051460648E-16,-1.1239181029213E-15,1.));
#3985=DIRECTION('',(0.,0.,1.));
#3986=DIRECTION('',(0.483553114776306,0.162099923473557,0.));
#3987=DIRECTION('',(0.,0.,1.));
#3988=DIRECTION('',(0.507186731007339,-0.0534941107981985,0.));
#3989=DIRECTION('',(-1.12391810292132E-15,5.61959051460658E-16,1.));
#3990=DIRECTION('',(0.,0.,1.));
#3991=DIRECTION('',(0.506244813310439,-0.0617753105721002,0.));
#3992=DIRECTION('',(4.05354962735383E-6,-5.25804227217783E-5,0.999999998609434));
#3993=DIRECTION('',(0.,0.,1.));
#3994=DIRECTION('',(0.500955350628233,-0.0956228878299796,0.));
#3995=DIRECTION('',(1.12391810292128E-15,-1.12391810292128E-15,1.));
#3996=DIRECTION('',(0.,0.,1.));
#3997=DIRECTION('',(0.483553114776306,0.162099923473557,0.));
#3998=DIRECTION('',(0.,0.,1.));
#3999=DIRECTION('',(0.483553114776306,0.162099923473557,0.));
#4000=DIRECTION('',(0.,0.,1.));
#4001=DIRECTION('',(0.,0.,1.));
#4002=DIRECTION('',(0.483553114776306,0.162099923473557,0.));
#4003=DIRECTION('',(0.,0.,1.));
#4004=DIRECTION('',(0.,0.,1.));
#4005=DIRECTION('',(0.50869118023489,0.0365141500138733,0.));
#4006=DIRECTION('',(3.21119457977512E-16,-4.01399322471891E-17,1.));
#4007=DIRECTION('',(0.,0.,1.));
#4008=DIRECTION('',(0.507314759757278,-0.0522659978610951,0.));
#4009=DIRECTION('',(0.,5.10871864964218E-16,1.));
#4010=DIRECTION('',(0.,0.,1.));
#4011=DIRECTION('',(0.379970599064984,0.340179869842702,0.));
#4012=DIRECTION('',(0.,0.,1.));
#4013=DIRECTION('',(0.51,0.,0.));
#4014=DIRECTION('',(0.,0.,1.));
#4015=DIRECTION('',(0.51,0.,0.));
#4016=DIRECTION('',(0.,0.,1.));
#4017=DIRECTION('',(0.51,0.,0.));
#4018=DIRECTION('',(0.,0.,1.));
#4019=DIRECTION('',(0.,0.,1.));
#4020=DIRECTION('',(0.21,0.,0.));
#4021=DIRECTION('',(1.22464679914735E-16,1.,0.));
#4022=DIRECTION('',(-0.300000000000001,3.67394039744207E-17,0.));
#4023=DIRECTION('',(0.,-1.,0.));
#4024=DIRECTION('',(0.,0.,-0.300000000000002));
#4025=DIRECTION('',(0.,0.,1.));
#4026=DIRECTION('',(0.,0.,1.));
#4027=DIRECTION('',(0.21,0.,0.));
#4028=DIRECTION('',(0.,0.,1.));
#4029=DIRECTION('',(0.,0.,1.));
#4030=DIRECTION('',(0.51,0.,0.));
#4031=DIRECTION('',(0.,0.,1.));
#4032=DIRECTION('',(0.,0.,1.));
#4033=DIRECTION('',(0.51,0.,0.));
#4034=DIRECTION('',(0.,0.,1.));
#4035=DIRECTION('',(0.,0.,1.));
#4036=DIRECTION('',(0.51,0.,0.));
#4037=DIRECTION('',(0.,0.,1.));
#4038=DIRECTION('',(0.51,0.,0.));
#4039=DIRECTION('',(0.,0.,-1.));
#4040=DIRECTION('',(0.,0.,1.));
#4041=DIRECTION('',(0.32,0.,0.));
#4042=DIRECTION('',(0.,0.,1.));
#4043=DIRECTION('',(0.32,0.,0.));
#4044=DIRECTION('',(0.667019352632748,-0.745040390323497,0.));
#4045=DIRECTION('',(-0.745040390323499,-0.667019352632746,0.));
#4046=DIRECTION('',(0.,0.,-1.));
#4047=DIRECTION('',(-0.745040390323499,-0.667019352632746,0.));
#4048=DIRECTION('',(0.,0.,-1.));
#4049=DIRECTION('',(0.,0.,1.));
#4050=DIRECTION('',(0.49,0.,0.));
#4051=DIRECTION('',(-0.849436052042834,-0.527691570417687,0.));
#4052=DIRECTION('',(-0.527691570417687,0.849436052042833,0.));
#4053=DIRECTION('',(0.,0.,1.));
#4054=DIRECTION('',(-0.849436052042834,-0.527691570417687,0.));
#4055=DIRECTION('',(0.,0.,-1.));
#4056=DIRECTION('',(0.,0.,1.));
#4057=DIRECTION('',(0.49,0.,0.));
#4058=DIRECTION('',(-0.997433686735077,-0.0715963725762219,0.));
#4059=DIRECTION('',(0.071596372576222,-0.997433686735077,0.));
#4060=DIRECTION('',(0.,0.,-1.));
#4061=DIRECTION('',(-0.997433686735077,-0.0715963725762219,0.));
#4062=DIRECTION('',(0.,0.,-1.));
#4063=DIRECTION('',(0.,0.,1.));
#4064=DIRECTION('',(0.49,0.,0.));
#4065=DIRECTION('',(-0.994734823053485,0.102482348747246,0.));
#4066=DIRECTION('',(0.102482348747245,0.994734823053485,0.));
#4067=DIRECTION('',(-0.994734823053485,0.102482348747246,0.));
#4068=DIRECTION('',(0.,0.,-1.));
#4069=DIRECTION('',(-0.710509201828206,0.703687909600162,0.));
#4070=DIRECTION('',(0.703687909600159,0.710509201828209,0.));
#4071=DIRECTION('',(-0.710509201828207,0.703687909600161,0.));
#4072=DIRECTION('',(0.,0.,1.));
#4073=DIRECTION('',(0.49,0.,0.));
#4074=DIRECTION('',(0.,0.,1.));
#4075=DIRECTION('',(0.49,0.,0.));
#4076=DIRECTION('',(0.,0.,-1.));
#4077=DIRECTION('',(0.27345475987129,0.961884865409439,0.));
#4078=DIRECTION('',(0.,0.,1.));
#4079=DIRECTION('',(0.49,0.,0.));
#4080=DIRECTION('',(-0.102482348747245,-0.994734823053485,0.));
#4081=DIRECTION('',(0.,0.,1.));
#4082=DIRECTION('',(0.51,0.,0.));
#4083=DIRECTION('',(0.667019352632748,-0.745040390323497,0.));
#4084=DIRECTION('',(-0.745040390323499,-0.667019352632746,0.));
#4085=DIRECTION('',(0.,0.,-1.));
#4086=DIRECTION('',(-0.745040390323499,-0.667019352632746,0.));
#4087=DIRECTION('',(0.,0.,-1.));
#4088=DIRECTION('',(0.,0.,1.));
#4089=DIRECTION('',(0.49,0.,0.));
#4090=DIRECTION('',(-0.859496898252771,-0.511140960884438,0.));
#4091=DIRECTION('',(-0.511140960884436,0.859496898252772,0.));
#4092=DIRECTION('',(-5.61959051460658E-16,5.61959051460658E-16,1.));
#4093=DIRECTION('',(-0.859496898252771,-0.511140960884436,0.));
#4094=DIRECTION('',(0.,0.,1.));
#4095=DIRECTION('',(0.49,0.,0.));
#4096=DIRECTION('',(0.,0.,1.));
#4097=DIRECTION('',(0.49,0.,0.));
#4098=DIRECTION('',(0.,0.,-1.));
#4099=DIRECTION('',(0.317842987203053,-0.948143362306482,0.));
#4100=DIRECTION('',(-0.948143362306481,-0.317842987203053,0.));
#4101=DIRECTION('',(0.,0.,-1.));
#4102=DIRECTION('',(-0.948143362306481,-0.317842987203053,0.));
#4103=DIRECTION('',(0.,0.,-1.));
#4104=DIRECTION('',(0.,0.,1.));
#4105=DIRECTION('',(0.49,0.,0.));
#4106=DIRECTION('',(-0.710509201828206,0.703687909600162,0.));
#4107=DIRECTION('',(0.703687909600159,0.710509201828209,0.));
#4108=DIRECTION('',(-0.710509201828206,0.703687909600162,0.));
#4109=DIRECTION('',(0.,0.,1.));
#4110=DIRECTION('',(0.49,0.,0.));
#4111=DIRECTION('',(0.,0.,1.));
#4112=DIRECTION('',(0.49,0.,0.));
#4113=DIRECTION('',(0.,0.,-1.));
#4114=DIRECTION('',(0.317842987203053,-0.948143362306482,0.));
#4115=DIRECTION('',(-0.948143362306481,-0.317842987203053,0.));
#4116=DIRECTION('',(0.,0.,-1.));
#4117=DIRECTION('',(-0.948143362306481,-0.317842987203053,0.));
#4118=DIRECTION('',(0.,0.,-1.));
#4119=DIRECTION('',(0.,0.,1.));
#4120=DIRECTION('',(0.49,0.,0.));
#4121=DIRECTION('',(0.,0.,-1.));
#4122=DIRECTION('',(-0.71050920182821,0.703687909600158,0.));
#4123=DIRECTION('',(0.703687909600159,0.710509201828209,0.));
#4124=DIRECTION('',(-0.710509201828208,0.70368790960016,0.));
#4125=DIRECTION('',(0.,0.,-1.));
#4126=DIRECTION('',(0.,0.,-1.));
#4127=DIRECTION('',(-0.710509201828206,0.703687909600162,0.));
#4128=DIRECTION('',(0.703687909600159,0.710509201828209,0.));
#4129=DIRECTION('',(-0.710509201828206,0.703687909600162,0.));
#4130=DIRECTION('',(0.,0.,1.));
#4131=DIRECTION('',(0.49,0.,0.));
#4132=DIRECTION('',(0.,0.,1.));
#4133=DIRECTION('',(0.49,0.,0.));
#4134=DIRECTION('',(0.,0.,-1.));
#4135=DIRECTION('',(0.317842987203053,-0.948143362306482,0.));
#4136=DIRECTION('',(-0.948143362306481,-0.317842987203053,0.));
#4137=DIRECTION('',(0.,0.,-1.));
#4138=DIRECTION('',(-0.948143362306481,-0.317842987203053,0.));
#4139=DIRECTION('',(0.,0.,-1.));
#4140=DIRECTION('',(0.,0.,1.));
#4141=DIRECTION('',(0.49,0.,0.));
#4142=DIRECTION('',(0.,0.,-1.));
#4143=DIRECTION('',(-0.71050920182821,0.703687909600158,0.));
#4144=DIRECTION('',(0.703687909600159,0.710509201828209,0.));
#4145=DIRECTION('',(-0.710509201828205,0.703687909600162,0.));
#4146=DIRECTION('',(0.,0.,-1.));
#4147=DIRECTION('',(0.,0.,-1.));
#4148=DIRECTION('',(-0.71050920182821,0.703687909600158,0.));
#4149=DIRECTION('',(0.703687909600159,0.710509201828209,0.));
#4150=DIRECTION('',(-0.710509201828217,0.703687909600151,0.));
#4151=DIRECTION('',(0.,0.,-1.));
#4152=DIRECTION('',(0.,0.,-1.));
#4153=DIRECTION('',(-0.710509201828207,0.703687909600161,0.));
#4154=DIRECTION('',(0.703687909600159,0.710509201828209,0.));
#4155=DIRECTION('',(-0.710509201828206,0.703687909600162,0.));
#4156=DIRECTION('',(0.,0.,1.));
#4157=DIRECTION('',(0.49,0.,0.));
#4158=DIRECTION('',(0.,0.,1.));
#4159=DIRECTION('',(0.49,0.,0.));
#4160=DIRECTION('',(0.,0.,-1.));
#4161=DIRECTION('',(0.27345475987129,0.961884865409439,0.));
#4162=DIRECTION('',(0.,0.,1.));
#4163=DIRECTION('',(0.49,0.,0.));
#4164=DIRECTION('',(-0.102482348747245,-0.994734823053485,0.));
#4165=DIRECTION('',(0.,0.,1.));
#4166=DIRECTION('',(0.51,0.,0.));
#4167=DIRECTION('',(0.,0.,-1.));
#4168=DIRECTION('',(0.,0.,1.));
#4169=DIRECTION('',(0.49,0.,0.));
#4170=DIRECTION('',(-0.98890021588643,-0.148581166436976,0.));
#4171=DIRECTION('',(-0.148581166436976,0.98890021588643,0.));
#4172=DIRECTION('',(0.,-1.20419796741568E-15,1.));
#4173=DIRECTION('',(-0.98890021588643,-0.148581166436976,0.));
#4174=DIRECTION('',(0.,0.,-1.));
#4175=DIRECTION('',(0.,0.,1.));
#4176=DIRECTION('',(0.49,0.,0.));
#4177=DIRECTION('',(-0.948143362306481,-0.317842987203053,0.));
#4178=DIRECTION('',(0.317842987203053,-0.948143362306482,0.));
#4179=DIRECTION('',(8.02798644943787E-16,-1.20419796741568E-15,-1.));
#4180=DIRECTION('',(-0.948143362306481,-0.317842987203055,0.));
#4181=DIRECTION('',(0.,0.,-1.));
#4182=DIRECTION('',(0.,0.,1.));
#4183=DIRECTION('',(0.49,0.,0.));
#4184=DIRECTION('',(0.,0.,-1.));
#4185=DIRECTION('',(0.,0.,1.));
#4186=DIRECTION('',(0.49,0.,0.));
#4187=DIRECTION('',(-0.948143362306481,-0.317842987203053,0.));
#4188=DIRECTION('',(0.317842987203053,-0.948143362306482,0.));
#4189=DIRECTION('',(0.,0.,-1.));
#4190=DIRECTION('',(-0.948143362306481,-0.317842987203053,0.));
#4191=DIRECTION('',(0.,0.,-1.));
#4192=DIRECTION('',(0.,0.,1.));
#4193=DIRECTION('',(0.49,0.,0.));
#4194=DIRECTION('',(-0.98890021588643,-0.148581166436976,0.));
#4195=DIRECTION('',(-0.148581166436976,0.98890021588643,0.));
#4196=DIRECTION('',(0.,0.,1.));
#4197=DIRECTION('',(-0.98890021588643,-0.148581166436976,0.));
#4198=DIRECTION('',(0.,0.,-1.));
#4199=DIRECTION('',(0.,0.,1.));
#4200=DIRECTION('',(0.49,0.,0.));
#4201=DIRECTION('',(0.,0.,1.));
#4202=DIRECTION('',(0.49,0.,0.));
#4203=DIRECTION('',(0.,0.,-1.));
#4204=DIRECTION('',(0.703687909600159,0.710509201828209,0.));
#4205=DIRECTION('',(0.,0.,1.));
#4206=DIRECTION('',(0.49,0.,0.));
#4207=DIRECTION('',(0.,0.,1.));
#4208=DIRECTION('',(0.51,0.,0.));
#4209=DIRECTION('',(0.667019352632748,-0.745040390323498,0.));
#4210=DIRECTION('',(-0.745040390323499,-0.667019352632746,0.));
#4211=DIRECTION('',(0.,0.,-1.));
#4212=DIRECTION('',(-0.745040390323499,-0.667019352632746,0.));
#4213=DIRECTION('',(0.,0.,-1.));
#4214=DIRECTION('',(0.,0.,1.));
#4215=DIRECTION('',(0.49,0.,0.));
#4216=DIRECTION('',(-0.710509201828207,0.703687909600161,0.));
#4217=DIRECTION('',(0.703687909600159,0.710509201828209,0.));
#4218=DIRECTION('',(-0.710509201828207,0.703687909600161,0.));
#4219=DIRECTION('',(0.,0.,1.));
#4220=DIRECTION('',(0.49,0.,0.));
#4221=DIRECTION('',(0.,0.,1.));
#4222=DIRECTION('',(0.49,0.,0.));
#4223=DIRECTION('',(0.,0.,-1.));
#4224=DIRECTION('',(0.667019352632748,-0.745040390323497,0.));
#4225=DIRECTION('',(-0.745040390323499,-0.667019352632746,0.));
#4226=DIRECTION('',(0.,0.,-1.));
#4227=DIRECTION('',(-0.745040390323499,-0.667019352632746,0.));
#4228=DIRECTION('',(0.,0.,-1.));
#4229=DIRECTION('',(0.,0.,1.));
#4230=DIRECTION('',(0.49,0.,0.));
#4231=DIRECTION('',(-0.710509201828207,0.703687909600161,0.));
#4232=DIRECTION('',(0.703687909600159,0.710509201828209,0.));
#4233=DIRECTION('',(-0.710509201828207,0.703687909600161,0.));
#4234=DIRECTION('',(0.,0.,1.));
#4235=DIRECTION('',(0.49,0.,0.));
#4236=DIRECTION('',(0.,0.,1.));
#4237=DIRECTION('',(0.49,0.,0.));
#4238=DIRECTION('',(0.,0.,-1.));
#4239=DIRECTION('',(0.353553390593272,-0.86602540378444,-0.353553390593273));
#4240=DIRECTION('',(0.493803346850554,0.493803346850552,-0.715762886211897));
#4241=DIRECTION('',(-0.707106781186551,5.88017213655444E-15,-0.707106781186544));
#4242=DIRECTION('',(0.353553390593272,0.86602540378444,-0.353553390593273));
#4243=DIRECTION('',(-0.493803346850561,0.49380334685056,0.715762886211886));
#4244=DIRECTION('',(0.866025403784438,0.353553390593275,-0.353553390593273));
#4245=DIRECTION('',(-0.493803346850555,0.493803346850545,-0.715762886211901));
#4246=DIRECTION('',(2.46885156104045E-15,-0.707106781186548,-0.707106781186547));
#4247=DIRECTION('',(-0.866025403784441,0.353553390593269,-0.353553390593273));
#4248=DIRECTION('',(-0.353553390593266,-0.866025403784442,-0.353553390593273));
#4249=DIRECTION('',(0.707106781186552,1.08178752586354E-14,-0.707106781186543));
#4250=DIRECTION('',(0.866025403784443,-0.353553390593263,-0.353553390593273));
#4251=DIRECTION('',(-7.40655468312136E-15,0.707106781186554,-0.707106781186542));
#4252=DIRECTION('',(-0.493803346850547,-0.493803346850564,-0.715762886211893));
#4253=DIRECTION('',(-0.866025403784436,-0.353553390593281,-0.353553390593273));
#4254=DIRECTION('',(-0.353553390593278,0.866025403784437,-0.353553390593273));
#4255=CARTESIAN_POINT('',(0.,0.,-0.2));
#4256=CARTESIAN_POINT('',(0.554999999999997,0.,-0.2));
#4257=CARTESIAN_POINT('',(0.51,-6.2456986756515E-17,-0.11069714450254));
#4258=CARTESIAN_POINT('',(0.454999999999997,-5.57214293612042E-17,-0.2));
#4259=CARTESIAN_POINT('',(0.,0.,-0.2));
#4260=CARTESIAN_POINT('',(-0.454999999999997,1.56751724602093E-16,-0.2));
#4261=CARTESIAN_POINT('',(-0.554999999999997,6.79678973526778E-17,-0.2));
#4262=CARTESIAN_POINT('',(-0.51,6.2456986756515E-17,-0.11069714450254));
#4263=CARTESIAN_POINT('',(0.,0.,-0.11069714450254));
#4264=CARTESIAN_POINT('',(0.,0.,-0.5));
#4265=CARTESIAN_POINT('',(0.554999999999997,0.,-0.5));
#4266=CARTESIAN_POINT('',(0.51,-6.2456986756515E-17,-0.41069714450254));
#4267=CARTESIAN_POINT('',(0.454999999999997,-5.57214293612042E-17,-0.5));
#4268=CARTESIAN_POINT('',(0.,0.,-0.5));
#4269=CARTESIAN_POINT('',(-0.454999999999997,1.56751724602093E-16,-0.5));
#4270=CARTESIAN_POINT('',(-0.554999999999997,6.79678973526778E-17,-0.5));
#4271=CARTESIAN_POINT('',(-0.51,6.2456986756515E-17,-0.41069714450254));
#4272=CARTESIAN_POINT('',(0.,0.,-0.41069714450254));
#4273=CARTESIAN_POINT('',(0.,0.,-0.5));
#4274=CARTESIAN_POINT('',(0.,0.,-0.5));
#4275=CARTESIAN_POINT('',(0.,0.,-0.41069714450254));
#4276=CARTESIAN_POINT('',(0.,0.,-0.2));
#4277=CARTESIAN_POINT('',(0.,0.,-0.2));
#4278=CARTESIAN_POINT('',(0.,0.,-0.11069714450254));
#4279=CARTESIAN_POINT('',(0.,0.,0.));
#4280=CARTESIAN_POINT('',(0.,0.,-12.1665906672609));
#4281=CARTESIAN_POINT('',(0.348149508895822,-0.344807075704078,-12.1665906672609));
#4282=CARTESIAN_POINT('',(0.49,-6.00076931582204E-17,-12.1665906672609));
#4283=CARTESIAN_POINT('',(0.49,0.,-12.1665906672609));
#4284=CARTESIAN_POINT('',(0.49,-6.00076931582204E-17,-12.0678091793803));
#4285=CARTESIAN_POINT('',(0.,0.,-12.0678091793803));
#4286=CARTESIAN_POINT('',(0.348149508895822,-0.344807075704078,-12.0678091793803));
#4287=CARTESIAN_POINT('',(0.348149508895822,-0.344807075704078,-12.1665906672609));
#4288=CARTESIAN_POINT('',(0.,0.,0.));
#4289=CARTESIAN_POINT('',(0.,0.,-11.9295150963474));
#4290=CARTESIAN_POINT('',(0.348149508895822,-0.344807075704078,-11.9295150963474));
#4291=CARTESIAN_POINT('',(0.49,-6.00076931582204E-17,-11.9295150963474));
#4292=CARTESIAN_POINT('',(0.49,0.,-11.9295150963474));
#4293=CARTESIAN_POINT('',(0.49,-6.00076931582204E-17,-11.8307336084668));
#4294=CARTESIAN_POINT('',(0.,0.,-11.8307336084668));
#4295=CARTESIAN_POINT('',(0.348149508895822,-0.344807075704078,-11.8307336084668));
#4296=CARTESIAN_POINT('',(0.348149508895822,-0.344807075704078,-11.9295150963474));
#4297=CARTESIAN_POINT('',(0.,0.,0.));
#4298=CARTESIAN_POINT('',(0.,0.,-11.692439525434));
#4299=CARTESIAN_POINT('',(0.467941647134479,-0.145363733018492,-11.692439525434));
#4300=CARTESIAN_POINT('',(0.488970558240549,-0.0317457583611717,-11.692439525434));
#4301=CARTESIAN_POINT('',(0.490027249979977,5.9809218594985E-7,-11.6919836758596));
#4302=CARTESIAN_POINT('',(0.490143130492736,-0.0092781569798314,-11.6923179462368));
#4303=CARTESIAN_POINT('',(0.489956297896229,-0.0165627010143006,-11.6923799880525));
#4304=CARTESIAN_POINT('',(0.488970558240549,-0.0317457583611717,-11.692439525434));
#4305=CARTESIAN_POINT('',(0.490027248716706,4.96226346327142E-7,-11.6919855422203));
#4306=CARTESIAN_POINT('',(0.490027249979977,5.9809218594985E-7,-11.6919836758596));
#4307=CARTESIAN_POINT('',(0.490009523515211,-2.18640379510016E-20,-11.6586763633056));
#4308=CARTESIAN_POINT('',(0.490000371191766,-6.80844851256951E-7,-11.5828453913577));
#4309=CARTESIAN_POINT('',(0.489642522060324,-0.0187136471700647,-11.5837798887653));
#4310=CARTESIAN_POINT('',(0.489810178873401,-0.0143269071588913,-11.5836616882463));
#4311=CARTESIAN_POINT('',(0.489897712613317,-0.0105189547003907,-11.5835191645012));
#4312=CARTESIAN_POINT('',(0.489988535319842,-0.00441640469359993,-11.5832036544462));
#4313=CARTESIAN_POINT('',(0.490004224024306,-0.00297335702211984,-11.5831420287695));
#4314=CARTESIAN_POINT('',(0.490000371193817,-1.3616897025139E-6,-11.5828448709436));
#4315=CARTESIAN_POINT('',(0.489642522060328,-0.018713647170065,-11.5837798887653));
#4316=CARTESIAN_POINT('',(0.488301212738788,-0.0407667221864706,-11.5833168505409));
#4317=CARTESIAN_POINT('',(0.488913981018524,-0.0334270225963448,-11.5834711966352));
#4318=CARTESIAN_POINT('',(0.4893612355411,-0.0260735081016347,-11.5836255426709));
#4319=CARTESIAN_POINT('',(0.489642522060324,-0.0187136471700647,-11.5837798887653));
#4320=CARTESIAN_POINT('',(0.488301212738793,-0.040766722186471,-11.5833168505409));
#4321=CARTESIAN_POINT('',(0.484726229700893,-0.0716971564286697,-11.4204817416127));
#4322=CARTESIAN_POINT('',(0.485063400312129,-0.0694176317265627,-11.4387041564937));
#4323=CARTESIAN_POINT('',(0.485360503179614,-0.0672984694020613,-11.4546676694337));
#4324=CARTESIAN_POINT('',(0.48575561922349,-0.0643618978935609,-11.4752245887984));
#4325=CARTESIAN_POINT('',(0.48587888657224,-0.0634233978646778,-11.4815121700865));
#4326=CARTESIAN_POINT('',(0.486052190700902,-0.0620763470913026,-11.4900964542685));
#4327=CARTESIAN_POINT('',(0.486108024984525,-0.061637446454426,-11.4928167010375));
#4328=CARTESIAN_POINT('',(0.486188999773603,-0.0609942881677316,-11.4966852992534));
#4329=CARTESIAN_POINT('',(0.486215528538035,-0.0607824341688602,-11.4979395366691));
#4330=CARTESIAN_POINT('',(0.486267680359003,-0.0603637932314292,-11.5003774208547));
#4331=CARTESIAN_POINT('',(0.486274944502095,-0.060305928207368,-11.5007237946947));
#4332=CARTESIAN_POINT('',(0.487015105065756,-0.0543019711383143,-11.5344794090996));
#4333=CARTESIAN_POINT('',(0.487705012242433,-0.0479079739180776,-11.5613484930132));
#4334=CARTESIAN_POINT('',(0.488301212738788,-0.0407667221864706,-11.5833168505409));
#4335=CARTESIAN_POINT('',(0.484726229700893,-0.0716971564286697,-11.4204817416127));
#4336=CARTESIAN_POINT('',(0.482542363246279,-0.0851637697186805,-11.3392957062608));
#4337=CARTESIAN_POINT('',(0.483406990547471,-0.0802647463121007,-11.3594425713805));
#4338=CARTESIAN_POINT('',(0.484123302014185,-0.0757733970903386,-11.3865045582799));
#4339=CARTESIAN_POINT('',(0.484726229700893,-0.0716971564286697,-11.4204817416127));
#4340=CARTESIAN_POINT('',(0.482542363246279,-0.0851637697186804,-11.3392957062608));
#4341=CARTESIAN_POINT('',(0.432821252930152,-0.229707995098067,-11.208410234819));
#4342=CARTESIAN_POINT('',(0.442811425742232,-0.210884274523313,-11.2090214482632));
#4343=CARTESIAN_POINT('',(0.448712546348791,-0.197565496574703,-11.2112881196478));
#4344=CARTESIAN_POINT('',(0.461044545022693,-0.16677230643138,-11.2235782133819));
#4345=CARTESIAN_POINT('',(0.466250334232727,-0.151313482308326,-11.2333834946467));
#4346=CARTESIAN_POINT('',(0.473928971706718,-0.125205726216552,-11.2572802559532));
#4347=CARTESIAN_POINT('',(0.476593001582192,-0.114136264535381,-11.2722868769757));
#4348=CARTESIAN_POINT('',(0.480163051176837,-0.0980378514848425,-11.3020542687511));
#4349=CARTESIAN_POINT('',(0.481503229762231,-0.0910515542634128,-11.3194294320961));
#4350=CARTESIAN_POINT('',(0.482542363246279,-0.0851637697186805,-11.3392957062608));
#4351=CARTESIAN_POINT('',(0.432821252930152,-0.229707995098067,-11.208410234819));
#4352=CARTESIAN_POINT('',(0.341406083104845,-0.351485257754871,-11.3926994481462));
#4353=CARTESIAN_POINT('',(0.341628315496617,-0.351269398088669,-11.3788778701644));
#4354=CARTESIAN_POINT('',(0.342208038532322,-0.350706947545913,-11.3662958856334));
#4355=CARTESIAN_POINT('',(0.343606108585033,-0.349335466731233,-11.3492822993005));
#4356=CARTESIAN_POINT('',(0.344160113116539,-0.348790237450224,-11.3439210022508));
#4357=CARTESIAN_POINT('',(0.345121210972022,-0.347838400751626,-11.3363439042682));
#4358=CARTESIAN_POINT('',(0.345463252354227,-0.347498783555749,-11.3338956795393));
#4359=CARTESIAN_POINT('',(0.346190294686984,-0.346774484592545,-11.3291541792789));
#4360=CARTESIAN_POINT('',(0.346424048823136,-0.346541486433772,-11.3276858285191));
#4361=CARTESIAN_POINT('',(0.34921157667355,-0.343745908311718,-11.3124821999959));
#4362=CARTESIAN_POINT('',(0.352010171881762,-0.340898991053439,-11.3013018813142));
#4363=CARTESIAN_POINT('',(0.358655252177125,-0.333900723711768,-11.2809064122242));
#4364=CARTESIAN_POINT('',(0.362060756500599,-0.330247240146402,-11.2725349458787));
#4365=CARTESIAN_POINT('',(0.371552274501648,-0.319531122638708,-11.2543824452104));
#4366=CARTESIAN_POINT('',(0.376673735625721,-0.313514814863926,-11.2463739293274));
#4367=CARTESIAN_POINT('',(0.384787301550218,-0.303409612781222,-11.2359627571795));
#4368=CARTESIAN_POINT('',(0.387563382826724,-0.299861006239022,-11.2327593000763));
#4369=CARTESIAN_POINT('',(0.393232388570647,-0.292387221591157,-11.2268862530954));
#4370=CARTESIAN_POINT('',(0.396554536308392,-0.28785963902054,-11.2238654994355));
#4371=CARTESIAN_POINT('',(0.409091966516774,-0.270263788977044,-11.2136080370227));
#4372=CARTESIAN_POINT('',(0.420832971046255,-0.252296600180154,-11.2091404610489));
#4373=CARTESIAN_POINT('',(0.432821252930152,-0.229707995098067,-11.208410234819));
#4374=CARTESIAN_POINT('',(0.341406083104845,-0.351485257754871,-11.3926994481462));
#4375=CARTESIAN_POINT('',(0.391561145758406,-0.294584230963514,-11.5936580375534));
#4376=CARTESIAN_POINT('',(0.383445436668279,-0.305371625589418,-11.5757935642815));
#4377=CARTESIAN_POINT('',(0.376139343844367,-0.314176678900771,-11.5590970250034));
#4378=CARTESIAN_POINT('',(0.366924945564128,-0.324789211968254,-11.535800343061));
#4379=CARTESIAN_POINT('',(0.364141851788736,-0.327893356599367,-11.5283263465769));
#4380=CARTESIAN_POINT('',(0.360445384479509,-0.331937434148292,-11.5175526980958));
#4381=CARTESIAN_POINT('',(0.359292788519175,-0.333183360169596,-11.5140343729762));
#4382=CARTESIAN_POINT('',(0.357152750379839,-0.335476336381425,-11.5071435048188));
#4383=CARTESIAN_POINT('',(0.356387873506462,-0.336289089035046,-11.5045848314817));
#4384=CARTESIAN_POINT('',(0.350763309320371,-0.342210148035211,-11.4840172229927));
#4385=CARTESIAN_POINT('',(0.347093809659391,-0.345882244913469,-11.4652700843904));
#4386=CARTESIAN_POINT('',(0.342919244820082,-0.350021473030264,-11.432227646941));
#4387=CARTESIAN_POINT('',(0.341710005173955,-0.35119005094066,-11.4135445071113));
#4388=CARTESIAN_POINT('',(0.341406083104845,-0.351485257754871,-11.3926994481462));
#4389=CARTESIAN_POINT('',(0.391561145758406,-0.294584230963514,-11.5936580375534));
#4390=CARTESIAN_POINT('',(0.348149508895822,-0.344807075704078,-11.6232924839175));
#4391=CARTESIAN_POINT('',(0.36431807546593,-0.328481776986128,-11.6059765746877));
#4392=CARTESIAN_POINT('',(0.374649112195616,-0.31706369368727,-11.5994168897183));
#4393=CARTESIAN_POINT('',(0.391561145758406,-0.294584230963514,-11.5936580375534));
#4394=CARTESIAN_POINT('',(0.348149508895823,-0.344807075704078,-11.6232924839175));
#4395=CARTESIAN_POINT('',(0.348149508895822,-0.344807075704078,-11.7220739717981));
#4396=CARTESIAN_POINT('',(0.348149508895823,-0.344807075704078,-11.7220739717981));
#4397=CARTESIAN_POINT('',(0.467941647134479,-0.145363733018492,-11.692439525434));
#4398=CARTESIAN_POINT('',(0.460119522738636,-0.170544001149166,-11.6925941065678));
#4399=CARTESIAN_POINT('',(0.451271014909699,-0.191964143691174,-11.6928641763167));
#4400=CARTESIAN_POINT('',(0.438485860628894,-0.218927134838781,-11.6934428152956));
#4401=CARTESIAN_POINT('',(0.434298861978038,-0.227054861287239,-11.6936646006015));
#4402=CARTESIAN_POINT('',(0.428321416172376,-0.238029656420135,-11.6940406370299));
#4403=CARTESIAN_POINT('',(0.426379009678775,-0.24148517811443,-11.6941732089176));
#4404=CARTESIAN_POINT('',(0.423560605811649,-0.246373600433106,-11.6943829063666));
#4405=CARTESIAN_POINT('',(0.422636979917985,-0.247953929911232,-11.6944546121191));
#4406=CARTESIAN_POINT('',(0.421277589567764,-0.250251842283188,-11.6945648806523));
#4407=CARTESIAN_POINT('',(0.420828799317276,-0.251005715892522,-11.6946020884807));
#4408=CARTESIAN_POINT('',(0.419940261033894,-0.252489455043815,-11.694677407439));
#4409=CARTESIAN_POINT('',(0.419844616661553,-0.252651456103925,-11.6946850173831));
#4410=CARTESIAN_POINT('',(0.41283221796668,-0.264223818230556,-11.6953065930809));
#4411=CARTESIAN_POINT('',(0.406783119480366,-0.273358637503689,-11.6961709174147));
#4412=CARTESIAN_POINT('',(0.398278134709807,-0.285480104665964,-11.697935122819));
#4413=CARTESIAN_POINT('',(0.395537123289247,-0.28925718054942,-11.6986011444377));
#4414=CARTESIAN_POINT('',(0.390282732053278,-0.296308490361585,-11.7000890939764));
#4415=CARTESIAN_POINT('',(0.388128477904421,-0.299125379612277,-11.7007753775937));
#4416=CARTESIAN_POINT('',(0.374419993186075,-0.316583319396327,-11.7059530044599));
#4417=CARTESIAN_POINT('',(0.362068661885486,-0.33075299555592,-11.7127064072791));
#4418=CARTESIAN_POINT('',(0.348149508895822,-0.344807075704078,-11.7220739717981));
#4419=CARTESIAN_POINT('',(0.435298187951314,-0.224978860265365,-11.3071917226996));
#4420=CARTESIAN_POINT('',(0.428643303294116,-0.237854999956386,-11.3080274344264));
#4421=CARTESIAN_POINT('',(0.423968265343606,-0.245865076159254,-11.3106429681537));
#4422=CARTESIAN_POINT('',(0.413652683651132,-0.262850115087436,-11.3236743345417));
#4423=CARTESIAN_POINT('',(0.409215629072339,-0.269585526132889,-11.3328321340076));
#4424=CARTESIAN_POINT('',(0.402705423743607,-0.279216992077667,-11.353285878844));
#4425=CARTESIAN_POINT('',(0.400208825376774,-0.282729784582421,-11.3669162501166));
#4426=CARTESIAN_POINT('',(0.398122474164759,-0.285660166219253,-11.3866304295872));
#4427=CARTESIAN_POINT('',(0.397461196441561,-0.28657426067666,-11.3994506415417));
#4428=CARTESIAN_POINT('',(0.397193121400733,-0.286945333316196,-11.415233975069));
#4429=CARTESIAN_POINT('',(0.435298187951314,-0.224978860265365,-11.3071917226996));
#4430=CARTESIAN_POINT('',(0.397193121400733,-0.286945333316196,-11.415233975069));
#4431=CARTESIAN_POINT('',(0.465457332737401,-0.153132202364444,-11.4351446187199));
#4432=CARTESIAN_POINT('',(0.464673940611054,-0.155513384140627,-11.4155560040819));
#4433=CARTESIAN_POINT('',(0.463835271425673,-0.158001168743776,-11.398938539512));
#4434=CARTESIAN_POINT('',(0.462486393702418,-0.16188952321217,-11.3784690710806));
#4435=CARTESIAN_POINT('',(0.462021615459282,-0.163211749106614,-11.3723887028228));
#4436=CARTESIAN_POINT('',(0.461300665945438,-0.165233796929704,-11.3643823322653));
#4437=CARTESIAN_POINT('',(0.461056385347245,-0.16591426401177,-11.3618992390509));
#4438=CARTESIAN_POINT('',(0.460683883026592,-0.166944581486043,-11.3584531446867));
#4439=CARTESIAN_POINT('',(0.460558701991196,-0.167289623429442,-11.3573508708082));
#4440=CARTESIAN_POINT('',(0.460306289889262,-0.167982902628101,-11.3552391715369));
#4441=CARTESIAN_POINT('',(0.460280585573546,-0.168054241652508,-11.3549919836705));
#4442=CARTESIAN_POINT('',(0.456374081615862,-0.178708616246348,-11.3256629261727));
#4443=CARTESIAN_POINT('',(0.448536476090263,-0.19936488554941,-11.3082204066889));
#4444=CARTESIAN_POINT('',(0.435298187951314,-0.224978860265365,-11.3071917226996));
#4445=CARTESIAN_POINT('',(0.46545733273747,-0.153132202364467,-11.4351446187199));
#4446=CARTESIAN_POINT('',(0.473830311179562,-0.124839241456682,-11.5837798887653));
#4447=CARTESIAN_POINT('',(0.470959901226406,-0.135733950727958,-11.5508484950047));
#4448=CARTESIAN_POINT('',(0.468084719894004,-0.145146053147636,-11.5013040010705));
#4449=CARTESIAN_POINT('',(0.465457332737401,-0.153132202364444,-11.4351446187199));
#4450=CARTESIAN_POINT('',(0.473830311178938,-0.124839241459362,-11.5837798887572));
#4451=CARTESIAN_POINT('',(0.466056198642388,-0.151299767703086,-11.5833168505409));
#4452=CARTESIAN_POINT('',(0.468895133957613,-0.142554854070422,-11.583471196663));
#4453=CARTESIAN_POINT('',(0.471487871817773,-0.133730025786713,-11.5836255426431));
#4454=CARTESIAN_POINT('',(0.473830311179562,-0.124839241456682,-11.5837798887653));
#4455=CARTESIAN_POINT('',(0.466056198642394,-0.151299767703088,-11.5833168505409));
#4456=CARTESIAN_POINT('',(0.437523328133821,-0.22062034661088,-11.5686539734336));
#4457=CARTESIAN_POINT('',(0.440123930040001,-0.215462961906242,-11.5715483181048));
#4458=CARTESIAN_POINT('',(0.442707327858437,-0.210113019594398,-11.573982228605));
#4459=CARTESIAN_POINT('',(0.446529813580341,-0.201793063234505,-11.5769423689478));
#4460=CARTESIAN_POINT('',(0.44779518995473,-0.198970575567884,-11.5778139656136));
#4461=CARTESIAN_POINT('',(0.450303666509555,-0.193226369878594,-11.5793269253817));
#4462=CARTESIAN_POINT('',(0.451840412099514,-0.189594922026712,-11.5800939708453));
#4463=CARTESIAN_POINT('',(0.456519818842536,-0.178284980963467,-11.5820967906418));
#4464=CARTESIAN_POINT('',(0.461171545618927,-0.166346207326631,-11.583037507846));
#4465=CARTESIAN_POINT('',(0.466056198642388,-0.151299767703086,-11.5833168505409));
#4466=CARTESIAN_POINT('',(0.437523328133822,-0.22062034661088,-11.5686539734336));
#4467=CARTESIAN_POINT('',(0.397193121400733,-0.286945333316196,-11.415233975069));
#4468=CARTESIAN_POINT('',(0.398229488582834,-0.28551078161529,-11.4853536072429));
#4469=CARTESIAN_POINT('',(0.414973268148957,-0.265340507039223,-11.5364409971318));
#4470=CARTESIAN_POINT('',(0.437523328133821,-0.22062034661088,-11.5686539734336));
#4471=CARTESIAN_POINT('',(0.,0.,0.));
#4472=CARTESIAN_POINT('',(0.490000233108242,-6.54335565676869E-6,-11.3180224673998));
#4473=CARTESIAN_POINT('',(0.490000145590653,-0.000948755871347348,-11.3177062742819));
#4474=CARTESIAN_POINT('',(0.489997262549339,-0.00189592192927837,-11.3173859234122));
#4475=CARTESIAN_POINT('',(0.489991707002231,-0.00285080147329181,-11.3170698714876));
#4476=CARTESIAN_POINT('',(0.49000023307697,-4.73053143282661E-6,-11.3180266883245));
#4477=CARTESIAN_POINT('',(0.489991707002231,-0.00285080147329156,-11.3170698714876));
#4478=CARTESIAN_POINT('',(0.490000233108242,-6.54335565676869E-6,-11.3180224673998));
#4479=CARTESIAN_POINT('',(0.489999999968275,-2.27866042487542E-10,-11.2873981013126));
#4480=CARTESIAN_POINT('',(0.489991707002231,-0.00285080147329181,-11.3170698714876));
#4481=CARTESIAN_POINT('',(0.489997235650712,-0.00190054522712569,-11.3071792819405));
#4482=CARTESIAN_POINT('',(0.489999999920274,-0.000950272898339015,-11.2972886923938));
#4483=CARTESIAN_POINT('',(0.48999999993655,-4.5553728787627E-10,-11.2873981016626));
#4484=CARTESIAN_POINT('',(0.,0.,0.));
#4485=CARTESIAN_POINT('',(0.,0.,-11.0602380029981));
#4486=CARTESIAN_POINT('',(0.435230080558927,-0.225110588326428,-11.0602380029981));
#4487=CARTESIAN_POINT('',(0.49,-6.00076931582204E-17,-11.0602380029981));
#4488=CARTESIAN_POINT('',(0.49,0.,-11.0602380029981));
#4489=CARTESIAN_POINT('',(0.49,-6.00076931582204E-17,-10.9614565151175));
#4490=CARTESIAN_POINT('',(0.,0.,-10.9614565151175));
#4491=CARTESIAN_POINT('',(0.436786452663833,-0.222075651005114,-10.9614565151175));
#4492=CARTESIAN_POINT('',(0.341406083104845,-0.351485257754871,-11.0894094111378));
#4493=CARTESIAN_POINT('',(0.341655866440235,-0.351242637194609,-11.0761226623673));
#4494=CARTESIAN_POINT('',(0.342283242865842,-0.350633914301066,-11.0643543795266));
#4495=CARTESIAN_POINT('',(0.343781834269451,-0.34916262754989,-11.0489796545737));
#4496=CARTESIAN_POINT('',(0.344374174505703,-0.348579051726801,-11.0442343627845));
#4497=CARTESIAN_POINT('',(0.345399772312722,-0.347561834971318,-11.0376858498932));
#4498=CARTESIAN_POINT('',(0.34576447898264,-0.347199113689134,-11.0355979163949));
#4499=CARTESIAN_POINT('',(0.346539132106079,-0.346425936372873,-11.0316118576624));
#4500=CARTESIAN_POINT('',(0.346750621927662,-0.346214970932298,-11.0305415095012));
#4501=CARTESIAN_POINT('',(0.349904485054189,-0.343044676123842,-11.0173865186266));
#4502=CARTESIAN_POINT('',(0.353246706301506,-0.33963568374167,-11.0080688234319));
#4503=CARTESIAN_POINT('',(0.361415768001013,-0.330929412146718,-10.9918460280525));
#4504=CARTESIAN_POINT('',(0.366732752162068,-0.325061524940294,-10.9844286695267));
#4505=CARTESIAN_POINT('',(0.376649786919078,-0.31351689670365,-10.9740555808494));
#4506=CARTESIAN_POINT('',(0.382445333787696,-0.306508275812683,-10.9702755356908));
#4507=CARTESIAN_POINT('',(0.392092958364411,-0.293923546386566,-10.966715216723));
#4508=CARTESIAN_POINT('',(0.395056187447181,-0.289922612965077,-10.9659723172015));
#4509=CARTESIAN_POINT('',(0.399389379601895,-0.283891267298615,-10.9649207821607));
#4510=CARTESIAN_POINT('',(0.400820041420519,-0.281867784723301,-10.9646025094033));
#4511=CARTESIAN_POINT('',(0.403653373539589,-0.277795082208589,-10.9640304417338));
#4512=CARTESIAN_POINT('',(0.405364211423331,-0.275288206595821,-10.9637274710767));
#4513=CARTESIAN_POINT('',(0.415086444151707,-0.260849845451401,-10.9621760488808));
#4514=CARTESIAN_POINT('',(0.425694003167434,-0.243892683376544,-10.9614765328973));
#4515=CARTESIAN_POINT('',(0.436786452663833,-0.222075651005114,-10.9614565151175));
#4516=CARTESIAN_POINT('',(0.341406083104846,-0.35148525775487,-11.089409411138));
#4517=CARTESIAN_POINT('',(0.347209048883787,-0.345754069207026,-11.1590194908787));
#4518=CARTESIAN_POINT('',(0.343549081700264,-0.349429438025247,-11.1328802134964));
#4519=CARTESIAN_POINT('',(0.34158580580179,-0.351310688777495,-11.1096768961212));
#4520=CARTESIAN_POINT('',(0.341406083104845,-0.351485257754871,-11.0894094111378));
#4521=CARTESIAN_POINT('',(0.347209048883826,-0.345754069207059,-11.1590194908787));
#4522=CARTESIAN_POINT('',(0.398577914692259,-0.285018676439933,-11.1491413420906));
#4523=CARTESIAN_POINT('',(0.383137442706451,-0.306611054886278,-11.1524341251379));
#4524=CARTESIAN_POINT('',(0.365939772379709,-0.326944524304663,-11.1557267078313));
#4525=CARTESIAN_POINT('',(0.347209048883787,-0.345754069207026,-11.1590194908787));
#4526=CARTESIAN_POINT('',(0.398577914692301,-0.285018676439963,-11.1491413420906));
#4527=CARTESIAN_POINT('',(0.397193121400733,-0.286945333316196,-11.1104004773124));
#4528=CARTESIAN_POINT('',(0.397268414682659,-0.286841111465563,-11.1209460912359));
#4529=CARTESIAN_POINT('',(0.397732618458582,-0.286200761818773,-11.1338597123842));
#4530=CARTESIAN_POINT('',(0.398577914692259,-0.285018676439933,-11.1491413420906));
#4531=CARTESIAN_POINT('',(0.397193121400772,-0.286945333316143,-11.1104004773178));
#4532=CARTESIAN_POINT('',(0.435230080558927,-0.225110588326428,-11.0602380029981));
#4533=CARTESIAN_POINT('',(0.429118638236578,-0.236926485366464,-11.0603255933456));
#4534=CARTESIAN_POINT('',(0.423659107739642,-0.246342175181156,-11.0608214779158));
#4535=CARTESIAN_POINT('',(0.41709492794668,-0.25719583548745,-11.0621777997662));
#4536=CARTESIAN_POINT('',(0.415174482939143,-0.260267651186112,-11.0627319865677));
#4537=CARTESIAN_POINT('',(0.412747309282073,-0.264086982005625,-11.0637163860469));
#4538=CARTESIAN_POINT('',(0.41201363943382,-0.265228607952754,-11.0640700390861));
#4539=CARTESIAN_POINT('',(0.411031019443025,-0.266746817121858,-11.0646387984642));
#4540=CARTESIAN_POINT('',(0.410723115286793,-0.2672205089834,-11.0648347648934));
#4541=CARTESIAN_POINT('',(0.410147241066936,-0.268103559277783,-11.0652394576917));
#4542=CARTESIAN_POINT('',(0.410195828648386,-0.268030668992824,-11.0651732998349));
#4543=CARTESIAN_POINT('',(0.40737445405686,-0.272328793854598,-11.0676232526583));
#4544=CARTESIAN_POINT('',(0.405393057011798,-0.275254781760296,-11.0701512450875));
#4545=CARTESIAN_POINT('',(0.402882039780024,-0.278905438117487,-11.0747952789869));
#4546=CARTESIAN_POINT('',(0.40212170556414,-0.279999184346579,-11.0764852978293));
#4547=CARTESIAN_POINT('',(0.400760256159696,-0.281944367568102,-11.0801493505993));
#4548=CARTESIAN_POINT('',(0.400001652747727,-0.283017788551804,-11.0827652015651));
#4549=CARTESIAN_POINT('',(0.398192948401605,-0.285567206180784,-11.0901363237251));
#4550=CARTESIAN_POINT('',(0.397369672071949,-0.286700949790682,-11.0988566746802));
#4551=CARTESIAN_POINT('',(0.397193121400733,-0.286945333316196,-11.1104004773124));
#4552=CARTESIAN_POINT('',(0.,0.,0.));
#4553=CARTESIAN_POINT('',(0.507314759757278,-0.0522659978610951,-10.7342590929921));
#4554=CARTESIAN_POINT('',(0.509566075364754,-0.030413824683801,-10.7314687299338));
#4555=CARTESIAN_POINT('',(0.509999802930422,-0.0129400329834603,-10.7275224305199));
#4556=CARTESIAN_POINT('',(0.510000127349991,-7.7671887257888E-6,-10.7224202002128));
#4557=CARTESIAN_POINT('',(0.507314759757278,-0.052265997861095,-10.7342590929921));
#4558=CARTESIAN_POINT('',(0.510000063645439,-3.8835943628944E-6,-10.7224202029455));
#4559=CARTESIAN_POINT('',(0.510000127349991,-7.7671887257888E-6,-10.7224202002128));
#4560=CARTESIAN_POINT('',(0.510001400224067,-5.63716446729089E-7,-10.4644392649612));
#4561=CARTESIAN_POINT('',(0.510001573820065,-1.32519937463539E-7,-10.430931864135));
#4562=CARTESIAN_POINT('',(0.510003147640197,-2.65039874927074E-7,-10.4309318645807));
#4563=CARTESIAN_POINT('',(0.509999992548731,-0.0139373971688005,-10.4245782786035));
#4564=CARTESIAN_POINT('',(0.509463607047817,-0.0314084233084729,-10.4203204351345));
#4565=CARTESIAN_POINT('',(0.507314759757278,-0.0522659978610951,-10.4181583317741));
#4566=CARTESIAN_POINT('',(0.507314759757278,-0.052265997861095,-10.4181583317741));
#4567=CARTESIAN_POINT('',(0.507314759757278,-0.0522659978610951,-10.4181583317741));
#4568=CARTESIAN_POINT('',(0.,0.,0.));
#4569=CARTESIAN_POINT('',(0.477390885902398,-0.110444293910208,-10.8330405808727));
#4570=CARTESIAN_POINT('',(0.475563663672226,-0.118342386317875,-10.8328862347692));
#4571=CARTESIAN_POINT('',(0.473540400087576,-0.126195119119789,-10.8327318887517));
#4572=CARTESIAN_POINT('',(0.471323584050626,-0.133992832336932,-10.8325775426482));
#4573=CARTESIAN_POINT('',(0.477390885902403,-0.110444293910209,-10.8330405808727));
#4574=CARTESIAN_POINT('',(0.47132358405063,-0.133992832336934,-10.8325775426482));
#4575=CARTESIAN_POINT('',(0.489996852794238,-4.75173941476871E-6,-10.8174539748099));
#4576=CARTESIAN_POINT('',(0.48999710811642,-0.00256143019138004,-10.8182547089854));
#4577=CARTESIAN_POINT('',(0.489979884511288,-0.00509516442048271,-10.8190139774617));
#4578=CARTESIAN_POINT('',(0.489814833790345,-0.0157430909423787,-10.8220321251276));
#4579=CARTESIAN_POINT('',(0.489480599705054,-0.0242033786666207,-10.8240587617648));
#4580=CARTESIAN_POINT('',(0.488594820916927,-0.0373412135552783,-10.8266740811588));
#4581=CARTESIAN_POINT('',(0.488188723233707,-0.0422432585080676,-10.8275481282786));
#4582=CARTESIAN_POINT('',(0.48752202182016,-0.0493457254716148,-10.8286873293103));
#4583=CARTESIAN_POINT('',(0.487134968036037,-0.053053164236671,-10.8292086477507));
#4584=CARTESIAN_POINT('',(0.484877056260603,-0.0723608002716438,-10.8315738295754));
#4585=CARTESIAN_POINT('',(0.4820549919589,-0.0902838886649478,-10.8326933685189));
#4586=CARTESIAN_POINT('',(0.477390885902398,-0.110444293910208,-10.8330405808727));
#4587=CARTESIAN_POINT('',(0.489998426383148,-3.38660548522029E-6,-10.8174507757059));
#4588=CARTESIAN_POINT('',(0.489996852794238,-4.75173941476871E-6,-10.8174539748099));
#4589=CARTESIAN_POINT('',(0.489999999974724,-3.51928248108484E-6,-10.7259805030817));
#4590=CARTESIAN_POINT('',(0.490000122522175,-3.56375251984271E-6,-10.7224208820442));
#4591=CARTESIAN_POINT('',(0.487420063296208,-0.0502163508861502,-10.7342590929921));
#4592=CARTESIAN_POINT('',(0.488418535874657,-0.0405247751583491,-10.7329711803135));
#4593=CARTESIAN_POINT('',(0.489031180937602,-0.0317708321230033,-10.7314547975915));
#4594=CARTESIAN_POINT('',(0.489603901262576,-0.0200808439618256,-10.728837226481));
#4595=CARTESIAN_POINT('',(0.489736581583328,-0.0164241440809343,-10.7279075528264));
#4596=CARTESIAN_POINT('',(0.489917985078385,-0.00959373474986898,-10.725933905615));
#4597=CARTESIAN_POINT('',(0.48996046930534,-0.00729656000809972,-10.7252191901416));
#4598=CARTESIAN_POINT('',(0.489995924379154,-0.00231676015642363,-10.7233486295089));
#4599=CARTESIAN_POINT('',(0.490000085556398,-0.00115538689691227,-10.7228920540971));
#4600=CARTESIAN_POINT('',(0.490000122538329,-4.37049785597104E-6,-10.722418929033));
#4601=CARTESIAN_POINT('',(0.487420063296208,-0.0502163508861502,-10.7342590929921));
#4602=CARTESIAN_POINT('',(0.487420063296208,-0.0502163508861502,-10.4181583317741));
#4603=CARTESIAN_POINT('',(0.487420063296208,-0.0502163508861501,-10.4181583317741));
#4604=CARTESIAN_POINT('',(0.490003025103688,1.7155612054135E-6,-10.4309327741883));
#4605=CARTESIAN_POINT('',(0.490047792632382,-0.0150414521771533,-10.4238004576145));
#4606=CARTESIAN_POINT('',(0.489568785237854,-0.0293599930202129,-10.4204085529813));
#4607=CARTESIAN_POINT('',(0.487420063296208,-0.0502163508861502,-10.4181583317741));
#4608=CARTESIAN_POINT('',(0.490003025108327,8.57780602706748E-7,-10.4309327727156));
#4609=CARTESIAN_POINT('',(0.490003025103688,1.7155612054135E-6,-10.4309327741883));
#4610=CARTESIAN_POINT('',(0.490000000093083,-1.64094603659203E-10,-10.3802967076599));
#4611=CARTESIAN_POINT('',(0.489998684697239,-1.47717584608746E-6,-10.3362605376401));
#4612=CARTESIAN_POINT('',(0.476194259092544,-0.115494708135497,-10.3193768438935));
#4613=CARTESIAN_POINT('',(0.481351756733226,-0.0942299176751875,-10.31974123038));
#4614=CARTESIAN_POINT('',(0.484269748676081,-0.076150844587613,-10.320820752294));
#4615=CARTESIAN_POINT('',(0.487040526408614,-0.0542730208222346,-10.3235133143594));
#4616=CARTESIAN_POINT('',(0.487987480079365,-0.04522642599117,-10.3249782459736));
#4617=CARTESIAN_POINT('',(0.489295258329363,-0.0277012725076797,-10.3285103696055));
#4618=CARTESIAN_POINT('',(0.489691155766412,-0.0194378992605478,-10.3304954178846));
#4619=CARTESIAN_POINT('',(0.489960482780594,-0.00718137000633572,-10.3339807273674));
#4620=CARTESIAN_POINT('',(0.489997301587059,-0.00358829384429511,-10.3350822826073));
#4621=CARTESIAN_POINT('',(0.48999736940329,-1.49264406353495E-6,-10.33625831793));
#4622=CARTESIAN_POINT('',(0.476194259092544,-0.115494708135497,-10.3193768438935));
#4623=CARTESIAN_POINT('',(0.341406083104845,-0.351485257754871,-10.5848520925726));
#4624=CARTESIAN_POINT('',(0.341760297287824,-0.351141201001073,-10.5629819669155));
#4625=CARTESIAN_POINT('',(0.342808171818545,-0.350126308023506,-10.5441913290646));
#4626=CARTESIAN_POINT('',(0.34539326752984,-0.347570078263358,-10.5206246058491));
#4627=CARTESIAN_POINT('',(0.346743856551926,-0.346228042833609,-10.5110977746423));
#4628=CARTESIAN_POINT('',(0.349938910014774,-0.342998424134231,-10.4931348167698));
#4629=CARTESIAN_POINT('',(0.351662314071824,-0.341238831749372,-10.4850343248824));
#4630=CARTESIAN_POINT('',(0.358329342584571,-0.334277393748088,-10.4588164543792));
#4631=CARTESIAN_POINT('',(0.363917445248798,-0.328273561324687,-10.4425537717095));
#4632=CARTESIAN_POINT('',(0.376971822366613,-0.313195918177106,-10.4124602017017));
#4633=CARTESIAN_POINT('',(0.384916427887508,-0.303481731330334,-10.3978855900409));
#4634=CARTESIAN_POINT('',(0.400144544634218,-0.283100973344159,-10.3741430593415));
#4635=CARTESIAN_POINT('',(0.408186964331202,-0.271518374738001,-10.3638448279632));
#4636=CARTESIAN_POINT('',(0.4204107982201,-0.25182229281283,-10.3507570318528));
#4637=CARTESIAN_POINT('',(0.424510756021703,-0.244870069952536,-10.3467876916422));
#4638=CARTESIAN_POINT('',(0.430625743534414,-0.233835737836633,-10.3414235690655));
#4639=CARTESIAN_POINT('',(0.432658157201157,-0.230056662969371,-10.3397338428299));
#4640=CARTESIAN_POINT('',(0.436697893257839,-0.222292823081333,-10.3365510196049));
#4641=CARTESIAN_POINT('',(0.439122289132519,-0.217450048008911,-10.3347652707346));
#4642=CARTESIAN_POINT('',(0.453258619414093,-0.188368649776845,-10.3248460963703));
#4643=CARTESIAN_POINT('',(0.466439859523937,-0.155712906444775,-10.3200848554223));
#4644=CARTESIAN_POINT('',(0.476194259092544,-0.115494708135497,-10.3193768438935));
#4645=CARTESIAN_POINT('',(0.341406083104845,-0.351485257754871,-10.5848520925726));
#4646=CARTESIAN_POINT('',(0.436719223828676,-0.222207829606607,-10.8299536593764));
#4647=CARTESIAN_POINT('',(0.412568317171431,-0.269673147227429,-10.8130990894635));
#4648=CARTESIAN_POINT('',(0.387423571930833,-0.301207695404541,-10.7843006704471));
#4649=CARTESIAN_POINT('',(0.3521365514849,-0.341793722831304,-10.7026001481792));
#4650=CARTESIAN_POINT('',(0.341864143830779,-0.351040332356679,-10.6497338092134));
#4651=CARTESIAN_POINT('',(0.341406083104845,-0.351485257754871,-10.5848520925726));
#4652=CARTESIAN_POINT('',(0.436719223828676,-0.222207829606607,-10.8299536593764));
#4653=CARTESIAN_POINT('',(0.440940964076795,-0.2137078992434,-10.7331786704684));
#4654=CARTESIAN_POINT('',(0.439561200399672,-0.216554749210774,-10.7654370001057));
#4655=CARTESIAN_POINT('',(0.438153865660583,-0.219388236487807,-10.797695329739));
#4656=CARTESIAN_POINT('',(0.436719223828676,-0.222207829606607,-10.8299536593764));
#4657=CARTESIAN_POINT('',(0.440940964076795,-0.2137078992434,-10.7331786704684));
#4658=CARTESIAN_POINT('',(0.397193121400733,-0.286945333316196,-10.5863955533208));
#4659=CARTESIAN_POINT('',(0.397374250955981,-0.286694611645293,-10.5960116851147));
#4660=CARTESIAN_POINT('',(0.397681180492225,-0.286269497748827,-10.6046039228918));
#4661=CARTESIAN_POINT('',(0.398327751516324,-0.285368426839259,-10.6159564384622));
#4662=CARTESIAN_POINT('',(0.398574283025058,-0.285024154463943,-10.619484636807));
#4663=CARTESIAN_POINT('',(0.398990080785324,-0.284441509565898,-10.6243929740561));
#4664=CARTESIAN_POINT('',(0.399136345421156,-0.284236254270904,-10.6259650930945));
#4665=CARTESIAN_POINT('',(0.399444103770873,-0.2838035913106,-10.6289813444153));
#4666=CARTESIAN_POINT('',(0.399537194809493,-0.283672696249649,-10.6298670375132));
#4667=CARTESIAN_POINT('',(0.401674285859572,-0.280657372326808,-10.6473142403134));
#4668=CARTESIAN_POINT('',(0.404637536046819,-0.276439820977111,-10.6614558658391));
#4669=CARTESIAN_POINT('',(0.410522914915905,-0.267551049108247,-10.6808506795042));
#4670=CARTESIAN_POINT('',(0.412772072119235,-0.26408593447651,-10.6869735918352));
#4671=CARTESIAN_POINT('',(0.416520559098321,-0.25810107501889,-10.6956449219955));
#4672=CARTESIAN_POINT('',(0.41783233556452,-0.255974847176535,-10.6984498589929));
#4673=CARTESIAN_POINT('',(0.420568867505284,-0.251453396707373,-10.703888720209));
#4674=CARTESIAN_POINT('',(0.422363240423037,-0.24842326310338,-10.7071613786474));
#4675=CARTESIAN_POINT('',(0.427888613483889,-0.238932054434087,-10.7167097966953));
#4676=CARTESIAN_POINT('',(0.433959042603886,-0.228113614690851,-10.7247442744094));
#4677=CARTESIAN_POINT('',(0.440940964076795,-0.2137078992434,-10.7331786704684));
#4678=CARTESIAN_POINT('',(0.397193121400733,-0.286945333316196,-10.5863955533208));
#4679=CARTESIAN_POINT('',(0.471323584050626,-0.133992832336932,-10.4181583317741));
#4680=CARTESIAN_POINT('',(0.467749181094269,-0.146565896006449,-10.4192771985845));
#4681=CARTESIAN_POINT('',(0.463995403152397,-0.157872285210862,-10.4208607964277));
#4682=CARTESIAN_POINT('',(0.458472095738001,-0.173009206621121,-10.423933714891));
#4683=CARTESIAN_POINT('',(0.456648073334947,-0.17775115161581,-10.4250742510425));
#4684=CARTESIAN_POINT('',(0.453977015774229,-0.184419637902373,-10.4269594002652));
#4685=CARTESIAN_POINT('',(0.453097438720018,-0.186568403180059,-10.4276168408387));
#4686=CARTESIAN_POINT('',(0.451365756588094,-0.19071972058352,-10.4289898369842));
#4687=CARTESIAN_POINT('',(0.450781853889044,-0.192102683757422,-10.4294663990699));
#4688=CARTESIAN_POINT('',(0.445262752840896,-0.204852667475201,-10.4343844318576));
#4689=CARTESIAN_POINT('',(0.440837643189755,-0.214128688031364,-10.4391693637176));
#4690=CARTESIAN_POINT('',(0.43227261364335,-0.2309313971401,-10.4504402386974));
#4691=CARTESIAN_POINT('',(0.428404360867433,-0.237988236985714,-10.4564116221527));
#4692=CARTESIAN_POINT('',(0.420110406337832,-0.252340927795045,-10.4721136389813));
#4693=CARTESIAN_POINT('',(0.416286063508482,-0.258544764743587,-10.4806518220256));
#4694=CARTESIAN_POINT('',(0.411211076035132,-0.266487000542157,-10.4944898585369));
#4695=CARTESIAN_POINT('',(0.409629077360683,-0.268907030901399,-10.4992743310315));
#4696=CARTESIAN_POINT('',(0.406707202610971,-0.273306098782901,-10.5091868633357));
#4697=CARTESIAN_POINT('',(0.405202273957301,-0.275525915243025,-10.5150380930304));
#4698=CARTESIAN_POINT('',(0.399979678851901,-0.283144594079264,-10.53792151094));
#4699=CARTESIAN_POINT('',(0.397590127355644,-0.286395792981724,-10.5601817829353));
#4700=CARTESIAN_POINT('',(0.397193121400733,-0.286945333316196,-10.5863955533208));
#4701=CARTESIAN_POINT('',(0.471323584050626,-0.133992832336932,-10.4181583317741));
#4702=CARTESIAN_POINT('',(0.471323584050626,-0.133992832336932,-10.8325775426482));
#4703=CARTESIAN_POINT('',(0.,0.,0.));
#4704=CARTESIAN_POINT('',(0.490000020793454,-8.54407161627299E-6,-10.2117382796328));
#4705=CARTESIAN_POINT('',(0.490000506119877,-0.00155264723954138,-10.2117820249209));
#4706=CARTESIAN_POINT('',(0.489997412232309,-0.00200740989561433,-10.211788934563));
#4707=CARTESIAN_POINT('',(0.489972392139885,-0.00580347524231827,-10.2118633067167));
#4708=CARTESIAN_POINT('',(0.489932124980854,-0.00903842856903405,-10.2119096719798));
#4709=CARTESIAN_POINT('',(0.489829287418546,-0.0129332589489274,-10.2119519758233));
#4710=CARTESIAN_POINT('',(0.490000020793452,-4.2720358081365E-6,-10.2117382930256));
#4711=CARTESIAN_POINT('',(0.489829287418546,-0.0129332589489276,-10.2119519758233));
#4712=CARTESIAN_POINT('',(0.490000020793454,-8.54407161627299E-6,-10.2117382796328));
#4713=CARTESIAN_POINT('',(0.489999999964676,-4.16040058166307E-6,-10.2089898587109));
#4714=CARTESIAN_POINT('',(0.489999628651495,-2.49827563325875E-7,-10.1108216555443));
#4715=CARTESIAN_POINT('',(0.487657507152478,-0.0478555714398169,-10.1131704879427));
#4716=CARTESIAN_POINT('',(0.489775747576513,-0.0262702927845713,-10.112800154325));
#4717=CARTESIAN_POINT('',(0.48997459367502,-0.0106863027213193,-10.1120678519097));
#4718=CARTESIAN_POINT('',(0.489999316400309,-0.000889144318285068,-10.1109329080522));
#4719=CARTESIAN_POINT('',(0.489999365330432,-0.000472271161633698,-10.1108816700808));
#4720=CARTESIAN_POINT('',(0.489999257303146,-3.46067177912964E-7,-10.1108222532661));
#4721=CARTESIAN_POINT('',(0.487657507152478,-0.0478555714398169,-10.1131704879427));
#4722=CARTESIAN_POINT('',(0.,0.,-10.1131704879427));
#4723=CARTESIAN_POINT('',(0.348149508895822,-0.344807075704078,-10.1131704879427));
#4724=CARTESIAN_POINT('',(0.348149508895822,-0.344807075704078,-10.2119519758233));
#4725=CARTESIAN_POINT('',(0.348149508895822,-0.344807075704078,-10.2119519758233));
#4726=CARTESIAN_POINT('',(0.,0.,-10.2119519758233));
#4727=CARTESIAN_POINT('',(0.,0.,0.));
#4728=CARTESIAN_POINT('',(0.489999047877878,-5.17866250938489E-6,-9.89637770182313));
#4729=CARTESIAN_POINT('',(0.489999016832746,-0.000957835762035859,-9.89605395724097));
#4730=CARTESIAN_POINT('',(0.489997168538232,-0.00185239668625718,-9.89575875212382));
#4731=CARTESIAN_POINT('',(0.489972876320218,-0.00632273948845705,-9.89434150571289));
#4732=CARTESIAN_POINT('',(0.489910937466586,-0.0102002351908795,-9.89328616250444));
#4733=CARTESIAN_POINT('',(0.489313618181785,-0.0306679999226157,-9.88853455834933));
#4734=CARTESIAN_POINT('',(0.487948246862189,-0.0505159130097296,-9.88641380108342));
#4735=CARTESIAN_POINT('',(0.484440399978986,-0.0736036606983681,-9.88597306581732));
#4736=CARTESIAN_POINT('',(0.48999952393564,-2.87088475189266E-6,-9.8963785256471));
#4737=CARTESIAN_POINT('',(0.484440399978986,-0.073603660698368,-9.88597306581732));
#4738=CARTESIAN_POINT('',(0.489999047877878,-5.17866250938489E-6,-9.89637770182313));
#4739=CARTESIAN_POINT('',(0.490000990595317,-1.8583765015312E-6,-9.86694624334034));
#4740=CARTESIAN_POINT('',(0.490010181013995,2.48932658303966E-6,-9.78467679323014));
#4741=CARTESIAN_POINT('',(0.48857314619242,-0.0373668411782545,-9.78719157793672));
#4742=CARTESIAN_POINT('',(0.489741770117357,-0.0220870302625176,-9.78707293218758));
#4743=CARTESIAN_POINT('',(0.490089030811924,-0.0128367701076563,-9.78674743537131));
#4744=CARTESIAN_POINT('',(0.490010181907877,1.06254496100051E-6,-9.7846647024714));
#4745=CARTESIAN_POINT('',(0.48857314619242,-0.0373668411782545,-9.78719157793671));
#4746=CARTESIAN_POINT('',(0.,0.,-9.78719157793672));
#4747=CARTESIAN_POINT('',(0.348149508895822,-0.344807075704079,-9.78719157793672));
#4748=CARTESIAN_POINT('',(0.348149508895822,-0.344807075704078,-9.88597306581732));
#4749=CARTESIAN_POINT('',(0.348149508895822,-0.344807075704078,-9.88597306581732));
#4750=CARTESIAN_POINT('',(0.,0.,-9.88597306581732));
#4751=CARTESIAN_POINT('',(0.,0.,0.));
#4752=CARTESIAN_POINT('',(0.490001099325191,7.51640973818526E-7,-9.57305974068758));
#4753=CARTESIAN_POINT('',(0.49000318400622,-0.00275851369501555,-9.57209803545978));
#4754=CARTESIAN_POINT('',(0.489978643395784,-0.00525796073046736,-9.57133668237554));
#4755=CARTESIAN_POINT('',(0.489805243030522,-0.0160811550942194,-9.56822557527583));
#4756=CARTESIAN_POINT('',(0.489453569056822,-0.0252371919577483,-9.56625559658029));
#4757=CARTESIAN_POINT('',(0.487274154142419,-0.0554143229344277,-9.56153435682522));
#4758=CARTESIAN_POINT('',(0.484349183670804,-0.0791662451161702,-9.55997178086453));
#4759=CARTESIAN_POINT('',(0.478373939952511,-0.106105483243382,-9.55999415581131));
#4760=CARTESIAN_POINT('',(0.4900010993252,1.13358967718184E-6,-9.57305754287717));
#4761=CARTESIAN_POINT('',(0.478373939952511,-0.106105483243382,-9.55999415581131));
#4762=CARTESIAN_POINT('',(0.490001099325191,7.51640973818526E-7,-9.57305974068758));
#4763=CARTESIAN_POINT('',(0.489999999999712,3.75819643689627E-7,-9.46121266792674));
#4764=CARTESIAN_POINT('',(0.,0.,-9.46121266793071));
#4765=CARTESIAN_POINT('',(0.348149508895822,-0.344807075704078,-9.46121266793071));
#4766=CARTESIAN_POINT('',(0.348149508895822,-0.344807075704078,-9.55999415581131));
#4767=CARTESIAN_POINT('',(0.348149508895822,-0.344807075704078,-9.55999415581131));
#4768=CARTESIAN_POINT('',(0.,0.,-9.55999415581131));
#4769=CARTESIAN_POINT('',(0.,0.,0.));
#4770=CARTESIAN_POINT('',(0.489999820486475,-9.23519609374548E-7,-9.32056232750042));
#4771=CARTESIAN_POINT('',(0.489999822899182,-0.000349631849880487,-9.32057778163083));
#4772=CARTESIAN_POINT('',(0.489999623740129,-0.000658673648619831,-9.32059124742739));
#4773=CARTESIAN_POINT('',(0.489996970210421,-0.0020814715063646,-9.32065133309732));
#4774=CARTESIAN_POINT('',(0.48999049167708,-0.00332748576372368,-9.32069961541183));
#4775=CARTESIAN_POINT('',(0.489877330194665,-0.0152467527827082,-9.32112491332637));
#4776=CARTESIAN_POINT('',(0.489461783183527,-0.0308721504009087,-9.32143714111295));
#4777=CARTESIAN_POINT('',(0.487297055281561,-0.0513963025316024,-9.32168381629934));
#4778=CARTESIAN_POINT('',(0.489999910243228,-4.66841053790487E-7,-9.32056221450242));
#4779=CARTESIAN_POINT('',(0.487297055281561,-0.0513963025316024,-9.32168381629934));
#4780=CARTESIAN_POINT('',(0.489999820486475,-9.23519609374548E-7,-9.32056232750042));
#4781=CARTESIAN_POINT('',(0.489999892755479,-1.85310260519127E-6,-9.21846058893962));
#4782=CARTESIAN_POINT('',(0.486392075533559,-0.0593527493731943,-9.22290232841874));
#4783=CARTESIAN_POINT('',(0.489041690495558,-0.0376393201834446,-9.22268073968607));
#4784=CARTESIAN_POINT('',(0.489784938721793,-0.0198953148039807,-9.22155372109281));
#4785=CARTESIAN_POINT('',(0.48998144935877,-0.00459038387516609,-9.2192669374183));
#4786=CARTESIAN_POINT('',(0.489993614576319,-0.00295425808700832,-9.21899870041693));
#4787=CARTESIAN_POINT('',(0.489999192995609,-0.000977321568221961,-9.21864348360035));
#4788=CARTESIAN_POINT('',(0.489999763224484,-0.000511656950025951,-9.21855725620159));
#4789=CARTESIAN_POINT('',(0.489999785512046,-3.56220352310397E-6,-9.21846096580836));
#4790=CARTESIAN_POINT('',(0.486392075533559,-0.0593527493731943,-9.22290232841874));
#4791=CARTESIAN_POINT('',(0.,0.,-9.22290232841874));
#4792=CARTESIAN_POINT('',(0.348149508895822,-0.344807075704078,-9.22290232841874));
#4793=CARTESIAN_POINT('',(0.348149508895822,-0.344807075704078,-9.32168381629934));
#4794=CARTESIAN_POINT('',(0.348149508895822,-0.344807075704078,-9.32168381629934));
#4795=CARTESIAN_POINT('',(0.,0.,-9.32168381629934));
#4796=CARTESIAN_POINT('',(0.,0.,0.));
#4797=CARTESIAN_POINT('',(0.49000071213988,-3.31367690577755E-7,-8.97896412522182));
#4798=CARTESIAN_POINT('',(0.490006546964763,-0.00420197940702639,-8.97743429743989));
#4799=CARTESIAN_POINT('',(0.4899647914294,-0.00693592563588307,-8.97661847295031));
#4800=CARTESIAN_POINT('',(0.489792539656229,-0.0148790966896296,-8.97439749578139));
#4801=CARTESIAN_POINT('',(0.489639779231414,-0.0193728943774512,-8.97331866150299));
#4802=CARTESIAN_POINT('',(0.488475182384245,-0.043020405300682,-8.96847995273767));
#4803=CARTESIAN_POINT('',(0.486299409739904,-0.0657343532086203,-8.96638661967751));
#4804=CARTESIAN_POINT('',(0.481310042760459,-0.0918729706601765,-8.96607045992915));
#4805=CARTESIAN_POINT('',(0.490000712140273,-2.79462610967266E-8,-8.97896328399059));
#4806=CARTESIAN_POINT('',(0.481310042760459,-0.0918729706601765,-8.96607045992915));
#4807=CARTESIAN_POINT('',(0.49000071213988,-3.31367690577755E-7,-8.97896412522182));
#4808=CARTESIAN_POINT('',(0.489999999999944,-1.65683604531662E-7,-8.86728897204716));
#4809=CARTESIAN_POINT('',(0.,0.,-8.86728897204854));
#4810=CARTESIAN_POINT('',(0.348149508895822,-0.344807075704078,-8.86728897204854));
#4811=CARTESIAN_POINT('',(0.348149508895822,-0.344807075704078,-8.96607045992915));
#4812=CARTESIAN_POINT('',(0.348149508895822,-0.344807075704078,-8.96607045992915));
#4813=CARTESIAN_POINT('',(0.,0.,-8.96607045992915));
#4814=CARTESIAN_POINT('',(0.,0.,0.));
#4815=CARTESIAN_POINT('',(0.,0.,-8.72899488901569));
#4816=CARTESIAN_POINT('',(0.348149508895822,-0.344807075704078,-8.72899488901569));
#4817=CARTESIAN_POINT('',(0.49,-6.00076931582204E-17,-8.72899488901569));
#4818=CARTESIAN_POINT('',(0.49,0.,-8.72899488901569));
#4819=CARTESIAN_POINT('',(0.49,-6.00076931582204E-17,-8.63021340113509));
#4820=CARTESIAN_POINT('',(0.,0.,-8.63021340113509));
#4821=CARTESIAN_POINT('',(0.348149508895822,-0.344807075704078,-8.63021340113509));
#4822=CARTESIAN_POINT('',(0.348149508895822,-0.344807075704078,-8.72899488901569));
#4823=CARTESIAN_POINT('',(0.,0.,0.));
#4824=CARTESIAN_POINT('',(0.507314759757278,-0.0522659978610951,-8.4227722765858));
#4825=CARTESIAN_POINT('',(0.509566075364067,-0.0304138246904678,-8.41998191352977));
#4826=CARTESIAN_POINT('',(0.50999980293042,-0.0129400329901838,-8.41603561411598));
#4827=CARTESIAN_POINT('',(0.510000127350092,-7.76718879011901E-6,-8.4109333838071));
#4828=CARTESIAN_POINT('',(0.507314759757278,-0.0522659978610951,-8.4227722765858));
#4829=CARTESIAN_POINT('',(0.51000006364549,-3.88359439505951E-6,-8.41093338653974));
#4830=CARTESIAN_POINT('',(0.510000127350092,-7.76718879011901E-6,-8.4109333838071));
#4831=CARTESIAN_POINT('',(0.510001400224077,-5.63716427321033E-7,-8.15295244685833));
#4832=CARTESIAN_POINT('',(0.51000157382006,-1.32519936025987E-7,-8.11944504772873));
#4833=CARTESIAN_POINT('',(0.510003147640186,-2.65039872051972E-7,-8.11944504817437));
#4834=CARTESIAN_POINT('',(0.509999992548731,-0.0139373971740969,-8.11309146219665));
#4835=CARTESIAN_POINT('',(0.509463607047274,-0.0314084233137431,-8.10883361872772));
#4836=CARTESIAN_POINT('',(0.507314759757278,-0.0522659978610951,-8.10667151536786));
#4837=CARTESIAN_POINT('',(0.507314759757278,-0.052265997861095,-8.10667151536786));
#4838=CARTESIAN_POINT('',(0.507314759757278,-0.0522659978610951,-8.10667151536786));
#4839=CARTESIAN_POINT('',(0.,0.,0.));
#4840=CARTESIAN_POINT('',(0.477390885902398,-0.110444293910208,-8.52155376446641));
#4841=CARTESIAN_POINT('',(0.475563663672225,-0.118342386317875,-8.52139941836294));
#4842=CARTESIAN_POINT('',(0.473540400087576,-0.126195119119789,-8.52124507234544));
#4843=CARTESIAN_POINT('',(0.471323584050626,-0.133992832336932,-8.52109072624197));
#4844=CARTESIAN_POINT('',(0.477390885902403,-0.110444293910209,-8.52155376446641));
#4845=CARTESIAN_POINT('',(0.471323584050631,-0.133992832336934,-8.52109072624197));
#4846=CARTESIAN_POINT('',(0.489996852794247,-4.75173960398355E-6,-8.50596715840372));
#4847=CARTESIAN_POINT('',(0.489997108116427,-0.00256143019266428,-8.50676789257958));
#4848=CARTESIAN_POINT('',(0.489979884511269,-0.00509516442302971,-8.5075271610563));
#4849=CARTESIAN_POINT('',(0.489814833790165,-0.0157430909496986,-8.51054530872367));
#4850=CARTESIAN_POINT('',(0.48948059970463,-0.0242033786742232,-8.5125719453609));
#4851=CARTESIAN_POINT('',(0.488594820916646,-0.0373412135587969,-8.51518726475366));
#4852=CARTESIAN_POINT('',(0.488188723233791,-0.0422432585072528,-8.51606131187234));
#4853=CARTESIAN_POINT('',(0.487522021819887,-0.0493457254744378,-8.51720051290413));
#4854=CARTESIAN_POINT('',(0.487134968035582,-0.0530531642409317,-8.51772183134455));
#4855=CARTESIAN_POINT('',(0.484877056259316,-0.072360800281192,-8.52008701316933));
#4856=CARTESIAN_POINT('',(0.482054991957128,-0.090283888672607,-8.52120655211282));
#4857=CARTESIAN_POINT('',(0.477390885902398,-0.110444293910208,-8.52155376446641));
#4858=CARTESIAN_POINT('',(0.489998426383152,-3.38660558010636E-6,-8.50596395929975));
#4859=CARTESIAN_POINT('',(0.489996852794247,-4.75173960398355E-6,-8.50596715840372));
#4860=CARTESIAN_POINT('',(0.48999999998848,-2.37588506185883E-6,-8.41449368934853));
#4861=CARTESIAN_POINT('',(0.49000012253666,-2.37588506185883E-6,-8.41093308917781));
#4862=CARTESIAN_POINT('',(0.487420063296208,-0.0502163508861502,-8.4227722765858));
#4863=CARTESIAN_POINT('',(0.488418535875131,-0.0405247751537423,-8.42148436390664));
#4864=CARTESIAN_POINT('',(0.489031180938052,-0.0317708321160726,-8.41996798118433));
#4865=CARTESIAN_POINT('',(0.489603901262861,-0.0200808439548872,-8.41735041007386));
#4866=CARTESIAN_POINT('',(0.489736581583533,-0.0164241440745712,-8.41642073641933));
#4867=CARTESIAN_POINT('',(0.489917985078456,-0.00959373474581771,-8.4144470892082));
#4868=CARTESIAN_POINT('',(0.489960469305189,-0.00729656002935779,-8.41373237374405));
#4869=CARTESIAN_POINT('',(0.489995924379162,-0.00231676015530083,-8.41186181310202));
#4870=CARTESIAN_POINT('',(0.490000085556473,-0.00115538689593779,-8.41140523769041));
#4871=CARTESIAN_POINT('',(0.490000122538426,-4.37049810182665E-6,-8.4109321126273));
#4872=CARTESIAN_POINT('',(0.487420063296208,-0.0502163508861502,-8.4227722765858));
#4873=CARTESIAN_POINT('',(0.487420063296208,-0.0502163508861502,-8.10667151536786));
#4874=CARTESIAN_POINT('',(0.487420063296208,-0.0502163508861501,-8.10667151536786));
#4875=CARTESIAN_POINT('',(0.490003025103678,1.71556119264131E-6,-8.11944595778199));
#4876=CARTESIAN_POINT('',(0.490047792632219,-0.0150414521788267,-8.11231364120956));
#4877=CARTESIAN_POINT('',(0.489568785236822,-0.0293599930302297,-8.10892173657393));
#4878=CARTESIAN_POINT('',(0.487420063296208,-0.0502163508861502,-8.10667151536786));
#4879=CARTESIAN_POINT('',(0.490003025108425,8.57780596320657E-7,-8.11944595629062));
#4880=CARTESIAN_POINT('',(0.490003025103678,1.71556119264131E-6,-8.11944595778199));
#4881=CARTESIAN_POINT('',(0.490000000093094,-1.64113524713578E-10,-8.06880989031296));
#4882=CARTESIAN_POINT('',(0.489998684697316,-1.4771758448076E-6,-8.02477372123388));
#4883=CARTESIAN_POINT('',(0.476194259092544,-0.115494708135497,-8.00789002748725));
#4884=CARTESIAN_POINT('',(0.48135175673059,-0.0942299176860556,-8.00825441397265));
#4885=CARTESIAN_POINT('',(0.484269748674378,-0.0761508446000566,-8.00933393588656));
#4886=CARTESIAN_POINT('',(0.487040526408677,-0.0542730208222417,-8.01202649795311));
#4887=CARTESIAN_POINT('',(0.48798748007961,-0.0452264259885972,-8.01349142956735));
#4888=CARTESIAN_POINT('',(0.489295258329561,-0.0277012725043067,-8.01702355319918));
#4889=CARTESIAN_POINT('',(0.48969115576604,-0.0194378992774868,-8.01900860147281));
#4890=CARTESIAN_POINT('',(0.489960482780653,-0.0071813700036808,-8.02249391096223));
#4891=CARTESIAN_POINT('',(0.489997301587217,-0.00358829384196772,-8.023595466202));
#4892=CARTESIAN_POINT('',(0.489997369403445,-1.49264406357939E-6,-8.02477150152375));
#4893=CARTESIAN_POINT('',(0.476194259092544,-0.115494708135497,-8.00789002748725));
#4894=CARTESIAN_POINT('',(0.341406083104845,-0.351485257754871,-8.27336527616638));
#4895=CARTESIAN_POINT('',(0.341760297287812,-0.351141201001084,-8.25149515050993));
#4896=CARTESIAN_POINT('',(0.342808171818532,-0.350126308023519,-8.23270451265916));
#4897=CARTESIAN_POINT('',(0.345393267529841,-0.347570078263357,-8.20913778944285));
#4898=CARTESIAN_POINT('',(0.346743856551851,-0.346228042833684,-8.19961095823618));
#4899=CARTESIAN_POINT('',(0.349938910014678,-0.342998424134329,-8.18164800036382));
#4900=CARTESIAN_POINT('',(0.35166231407178,-0.341238831749418,-8.17354750847621));
#4901=CARTESIAN_POINT('',(0.358329342584662,-0.334277393747993,-8.14732963797284));
#4902=CARTESIAN_POINT('',(0.36391744524893,-0.328273561324541,-8.13106695530309));
#4903=CARTESIAN_POINT('',(0.376971822366738,-0.313195918176955,-8.10097338529528));
#4904=CARTESIAN_POINT('',(0.384916427887508,-0.303481731330334,-8.08639877363468));
#4905=CARTESIAN_POINT('',(0.400144544634218,-0.283100973344159,-8.06265624293527));
#4906=CARTESIAN_POINT('',(0.408186964331202,-0.271518374738001,-8.05235801155695));
#4907=CARTESIAN_POINT('',(0.4204107982201,-0.25182229281283,-8.03927021544656));
#4908=CARTESIAN_POINT('',(0.424510756021703,-0.244870069952537,-8.03530087523594));
#4909=CARTESIAN_POINT('',(0.430625743534414,-0.233835737836634,-8.02993675265929));
#4910=CARTESIAN_POINT('',(0.432658157201157,-0.230056662969371,-8.02824702642362));
#4911=CARTESIAN_POINT('',(0.436697893257839,-0.222292823081333,-8.0250642031987));
#4912=CARTESIAN_POINT('',(0.439122289132201,-0.217450048009565,-8.02327845432856));
#4913=CARTESIAN_POINT('',(0.453258619416637,-0.188368649771611,-8.01335927996224));
#4914=CARTESIAN_POINT('',(0.466439859525318,-0.15571290643908,-8.00859803901427));
#4915=CARTESIAN_POINT('',(0.476194259092544,-0.115494708135497,-8.00789002748725));
#4916=CARTESIAN_POINT('',(0.341406083104845,-0.351485257754871,-8.27336527616638));
#4917=CARTESIAN_POINT('',(0.436719223828676,-0.222207829606607,-8.51846684297014));
#4918=CARTESIAN_POINT('',(0.412568317171444,-0.269673147227403,-8.50161227306034));
#4919=CARTESIAN_POINT('',(0.387423571930861,-0.301207695404505,-8.47281385404553));
#4920=CARTESIAN_POINT('',(0.352136551484932,-0.341793722831271,-8.39111333177761));
#4921=CARTESIAN_POINT('',(0.341864143830801,-0.351040332356657,-8.33824699281026));
#4922=CARTESIAN_POINT('',(0.341406083104845,-0.351485257754871,-8.27336527616638));
#4923=CARTESIAN_POINT('',(0.436719223828676,-0.222207829606607,-8.51846684297014));
#4924=CARTESIAN_POINT('',(0.440940964076795,-0.2137078992434,-8.42169185406211));
#4925=CARTESIAN_POINT('',(0.439561200399673,-0.216554749210772,-8.45395018369944));
#4926=CARTESIAN_POINT('',(0.438153865660582,-0.219388236487808,-8.48620851333282));
#4927=CARTESIAN_POINT('',(0.436719223828676,-0.222207829606607,-8.51846684297014));
#4928=CARTESIAN_POINT('',(0.440940964076795,-0.2137078992434,-8.42169185406211));
#4929=CARTESIAN_POINT('',(0.397193121400733,-0.286945333316196,-8.27490873691452));
#4930=CARTESIAN_POINT('',(0.397374250955955,-0.28669461164533,-8.28452486870703));
#4931=CARTESIAN_POINT('',(0.397681180492185,-0.286269497748882,-8.29311710648352));
#4932=CARTESIAN_POINT('',(0.398327751516285,-0.285368426839314,-8.30446962205386));
#4933=CARTESIAN_POINT('',(0.398574283025022,-0.285024154463993,-8.30799782039881));
#4934=CARTESIAN_POINT('',(0.398990080785298,-0.284441509565935,-8.31290615764851));
#4935=CARTESIAN_POINT('',(0.399136345421134,-0.284236254270935,-8.31447827668712));
#4936=CARTESIAN_POINT('',(0.39944410377086,-0.283803591310618,-8.31749452800843));
#4937=CARTESIAN_POINT('',(0.399537194809629,-0.283672696249458,-8.31838022110766));
#4938=CARTESIAN_POINT('',(0.401674285858483,-0.280657372328344,-8.33582742390156));
#4939=CARTESIAN_POINT('',(0.404637536049646,-0.276439820972841,-8.34996904944002));
#4940=CARTESIAN_POINT('',(0.41052291491449,-0.267551049110384,-8.36936386309442));
#4941=CARTESIAN_POINT('',(0.412772072117163,-0.264085934479747,-8.37548677542358));
#4942=CARTESIAN_POINT('',(0.416520559096297,-0.258101075022157,-8.38415810558386));
#4943=CARTESIAN_POINT('',(0.417832335562684,-0.25597484717954,-8.38696304258171));
#4944=CARTESIAN_POINT('',(0.420568867504138,-0.251453396709297,-8.3924019037996));
#4945=CARTESIAN_POINT('',(0.422363240424427,-0.248423263100991,-8.39567456224308));
#4946=CARTESIAN_POINT('',(0.427888613478329,-0.238932054443637,-8.40522298028144));
#4947=CARTESIAN_POINT('',(0.433959042599064,-0.228113614700801,-8.41325745799561));
#4948=CARTESIAN_POINT('',(0.440940964076795,-0.2137078992434,-8.42169185406211));
#4949=CARTESIAN_POINT('',(0.397193121400733,-0.286945333316196,-8.27490873691452));
#4950=CARTESIAN_POINT('',(0.471323584050626,-0.133992832336932,-8.10667151536786));
#4951=CARTESIAN_POINT('',(0.467749181095463,-0.146565896002248,-8.10779038217792));
#4952=CARTESIAN_POINT('',(0.463995403154507,-0.157872285204663,-8.10937398002084));
#4953=CARTESIAN_POINT('',(0.458472095740312,-0.173009206614995,-8.11244689848418));
#4954=CARTESIAN_POINT('',(0.456648073337134,-0.177751151610221,-8.11358743463569));
#4955=CARTESIAN_POINT('',(0.453977015775874,-0.18441963789833,-8.11547258385855));
#4956=CARTESIAN_POINT('',(0.453097438721424,-0.186568403176655,-8.11613002443211));
#4957=CARTESIAN_POINT('',(0.451365756588894,-0.190719720581636,-8.11750302057776));
#4958=CARTESIAN_POINT('',(0.450781853888697,-0.192102683758225,-8.11797958266437));
#4959=CARTESIAN_POINT('',(0.445262752842287,-0.204852667471986,-8.12289761544853));
#4960=CARTESIAN_POINT('',(0.440837643192052,-0.214128688026636,-8.12768254730715));
#4961=CARTESIAN_POINT('',(0.432272613645826,-0.230931397135464,-8.13895342228701));
#4962=CARTESIAN_POINT('',(0.428404360867101,-0.237988236986288,-8.14492480574766));
#4963=CARTESIAN_POINT('',(0.420110406338165,-0.252340927794469,-8.16062682257387));
#4964=CARTESIAN_POINT('',(0.416286063509008,-0.25854476474274,-8.16916500561753));
#4965=CARTESIAN_POINT('',(0.411211076035673,-0.266487000541322,-8.18300304212886));
#4966=CARTESIAN_POINT('',(0.409629077361185,-0.268907030900635,-8.18778751462361));
#4967=CARTESIAN_POINT('',(0.406707202611296,-0.273306098782419,-8.19770004692839));
#4968=CARTESIAN_POINT('',(0.405202273957297,-0.27552591524303,-8.20355127662439));
#4969=CARTESIAN_POINT('',(0.399979678851915,-0.283144594079244,-8.22643469453292));
#4970=CARTESIAN_POINT('',(0.397590127355658,-0.286395792981705,-8.24869496652821));
#4971=CARTESIAN_POINT('',(0.397193121400733,-0.286945333316196,-8.27490873691452));
#4972=CARTESIAN_POINT('',(0.471323584050626,-0.133992832336932,-8.10667151536786));
#4973=CARTESIAN_POINT('',(0.471323584050626,-0.133992832336932,-8.52109072624197));
#4974=CARTESIAN_POINT('',(0.,0.,0.));
#4975=CARTESIAN_POINT('',(0.,0.,-7.85971779566633));
#4976=CARTESIAN_POINT('',(0.487420063296208,-0.0502163508861502,-7.85971779566633));
#4977=CARTESIAN_POINT('',(0.49,-6.00076931582204E-17,-7.85971779566633));
#4978=CARTESIAN_POINT('',(0.49,0.,-7.85971779566633));
#4979=CARTESIAN_POINT('',(0.49,-6.00076931582204E-17,-7.40532295141553));
#4980=CARTESIAN_POINT('',(0.,0.,-7.40532295141553));
#4981=CARTESIAN_POINT('',(0.348149508895822,-0.344807075704078,-7.40532295141553));
#4982=CARTESIAN_POINT('',(0.348149508895822,-0.344807075704078,-7.5139825880842));
#4983=CARTESIAN_POINT('',(0.348149508895822,-0.344807075704078,-7.5139825880842));
#4984=CARTESIAN_POINT('',(0.,0.,-7.5139825880842));
#4985=CARTESIAN_POINT('',(0.487420063296208,-0.0502163508861502,-7.5139825880842));
#4986=CARTESIAN_POINT('',(0.487420063296208,-0.0502163508861502,-7.85971779566633));
#4987=CARTESIAN_POINT('',(0.,0.,0.));
#4988=CARTESIAN_POINT('',(0.,0.,0.));
#4989=CARTESIAN_POINT('',(0.32,-3.91886975727153E-17,0.));
#4990=CARTESIAN_POINT('',(-0.32,-5.92138537782103E-16,0.));
#4991=CARTESIAN_POINT('',(-0.32,3.91886975727153E-17,0.));
#4992=CARTESIAN_POINT('',(-0.319999999999999,7.63278329429795E-17,7.14704760932993));
#4993=CARTESIAN_POINT('',(-0.319999999999999,0.,7.14704760932993));
#4994=CARTESIAN_POINT('',(-0.32,0.0860035526607,7.35771242941523));
#4995=CARTESIAN_POINT('',(-0.287087865272212,0.165460474687177,7.58525347964));
#4996=CARTESIAN_POINT('',(-0.226274169979697,0.226274169979693,7.79502969777227));
#4997=CARTESIAN_POINT('',(-0.226274169979697,0.226274169979693,7.79502969777227));
#4998=CARTESIAN_POINT('',(-0.226274169979697,0.226274169979693,7.79502969777227));
#4999=CARTESIAN_POINT('',(-0.165460474687182,0.287087865272209,7.58525347964));
#5000=CARTESIAN_POINT('',(-0.0860035526607047,0.319999999999998,7.35771242941523));
#5001=CARTESIAN_POINT('',(-3.35182402666502E-15,0.32,7.14704760932993));
#5002=CARTESIAN_POINT('',(-3.33066907387547E-15,0.32,7.14704760932993));
#5003=CARTESIAN_POINT('',(-3.35182402666502E-15,0.32,7.14704760932993));
#5004=CARTESIAN_POINT('',(0.0860035526606967,0.320000000000001,7.35771242941523));
#5005=CARTESIAN_POINT('',(0.165460474687175,0.287087865272213,7.58525347964));
#5006=CARTESIAN_POINT('',(0.226274169979693,0.226274169979698,7.79502969777228));
#5007=CARTESIAN_POINT('',(0.226274169979693,0.226274169979698,7.79502969777228));
#5008=CARTESIAN_POINT('',(0.226274169979693,0.226274169979698,7.79502969777228));
#5009=CARTESIAN_POINT('',(0.287087865272209,0.165460474687183,7.58525347964));
#5010=CARTESIAN_POINT('',(0.319999999999999,0.0860035526607046,7.35771242941523));
#5011=CARTESIAN_POINT('',(0.32,2.23454935111001E-15,7.14704760932993));
#5012=CARTESIAN_POINT('',(0.32,1.33226762955019E-15,7.14704760932993));
#5013=CARTESIAN_POINT('',(0.32,0.,0.));
#5014=CARTESIAN_POINT('',(0.,0.,0.));
#5015=CARTESIAN_POINT('',(-0.51,6.2456986756515E-17,-0.11069714450254));
#5016=CARTESIAN_POINT('',(-0.51,5.89840689938864E-17,0.));
#5017=CARTESIAN_POINT('',(0.,0.,0.));
#5018=CARTESIAN_POINT('',(0.51,-6.2456986756515E-17,0.));
#5019=CARTESIAN_POINT('',(0.51,0.,-0.11069714450254));
#5020=CARTESIAN_POINT('',(0.,0.,-0.2));
#5021=CARTESIAN_POINT('',(-0.554999999999997,6.79678973526778E-17,-0.2));
#5022=CARTESIAN_POINT('',(-0.51,6.2456986756515E-17,-0.28930285549746));
#5023=CARTESIAN_POINT('',(0.,0.,-0.28930285549746));
#5024=CARTESIAN_POINT('',(0.51,-6.2456986756515E-17,-0.28930285549746));
#5025=CARTESIAN_POINT('',(0.554999999999997,0.,-0.2));
#5026=CARTESIAN_POINT('',(0.,0.,0.));
#5027=CARTESIAN_POINT('',(-0.51,6.2456986756515E-17,-0.41069714450254));
#5028=CARTESIAN_POINT('',(0.,0.,-0.28930285549746));
#5029=CARTESIAN_POINT('',(0.51,0.,-0.41069714450254));
#5030=CARTESIAN_POINT('',(0.,0.,-0.5));
#5031=CARTESIAN_POINT('',(-0.554999999999997,6.79678973526778E-17,-0.5));
#5032=CARTESIAN_POINT('',(-0.51,5.15427980803579E-16,-0.589302855497461));
#5033=CARTESIAN_POINT('',(0.,0.,-0.589302855497461));
#5034=CARTESIAN_POINT('',(0.51,-5.15427980803579E-16,-0.589302855497461));
#5035=CARTESIAN_POINT('',(0.554999999999997,0.,-0.5));
#5036=CARTESIAN_POINT('',(0.,0.,0.));
#5037=CARTESIAN_POINT('',(0.510000000000001,0.,-25.));
#5038=CARTESIAN_POINT('',(0.510000000000001,-6.24569867565151E-17,-25.));
#5039=CARTESIAN_POINT('',(0.51,-2.88942483780047E-16,-12.1665906672609));
#5040=CARTESIAN_POINT('',(0.,0.,-25.));
#5041=CARTESIAN_POINT('',(-0.510000000000001,-1.64028510267017E-16,-25.));
#5042=CARTESIAN_POINT('',(-0.510000000000001,6.24569867565151E-17,-25.));
#5043=CARTESIAN_POINT('',(0.,0.,-0.589302855497461));
#5044=CARTESIAN_POINT('',(0.51,0.,-7.40532295141553));
#5045=CARTESIAN_POINT('',(0.51,-1.38777878078145E-16,-7.40532295141553));
#5046=CARTESIAN_POINT('',(0.,0.,-7.40532295141553));
#5047=CARTESIAN_POINT('',(0.379970599064984,0.340179869842702,-7.40532295141553));
#5048=CARTESIAN_POINT('',(0.379970599064984,0.340179869842702,-7.40532295141553));
#5049=CARTESIAN_POINT('',(0.379970599064984,0.340179869842702,-7.9189866883947));
#5050=CARTESIAN_POINT('',(0.,0.,-7.9189866883947));
#5051=CARTESIAN_POINT('',(0.433212386541845,0.269122700913021,-7.9189866883947));
#5052=CARTESIAN_POINT('',(0.433212386541845,0.269122700913021,-7.9189866883947));
#5053=CARTESIAN_POINT('',(0.433212386541845,0.269122700913021,-7.5139825880842));
#5054=CARTESIAN_POINT('',(0.,0.,-7.5139825880842));
#5055=CARTESIAN_POINT('',(0.508691180234889,0.0365141500138732,-7.5139825880842));
#5056=CARTESIAN_POINT('',(0.508691180234889,0.0365141500138733,-7.5139825880842));
#5057=CARTESIAN_POINT('',(0.508691180234889,0.0365141500138732,-7.85971779566633));
#5058=CARTESIAN_POINT('',(0.,0.,-7.85971779566633));
#5059=CARTESIAN_POINT('',(0.51,-2.27169402314334E-8,-7.85971779566633));
#5060=CARTESIAN_POINT('',(0.509997260941964,-3.02890968336312E-8,-8.02477690484231));
#5061=CARTESIAN_POINT('',(0.509997260941311,-2.27169427227739E-8,-8.02477689525693));
#5062=CARTESIAN_POINT('',(0.509997260941964,-3.02890968336312E-8,-8.02477690484231));
#5063=CARTESIAN_POINT('',(0.510000002880227,0.0512192305605339,-8.04098592217382));
#5064=CARTESIAN_POINT('',(0.501472003606881,0.0979209390458381,-8.07344298562547));
#5065=CARTESIAN_POINT('',(0.489795263885072,0.142972968256356,-8.13822682207009));
#5066=CARTESIAN_POINT('',(0.486224318148937,0.154087732501938,-8.16234047310991));
#5067=CARTESIAN_POINT('',(0.482639861196671,0.164842481177656,-8.20093044239785));
#5068=CARTESIAN_POINT('',(0.481793282857122,0.167264771132898,-8.21321211670621));
#5069=CARTESIAN_POINT('',(0.480796371767482,0.170109141328761,-8.23703469050425));
#5070=CARTESIAN_POINT('',(0.480469512589984,0.171024085082599,-8.25136605917675));
#5071=CARTESIAN_POINT('',(0.480322909910008,0.171434833728688,-8.26811750962273));
#5072=CARTESIAN_POINT('',(0.480322909910008,0.171434833728688,-8.26811750962273));
#5073=CARTESIAN_POINT('',(0.480322909910008,0.171434833728688,-8.26811750962273));
#5074=CARTESIAN_POINT('',(0.480584456434361,0.17070203756981,-8.29837836937221));
#5075=CARTESIAN_POINT('',(0.48149258243442,0.168287614782764,-8.32169131236259));
#5076=CARTESIAN_POINT('',(0.486215916364206,0.154110061004316,-8.37207197534126));
#5077=CARTESIAN_POINT('',(0.489891773132217,0.1426548465181,-8.39582733744986));
#5078=CARTESIAN_POINT('',(0.497708893544774,0.112384215547231,-8.43821632518757));
#5079=CARTESIAN_POINT('',(0.501919570851799,0.0928584303633943,-8.45736488557185));
#5080=CARTESIAN_POINT('',(0.506388522005991,0.0614991927100698,-8.47914373524822));
#5081=CARTESIAN_POINT('',(0.50765914752951,0.0502689622774627,-8.4856131172639));
#5082=CARTESIAN_POINT('',(0.5094649742031,0.0262720136091022,-8.49697141220905));
#5083=CARTESIAN_POINT('',(0.510000028400938,0.0124227886151864,-8.50218868795361));
#5084=CARTESIAN_POINT('',(0.509996720422294,-1.16974776646199E-6,-8.50595897456697));
#5085=CARTESIAN_POINT('',(0.50999672042296,-5.86794257688818E-7,-8.50595897547232));
#5086=CARTESIAN_POINT('',(0.51,0.,-8.63021340113509));
#5087=CARTESIAN_POINT('',(0.51,-3.33066907387547E-16,-8.63021340113508));
#5088=CARTESIAN_POINT('',(0.,0.,-8.63021340113509));
#5089=CARTESIAN_POINT('',(0.483553114776306,0.162099923473557,-8.63021340113509));
#5090=CARTESIAN_POINT('',(0.483553114776306,0.162099923473557,-8.63021340113509));
#5091=CARTESIAN_POINT('',(0.483553114776306,0.162099923473557,-8.72899488901569));
#5092=CARTESIAN_POINT('',(0.,0.,-8.72899488901569));
#5093=CARTESIAN_POINT('',(0.51,-3.33066907387547E-16,-8.72899488901569));
#5094=CARTESIAN_POINT('',(0.51,0.,-8.86728897204854));
#5095=CARTESIAN_POINT('',(0.51,-3.33066907387547E-16,-8.86728897204854));
#5096=CARTESIAN_POINT('',(0.,0.,-8.86728897204854));
#5097=CARTESIAN_POINT('',(0.483553114776306,0.162099923473557,-8.86728897204854));
#5098=CARTESIAN_POINT('',(0.483553114776306,0.162099923473557,-8.86728897204854));
#5099=CARTESIAN_POINT('',(0.483553114776306,0.162099923473557,-8.96607045992915));
#5100=CARTESIAN_POINT('',(0.,0.,-8.96607045992915));
#5101=CARTESIAN_POINT('',(0.502699033767254,0.0859865189984442,-8.96607045992915));
#5102=CARTESIAN_POINT('',(0.502699033767254,0.085986518998444,-8.96607045992915));
#5103=CARTESIAN_POINT('',(0.501275631995939,0.0943080873493541,-8.97219866733227));
#5104=CARTESIAN_POINT('',(0.499821842267078,0.1015822616934,-8.97797859568117));
#5105=CARTESIAN_POINT('',(0.497119881324374,0.114073018238505,-8.98884189427058));
#5106=CARTESIAN_POINT('',(0.496233976590836,0.117838322351272,-8.99229173552437));
#5107=CARTESIAN_POINT('',(0.491996170979315,0.134817976147687,-9.01139759604335));
#5108=CARTESIAN_POINT('',(0.489238762597993,0.1442150053105,-9.02559225179924));
#5109=CARTESIAN_POINT('',(0.486016833637171,0.154598742128064,-9.04710433443161));
#5110=CARTESIAN_POINT('',(0.484548022610882,0.159139862874427,-9.05842305758705));
#5111=CARTESIAN_POINT('',(0.483345931852515,0.162720709177451,-9.07058580350137));
#5112=CARTESIAN_POINT('',(0.482608157125173,0.164895984517006,-9.07888186139068));
#5113=CARTESIAN_POINT('',(0.482190852839781,0.166109741432926,-9.08427186995697));
#5114=CARTESIAN_POINT('',(0.481076324635398,0.169331054610757,-9.10020882117011));
#5115=CARTESIAN_POINT('',(0.480518121189586,0.17088789441761,-9.11690538411921));
#5116=CARTESIAN_POINT('',(0.480322909910008,0.171434833728688,-9.1375489490469));
#5117=CARTESIAN_POINT('',(0.480322909910008,0.171434833728688,-9.1375489490469));
#5118=CARTESIAN_POINT('',(0.480322909910008,0.171434833728688,-9.1375489490469));
#5119=CARTESIAN_POINT('',(0.480421022127426,0.171159944753426,-9.14949024645821));
#5120=CARTESIAN_POINT('',(0.480693687100212,0.170397597307574,-9.16055462169465));
#5121=CARTESIAN_POINT('',(0.481574170315212,0.167893062606547,-9.18092952781782));
#5122=CARTESIAN_POINT('',(0.48202956902632,0.166599952614676,-9.18854734652948));
#5123=CARTESIAN_POINT('',(0.484765172444526,0.158539982630494,-9.21892630919019));
#5124=CARTESIAN_POINT('',(0.487366454359203,0.150666884414341,-9.23734202282637));
#5125=CARTESIAN_POINT('',(0.491993922861642,0.134438173859433,-9.26300595222291));
#5126=CARTESIAN_POINT('',(0.493705190556905,0.128106527267864,-9.27072317374167));
#5127=CARTESIAN_POINT('',(0.497254192140671,0.113553361508985,-9.28448277355234));
#5128=CARTESIAN_POINT('',(0.499363028003151,0.103919392847712,-9.2913251527522));
#5129=CARTESIAN_POINT('',(0.503840364584263,0.0805951785211026,-9.30454002006382));
#5130=CARTESIAN_POINT('',(0.506799776358263,0.0614481012880774,-9.31149344916641));
#5131=CARTESIAN_POINT('',(0.508531906087943,0.0386691154613547,-9.3165903958305));
#5132=CARTESIAN_POINT('',(0.508531906087951,0.0386691154612567,-9.31659039583052));
#5133=CARTESIAN_POINT('',(0.508531906087943,0.0386691154613547,-9.3165903958305));
#5134=CARTESIAN_POINT('',(0.508943186699096,0.0332604240384702,-9.31759121976065));
#5135=CARTESIAN_POINT('',(0.50949024831969,0.0243691463127123,-9.31883830323318));
#5136=CARTESIAN_POINT('',(0.509811047861952,0.0143116210196222,-9.31970415807166));
#5137=CARTESIAN_POINT('',(0.509958947145854,0.00734841780266375,-9.32019667715642));
#5138=CARTESIAN_POINT('',(0.5100000028987,0.00195595499319241,-9.32047755133586));
#5139=CARTESIAN_POINT('',(0.509999813103227,-7.55724149751032E-7,-9.32056209123059));
#5140=CARTESIAN_POINT('',(0.509999813103356,-3.77862213447746E-7,-9.32056209169909));
#5141=CARTESIAN_POINT('',(0.51,0.,-9.46121266793071));
#5142=CARTESIAN_POINT('',(0.51,-3.33066907387547E-16,-9.46121266793071));
#5143=CARTESIAN_POINT('',(0.,0.,-9.46121266793071));
#5144=CARTESIAN_POINT('',(0.483553114776306,0.162099923473557,-9.46121266793071));
#5145=CARTESIAN_POINT('',(0.483553114776306,0.162099923473557,-9.46121266793071));
#5146=CARTESIAN_POINT('',(0.483553114776306,0.162099923473557,-9.55999415581131));
#5147=CARTESIAN_POINT('',(0.,0.,-9.55999415581131));
#5148=CARTESIAN_POINT('',(0.504177448062283,0.0768446541107727,-9.55999415581131));
#5149=CARTESIAN_POINT('',(0.504177448062283,0.0768446541107728,-9.55999415581131));
#5150=CARTESIAN_POINT('',(0.499331965452242,0.108635844860871,-9.57963041656172));
#5151=CARTESIAN_POINT('',(0.493733719208601,0.129044518705828,-9.5986792115952));
#5152=CARTESIAN_POINT('',(0.487263460567576,0.150647476170146,-9.634123891507));
#5153=CARTESIAN_POINT('',(0.486079198708945,0.154396406489597,-9.64141231327672));
#5154=CARTESIAN_POINT('',(0.48400756259471,0.160772874284065,-9.65638812839086));
#5155=CARTESIAN_POINT('',(0.482967317143304,0.163846086762709,-9.66576870337253));
#5156=CARTESIAN_POINT('',(0.481289928928475,0.168736133107994,-9.68434979585615));
#5157=CARTESIAN_POINT('',(0.480579137509222,0.170716940034757,-9.70063658415611));
#5158=CARTESIAN_POINT('',(0.480322909910008,0.171434833728688,-9.72082276576693));
#5159=CARTESIAN_POINT('',(0.480322909909538,0.17143483372852,-9.72082276576693));
#5160=CARTESIAN_POINT('',(0.480322909910008,0.171434833728688,-9.72082276576693));
#5161=CARTESIAN_POINT('',(0.480426897475138,0.171143483314125,-9.73105058721164));
#5162=CARTESIAN_POINT('',(0.480742215440035,0.17026008563703,-9.7448284546565));
#5163=CARTESIAN_POINT('',(0.481289089668389,0.1687044971026,-9.75626052501807));
#5164=CARTESIAN_POINT('',(0.481703519958053,0.167517503671973,-9.7633606170184));
#5165=CARTESIAN_POINT('',(0.481837340277884,0.167134564199521,-9.76548729254772));
#5166=CARTESIAN_POINT('',(0.483610097250515,0.16198837741335,-9.78644471309721));
#5167=CARTESIAN_POINT('',(0.485661154816767,0.155945700450915,-9.80095984189443));
#5168=CARTESIAN_POINT('',(0.489668459823282,0.14264029637892,-9.82123836678468));
#5169=CARTESIAN_POINT('',(0.491106921476629,0.137648571140014,-9.82752175217422));
#5170=CARTESIAN_POINT('',(0.494088761666093,0.126528388334025,-9.83913627713889));
#5171=CARTESIAN_POINT('',(0.496010136054171,0.118746937170194,-9.84566371449638));
#5172=CARTESIAN_POINT('',(0.499478120166301,0.103581697699234,-9.85663987115309));
#5173=CARTESIAN_POINT('',(0.502520480376325,0.0891098265512723,-9.8637118794711));
#5174=CARTESIAN_POINT('',(0.50515599182169,0.0701243461762402,-9.87053845833598));
#5175=CARTESIAN_POINT('',(0.505155991819393,0.0701243461759214,-9.87053845833598));
#5176=CARTESIAN_POINT('',(0.50515599182169,0.0701243461762402,-9.87053845833598));
#5177=CARTESIAN_POINT('',(0.500466057640954,0.103909307916828,-9.89293071382835));
#5178=CARTESIAN_POINT('',(0.494693036323891,0.125523460965778,-9.91188974287962));
#5179=CARTESIAN_POINT('',(0.487829621309886,0.148814798617828,-9.94936773388967));
#5180=CARTESIAN_POINT('',(0.486566743461861,0.152859033701187,-9.95707715721088));
#5181=CARTESIAN_POINT('',(0.484349937659131,0.159744226552125,-9.97292365409167));
#5182=CARTESIAN_POINT('',(0.483244897612158,0.163027651330663,-9.98270305431876));
#5183=CARTESIAN_POINT('',(0.481393422538947,0.168448678838827,-10.0028287703526));
#5184=CARTESIAN_POINT('',(0.480605856959503,0.170642077978832,-10.0201066339358));
#5185=CARTESIAN_POINT('',(0.480322909910008,0.171434833728688,-10.0412452170797));
#5186=CARTESIAN_POINT('',(0.480322909910008,0.171434833728688,-10.0412452170797));
#5187=CARTESIAN_POINT('',(0.480322909910008,0.171434833728688,-10.0412452170797));
#5188=CARTESIAN_POINT('',(0.480534055895384,0.170843248857014,-10.0687387144409));
#5189=CARTESIAN_POINT('',(0.481701718278825,0.167636080272203,-10.0917048052196));
#5190=CARTESIAN_POINT('',(0.484649940587963,0.15882076466424,-10.1193628315138));
#5191=CARTESIAN_POINT('',(0.486402497829259,0.153459182841607,-10.1320051213467));
#5192=CARTESIAN_POINT('',(0.489929278709586,0.141797082325631,-10.1515457008087));
#5193=CARTESIAN_POINT('',(0.491898636983058,0.134919192965326,-10.1602897031335));
#5194=CARTESIAN_POINT('',(0.498032713414814,0.111055153655723,-10.1834428478896));
#5195=CARTESIAN_POINT('',(0.501603788165607,0.0945906011603367,-10.1925847352811));
#5196=CARTESIAN_POINT('',(0.506209352189065,0.0629724327687702,-10.2033945695172));
#5197=CARTESIAN_POINT('',(0.507535144033283,0.0515684785329885,-10.2061917906025));
#5198=CARTESIAN_POINT('',(0.508956869889089,0.0331769829019173,-10.2091785367405));
#5199=CARTESIAN_POINT('',(0.509525411157319,0.0236602897472274,-10.210369638437));
#5200=CARTESIAN_POINT('',(0.50982801083548,0.0136691408690998,-10.2111073330747));
#5201=CARTESIAN_POINT('',(0.509964488192389,0.0069041166876076,-10.2114983723757));
#5202=CARTESIAN_POINT('',(0.510000033406419,0.00188086432602761,-10.211686673684));
#5203=CARTESIAN_POINT('',(0.510000021661643,-9.03320904012596E-6,-10.2117381891627));
#5204=CARTESIAN_POINT('',(0.510000010790851,-4.51660452006298E-6,-10.2117382496668));
#5205=CARTESIAN_POINT('',(0.509997260941803,-3.02890970841412E-8,-10.3362637212486));
#5206=CARTESIAN_POINT('',(0.509998743937539,-3.85169885102204E-7,-10.3260276276399));
#5207=CARTESIAN_POINT('',(0.509997260941151,-2.27169429492593E-8,-10.3362637116632));
#5208=CARTESIAN_POINT('',(0.509997260941803,-3.02890970841412E-8,-10.3362637212486));
#5209=CARTESIAN_POINT('',(0.510000002880227,0.051219230609663,-10.3524727385981));
#5210=CARTESIAN_POINT('',(0.501472003606966,0.097920939045522,-10.3849298020326));
#5211=CARTESIAN_POINT('',(0.489795263885014,0.142972968256575,-10.449713638477));
#5212=CARTESIAN_POINT('',(0.486224318148939,0.154087732501936,-10.473827289516));
#5213=CARTESIAN_POINT('',(0.482639861196624,0.164842481177792,-10.5124172588043));
#5214=CARTESIAN_POINT('',(0.481793282857125,0.16726477113289,-10.5246989331126));
#5215=CARTESIAN_POINT('',(0.480796371767478,0.170109141328773,-10.5485215069111));
#5216=CARTESIAN_POINT('',(0.48046951258998,0.17102408508261,-10.5628528755835));
#5217=CARTESIAN_POINT('',(0.480322909910008,0.171434833728688,-10.579604326029));
#5218=CARTESIAN_POINT('',(0.480322909910008,0.171434833728688,-10.579604326029));
#5219=CARTESIAN_POINT('',(0.480322909910008,0.171434833728688,-10.579604326029));
#5220=CARTESIAN_POINT('',(0.480584456434368,0.17070203756979,-10.6098651857791));
#5221=CARTESIAN_POINT('',(0.481492582434508,0.168287614782516,-10.6331781287703));
#5222=CARTESIAN_POINT('',(0.486215916364321,0.154110061003956,-10.6835587917495));
#5223=CARTESIAN_POINT('',(0.489891773132596,0.142654846516817,-10.7073141538572));
#5224=CARTESIAN_POINT('',(0.497708893545153,0.112384215545582,-10.7497031415953));
#5225=CARTESIAN_POINT('',(0.501919570851858,0.0928584303631194,-10.7688517019783));
#5226=CARTESIAN_POINT('',(0.506388522006059,0.061499192709528,-10.7906305516549));
#5227=CARTESIAN_POINT('',(0.507659147529563,0.0502689622769132,-10.7970999336706));
#5228=CARTESIAN_POINT('',(0.509464974203119,0.0262720136087031,-10.8084582286156));
#5229=CARTESIAN_POINT('',(0.510000028400938,0.0124227886157825,-10.8136755043598));
#5230=CARTESIAN_POINT('',(0.509996720422285,-1.16974776587582E-6,-10.8174457909732));
#5231=CARTESIAN_POINT('',(0.509996720420111,-5.84877644191678E-7,-10.8174457912683));
#5232=CARTESIAN_POINT('',(0.51,0.,-10.9614565151175));
#5233=CARTESIAN_POINT('',(0.51,-1.38777878078145E-16,-10.9614565151175));
#5234=CARTESIAN_POINT('',(0.,0.,-10.9614565151175));
#5235=CARTESIAN_POINT('',(0.50433911010208,0.075776394882858,-10.9614565151175));
#5236=CARTESIAN_POINT('',(0.50433911010208,0.075776394882858,-10.9614565151175));
#5237=CARTESIAN_POINT('',(0.50433911010208,0.0757763948828579,-10.892309473601));
#5238=CARTESIAN_POINT('',(0.,0.,-10.892309473601));
#5239=CARTESIAN_POINT('',(0.483553114776306,0.162099923473557,-10.892309473601));
#5240=CARTESIAN_POINT('',(0.483553114776306,0.162099923473557,-10.892309473601));
#5241=CARTESIAN_POINT('',(0.483553114776306,0.162099923473557,-10.9614565151175));
#5242=CARTESIAN_POINT('',(0.,0.,-10.9614565151175));
#5243=CARTESIAN_POINT('',(0.423155228642069,0.284674643185652,-10.9614565151175));
#5244=CARTESIAN_POINT('',(0.423155228642069,0.284674643185652,-10.9614565151175));
#5245=CARTESIAN_POINT('',(0.412701906672158,0.300213005853809,-10.9943836777443));
#5246=CARTESIAN_POINT('',(0.401391887209034,0.3151749760647,-11.0273108403712));
#5247=CARTESIAN_POINT('',(0.389293671286698,0.329469934130756,-11.0602380029981));
#5248=CARTESIAN_POINT('',(0.389293671286698,0.329469934130756,-11.0602380029981));
#5249=CARTESIAN_POINT('',(0.,0.,-11.0602380029981));
#5250=CARTESIAN_POINT('',(0.483553114776306,0.162099923473557,-11.0602380029981));
#5251=CARTESIAN_POINT('',(0.483553114776306,0.162099923473557,-11.0602380029981));
#5252=CARTESIAN_POINT('',(0.483553114776306,0.162099923473557,-11.1491413420906));
#5253=CARTESIAN_POINT('',(0.,0.,-11.1491413420906));
#5254=CARTESIAN_POINT('',(0.50433911010208,0.0757763948828579,-11.1491413420906));
#5255=CARTESIAN_POINT('',(0.50433911010208,0.075776394882858,-11.1491413420906));
#5256=CARTESIAN_POINT('',(0.50433911010208,0.075776394882858,-11.0602380029981));
#5257=CARTESIAN_POINT('',(0.,0.,-11.0602380029981));
#5258=CARTESIAN_POINT('',(0.51,-3.84926659720289E-10,-11.0602380029981));
#5259=CARTESIAN_POINT('',(0.509999999933961,-5.1323568664534E-10,-11.2873981020536));
#5260=CARTESIAN_POINT('',(0.509999999933961,-2.88759701012312E-10,-11.287398102374));
#5261=CARTESIAN_POINT('',(0.509999999933961,-5.1323568664534E-10,-11.2873981020536));
#5262=CARTESIAN_POINT('',(0.510000000001739,0.00230365685402028,-11.2643615283831));
#5263=CARTESIAN_POINT('',(0.509984391421479,0.0046073140915399,-11.2413249559951));
#5264=CARTESIAN_POINT('',(0.509953175692265,0.00691075982611604,-11.218288383607));
#5265=CARTESIAN_POINT('',(0.509953175692265,0.00691075982611604,-11.218288383607));
#5266=CARTESIAN_POINT('',(0.509953175692265,0.00691075982611604,-11.218288383607));
#5267=CARTESIAN_POINT('',(0.509835110946689,0.0156228976313184,-11.2204194767154));
#5268=CARTESIAN_POINT('',(0.509510251753775,0.0233324291081019,-11.2224726769027));
#5269=CARTESIAN_POINT('',(0.508719227496993,0.0367402567375635,-11.2264232914352));
#5270=CARTESIAN_POINT('',(0.508435810424535,0.0404704023966631,-11.2275582683505));
#5271=CARTESIAN_POINT('',(0.506579365451154,0.0604702709429138,-11.2353041449131));
#5272=CARTESIAN_POINT('',(0.504915969699,0.0727799987134731,-11.2415198267662));
#5273=CARTESIAN_POINT('',(0.501044412263978,0.0958726322203536,-11.2564006391684));
#5274=CARTESIAN_POINT('',(0.498913647472506,0.106169063799952,-11.2652469316224));
#5275=CARTESIAN_POINT('',(0.494705754024889,0.124309752944587,-11.2857512890362));
#5276=CARTESIAN_POINT('',(0.492407833261674,0.132935261115778,-11.2989414222063));
#5277=CARTESIAN_POINT('',(0.489085173401026,0.144682241704589,-11.3220051882108));
#5278=CARTESIAN_POINT('',(0.487540911856185,0.149746315280813,-11.3343816003703));
#5279=CARTESIAN_POINT('',(0.485509989108209,0.156157213712918,-11.3542130123455));
#5280=CARTESIAN_POINT('',(0.484880225137306,0.158096615668923,-11.3610346152933));
#5281=CARTESIAN_POINT('',(0.483729079694915,0.161584498243743,-11.3751000857673));
#5282=CARTESIAN_POINT('',(0.483086691750917,0.163488114703355,-11.3842980938127));
#5283=CARTESIAN_POINT('',(0.481383560646955,0.168486539155201,-11.4118023902962));
#5284=CARTESIAN_POINT('',(0.480551676990645,0.170793878401972,-11.4396768876843));
#5285=CARTESIAN_POINT('',(0.480322909910008,0.171434833728688,-11.4734224452737));
#5286=CARTESIAN_POINT('',(0.4803229099079,0.171434833727936,-11.4734224452737));
#5287=CARTESIAN_POINT('',(0.480322909910008,0.171434833728688,-11.4734224452737));
#5288=CARTESIAN_POINT('',(0.480406213732758,0.17120143463657,-11.4876001454183));
#5289=CARTESIAN_POINT('',(0.480654157056815,0.170506726566161,-11.506665716802));
#5290=CARTESIAN_POINT('',(0.481082061245269,0.169293503297212,-11.5224298199359));
#5291=CARTESIAN_POINT('',(0.481406354244597,0.168369124258474,-11.5322055624141));
#5292=CARTESIAN_POINT('',(0.481503076653566,0.168093859094811,-11.5349676901948));
#5293=CARTESIAN_POINT('',(0.482359898695882,0.165625968069752,-11.5527070660378));
#5294=CARTESIAN_POINT('',(0.483137245503091,0.163363581648961,-11.5640168220066));
#5295=CARTESIAN_POINT('',(0.484573342157318,0.159031413629069,-11.5802067140702));
#5296=CARTESIAN_POINT('',(0.485096829607824,0.157430860468329,-11.5854742211098));
#5297=CARTESIAN_POINT('',(0.486224140553288,0.153913920964213,-11.5957509878924));
#5298=CARTESIAN_POINT('',(0.48668141116308,0.152474047308094,-11.5996400303563));
#5299=CARTESIAN_POINT('',(0.493746442635993,0.129502274624423,-11.6536432107212));
#5300=CARTESIAN_POINT('',(0.502146884321425,0.103415933976531,-11.6746824108765));
#5301=CARTESIAN_POINT('',(0.507415792331295,0.0512758587719832,-11.6876547971147));
#5302=CARTESIAN_POINT('',(0.507415792331295,0.0512758587719834,-11.6876547971147));
#5303=CARTESIAN_POINT('',(0.507415792331295,0.0512758587719832,-11.6876547971147));
#5304=CARTESIAN_POINT('',(0.508121410730679,0.0442931981636259,-11.6888287817352));
#5305=CARTESIAN_POINT('',(0.508779608900329,0.0363640309954248,-11.6897784985499));
#5306=CARTESIAN_POINT('',(0.509737883948899,0.0186097514842745,-11.6912293965681));
#5307=CARTESIAN_POINT('',(0.509999997824241,0.00738095704836021,-11.6917349828442));
#5308=CARTESIAN_POINT('',(0.510028362470048,4.19421059556021E-7,-11.691987505429));
#5309=CARTESIAN_POINT('',(0.510014181234947,2.09710529778011E-7,-11.6919874833351));
#5310=CARTESIAN_POINT('',(0.51,0.,-11.8307336084668));
#5311=CARTESIAN_POINT('',(0.51,-1.38777878078145E-16,-11.8307336084668));
#5312=CARTESIAN_POINT('',(0.,0.,-11.8307336084668));
#5313=CARTESIAN_POINT('',(0.379970599064984,0.340179869842702,-11.8307336084668));
#5314=CARTESIAN_POINT('',(0.379970599064984,0.340179869842702,-11.8307336084668));
#5315=CARTESIAN_POINT('',(0.379970599064984,0.340179869842702,-11.9295150963474));
#5316=CARTESIAN_POINT('',(0.,0.,-11.9295150963474));
#5317=CARTESIAN_POINT('',(0.51,-1.38777878078145E-16,-11.9295150963474));
#5318=CARTESIAN_POINT('',(0.51,0.,-12.0678091793803));
#5319=CARTESIAN_POINT('',(0.51,-1.38777878078145E-16,-12.0678091793803));
#5320=CARTESIAN_POINT('',(0.,0.,-12.0678091793803));
#5321=CARTESIAN_POINT('',(0.379970599064984,0.340179869842702,-12.0678091793803));
#5322=CARTESIAN_POINT('',(0.379970599064984,0.340179869842702,-12.0678091793803));
#5323=CARTESIAN_POINT('',(0.379970599064984,0.340179869842702,-12.1665906672609));
#5324=CARTESIAN_POINT('',(0.,0.,-12.1665906672609));
#5325=CARTESIAN_POINT('',(0.438343418108914,0.260681890051063,-8.72899488901569));
#5326=CARTESIAN_POINT('',(0.438343418108914,0.260681890051063,-8.72899488901569));
#5327=CARTESIAN_POINT('',(0.438343418108914,0.260681890051063,-8.63021340113508));
#5328=CARTESIAN_POINT('',(0.,0.,-8.63021340113509));
#5329=CARTESIAN_POINT('',(0.379970599064984,0.340179869842702,-8.63021340113508));
#5330=CARTESIAN_POINT('',(0.379970599064984,0.340179869842702,-8.63021340113509));
#5331=CARTESIAN_POINT('',(0.379970599064984,0.340179869842702,-8.72899488901569));
#5332=CARTESIAN_POINT('',(0.,0.,-8.72899488901569));
#5333=CARTESIAN_POINT('',(0.,0.,0.));
#5334=CARTESIAN_POINT('',(0.,0.,-25.));
#5335=CARTESIAN_POINT('',(0.,0.,-12.1665906672609));
#5336=CARTESIAN_POINT('',(0.362359692932387,-0.358880833896081,-12.1665906672609));
#5337=CARTESIAN_POINT('',(0.362359692932387,-0.358880833896082,-12.1665906672609));
#5338=CARTESIAN_POINT('',(0.362359692932387,-0.358880833896081,-12.0678091793803));
#5339=CARTESIAN_POINT('',(0.,0.,-12.0678091793803));
#5340=CARTESIAN_POINT('',(0.,0.,-11.9295150963474));
#5341=CARTESIAN_POINT('',(0.362359692932387,-0.358880833896081,-11.9295150963474));
#5342=CARTESIAN_POINT('',(0.362359692932387,-0.358880833896082,-11.9295150963474));
#5343=CARTESIAN_POINT('',(0.362359692932387,-0.358880833896081,-11.8307336084668));
#5344=CARTESIAN_POINT('',(0.,0.,-11.8307336084668));
#5345=CARTESIAN_POINT('',(0.510028362470048,4.19421059556021E-7,-11.691987505429));
#5346=CARTESIAN_POINT('',(0.510000001394694,-0.00473117713114239,-11.6921494679957));
#5347=CARTESIAN_POINT('',(0.509964909663757,-0.00813386649425958,-11.6922092712772));
#5348=CARTESIAN_POINT('',(0.50967007796275,-0.0191515143514452,-11.6923599263813));
#5349=CARTESIAN_POINT('',(0.509410304769335,-0.0256210260973066,-11.6924115685828));
#5350=CARTESIAN_POINT('',(0.508928540209551,-0.0330415036004032,-11.692439525434));
#5351=CARTESIAN_POINT('',(0.508928540209552,-0.0330415036004034,-11.692439525434));
#5352=CARTESIAN_POINT('',(0.,0.,-11.692439525434));
#5353=CARTESIAN_POINT('',(0.487041306201192,-0.151296946611083,-11.692439525434));
#5354=CARTESIAN_POINT('',(0.487041306201192,-0.151296946611083,-11.692439525434));
#5355=CARTESIAN_POINT('',(0.478903481136239,-0.177493489489505,-11.692594092672));
#5356=CARTESIAN_POINT('',(0.469690322768981,-0.19979922030701,-11.6928642559506));
#5357=CARTESIAN_POINT('',(0.456383337080786,-0.227862747217565,-11.6934428949295));
#5358=CARTESIAN_POINT('',(0.452025436398171,-0.236322235297335,-11.6936646735993));
#5359=CARTESIAN_POINT('',(0.445803991500379,-0.247745029564777,-11.6940406901192));
#5360=CARTESIAN_POINT('',(0.442771444202185,-0.253139904263307,-11.694239535508));
#5361=CARTESIAN_POINT('',(0.439887501791768,-0.258074442515817,-11.69445463659));
#5362=CARTESIAN_POINT('',(0.438000985521323,-0.261263408832547,-11.6946016496875));
#5363=CARTESIAN_POINT('',(0.437791768969258,-0.261625988684638,-11.6946159939709));
#5364=CARTESIAN_POINT('',(0.429683793898639,-0.275006349344892,-11.695306430864));
#5365=CARTESIAN_POINT('',(0.42338858107761,-0.284513054074567,-11.6961706740894));
#5366=CARTESIAN_POINT('',(0.411585867395216,-0.301334767801987,-11.6985229479618));
#5367=CARTESIAN_POINT('',(0.406820573860919,-0.307704916082991,-11.6997415676597));
#5368=CARTESIAN_POINT('',(0.389709413237244,-0.329496209427291,-11.7059495735814));
#5369=CARTESIAN_POINT('',(0.376853443335913,-0.344246586397701,-11.7127039298584));
#5370=CARTESIAN_POINT('',(0.362359692932387,-0.358880833896082,-11.7220739717981));
#5371=CARTESIAN_POINT('',(0.362359692918557,-0.358880833882385,-11.7220739717981));
#5372=CARTESIAN_POINT('',(0.362359692932387,-0.358880833896082,-11.7220739717981));
#5373=CARTESIAN_POINT('',(0.362359692932387,-0.358880833896082,-11.6232924839175));
#5374=CARTESIAN_POINT('',(0.362359692932387,-0.358880833896082,-11.6232924839175));
#5375=CARTESIAN_POINT('',(0.379087300442128,-0.341991075100887,-11.606080397606));
#5376=CARTESIAN_POINT('',(0.389829900205942,-0.330152626657477,-11.599453209049));
#5377=CARTESIAN_POINT('',(0.407543233340382,-0.30660807712529,-11.5936580375534));
#5378=CARTESIAN_POINT('',(0.407543233337501,-0.306608077123122,-11.5936580375534));
#5379=CARTESIAN_POINT('',(0.407543233340382,-0.30660807712529,-11.5936580375534));
#5380=CARTESIAN_POINT('',(0.399096686588674,-0.317835220930588,-11.5757931854974));
#5381=CARTESIAN_POINT('',(0.391492000867027,-0.327000180008522,-11.559095198822));
#5382=CARTESIAN_POINT('',(0.381901505736272,-0.338045878592665,-11.5357985168796));
#5383=CARTESIAN_POINT('',(0.379004813970507,-0.341276726286546,-11.5283246725773));
#5384=CARTESIAN_POINT('',(0.373875012215213,-0.346888927696971,-11.5139604166629));
#5385=CARTESIAN_POINT('',(0.372127004557569,-0.348759615426344,-11.5087743388431));
#5386=CARTESIAN_POINT('',(0.365036459913316,-0.356223932979294,-11.4838652516655));
#5387=CARTESIAN_POINT('',(0.361259963640931,-0.360000819893931,-11.4652587644765));
#5388=CARTESIAN_POINT('',(0.356916888980561,-0.36430713143526,-11.4322389668549));
#5389=CARTESIAN_POINT('',(0.355658302172654,-0.365523416123233,-11.4135558276818));
#5390=CARTESIAN_POINT('',(0.355341025272389,-0.365831594806091,-11.3926994481462));
#5391=CARTESIAN_POINT('',(0.355341025272389,-0.365831594806091,-11.3926994481462));
#5392=CARTESIAN_POINT('',(0.355341025272389,-0.365831594806091,-11.3926994481462));
#5393=CARTESIAN_POINT('',(0.355572871642938,-0.365606396851114,-11.3788454069872));
#5394=CARTESIAN_POINT('',(0.356482662046103,-0.364723727929365,-11.3599259654254));
#5395=CARTESIAN_POINT('',(0.358223130327799,-0.363011130346607,-11.3437989541288));
#5396=CARTESIAN_POINT('',(0.359565065880941,-0.361681980827637,-11.3336681533234));
#5397=CARTESIAN_POINT('',(0.360016747505762,-0.361234890776328,-11.3305331218002));
#5398=CARTESIAN_POINT('',(0.365822445845104,-0.355411331975929,-11.3002083258312));
#5399=CARTESIAN_POINT('',(0.371923903953291,-0.34927676780494,-11.2815580538407));
#5400=CARTESIAN_POINT('',(0.386730025050538,-0.332558717280786,-11.254363709902));
#5401=CARTESIAN_POINT('',(0.392055982931108,-0.326301746579112,-11.2463642320555));
#5402=CARTESIAN_POINT('',(0.403306001936474,-0.312289917183814,-11.2324958832956));
#5403=CARTESIAN_POINT('',(0.410117242709968,-0.30328994326151,-11.2259294368235));
#5404=CARTESIAN_POINT('',(0.425780307629617,-0.281309259430282,-11.213611461158));
#5405=CARTESIAN_POINT('',(0.438011021914906,-0.262592169122466,-11.2091403911193));
#5406=CARTESIAN_POINT('',(0.450487426519138,-0.239083831632682,-11.208410234819));
#5407=CARTESIAN_POINT('',(0.450487426519228,-0.239083831632513,-11.208410234819));
#5408=CARTESIAN_POINT('',(0.450487426519138,-0.239083831632682,-11.208410234819));
#5409=CARTESIAN_POINT('',(0.460698827594996,-0.219843267515885,-11.2090104833916));
#5410=CARTESIAN_POINT('',(0.467051132634601,-0.205580178331516,-11.2112601638064));
#5411=CARTESIAN_POINT('',(0.479922044470583,-0.173420879507794,-11.2236763567142));
#5412=CARTESIAN_POINT('',(0.485240817273929,-0.157600584373808,-11.233314920911));
#5413=CARTESIAN_POINT('',(0.493166997192082,-0.130701598399488,-11.2570418192054));
#5414=CARTESIAN_POINT('',(0.496024918646265,-0.118879669064268,-11.2722761090219));
#5415=CARTESIAN_POINT('',(0.499730860633032,-0.102186900167452,-11.3016269056899));
#5416=CARTESIAN_POINT('',(0.501137125521594,-0.0948772836976809,-11.3190749719915));
#5417=CARTESIAN_POINT('',(0.502237969909393,-0.088639841952096,-11.3392957062608));
#5418=CARTESIAN_POINT('',(0.502237969909393,-0.0886398419520959,-11.3392957062608));
#5419=CARTESIAN_POINT('',(0.502237969909393,-0.088639841952096,-11.3392957062608));
#5420=CARTESIAN_POINT('',(0.503137871837002,-0.0835409506715326,-11.3594439359059));
#5421=CARTESIAN_POINT('',(0.503883423895086,-0.0788662759893933,-11.3865059476899));
#5422=CARTESIAN_POINT('',(0.504510973770318,-0.0746235709767787,-11.4204817416127));
#5423=CARTESIAN_POINT('',(0.504510973770318,-0.0746235709767787,-11.4204817416127));
#5424=CARTESIAN_POINT('',(0.504510973770318,-0.0746235709767787,-11.4204817416127));
#5425=CARTESIAN_POINT('',(0.504861936235446,-0.0722508030601363,-11.4387049367084));
#5426=CARTESIAN_POINT('',(0.505325798763081,-0.0689421631190038,-11.4626507927125));
#5427=CARTESIAN_POINT('',(0.505774861362287,-0.0655234397869183,-11.4846569855983));
#5428=CARTESIAN_POINT('',(0.50594919044416,-0.0641530901138623,-11.492817359881));
#5429=CARTESIAN_POINT('',(0.506061553846601,-0.0632606196667608,-11.4979751980162));
#5430=CARTESIAN_POINT('',(0.506077610411614,-0.0631347815354528,-11.4987391288653));
#5431=CARTESIAN_POINT('',(0.506893073067917,-0.0565199968248975,-11.5344717407205));
#5432=CARTESIAN_POINT('',(0.507611205273769,-0.0498650064560712,-11.5613408845437));
#5433=CARTESIAN_POINT('',(0.508231874483229,-0.0424306700308164,-11.5833168505409));
#5434=CARTESIAN_POINT('',(0.508231874483229,-0.0424306700308164,-11.5833168505409));
#5435=CARTESIAN_POINT('',(0.508231874483229,-0.0424306700308164,-11.5833168505409));
#5436=CARTESIAN_POINT('',(0.508869653632427,-0.0347913918325722,-11.5834711966157));
#5437=CARTESIAN_POINT('',(0.509335163559429,-0.0271377319524643,-11.5836255426905));
#5438=CARTESIAN_POINT('',(0.509627931124011,-0.0194774695035368,-11.5837798887653));
#5439=CARTESIAN_POINT('',(0.509627931124011,-0.0194774695035367,-11.5837798887653));
#5440=CARTESIAN_POINT('',(0.509627931124011,-0.0194774695035368,-11.5837798887653));
#5441=CARTESIAN_POINT('',(0.509797660675614,-0.0150364962950541,-11.5836648884447));
#5442=CARTESIAN_POINT('',(0.509887530591512,-0.0111915474224648,-11.5835295750932));
#5443=CARTESIAN_POINT('',(0.509988700653994,-0.00469784968582902,-11.5832183223286));
#5444=CARTESIAN_POINT('',(0.5100000170726,-0.00377758310371557,-11.583207845443));
#5445=CARTESIAN_POINT('',(0.510000384245793,2.2826685391115E-6,-11.5828457997785));
#5446=CARTESIAN_POINT('',(0.510000192120393,1.14133426955575E-6,-11.5828456849093));
#5447=CARTESIAN_POINT('',(0.510000384245793,2.2826685391115E-6,-11.5828457997785));
#5448=CARTESIAN_POINT('',(0.510000154483102,4.84235519018004E-8,-11.4380275791187));
#5449=CARTESIAN_POINT('',(0.510000123294754,-9.54965884238728E-7,-11.318033532101));
#5450=CARTESIAN_POINT('',(0.510000246593083,-1.90993176847745E-6,-11.3180335326409));
#5451=CARTESIAN_POINT('',(0.509999996310665,-0.00098595377013793,-11.3177068039777));
#5452=CARTESIAN_POINT('',(0.509997144592796,-0.00197437624664706,-11.3173855832253));
#5453=CARTESIAN_POINT('',(0.509991368512526,-0.00296716071709964,-11.3170698714876));
#5454=CARTESIAN_POINT('',(0.509991245216422,-0.00296715999975517,-11.3170698714876));
#5455=CARTESIAN_POINT('',(0.509991368512526,-0.00296716071709964,-11.3170698714876));
#5456=CARTESIAN_POINT('',(0.509997122820531,-0.00197811843253009,-11.3071792812488));
#5457=CARTESIAN_POINT('',(0.509999999999254,-0.000989059408666608,-11.29728869101));
#5458=CARTESIAN_POINT('',(0.509999999933961,-5.1323568664534E-10,-11.2873981020536));
#5459=CARTESIAN_POINT('',(0.,0.,-11.0602380029981));
#5460=CARTESIAN_POINT('',(0.452994573642965,-0.234298775605057,-11.0602380029981));
#5461=CARTESIAN_POINT('',(0.452994573642965,-0.234298775605057,-11.0602380029981));
#5462=CARTESIAN_POINT('',(0.446634658186312,-0.246595072003755,-11.0603257496488));
#5463=CARTESIAN_POINT('',(0.440951492701247,-0.256396654326996,-11.0608217302576));
#5464=CARTESIAN_POINT('',(0.434119394978146,-0.26769332587906,-11.062178052108));
#5465=CARTESIAN_POINT('',(0.431121129650803,-0.272489159309031,-11.0630093007674));
#5466=CARTESIAN_POINT('',(0.428830629648943,-0.276054099444833,-11.0640701810283));
#5467=CARTESIAN_POINT('',(0.427466946693313,-0.278161076051454,-11.0648284637804));
#5468=CARTESIAN_POINT('',(0.427525437634224,-0.278076570262679,-11.0646837867699));
#5469=CARTESIAN_POINT('',(0.424002751684662,-0.283443083488364,-11.0676222976588));
#5470=CARTESIAN_POINT('',(0.421940893031475,-0.286487931979415,-11.0701498125882));
#5471=CARTESIAN_POINT('',(0.418456236934874,-0.291554163325351,-11.0763418577874));
#5472=CARTESIAN_POINT('',(0.416704127661033,-0.294039726462112,-11.0812949837171));
#5473=CARTESIAN_POINT('',(0.414446979727136,-0.297221237440527,-11.0901283105572));
#5474=CARTESIAN_POINT('',(0.413590115453275,-0.298401267144049,-11.0988486609957));
#5475=CARTESIAN_POINT('',(0.413405085539538,-0.298657387737266,-11.1104004773124));
#5476=CARTESIAN_POINT('',(0.413405085539578,-0.29865738773721,-11.1104004773178));
#5477=CARTESIAN_POINT('',(0.413405085539538,-0.298657387737266,-11.1104004773124));
#5478=CARTESIAN_POINT('',(0.413488513171495,-0.298541906223191,-11.121031581855));
#5479=CARTESIAN_POINT('',(0.413971630075207,-0.297875395406806,-11.1339452034477));
#5480=CARTESIAN_POINT('',(0.414846401006228,-0.296652091804828,-11.1491413420906));
#5481=CARTESIAN_POINT('',(0.414846401006228,-0.296652091804828,-11.1491413420906));
#5482=CARTESIAN_POINT('',(0.414846401006228,-0.296652091804828,-11.1491413420906));
#5483=CARTESIAN_POINT('',(0.398776031621926,-0.319125336006,-11.1524340583533));
#5484=CARTESIAN_POINT('',(0.380875694214729,-0.340289595834963,-11.155726774616));
#5485=CARTESIAN_POINT('',(0.361380846797411,-0.359866480195068,-11.1590194908787));
#5486=CARTESIAN_POINT('',(0.361380846797411,-0.359866480195068,-11.1590194908787));
#5487=CARTESIAN_POINT('',(0.361380846797411,-0.359866480195068,-11.1590194908787));
#5488=CARTESIAN_POINT('',(0.357574147032091,-0.363689199065547,-11.1328965240707));
#5489=CARTESIAN_POINT('',(0.355530777480313,-0.365647283923519,-11.1096931641571));
#5490=CARTESIAN_POINT('',(0.355341025272389,-0.365831594806091,-11.0894094111378));
#5491=CARTESIAN_POINT('',(0.355341025272582,-0.36583159480603,-11.0894094111519));
#5492=CARTESIAN_POINT('',(0.355341025272389,-0.365831594806091,-11.0894094111378));
#5493=CARTESIAN_POINT('',(0.35560170058959,-0.365578394601973,-11.0761216008021));
#5494=CARTESIAN_POINT('',(0.356581694783967,-0.364627530029642,-11.058468380574));
#5495=CARTESIAN_POINT('',(0.358431213022549,-0.362805829145961,-11.0442329032587));
#5496=CARTESIAN_POINT('',(0.359854143769675,-0.361394520355384,-11.0355020834737));
#5497=CARTESIAN_POINT('',(0.360247877703266,-0.361005441959435,-11.0331709802803));
#5498=CARTESIAN_POINT('',(0.366809624105442,-0.354409508743989,-11.00686863551));
#5499=CARTESIAN_POINT('',(0.376549459839451,-0.344326865741661,-10.9896094723587));
#5500=CARTESIAN_POINT('',(0.389440562248536,-0.329320062950314,-10.9766502883954));
#5501=CARTESIAN_POINT('',(0.392236478971753,-0.325995283804415,-10.9744093587094));
#5502=CARTESIAN_POINT('',(0.398216383591879,-0.31866297610153,-10.9706293135508));
#5503=CARTESIAN_POINT('',(0.402159108688445,-0.313665714969401,-10.9688210289982));
#5504=CARTESIAN_POINT('',(0.407340126363832,-0.306907397926879,-10.9669829504263));
#5505=CARTESIAN_POINT('',(0.410182026586491,-0.303113784514082,-10.96616118921));
#5506=CARTESIAN_POINT('',(0.416301787866073,-0.294652477872766,-10.9647122229168));
#5507=CARTESIAN_POINT('',(0.42078716371461,-0.288191508255458,-10.9638997804377));
#5508=CARTESIAN_POINT('',(0.432021491541288,-0.271507554383118,-10.9621763324128));
#5509=CARTESIAN_POINT('',(0.443068718269748,-0.253848569194773,-10.9614768071744));
#5510=CARTESIAN_POINT('',(0.454614471139908,-0.231139963291037,-10.9614565151175));
#5511=CARTESIAN_POINT('',(0.454614471139908,-0.231139963291037,-10.9614565151175));
#5512=CARTESIAN_POINT('',(0.,0.,-10.9614565151175));
#5513=CARTESIAN_POINT('',(0.509996720422285,-1.16974776587582E-6,-10.8174457909732));
#5514=CARTESIAN_POINT('',(0.509999979039008,-0.00916951270381424,-10.8202280979256));
#5515=CARTESIAN_POINT('',(0.50975278057553,-0.0185446165837746,-10.8226201519159));
#5516=CARTESIAN_POINT('',(0.508696541672806,-0.0376779590589921,-10.8266237502524));
#5517=CARTESIAN_POINT('',(0.507696984961557,-0.0491189433555985,-10.8284422357666));
#5518=CARTESIAN_POINT('',(0.504895948900591,-0.0738625569925202,-10.8314852413581));
#5519=CARTESIAN_POINT('',(0.501918854853274,-0.0931556793585349,-10.8326799113277));
#5520=CARTESIAN_POINT('',(0.496876228184128,-0.11495222427389,-10.8330405808727));
#5521=CARTESIAN_POINT('',(0.496876228184128,-0.11495222427389,-10.8330405808727));
#5522=CARTESIAN_POINT('',(0.496876228184128,-0.11495222427389,-10.8330405808727));
#5523=CARTESIAN_POINT('',(0.494974425807872,-0.123172686273946,-10.8328862347978));
#5524=CARTESIAN_POINT('',(0.492868579254591,-0.131345941815245,-10.832731888723));
#5525=CARTESIAN_POINT('',(0.490561281358814,-0.139461927534358,-10.8325775426482));
#5526=CARTESIAN_POINT('',(0.490561281358814,-0.139461927534358,-10.8325775426482));
#5527=CARTESIAN_POINT('',(0.490561281358814,-0.139461927534358,-10.8325775426482));
#5528=CARTESIAN_POINT('',(0.490561281358814,-0.139461927534358,-10.4181583317741));
#5529=CARTESIAN_POINT('',(0.490561281358814,-0.139461927534358,-10.4181583317741));
#5530=CARTESIAN_POINT('',(0.486840904015781,-0.152548460244781,-10.419278126627));
#5531=CARTESIAN_POINT('',(0.482933293766395,-0.164318101254447,-10.4208623302079));
#5532=CARTESIAN_POINT('',(0.477184478378726,-0.180072831797039,-10.4239352486712));
#5533=CARTESIAN_POINT('',(0.475286047288478,-0.185008148129499,-10.4250756570077));
#5534=CARTESIAN_POINT('',(0.471579512313294,-0.1942616925381,-10.4275886780446));
#5535=CARTESIAN_POINT('',(0.470329312636475,-0.197291090022503,-10.4284837213641));
#5536=CARTESIAN_POINT('',(0.458843945132688,-0.223824079251811,-10.4383151426808));
#5537=CARTESIAN_POINT('',(0.450203597546843,-0.240237798796323,-10.4485685220665));
#5538=CARTESIAN_POINT('',(0.43725921848375,-0.262638050660288,-10.4721096848172));
#5539=CARTESIAN_POINT('',(0.433279622914661,-0.269093922664453,-10.4806458907795));
#5540=CARTESIAN_POINT('',(0.426236877013721,-0.280115860889032,-10.4990966061279));
#5541=CARTESIAN_POINT('',(0.42282738302128,-0.285187271900345,-10.5104677814066));
#5542=CARTESIAN_POINT('',(0.416307203452171,-0.294698856292612,-10.5379087670239));
#5543=CARTESIAN_POINT('',(0.413820184577319,-0.298082802743667,-10.5601690259268));
#5544=CARTESIAN_POINT('',(0.413405085539538,-0.298657387737266,-10.5863955533208));
#5545=CARTESIAN_POINT('',(0.413405085539538,-0.298657387737265,-10.5863955533208));
#5546=CARTESIAN_POINT('',(0.413405085539538,-0.298657387737266,-10.5863955533208));
#5547=CARTESIAN_POINT('',(0.413593866434845,-0.298396074991033,-10.5960125225488));
#5548=CARTESIAN_POINT('',(0.414073244696188,-0.297732107623695,-10.6089015072549));
#5549=CARTESIAN_POINT('',(0.414842973800072,-0.296657300035769,-10.6194857882574));
#5550=CARTESIAN_POINT('',(0.41541987036793,-0.295848910559581,-10.6260298192137));
#5551=CARTESIAN_POINT('',(0.415597956780321,-0.295599506513445,-10.6279297444384));
#5552=CARTESIAN_POINT('',(0.418068082868642,-0.29211428753493,-10.6473091002571));
#5553=CARTESIAN_POINT('',(0.421155596302734,-0.287719692159662,-10.6614610596639));
#5554=CARTESIAN_POINT('',(0.427277831030368,-0.278473193500515,-10.6808480825918));
#5555=CARTESIAN_POINT('',(0.42961826991084,-0.27486751849811,-10.6869696964666));
#5556=CARTESIAN_POINT('',(0.43482030145312,-0.266562030324484,-10.6985314700136));
#5557=CARTESIAN_POINT('',(0.438454330757377,-0.260535352466357,-10.7052542655796));
#5558=CARTESIAN_POINT('',(0.445349546656402,-0.248691096486404,-10.7167046556118));
#5559=CARTESIAN_POINT('',(0.451669467698212,-0.237428890783806,-10.7247405250156));
#5560=CARTESIAN_POINT('',(0.458938554447276,-0.22243067064109,-10.7331786704684));
#5561=CARTESIAN_POINT('',(0.458938554441772,-0.222430670638422,-10.7331786704684));
#5562=CARTESIAN_POINT('',(0.458938554447276,-0.22243067064109,-10.7331786704684));
#5563=CARTESIAN_POINT('',(0.457502473885433,-0.225393718566193,-10.7654370001044));
#5564=CARTESIAN_POINT('',(0.456037696911973,-0.22834285838539,-10.7976953297404));
#5565=CARTESIAN_POINT('',(0.454544498270663,-0.231277536937489,-10.8299536593764));
#5566=CARTESIAN_POINT('',(0.454544498270763,-0.231277536937293,-10.8299536593742));
#5567=CARTESIAN_POINT('',(0.454544498270663,-0.231277536937489,-10.8299536593764));
#5568=CARTESIAN_POINT('',(0.42946152671953,-0.280574701157673,-10.8131350871348));
#5569=CARTESIAN_POINT('',(0.403236778948418,-0.313501887053706,-10.7843006704471));
#5570=CARTESIAN_POINT('',(0.366509471953672,-0.3557444870285,-10.7026001481792));
#5571=CARTESIAN_POINT('',(0.355817784069424,-0.365368507521801,-10.649734042599));
#5572=CARTESIAN_POINT('',(0.355341025272389,-0.365831594806091,-10.5848520925726));
#5573=CARTESIAN_POINT('',(0.355341025272389,-0.365831594806091,-10.5848520925726));
#5574=CARTESIAN_POINT('',(0.355341025272389,-0.365831594806091,-10.5848520925726));
#5575=CARTESIAN_POINT('',(0.355521565696801,-0.365656231550362,-10.574142185695));
#5576=CARTESIAN_POINT('',(0.355874860358765,-0.365313046055042,-10.5641707714541));
#5577=CARTESIAN_POINT('',(0.356924033694955,-0.364288034423733,-10.5457049282458));
#5578=CARTESIAN_POINT('',(0.357445014597735,-0.363779048311997,-10.5387800618188));
#5579=CARTESIAN_POINT('',(0.360562498223157,-0.360698243246762,-10.5108035652048));
#5580=CARTESIAN_POINT('',(0.363721768870822,-0.357563163951566,-10.4936781245502));
#5581=CARTESIAN_POINT('',(0.372994645699897,-0.347879196912925,-10.458690852129));
#5582=CARTESIAN_POINT('',(0.378822409485489,-0.341616352141835,-10.4424174491489));
#5583=CARTESIAN_POINT('',(0.392433663071578,-0.325889505917741,-10.4123111096497));
#5584=CARTESIAN_POINT('',(0.400721320147115,-0.315750081626468,-10.3977261857671));
#5585=CARTESIAN_POINT('',(0.416581854303073,-0.294508487370025,-10.3740047539172));
#5586=CARTESIAN_POINT('',(0.424954643976001,-0.282440336748276,-10.3637188753434));
#5587=CARTESIAN_POINT('',(0.437676044978507,-0.261924469965645,-10.3506523135093));
#5588=CARTESIAN_POINT('',(0.441942143189125,-0.254683752673042,-10.3466905022356));
#5589=CARTESIAN_POINT('',(0.450424477235433,-0.239362616357289,-10.339554298364));
#5590=CARTESIAN_POINT('',(0.455513018250848,-0.229485671819108,-10.3357932602989));
#5591=CARTESIAN_POINT('',(0.471824862946256,-0.1958924004804,-10.3248230713325));
#5592=CARTESIAN_POINT('',(0.485515173487471,-0.161916177674625,-10.3200822784618));
#5593=CARTESIAN_POINT('',(0.495630759463668,-0.120208777855313,-10.3193768438935));
#5594=CARTESIAN_POINT('',(0.495630759463668,-0.120208777855313,-10.3193768438935));
#5595=CARTESIAN_POINT('',(0.495630759463668,-0.120208777855313,-10.3193768438935));
#5596=CARTESIAN_POINT('',(0.498500982180494,-0.10837461157935,-10.3195716778841));
#5597=CARTESIAN_POINT('',(0.500698366803488,-0.097478145788108,-10.3199712054047));
#5598=CARTESIAN_POINT('',(0.504147537026417,-0.0776923698709533,-10.321179647506));
#5599=CARTESIAN_POINT('',(0.505292222177686,-0.0698645247971072,-10.3218356227449));
#5600=CARTESIAN_POINT('',(0.508836496664207,-0.0398816516214417,-10.3257418113307));
#5601=CARTESIAN_POINT('',(0.509999998904689,-0.0194780116710718,-10.3300996554796));
#5602=CARTESIAN_POINT('',(0.509997260941803,-3.02890970841412E-8,-10.3362637212486));
#5603=CARTESIAN_POINT('',(0.510000021661643,-9.03320904012596E-6,-10.2117381891627));
#5604=CARTESIAN_POINT('',(0.509999948139171,-0.00293142595960603,-10.2118175403979));
#5605=CARTESIAN_POINT('',(0.509981919314289,-0.00741652713510207,-10.2118888429541));
#5606=CARTESIAN_POINT('',(0.509822319558078,-0.0134611470692918,-10.2119519758233));
#5607=CARTESIAN_POINT('',(0.509822319558078,-0.0134611470692918,-10.2119519758233));
#5608=CARTESIAN_POINT('',(0.,0.,-10.2119519758233));
#5609=CARTESIAN_POINT('',(0.362359692932387,-0.358880833896082,-10.2119519758233));
#5610=CARTESIAN_POINT('',(0.362359692932387,-0.358880833896082,-10.2119519758233));
#5611=CARTESIAN_POINT('',(0.362359692932387,-0.358880833896082,-10.1131704879427));
#5612=CARTESIAN_POINT('',(0.,0.,-10.1131704879427));
#5613=CARTESIAN_POINT('',(0.507561895199518,-0.0498088600700135,-10.1131704879427));
#5614=CARTESIAN_POINT('',(0.507561895199518,-0.0498088600700135,-10.1131704879427));
#5615=CARTESIAN_POINT('',(0.509880703123301,-0.0261797598909536,-10.1127809869529));
#5616=CARTESIAN_POINT('',(0.509999980976527,-0.00951665862617373,-10.1119978620175));
#5617=CARTESIAN_POINT('',(0.50999922744249,-1.02051290352084E-6,-10.1108211164287));
#5618=CARTESIAN_POINT('',(0.509999227440612,-5.10257224695054E-7,-10.1108211179899));
#5619=CARTESIAN_POINT('',(0.50999922744249,-1.02051290352084E-6,-10.1108211164287));
#5620=CARTESIAN_POINT('',(0.509999009537567,-3.51631507045523E-6,-9.89637900350838));
#5621=CARTESIAN_POINT('',(0.509999009514004,-7.03261648333323E-6,-9.89637900417628));
#5622=CARTESIAN_POINT('',(0.5099997328011,-0.0193816256157998,-9.89002174266635));
#5623=CARTESIAN_POINT('',(0.509003225733351,-0.0450829986397034,-9.88655309596633));
#5624=CARTESIAN_POINT('',(0.504213477529149,-0.0766078917472811,-9.88597306581732));
#5625=CARTESIAN_POINT('',(0.504213477525841,-0.0766078917467785,-9.88597306581732));
#5626=CARTESIAN_POINT('',(0.,0.,-9.88597306581732));
#5627=CARTESIAN_POINT('',(0.362359692932387,-0.358880833896082,-9.88597306581732));
#5628=CARTESIAN_POINT('',(0.362359692932387,-0.358880833896082,-9.88597306581732));
#5629=CARTESIAN_POINT('',(0.362359692932387,-0.358880833896082,-9.78719157793672));
#5630=CARTESIAN_POINT('',(0.,0.,-9.78719157793672));
#5631=CARTESIAN_POINT('',(0.508514907261498,-0.0388920183692038,-9.78719157793671));
#5632=CARTESIAN_POINT('',(0.508514907261498,-0.0388920183692037,-9.78719157793672));
#5633=CARTESIAN_POINT('',(0.509726704331696,-0.0230477166175775,-9.78707337365408));
#5634=CARTESIAN_POINT('',(0.509999907990553,-0.0100641888817668,-9.78624002786327));
#5635=CARTESIAN_POINT('',(0.510010622510185,-4.69418681790374E-6,-9.78469097417149));
#5636=CARTESIAN_POINT('',(0.510005311244291,-2.39004166810261E-6,-9.78469069524394));
#5637=CARTESIAN_POINT('',(0.510010622510185,-4.69418681790374E-6,-9.78469097417149));
#5638=CARTESIAN_POINT('',(0.510000572787629,-2.9013399341391E-6,-9.57305207963369));
#5639=CARTESIAN_POINT('',(0.510001145604258,-5.43870418378833E-6,-9.57305153326535));
#5640=CARTESIAN_POINT('',(0.509999738837809,-0.0262470046613834,-9.56431099523123));
#5641=CARTESIAN_POINT('',(0.5082862173691,-0.0636076418228496,-9.55995890036569));
#5642=CARTESIAN_POINT('',(0.497899406889348,-0.110436319294132,-9.55999415581131));
#5643=CARTESIAN_POINT('',(0.497899406858598,-0.110436319287312,-9.55999415581131));
#5644=CARTESIAN_POINT('',(0.,0.,-9.55999415581131));
#5645=CARTESIAN_POINT('',(0.362359692932387,-0.358880833896082,-9.55999415581131));
#5646=CARTESIAN_POINT('',(0.362359692932387,-0.358880833896082,-9.55999415581131));
#5647=CARTESIAN_POINT('',(0.362359692932387,-0.358880833896082,-9.46121266793071));
#5648=CARTESIAN_POINT('',(0.,0.,-9.46121266793071));
#5649=CARTESIAN_POINT('',(0.509999813103227,-7.55724149751032E-7,-9.32056209123059));
#5650=CARTESIAN_POINT('',(0.509999984234765,-0.0106403391235429,-9.32102176952));
#5651=CARTESIAN_POINT('',(0.509818260796154,-0.0285441308616653,-9.32139567819));
#5652=CARTESIAN_POINT('',(0.507186731007339,-0.0534941107981985,-9.32168381629934));
#5653=CARTESIAN_POINT('',(0.507186730765286,-0.0534941107726687,-9.32168381629934));
#5654=CARTESIAN_POINT('',(0.,0.,-9.32168381629934));
#5655=CARTESIAN_POINT('',(0.362359692932387,-0.358880833896082,-9.32168381629934));
#5656=CARTESIAN_POINT('',(0.362359692932387,-0.358880833896082,-9.32168381629934));
#5657=CARTESIAN_POINT('',(0.362359692932387,-0.358880833896082,-9.22290232841874));
#5658=CARTESIAN_POINT('',(0.,0.,-9.22290232841874));
#5659=CARTESIAN_POINT('',(0.506244813310439,-0.0617753105721003,-9.22290232841874));
#5660=CARTESIAN_POINT('',(0.506244813310439,-0.0617753105721002,-9.22290232841874));
#5661=CARTESIAN_POINT('',(0.507854750981918,-0.0485819718678223,-9.22277274714577));
#5662=CARTESIAN_POINT('',(0.508775018201174,-0.0368038062912565,-9.22233766921907));
#5663=CARTESIAN_POINT('',(0.50957938776711,-0.0213420333773493,-9.22122680734842));
#5664=CARTESIAN_POINT('',(0.509750389255987,-0.0165548829417109,-9.22078014589476));
#5665=CARTESIAN_POINT('',(0.509960704733232,-0.00772030594142612,-9.21973407466058));
#5666=CARTESIAN_POINT('',(0.510000059150924,-0.00575087211942515,-9.21951674123416));
#5667=CARTESIAN_POINT('',(0.509999774990091,5.24392493409196E-6,-9.21845853684604));
#5668=CARTESIAN_POINT('',(0.509999775003501,2.62338632950645E-6,-9.21845853891185));
#5669=CARTESIAN_POINT('',(0.509999774990091,5.24392493409196E-6,-9.21845853684604));
#5670=CARTESIAN_POINT('',(0.510000089098822,6.86883972243316E-9,-9.11898829715845));
#5671=CARTESIAN_POINT('',(0.510000372878631,-3.66420729016299E-6,-8.97895978104377));
#5672=CARTESIAN_POINT('',(0.510000745810201,-7.34902111320219E-6,-8.97895977708109));
#5673=CARTESIAN_POINT('',(0.509999664510321,-0.0232811611216982,-8.97083319868279));
#5674=CARTESIAN_POINT('',(0.508614448972056,-0.0554979095596286,-8.96653675913805));
#5675=CARTESIAN_POINT('',(0.500955350628233,-0.0956228878299796,-8.96607045992915));
#5676=CARTESIAN_POINT('',(0.500955350237607,-0.0956228877554168,-8.96607045992915));
#5677=CARTESIAN_POINT('',(0.,0.,-8.96607045992915));
#5678=CARTESIAN_POINT('',(0.362359692932386,-0.358880833896082,-8.96607045992915));
#5679=CARTESIAN_POINT('',(0.362359692932387,-0.358880833896082,-8.96607045992915));
#5680=CARTESIAN_POINT('',(0.362359692932387,-0.358880833896082,-8.86728897204854));
#5681=CARTESIAN_POINT('',(0.,0.,-8.86728897204854));
#5682=CARTESIAN_POINT('',(0.,0.,-8.72899488901569));
#5683=CARTESIAN_POINT('',(0.362359692932387,-0.358880833896082,-8.72899488901569));
#5684=CARTESIAN_POINT('',(0.362359692932387,-0.358880833896082,-8.72899488901569));
#5685=CARTESIAN_POINT('',(0.362359692932387,-0.358880833896082,-8.63021340113509));
#5686=CARTESIAN_POINT('',(0.,0.,-8.63021340113509));
#5687=CARTESIAN_POINT('',(0.509996720422294,-1.16974776646199E-6,-8.50595897456697));
#5688=CARTESIAN_POINT('',(0.509999979039008,-0.00916951270337512,-8.5087412815193));
#5689=CARTESIAN_POINT('',(0.509752780575554,-0.0185446165830777,-8.5111333355095));
#5690=CARTESIAN_POINT('',(0.508696541672867,-0.0376779590581438,-8.51513693384582));
#5691=CARTESIAN_POINT('',(0.507696984961955,-0.0491189433520099,-8.51695541935952));
#5692=CARTESIAN_POINT('',(0.504895948899949,-0.0738625569983295,-8.51999842495171));
#5693=CARTESIAN_POINT('',(0.501918854851922,-0.0931556793643783,-8.52119309492155));
#5694=CARTESIAN_POINT('',(0.496876228184128,-0.11495222427389,-8.52155376446641));
#5695=CARTESIAN_POINT('',(0.496876228184128,-0.11495222427389,-8.52155376446641));
#5696=CARTESIAN_POINT('',(0.496876228184128,-0.11495222427389,-8.52155376446641));
#5697=CARTESIAN_POINT('',(0.494974425807872,-0.123172686273946,-8.5213994183916));
#5698=CARTESIAN_POINT('',(0.492868579254591,-0.131345941815245,-8.52124507231679));
#5699=CARTESIAN_POINT('',(0.490561281358814,-0.139461927534358,-8.52109072624197));
#5700=CARTESIAN_POINT('',(0.490561281358814,-0.139461927534358,-8.52109072624197));
#5701=CARTESIAN_POINT('',(0.490561281358814,-0.139461927534358,-8.52109072624197));
#5702=CARTESIAN_POINT('',(0.490561281358814,-0.139461927534358,-8.10667151536786));
#5703=CARTESIAN_POINT('',(0.490561281358814,-0.139461927534358,-8.10667151536786));
#5704=CARTESIAN_POINT('',(0.4868409040177,-0.152548460238028,-8.10779131022018));
#5705=CARTESIAN_POINT('',(0.482933293769788,-0.164318101244475,-8.10937551380078));
#5706=CARTESIAN_POINT('',(0.477184478382444,-0.180072831787186,-8.11244843226411));
#5707=CARTESIAN_POINT('',(0.475286047291996,-0.185008148120509,-8.11358884060063));
#5708=CARTESIAN_POINT('',(0.47157951231565,-0.194261692532426,-8.11610186163781));
#5709=CARTESIAN_POINT('',(0.470329312635571,-0.19729109002459,-8.11699690495984));
#5710=CARTESIAN_POINT('',(0.458843945136303,-0.22382407924346,-8.12682832626663));
#5711=CARTESIAN_POINT('',(0.450203597546133,-0.240237798797551,-8.13708170566201));
#5712=CARTESIAN_POINT('',(0.437259218484105,-0.262638050659673,-8.16062286841014));
#5713=CARTESIAN_POINT('',(0.433279622915223,-0.269093922663548,-8.16915907437195));
#5714=CARTESIAN_POINT('',(0.426236877014306,-0.280115860888142,-8.1876097897204));
#5715=CARTESIAN_POINT('',(0.422827383021267,-0.285187271900363,-8.19898096500108));
#5716=CARTESIAN_POINT('',(0.416307203452196,-0.294698856292575,-8.22642195061615));
#5717=CARTESIAN_POINT('',(0.413820184577345,-0.298082802743631,-8.24868220951895));
#5718=CARTESIAN_POINT('',(0.413405085539538,-0.298657387737266,-8.27490873691452));
#5719=CARTESIAN_POINT('',(0.413405085539538,-0.298657387737265,-8.27490873691452));
#5720=CARTESIAN_POINT('',(0.413405085539538,-0.298657387737266,-8.27490873691452));
#5721=CARTESIAN_POINT('',(0.413593866434819,-0.298396074991068,-8.28452570614123));
#5722=CARTESIAN_POINT('',(0.414073244696143,-0.297732107623757,-8.29741469084644));
#5723=CARTESIAN_POINT('',(0.414842973800037,-0.296657300035818,-8.30799897184934));
#5724=CARTESIAN_POINT('',(0.415419870367908,-0.295848910559612,-8.31454300280633));
#5725=CARTESIAN_POINT('',(0.415597956780657,-0.29559950651297,-8.31644292803402));
#5726=CARTESIAN_POINT('',(0.418068082867296,-0.29211428753683,-8.33582228384329));
#5727=CARTESIAN_POINT('',(0.421155596305711,-0.287719692155166,-8.34997424326366));
#5728=CARTESIAN_POINT('',(0.427277831028878,-0.278473193502765,-8.3693612661826));
#5729=CARTESIAN_POINT('',(0.429618269908659,-0.274867518501519,-8.37548288005585));
#5730=CARTESIAN_POINT('',(0.434820301451005,-0.266562030327933,-8.3870446536029));
#5731=CARTESIAN_POINT('',(0.438454330759576,-0.260535352462581,-8.39376744917646));
#5732=CARTESIAN_POINT('',(0.445349546652007,-0.248691096493953,-8.40521783919935));
#5733=CARTESIAN_POINT('',(0.451669467694403,-0.237428890791667,-8.41325370860314));
#5734=CARTESIAN_POINT('',(0.458938554447276,-0.22243067064109,-8.42169185406211));
#5735=CARTESIAN_POINT('',(0.458938554441772,-0.222430670638422,-8.42169185406211));
#5736=CARTESIAN_POINT('',(0.458938554447276,-0.22243067064109,-8.42169185406211));
#5737=CARTESIAN_POINT('',(0.457502473885433,-0.225393718566193,-8.45395018369812));
#5738=CARTESIAN_POINT('',(0.456037696911973,-0.22834285838539,-8.48620851333413));
#5739=CARTESIAN_POINT('',(0.454544498270663,-0.231277536937489,-8.51846684297014));
#5740=CARTESIAN_POINT('',(0.454544498270763,-0.231277536937294,-8.51846684296799));
#5741=CARTESIAN_POINT('',(0.454544498270663,-0.231277536937489,-8.51846684297014));
#5742=CARTESIAN_POINT('',(0.429461526719545,-0.280574701157644,-8.50164827073172));
#5743=CARTESIAN_POINT('',(0.403236778948447,-0.313501887053668,-8.47281385404553));
#5744=CARTESIAN_POINT('',(0.366509471953705,-0.355744487028465,-8.3911133317776));
#5745=CARTESIAN_POINT('',(0.355817784069447,-0.365368507521779,-8.33824722619588));
#5746=CARTESIAN_POINT('',(0.355341025272389,-0.365831594806091,-8.27336527616638));
#5747=CARTESIAN_POINT('',(0.355341025272389,-0.365831594806091,-8.27336527616638));
#5748=CARTESIAN_POINT('',(0.355341025272389,-0.365831594806091,-8.27336527616638));
#5749=CARTESIAN_POINT('',(0.355521565696796,-0.365656231550367,-8.26265536928907));
#5750=CARTESIAN_POINT('',(0.355874860358759,-0.365313046055048,-8.25268395504832));
#5751=CARTESIAN_POINT('',(0.356924033694957,-0.364288034423731,-8.23421811183994));
#5752=CARTESIAN_POINT('',(0.357445014597764,-0.363779048311967,-8.2272932454127));
#5753=CARTESIAN_POINT('',(0.360562498223166,-0.360698243246753,-8.19931674879838));
#5754=CARTESIAN_POINT('',(0.363721768870714,-0.357563163951678,-8.18219130814415));
#5755=CARTESIAN_POINT('',(0.372994645699974,-0.347879196912846,-8.14720403572264));
#5756=CARTESIAN_POINT('',(0.378822409485606,-0.341616352141705,-8.13093063274249));
#5757=CARTESIAN_POINT('',(0.392433663071687,-0.32588950591761,-8.10082429324333));
#5758=CARTESIAN_POINT('',(0.400721320147097,-0.31575008162649,-8.08623936936084));
#5759=CARTESIAN_POINT('',(0.416581854303045,-0.294508487370065,-8.06251793751102));
#5760=CARTESIAN_POINT('',(0.42495464397597,-0.282440336748322,-8.05223205893718));
#5761=CARTESIAN_POINT('',(0.437676044978477,-0.261924469965696,-8.03916549710304));
#5762=CARTESIAN_POINT('',(0.441942143189095,-0.254683752673093,-8.03520368582943));
#5763=CARTESIAN_POINT('',(0.450424477235406,-0.239362616357342,-8.02806748195775));
#5764=CARTESIAN_POINT('',(0.455513018250165,-0.229485671820513,-8.02430644389308));
#5765=CARTESIAN_POINT('',(0.471824862948868,-0.195892400475027,-8.01333625492451));
#5766=CARTESIAN_POINT('',(0.485515173488884,-0.161916177668802,-8.0085954620538));
#5767=CARTESIAN_POINT('',(0.495630759463668,-0.120208777855313,-8.00789002748725));
#5768=CARTESIAN_POINT('',(0.495630759463668,-0.120208777855313,-8.00789002748725));
#5769=CARTESIAN_POINT('',(0.495630759463668,-0.120208777855313,-8.00789002748725));
#5770=CARTESIAN_POINT('',(0.498500982179403,-0.108374611583848,-8.0080848614773));
#5771=CARTESIAN_POINT('',(0.500698366802231,-0.0974781457946265,-8.00848438899769));
#5772=CARTESIAN_POINT('',(0.504147537025604,-0.0776923698763119,-8.00969283109917));
#5773=CARTESIAN_POINT('',(0.505292222177644,-0.0698645247980259,-8.01034880633859));
#5774=CARTESIAN_POINT('',(0.508836496665466,-0.0398816516096706,-8.01425499492604));
#5775=CARTESIAN_POINT('',(0.509999998904689,-0.0194780116523887,-8.01861283908022));
#5776=CARTESIAN_POINT('',(0.509997260941964,-3.02890968336312E-8,-8.02477690484231));
#5777=CARTESIAN_POINT('',(0.,0.,-7.85971779566633));
#5778=CARTESIAN_POINT('',(0.507314759757278,-0.0522659978610953,-7.85971779566633));
#5779=CARTESIAN_POINT('',(0.507314759757278,-0.0522659978610951,-7.85971779566633));
#5780=CARTESIAN_POINT('',(0.507314759757278,-0.0522659978610953,-7.5139825880842));
#5781=CARTESIAN_POINT('',(0.,0.,-7.5139825880842));
#5782=CARTESIAN_POINT('',(0.362359692932387,-0.358880833896082,-7.5139825880842));
#5783=CARTESIAN_POINT('',(0.362359692932387,-0.358880833896082,-7.5139825880842));
#5784=CARTESIAN_POINT('',(0.362359692932387,-0.358880833896081,-7.40532295141553));
#5785=CARTESIAN_POINT('',(0.,0.,-7.40532295141553));
#5786=CARTESIAN_POINT('',(0.,0.,0.));
#5787=CARTESIAN_POINT('',(0.502776895281151,0.0855300740760072,-11.4556726466701));
#5788=CARTESIAN_POINT('',(0.502843588181009,0.085138028944626,-11.4165813419296));
#5789=CARTESIAN_POINT('',(0.503790677127097,0.0799793350906501,-11.387489518053));
#5790=CARTESIAN_POINT('',(0.50586698684342,0.0649925128179392,-11.3588510035339));
#5791=CARTESIAN_POINT('',(0.507082641144175,0.0557175205275175,-11.3478906285654));
#5792=CARTESIAN_POINT('',(0.508600318669035,0.0382103076489669,-11.3352615564644));
#5793=CARTESIAN_POINT('',(0.509071797964328,0.0316217532508565,-11.3313702218242));
#5794=CARTESIAN_POINT('',(0.509771673095686,0.0169372982059509,-11.3242242646639));
#5795=CARTESIAN_POINT('',(0.510000026511835,0.00707731734692412,-11.3203840337463));
#5796=CARTESIAN_POINT('',(0.510000246593083,-1.90993176847745E-6,-11.3180335326409));
#5797=CARTESIAN_POINT('',(0.502776895281151,0.0855300740760072,-11.4556726466701));
#5798=CARTESIAN_POINT('',(0.510000384245793,2.2826685391115E-6,-11.5828457997785));
#5799=CARTESIAN_POINT('',(0.50999988963887,0.0244277474786896,-11.5805079933751));
#5800=CARTESIAN_POINT('',(0.508341231129781,0.0431081472129283,-11.5723302456622));
#5801=CARTESIAN_POINT('',(0.506912407661404,0.0560340160877259,-11.5583127864211));
#5802=CARTESIAN_POINT('',(0.506912407661404,0.0560340160877259,-11.5583127864211));
#5803=CARTESIAN_POINT('',(0.506912407661404,0.0560340160877259,-11.5583127864211));
#5804=CARTESIAN_POINT('',(0.506286556248453,0.061695788502548,-11.5512809122868));
#5805=CARTESIAN_POINT('',(0.505662306009812,0.0664941718337326,-11.5437209321451));
#5806=CARTESIAN_POINT('',(0.504562870619983,0.0743784390716574,-11.5275447598466));
#5807=CARTESIAN_POINT('',(0.504015961731013,0.0779177132878865,-11.5170756120708));
#5808=CARTESIAN_POINT('',(0.503169504062066,0.0832675751811007,-11.4952015844354));
#5809=CARTESIAN_POINT('',(0.502831759467428,0.0852075624269022,-11.4771643768169));
#5810=CARTESIAN_POINT('',(0.502776895281151,0.0855300740760072,-11.4556726466701));
#5811=CARTESIAN_POINT('',(0.,0.,0.));
#5812=CARTESIAN_POINT('',(0.50999922744249,-1.02051290352084E-6,-10.1108211164287));
#5813=CARTESIAN_POINT('',(0.51000000336993,0.00168523674772999,-10.1106125827203));
#5814=CARTESIAN_POINT('',(0.509961142247391,0.00710416471296082,-10.1098612257205));
#5815=CARTESIAN_POINT('',(0.509826950901683,0.0136863396430669,-10.1087221968223));
#5816=CARTESIAN_POINT('',(0.509540459164965,0.0230349032217212,-10.1068346581091));
#5817=CARTESIAN_POINT('',(0.509088529575166,0.0308066238437467,-10.104410133298));
#5818=CARTESIAN_POINT('',(0.508156074986187,0.0442506443484359,-10.0988451022118));
#5819=CARTESIAN_POINT('',(0.507153097985976,0.0544057477243339,-10.0919113934859));
#5820=CARTESIAN_POINT('',(0.505192847351102,0.070316691955058,-10.0739468224611));
#5821=CARTESIAN_POINT('',(0.504247237324172,0.0764802437138074,-10.0633217050639));
#5822=CARTESIAN_POINT('',(0.503048837647353,0.0840022081211545,-10.0412326177643));
#5823=CARTESIAN_POINT('',(0.502856898872233,0.0850597838585607,-10.0318648073838));
#5824=CARTESIAN_POINT('',(0.502776895281151,0.0855300740760072,-10.0174759215584));
#5825=CARTESIAN_POINT('',(0.502776895281148,0.0855300740760265,-10.0174759215578));
#5826=CARTESIAN_POINT('',(0.502776895281151,0.0855300740760072,-10.0174759215584));
#5827=CARTESIAN_POINT('',(0.502897717467352,0.084819837304721,-9.98690056450311));
#5828=CARTESIAN_POINT('',(0.504332814359015,0.0772316886131198,-9.96130923112281));
#5829=CARTESIAN_POINT('',(0.507042313454205,0.0553369018678996,-9.9303982665648));
#5830=CARTESIAN_POINT('',(0.508090847631799,0.0451093293460744,-9.92046017814949));
#5831=CARTESIAN_POINT('',(0.509090133819179,0.0308224902998399,-9.9102047058501));
#5832=CARTESIAN_POINT('',(0.509397951685574,0.0254750490364121,-9.90705836400382));
#5833=CARTESIAN_POINT('',(0.509852959946718,0.0136092078548481,-9.90130997815167));
#5834=CARTESIAN_POINT('',(0.510000068951101,0.00499703582626612,-9.89802095924122));
#5835=CARTESIAN_POINT('',(0.509999009514004,-7.03261648333323E-6,-9.89637900417628));
#5836=CARTESIAN_POINT('',(0.,0.,0.));
#5837=CARTESIAN_POINT('',(0.510010622510185,-4.69418681790374E-6,-9.78469097417149));
#5838=CARTESIAN_POINT('',(0.510000020693014,0.00226058957143172,-9.78434284460387));
#5839=CARTESIAN_POINT('',(0.509962068065901,0.00706984704589684,-9.78351112608487));
#5840=CARTESIAN_POINT('',(0.509824616540964,0.0137896327783649,-9.78211087966506));
#5841=CARTESIAN_POINT('',(0.509525964899065,0.0235112819670861,-9.77979110053125));
#5842=CARTESIAN_POINT('',(0.509012894043553,0.0321547853594282,-9.77681309288517));
#5843=CARTESIAN_POINT('',(0.507846425723451,0.0480024371915838,-9.76997943957663));
#5844=CARTESIAN_POINT('',(0.506889758399713,0.056647599096271,-9.76425348668243));
#5845=CARTESIAN_POINT('',(0.50435585569284,0.0768757532900033,-9.74356507593435));
#5846=CARTESIAN_POINT('',(0.502853561934314,0.0850793995937836,-9.72103445056302));
#5847=CARTESIAN_POINT('',(0.502776895281151,0.0855300740760072,-9.69242308800126));
#5848=CARTESIAN_POINT('',(0.502776895281149,0.0855300740760244,-9.69242308800017));
#5849=CARTESIAN_POINT('',(0.502776895281151,0.0855300740760072,-9.69242308800126));
#5850=CARTESIAN_POINT('',(0.502860043847025,0.085041296552442,-9.67715078789443));
#5851=CARTESIAN_POINT('',(0.503152709830842,0.0833775984936403,-9.66518970544726));
#5852=CARTESIAN_POINT('',(0.504340570847707,0.0758621245266394,-9.64093474502685));
#5853=CARTESIAN_POINT('',(0.505226591034716,0.070023038273771,-9.62875296550668));
#5854=CARTESIAN_POINT('',(0.507079849789336,0.0550196339071384,-9.60731417722625));
#5855=CARTESIAN_POINT('',(0.5080479823021,0.0458743834726443,-9.59814323766497));
#5856=CARTESIAN_POINT('',(0.509164810218083,0.0296732013884887,-9.58670951019146));
#5857=CARTESIAN_POINT('',(0.509485859384978,0.0236021015497824,-9.58317823554389));
#5858=CARTESIAN_POINT('',(0.509887814226131,0.0121374220703617,-9.57754692530553));
#5859=CARTESIAN_POINT('',(0.510000046125049,0.00463261779388262,-9.57459494811919));
#5860=CARTESIAN_POINT('',(0.510001145604258,-5.43870418378833E-6,-9.57305153326535));
#5861=CARTESIAN_POINT('',(0.,0.,-25.));
#5862=CARTESIAN_POINT('',(0.,0.,-25.3));
#5863=CARTESIAN_POINT('',(0.21,-2.57175827820944E-17,-25.3));
#5864=CARTESIAN_POINT('',(-0.21,-1.13151521903908E-16,-25.3));
#5865=CARTESIAN_POINT('',(-0.21,2.57175827820944E-17,-25.));
#5866=CARTESIAN_POINT('',(0.21,0.,-25.));
#5867=CARTESIAN_POINT('',(0.,0.21,-25.3));
#5868=CARTESIAN_POINT('',(0.,0.,-25.3));
#5869=CARTESIAN_POINT('',(0.,0.,-25.));
#5870=CARTESIAN_POINT('',(0.,0.,0.));
#5871=CARTESIAN_POINT('',(0.509999774990091,5.24392493409196E-6,-9.21845853684604));
#5872=CARTESIAN_POINT('',(0.509999709603369,0.0282489296522088,-9.21326619208252));
#5873=CARTESIAN_POINT('',(0.507808621141371,0.049464677892119,-9.20103121603027));
#5874=CARTESIAN_POINT('',(0.505499295382668,0.0677051271814456,-9.17623548920843));
#5875=CARTESIAN_POINT('',(0.505055547927618,0.0708982888247808,-9.17096826590099));
#5876=CARTESIAN_POINT('',(0.504255572001759,0.0763805731578862,-9.15981766339995));
#5877=CARTESIAN_POINT('',(0.503827568189973,0.0791186775418232,-9.15242348372061));
#5878=CARTESIAN_POINT('',(0.503160569010573,0.0832909131280815,-9.13838235533717));
#5879=CARTESIAN_POINT('',(0.502873419223478,0.084962671223063,-9.12582643538294));
#5880=CARTESIAN_POINT('',(0.502776895281151,0.0855300740760072,-9.1100753477301));
#5881=CARTESIAN_POINT('',(0.502776895281151,0.0855300740760074,-9.1100753477301));
#5882=CARTESIAN_POINT('',(0.502776895281151,0.0855300740760072,-9.1100753477301));
#5883=CARTESIAN_POINT('',(0.502925639145839,0.0846557035193591,-9.07791668222452));
#5884=CARTESIAN_POINT('',(0.504174561044035,0.0784468993020417,-9.0535633589699));
#5885=CARTESIAN_POINT('',(0.507074925687618,0.055104407649563,-9.01567020537451));
#5886=CARTESIAN_POINT('',(0.507995768347116,0.0462529008982488,-9.00548728681416));
#5887=CARTESIAN_POINT('',(0.509059014826445,0.0313636301940588,-8.99388510793079));
#5888=CARTESIAN_POINT('',(0.509369002117866,0.0260735493368866,-8.99058970052843));
#5889=CARTESIAN_POINT('',(0.509725413036735,0.0170045840267794,-8.98590873331771));
#5890=CARTESIAN_POINT('',(0.509823581243732,0.0138230057994012,-8.98441936639391));
#5891=CARTESIAN_POINT('',(0.509960913584878,0.00714325536366828,-8.98158254350589));
#5892=CARTESIAN_POINT('',(0.510000035932395,0.00248944408391711,-8.97983159110887));
#5893=CARTESIAN_POINT('',(0.510000745810201,-7.34902111320219E-6,-8.97895977708109));
#5894=CARTESIAN_POINT('',(0.,0.,-0.5));
#5895=CARTESIAN_POINT('',(0.,0.,0.));
#5896=CARTESIAN_POINT('',(0.,0.,-0.2));
#5897=CARTESIAN_POINT('',(0.,0.,0.));
#5898=CARTESIAN_POINT('',(0.,0.,0.));
#5899=CARTESIAN_POINT('',(0.,0.32,0.));
#5900=CARTESIAN_POINT('',(0.,0.,0.));
#5901=CARTESIAN_POINT('',(0.,0.,0.));
#5902=CARTESIAN_POINT('',(0.32,2.23454935111001E-15,7.14704760932993));
#5903=CARTESIAN_POINT('',(0.32,-0.086003552660699,7.35771242941523));
#5904=CARTESIAN_POINT('',(0.287087865272212,-0.165460474687178,7.58525347964));
#5905=CARTESIAN_POINT('',(0.226274169979696,-0.226274169979694,7.79502969777228));
#5906=CARTESIAN_POINT('',(0.226274169979696,-0.226274169979695,7.79502969777228));
#5907=CARTESIAN_POINT('',(0.226274169979696,-0.226274169979694,7.79502969777228));
#5908=CARTESIAN_POINT('',(0.165460474687181,-0.28708786527221,7.58525347964001));
#5909=CARTESIAN_POINT('',(0.0860035526607022,-0.319999999999999,7.35771242941524));
#5910=CARTESIAN_POINT('',(1.117274675555E-15,-0.319999999999999,7.14704760932993));
#5911=CARTESIAN_POINT('',(5.586373377775E-16,-0.32,7.14704760932993));
#5912=CARTESIAN_POINT('',(1.117274675555E-15,-0.319999999999999,7.14704760932993));
#5913=CARTESIAN_POINT('',(-0.0860035526606997,-0.32,7.35771242941523));
#5914=CARTESIAN_POINT('',(-0.165460474687178,-0.287087865272212,7.58525347964));
#5915=CARTESIAN_POINT('',(-0.226274169979694,-0.226274169979696,7.79502969777228));
#5916=CARTESIAN_POINT('',(-0.226274169979694,-0.226274169979695,7.79502969777228));
#5917=CARTESIAN_POINT('',(-0.226274169979694,-0.226274169979696,7.79502969777228));
#5918=CARTESIAN_POINT('',(-0.28708786527221,-0.16546047468718,7.58525347964));
#5919=CARTESIAN_POINT('',(-0.319999999999999,-0.0860035526607019,7.35771242941523));
#5920=CARTESIAN_POINT('',(-0.319999999999999,0.,7.14704760932993));
#5921=CARTESIAN_POINT('',(0.379970599064984,0.340179869842702,-7.66215481990512));
#5922=CARTESIAN_POINT('',(0.379970599064984,0.340179869842702,-7.40532295141553));
#5923=CARTESIAN_POINT('',(0.365069791258514,0.326839482790047,-7.40532295141553));
#5924=CARTESIAN_POINT('',(0.365069791258514,0.326839482790047,-7.40532295141553));
#5925=CARTESIAN_POINT('',(0.365069791258514,0.326839482790047,-7.9189866883947));
#5926=CARTESIAN_POINT('',(0.379970599064984,0.340179869842702,-7.9189866883947));
#5927=CARTESIAN_POINT('',(0.,0.,-7.9189866883947));
#5928=CARTESIAN_POINT('',(0.,0.,-7.9189866883947));
#5929=CARTESIAN_POINT('',(0.416223665500989,0.258568869504667,-7.9189866883947));
#5930=CARTESIAN_POINT('',(0.433212386541845,0.269122700913021,-7.9189866883947));
#5931=CARTESIAN_POINT('',(0.433212386541845,0.269122700913021,-7.71648463823945));
#5932=CARTESIAN_POINT('',(0.416223665500989,0.258568869504667,-7.9189866883947));
#5933=CARTESIAN_POINT('',(0.416223665500989,0.258568869504667,-7.5139825880842));
#5934=CARTESIAN_POINT('',(0.433212386541845,0.269122700913021,-7.5139825880842));
#5935=CARTESIAN_POINT('',(0.,0.,-7.5139825880842));
#5936=CARTESIAN_POINT('',(0.,0.,-7.5139825880842));
#5937=CARTESIAN_POINT('',(0.488742506500188,0.0350822225623488,-7.5139825880842));
#5938=CARTESIAN_POINT('',(0.508691180234889,0.0365141500138733,-7.5139825880842));
#5939=CARTESIAN_POINT('',(0.508691180234889,0.0365141500138733,-7.68685019187527));
#5940=CARTESIAN_POINT('',(0.488742506500188,0.0350822225623488,-7.5139825880842));
#5941=CARTESIAN_POINT('',(0.488742506500188,0.0350822225623488,-7.85971779566633));
#5942=CARTESIAN_POINT('',(0.50869118023489,0.0365141500138733,-7.85971779566633));
#5943=CARTESIAN_POINT('',(0.,0.,-7.85971779566633));
#5944=CARTESIAN_POINT('',(0.,0.,-7.85971779566633));
#5945=CARTESIAN_POINT('',(0.507314759757278,-0.0522659978610951,-7.85971779566633));
#5946=CARTESIAN_POINT('',(0.507314759757278,-0.0522659978610951,-7.68685019187527));
#5947=CARTESIAN_POINT('',(0.507314759757278,-0.0522659978610951,-7.5139825880842));
#5948=CARTESIAN_POINT('',(0.,0.,-7.5139825880842));
#5949=CARTESIAN_POINT('',(0.362359692932387,-0.358880833896082,-7.5139825880842));
#5950=CARTESIAN_POINT('',(0.362359692932387,-0.358880833896082,-7.45965276974987));
#5951=CARTESIAN_POINT('',(0.362359692932387,-0.358880833896082,-7.40532295141553));
#5952=CARTESIAN_POINT('',(0.,0.,0.));
#5953=CARTESIAN_POINT('',(0.,0.,-7.40532295141553));
#5954=CARTESIAN_POINT('',(0.,0.,-7.40532295141553));
#5955=CARTESIAN_POINT('',(0.454544498270663,-0.231277536937489,-8.51846684297014));
#5956=CARTESIAN_POINT('',(0.429407461840379,-0.280680958313873,-8.50161201928225));
#5957=CARTESIAN_POINT('',(0.403236778948447,-0.313501887053668,-8.47281385404553));
#5958=CARTESIAN_POINT('',(0.366509471953705,-0.355744487028465,-8.39111333177761));
#5959=CARTESIAN_POINT('',(0.35581778221167,-0.365368509326282,-8.33824697337161));
#5960=CARTESIAN_POINT('',(0.355341025272389,-0.365831594806091,-8.27336527616638));
#5961=CARTESIAN_POINT('',(0.436719223828676,-0.222207829606607,-8.51846684297014));
#5962=CARTESIAN_POINT('',(0.412568317171444,-0.269673147227403,-8.50161227306034));
#5963=CARTESIAN_POINT('',(0.387423571930861,-0.301207695404505,-8.47281385404553));
#5964=CARTESIAN_POINT('',(0.352136551484932,-0.341793722831271,-8.39111333177761));
#5965=CARTESIAN_POINT('',(0.341864143830801,-0.351040332356657,-8.33824699281026));
#5966=CARTESIAN_POINT('',(0.341406083104845,-0.351485257754871,-8.27336527616638));
#5967=CARTESIAN_POINT('',(0.454544498270663,-0.231277536937489,-8.51846684297014));
#5968=CARTESIAN_POINT('',(0.436719223828676,-0.222207829606607,-8.51846684297014));
#5969=CARTESIAN_POINT('',(0.355341025272389,-0.365831594806091,-8.27336527616638));
#5970=CARTESIAN_POINT('',(0.341406083104845,-0.351485257754871,-8.27336527616638));
#5971=CARTESIAN_POINT('',(0.355341025272389,-0.365831594806091,-8.27336527616638));
#5972=CARTESIAN_POINT('',(0.355709697176533,-0.365473494920057,-8.25149515054418));
#5973=CARTESIAN_POINT('',(0.356800342096839,-0.364417177738765,-8.23270451265916));
#5974=CARTESIAN_POINT('',(0.359490951918814,-0.361756612070025,-8.20913778944285));
#5975=CARTESIAN_POINT('',(0.360896667023355,-0.360359799684038,-8.19961095823618));
#5976=CARTESIAN_POINT('',(0.364222130831603,-0.356998359813281,-8.18164800036382));
#5977=CARTESIAN_POINT('',(0.366015877911444,-0.355166947331027,-8.17354750847621));
#5978=CARTESIAN_POINT('',(0.372955030037097,-0.347921369003013,-8.14732963797284));
#5979=CARTESIAN_POINT('',(0.378771218524397,-0.341672482194931,-8.13106695530309));
#5980=CARTESIAN_POINT('',(0.392358427361299,-0.325979425041321,-8.10097338529528));
#5981=CARTESIAN_POINT('',(0.400627302495161,-0.315868740772388,-8.08639877363468));
#5982=CARTESIAN_POINT('',(0.416476975027451,-0.294656115113309,-8.06265624293527));
#5983=CARTESIAN_POINT('',(0.424847656752884,-0.282600757380369,-8.05235801155695));
#5984=CARTESIAN_POINT('',(0.437570422637247,-0.262100753743966,-8.03927021544656));
#5985=CARTESIAN_POINT('',(0.441837725655242,-0.254864766685293,-8.03530087523594));
#5986=CARTESIAN_POINT('',(0.448202304495002,-0.2433800536667,-8.02993675265929));
#5987=CARTESIAN_POINT('',(0.450317673821613,-0.239446730845672,-8.02824702642362));
#5988=CARTESIAN_POINT('',(0.454522297064282,-0.231365999533633,-8.0250642031987));
#5989=CARTESIAN_POINT('',(0.457045647872291,-0.226325560173221,-8.02327845432856));
#5990=CARTESIAN_POINT('',(0.47175897122956,-0.19605716608882,-8.01335927996224));
#5991=CARTESIAN_POINT('',(0.485478220861823,-0.162068536414485,-8.00859803903358));
#5992=CARTESIAN_POINT('',(0.495630759463668,-0.120208777855313,-8.00789002748725));
#5993=CARTESIAN_POINT('',(0.341406083104845,-0.351485257754871,-8.27336527616638));
#5994=CARTESIAN_POINT('',(0.341760297287812,-0.351141201001084,-8.25149515050993));
#5995=CARTESIAN_POINT('',(0.342808171818532,-0.350126308023519,-8.23270451265916));
#5996=CARTESIAN_POINT('',(0.345393267529841,-0.347570078263357,-8.20913778944285));
#5997=CARTESIAN_POINT('',(0.346743856551851,-0.346228042833684,-8.19961095823618));
#5998=CARTESIAN_POINT('',(0.349938910014678,-0.342998424134329,-8.18164800036382));
#5999=CARTESIAN_POINT('',(0.35166231407178,-0.341238831749418,-8.17354750847621));
#6000=CARTESIAN_POINT('',(0.358329342584662,-0.334277393747993,-8.14732963797284));
#6001=CARTESIAN_POINT('',(0.36391744524893,-0.328273561324541,-8.13106695530309));
#6002=CARTESIAN_POINT('',(0.376971822366738,-0.313195918176955,-8.10097338529528));
#6003=CARTESIAN_POINT('',(0.384916427887508,-0.303481731330334,-8.08639877363468));
#6004=CARTESIAN_POINT('',(0.400144544634218,-0.283100973344159,-8.06265624293527));
#6005=CARTESIAN_POINT('',(0.408186964331202,-0.271518374738001,-8.05235801155695));
#6006=CARTESIAN_POINT('',(0.4204107982201,-0.25182229281283,-8.03927021544656));
#6007=CARTESIAN_POINT('',(0.424510756021703,-0.244870069952537,-8.03530087523594));
#6008=CARTESIAN_POINT('',(0.430625743534414,-0.233835737836634,-8.02993675265929));
#6009=CARTESIAN_POINT('',(0.432658157201157,-0.230056662969371,-8.02824702642362));
#6010=CARTESIAN_POINT('',(0.436697893257839,-0.222292823081333,-8.0250642031987));
#6011=CARTESIAN_POINT('',(0.439122289132201,-0.217450048009565,-8.02327845432856));
#6012=CARTESIAN_POINT('',(0.453258619416637,-0.188368649771611,-8.01335927996224));
#6013=CARTESIAN_POINT('',(0.466439859525318,-0.15571290643908,-8.00859803901427));
#6014=CARTESIAN_POINT('',(0.476194259092544,-0.115494708135497,-8.00789002748725));
#6015=CARTESIAN_POINT('',(0.495630759463668,-0.120208777855313,-8.00789002748725));
#6016=CARTESIAN_POINT('',(0.476194259092544,-0.115494708135497,-8.00789002748725));
#6017=CARTESIAN_POINT('',(0.495630759463668,-0.120208777855313,-8.00789002748725));
#6018=CARTESIAN_POINT('',(0.500998767249592,-0.0980760366095224,-8.00825441397538));
#6019=CARTESIAN_POINT('',(0.504035860865169,-0.0792590423388344,-8.00933393588656));
#6020=CARTESIAN_POINT('',(0.506919731568214,-0.056488246161925,-8.01202649795311));
#6021=CARTESIAN_POINT('',(0.50790533640939,-0.0470724025595603,-8.01349142956735));
#6022=CARTESIAN_POINT('',(0.509266493363421,-0.028831936688156,-8.01702355319918));
#6023=CARTESIAN_POINT('',(0.50967854987894,-0.0202312829214658,-8.01900860147281));
#6024=CARTESIAN_POINT('',(0.510273643008574,0.00685020526306258,-8.02640758860277));
#6025=CARTESIAN_POINT('',(0.509647891391775,0.0251411885900462,-8.03327523266943));
#6026=CARTESIAN_POINT('',(0.507625588977395,0.0498450053295594,-8.04585752686818));
#6027=CARTESIAN_POINT('',(0.506778857498388,0.0577312665173673,-8.05045011289455));
#6028=CARTESIAN_POINT('',(0.504834539933141,0.0727997035128947,-8.06043226086752));
#6029=CARTESIAN_POINT('',(0.503812223281873,0.0795462733317284,-8.06545262344866));
#6030=CARTESIAN_POINT('',(0.497536800848468,0.115874875052773,-8.09623886980959));
#6031=CARTESIAN_POINT('',(0.491334157190915,0.137491826716026,-8.12614672131501));
#6032=CARTESIAN_POINT('',(0.485913880655066,0.15492265526384,-8.16799033814802));
#6033=CARTESIAN_POINT('',(0.484933027750225,0.157947116265075,-8.17660122119565));
#6034=CARTESIAN_POINT('',(0.483654581897106,0.161802591588637,-8.18988078528863));
#6035=CARTESIAN_POINT('',(0.483260450666868,0.162974192132796,-8.19436784657321));
#6036=CARTESIAN_POINT('',(0.482720951525619,0.164562436716956,-8.20118924838047));
#6037=CARTESIAN_POINT('',(0.482549727310506,0.165063657013242,-8.20347818396296));
#6038=CARTESIAN_POINT('',(0.482225019478147,0.166009881583384,-8.20808632508806));
#6039=CARTESIAN_POINT('',(0.482034511512955,0.166561812447045,-8.21100413576375));
#6040=CARTESIAN_POINT('',(0.481068298458358,0.16935224282461,-8.22662575427006));
#6041=CARTESIAN_POINT('',(0.480524482447912,0.170870071563041,-8.24508496764926));
#6042=CARTESIAN_POINT('',(0.480322909910008,0.171434833728688,-8.26811750962273));
#6043=CARTESIAN_POINT('',(0.476194259092544,-0.115494708135497,-8.00789002748725));
#6044=CARTESIAN_POINT('',(0.48135175673059,-0.0942299176860556,-8.00825441397265));
#6045=CARTESIAN_POINT('',(0.484269748674378,-0.0761508446000566,-8.00933393588656));
#6046=CARTESIAN_POINT('',(0.487040526408677,-0.0542730208222417,-8.01202649795311));
#6047=CARTESIAN_POINT('',(0.48798748007961,-0.0452264259885972,-8.01349142956735));
#6048=CARTESIAN_POINT('',(0.489295258329561,-0.0277012725043067,-8.01702355319918));
#6049=CARTESIAN_POINT('',(0.48969115576604,-0.0194378992774868,-8.01900860147281));
#6050=CARTESIAN_POINT('',(0.490262911910199,0.00658156976255033,-8.02640758860277));
#6051=CARTESIAN_POINT('',(0.48966169957249,0.0241552596257307,-8.03327523266943));
#6052=CARTESIAN_POINT('',(0.487718703135144,0.0478902992382041,-8.04585752686818));
#6053=CARTESIAN_POINT('',(0.486905176812177,0.0554672952813921,-8.05045011289455));
#6054=CARTESIAN_POINT('',(0.485037106994586,0.0699448131790557,-8.06043226086752));
#6055=CARTESIAN_POINT('',(0.484054881192387,0.076426811632445,-8.06545262344866));
#6056=CARTESIAN_POINT('',(0.478025553756371,0.111330762305606,-8.09623886980959));
#6057=CARTESIAN_POINT('',(0.472066151026566,0.132099990374221,-8.12614672131501));
#6058=CARTESIAN_POINT('',(0.466858434354867,0.1488472570182,-8.16799033814802));
#6059=CARTESIAN_POINT('',(0.465916046269824,0.15175311170566,-8.17660122119565));
#6060=CARTESIAN_POINT('',(0.4646877355482,0.155457391918495,-8.18988078528863));
#6061=CARTESIAN_POINT('',(0.464309060444638,0.156583047343275,-8.19436784657321));
#6062=CARTESIAN_POINT('',(0.463790718132457,0.158109007826095,-8.20118924838047));
#6063=CARTESIAN_POINT('',(0.463626208592447,0.158590572424488,-8.20347818396296));
#6064=CARTESIAN_POINT('',(0.463314234400573,0.159499690148742,-8.20808632508806));
#6065=CARTESIAN_POINT('',(0.463131197335976,0.160029976664808,-8.21100413576375));
#6066=CARTESIAN_POINT('',(0.462202874989403,0.162710978400116,-8.22662575427006));
#6067=CARTESIAN_POINT('',(0.461680385097373,0.164169284441915,-8.24508496760652));
#6068=CARTESIAN_POINT('',(0.461486717364517,0.164711899072661,-8.26811750962273));
#6069=CARTESIAN_POINT('',(0.489997369403445,-1.49264406357939E-6,-8.02477150152375));
#6070=CARTESIAN_POINT('',(0.489984895736691,0.0137675633502147,-8.02930989096116));
#6071=CARTESIAN_POINT('',(0.489394112220097,0.0274240234210545,-8.03500805251766));
#6072=CARTESIAN_POINT('',(0.487718703135144,0.0478902992382041,-8.04585752686818));
#6073=CARTESIAN_POINT('',(0.486905176812177,0.0554672952813921,-8.05045011289455));
#6074=CARTESIAN_POINT('',(0.485037106994586,0.0699448131790557,-8.06043226086752));
#6075=CARTESIAN_POINT('',(0.484054881192387,0.076426811632445,-8.06545262344866));
#6076=CARTESIAN_POINT('',(0.478025553756371,0.111330762305606,-8.09623886980959));
#6077=CARTESIAN_POINT('',(0.472066151026566,0.132099990374221,-8.12614672131501));
#6078=CARTESIAN_POINT('',(0.466858434354867,0.1488472570182,-8.16799033814802));
#6079=CARTESIAN_POINT('',(0.465916046269824,0.15175311170566,-8.17660122119565));
#6080=CARTESIAN_POINT('',(0.4646877355482,0.155457391918495,-8.18988078528863));
#6081=CARTESIAN_POINT('',(0.464309060444638,0.156583047343275,-8.19436784657321));
#6082=CARTESIAN_POINT('',(0.463790718132457,0.158109007826095,-8.20118924838047));
#6083=CARTESIAN_POINT('',(0.463626208592447,0.158590572424488,-8.20347818396296));
#6084=CARTESIAN_POINT('',(0.463314234400573,0.159499690148742,-8.20808632508806));
#6085=CARTESIAN_POINT('',(0.463131197335976,0.160029976664808,-8.21100413576375));
#6086=CARTESIAN_POINT('',(0.462202874989403,0.162710978400116,-8.22662575427006));
#6087=CARTESIAN_POINT('',(0.461680385097373,0.164169284441915,-8.24508496760652));
#6088=CARTESIAN_POINT('',(0.461486717364517,0.164711899072661,-8.26811750962273));
#6089=CARTESIAN_POINT('',(0.461486717364517,0.164711899072661,-8.26811750962273));
#6090=CARTESIAN_POINT('',(0.480322909910008,0.171434833728688,-8.26811750962273));
#6091=CARTESIAN_POINT('',(0.461486717364517,0.164711899072661,-8.26811750962273));
#6092=CARTESIAN_POINT('',(0.480322909910008,0.171434833728688,-8.26811750962273));
#6093=CARTESIAN_POINT('',(0.480505491031668,0.170923281357777,-8.28924209435629));
#6094=CARTESIAN_POINT('',(0.481088946548174,0.169298237547952,-8.3076401185191));
#6095=CARTESIAN_POINT('',(0.482514368772928,0.165172639561103,-8.33114731054245));
#6096=CARTESIAN_POINT('',(0.483228723710371,0.163086303848868,-8.34033941703125));
#6097=CARTESIAN_POINT('',(0.484911308569389,0.158013179017962,-8.35775372560234));
#6098=CARTESIAN_POINT('',(0.485840891488219,0.155153443745365,-8.36582316725786));
#6099=CARTESIAN_POINT('',(0.489172834982846,0.144449954334701,-8.39075668253893));
#6100=CARTESIAN_POINT('',(0.491761929901954,0.13560951674731,-8.40620343617431));
#6101=CARTESIAN_POINT('',(0.49578490896667,0.119696525531212,-8.42761018179939));
#6102=CARTESIAN_POINT('',(0.497147415095468,0.113950093732862,-8.43445186620309));
#6103=CARTESIAN_POINT('',(0.499825846479488,0.101559339250002,-8.44754744006781));
#6104=CARTESIAN_POINT('',(0.501218198741238,0.0944777241818893,-8.45416843657884));
#6105=CARTESIAN_POINT('',(0.504711184099488,0.074495054257948,-8.47094709139794));
#6106=CARTESIAN_POINT('',(0.506743414847872,0.0597717990612568,-8.48059890033582));
#6107=CARTESIAN_POINT('',(0.509512338272434,0.0275451194017828,-8.49683459632855));
#6108=CARTESIAN_POINT('',(0.510201672389171,0.00905805144463794,-8.50361612768575));
#6109=CARTESIAN_POINT('',(0.509807275985682,-0.0163856660905026,-8.51054530872367));
#6110=CARTESIAN_POINT('',(0.509459399692574,-0.0251912716813344,-8.5125719453609));
#6111=CARTESIAN_POINT('',(0.508537466668346,-0.038865344724462,-8.51518726475366));
#6112=CARTESIAN_POINT('',(0.508114793569864,-0.0439674731402019,-8.51606131187234));
#6113=CARTESIAN_POINT('',(0.507420879853352,-0.0513598367182924,-8.51720051290413));
#6114=CARTESIAN_POINT('',(0.507018027955402,-0.0552185995160718,-8.51772183134455));
#6115=CARTESIAN_POINT('',(0.504667956514798,-0.0753143023334856,-8.52008701316933));
#6116=CARTESIAN_POINT('',(0.501730705942797,-0.0939689452310751,-8.5212065521108));
#6117=CARTESIAN_POINT('',(0.496876228184128,-0.11495222427389,-8.52155376446641));
#6118=CARTESIAN_POINT('',(0.461486717364517,0.164711899072661,-8.26811750962273));
#6119=CARTESIAN_POINT('',(0.461662138442668,0.164220407577704,-8.28924209441374));
#6120=CARTESIAN_POINT('',(0.462222713350207,0.162659090977444,-8.3076401185191));
#6121=CARTESIAN_POINT('',(0.463592236664186,0.158695281146942,-8.33114731054245));
#6122=CARTESIAN_POINT('',(0.464278577682514,0.156690762521462,-8.34033941703125));
#6123=CARTESIAN_POINT('',(0.46589517882157,0.151816583762356,-8.35775372560234));
#6124=CARTESIAN_POINT('',(0.466788307508289,0.149068994971037,-8.36582316725786));
#6125=CARTESIAN_POINT('',(0.469989586552146,0.138785250243144,-8.39075668253893));
#6126=CARTESIAN_POINT('',(0.472477148337171,0.13029149648271,-8.40620343617431));
#6127=CARTESIAN_POINT('',(0.476342363516997,0.115002544137831,-8.42761018179939));
#6128=CARTESIAN_POINT('',(0.477651438032901,0.109481462606083,-8.43445186620309));
#6129=CARTESIAN_POINT('',(0.480224832892057,0.0975766200637276,-8.44754744006781));
#6130=CARTESIAN_POINT('',(0.481562583104327,0.0907727153904427,-8.45416843657884));
#6131=CARTESIAN_POINT('',(0.484918588644606,0.0715736795811657,-8.47094709139794));
#6132=CARTESIAN_POINT('',(0.486871124069524,0.0574278069412075,-8.48059890033582));
#6133=CARTESIAN_POINT('',(0.489531462261751,0.0264649186409285,-8.49683459632855));
#6134=CARTESIAN_POINT('',(0.490193763668027,0.00870283374092665,-8.50361612768575));
#6135=CARTESIAN_POINT('',(0.489814833790165,-0.0157430909496986,-8.51054530872367));
#6136=CARTESIAN_POINT('',(0.48948059970463,-0.0242033786742232,-8.5125719453609));
#6137=CARTESIAN_POINT('',(0.488594820916646,-0.0373412135587969,-8.51518726475366));
#6138=CARTESIAN_POINT('',(0.488188723233791,-0.0422432585072528,-8.51606131187234));
#6139=CARTESIAN_POINT('',(0.487522021819887,-0.0493457254744378,-8.51720051290413));
#6140=CARTESIAN_POINT('',(0.487134968035582,-0.0530531642409317,-8.51772183134455));
#6141=CARTESIAN_POINT('',(0.484877056259316,-0.072360800281192,-8.52008701316933));
#6142=CARTESIAN_POINT('',(0.482054991957128,-0.090283888672607,-8.52120655211282));
#6143=CARTESIAN_POINT('',(0.477390885902398,-0.110444293910208,-8.52155376446641));
#6144=CARTESIAN_POINT('',(0.461486717364517,0.164711899072661,-8.26811750962273));
#6145=CARTESIAN_POINT('',(0.461662138442668,0.164220407577704,-8.28924209441374));
#6146=CARTESIAN_POINT('',(0.462222713350207,0.162659090977444,-8.3076401185191));
#6147=CARTESIAN_POINT('',(0.463592236664186,0.158695281146942,-8.33114731054245));
#6148=CARTESIAN_POINT('',(0.464278577682514,0.156690762521462,-8.34033941703125));
#6149=CARTESIAN_POINT('',(0.46589517882157,0.151816583762356,-8.35775372560234));
#6150=CARTESIAN_POINT('',(0.466788307508289,0.149068994971037,-8.36582316725786));
#6151=CARTESIAN_POINT('',(0.469989586552146,0.138785250243144,-8.39075668253893));
#6152=CARTESIAN_POINT('',(0.472477148337171,0.13029149648271,-8.40620343617431));
#6153=CARTESIAN_POINT('',(0.476342363516997,0.115002544137831,-8.42761018179939));
#6154=CARTESIAN_POINT('',(0.477651438032901,0.109481462606083,-8.43445186620309));
#6155=CARTESIAN_POINT('',(0.480224832892057,0.0975766200637276,-8.44754744006781));
#6156=CARTESIAN_POINT('',(0.481562583104327,0.0907727153904427,-8.45416843657884));
#6157=CARTESIAN_POINT('',(0.484918588644606,0.0715736795811657,-8.47094709139794));
#6158=CARTESIAN_POINT('',(0.486871124069524,0.0574278069412075,-8.48059890033582));
#6159=CARTESIAN_POINT('',(0.489327472946819,0.028839089861384,-8.49558967622303));
#6160=CARTESIAN_POINT('',(0.489974921036377,0.0140970395337429,-8.50150472408022));
#6161=CARTESIAN_POINT('',(0.489996852794247,-4.75173960398355E-6,-8.50596715840372));
#6162=CARTESIAN_POINT('',(0.496876228184128,-0.11495222427389,-8.52155376446641));
#6163=CARTESIAN_POINT('',(0.477390885902398,-0.110444293910208,-8.52155376446641));
#6164=CARTESIAN_POINT('',(0.496876228184128,-0.11495222427389,-8.52155376446641));
#6165=CARTESIAN_POINT('',(0.494974425454756,-0.12317268780028,-8.52139941836294));
#6166=CARTESIAN_POINT('',(0.492868579682999,-0.13134594030831,-8.52124507234545));
#6167=CARTESIAN_POINT('',(0.490561281358814,-0.139461927534358,-8.52109072624197));
#6168=CARTESIAN_POINT('',(0.477390885902398,-0.110444293910208,-8.52155376446641));
#6169=CARTESIAN_POINT('',(0.475563663672225,-0.118342386317875,-8.52139941836294));
#6170=CARTESIAN_POINT('',(0.473540400087576,-0.126195119119789,-8.52124507234544));
#6171=CARTESIAN_POINT('',(0.471323584050626,-0.133992832336932,-8.52109072624197));
#6172=CARTESIAN_POINT('',(0.490561281358814,-0.139461927534358,-8.52109072624197));
#6173=CARTESIAN_POINT('',(0.484148715589418,-0.137638895801883,-8.52109072624197));
#6174=CARTESIAN_POINT('',(0.477736149820022,-0.135815864069408,-8.52109072624197));
#6175=CARTESIAN_POINT('',(0.471323584050626,-0.133992832336932,-8.52109072624197));
#6176=CARTESIAN_POINT('',(0.490561281358814,-0.139461927534358,-8.31388112080492));
#6177=CARTESIAN_POINT('',(0.490561281358814,-0.139461927534358,-8.10667151536786));
#6178=CARTESIAN_POINT('',(0.471323584050626,-0.133992832336932,-8.10667151536786));
#6179=CARTESIAN_POINT('',(0.490561281358814,-0.139461927534358,-8.10667151536786));
#6180=CARTESIAN_POINT('',(0.486840984229685,-0.152548178090098,-8.10779038223079));
#6181=CARTESIAN_POINT('',(0.482933991038364,-0.16431605194771,-8.10937398002084));
#6182=CARTESIAN_POINT('',(0.477185242505223,-0.180070806884995,-8.11244689848418));
#6183=CARTESIAN_POINT('',(0.475286770208037,-0.185006300655536,-8.11358743463569));
#6184=CARTESIAN_POINT('',(0.472506689889175,-0.191946970057445,-8.11547258385855));
#6185=CARTESIAN_POINT('',(0.471591211730462,-0.194183440041008,-8.11613002443211));
#6186=CARTESIAN_POINT('',(0.469788848694563,-0.198504198972723,-8.11750302057776));
#6187=CARTESIAN_POINT('',(0.469181113231093,-0.199943609625907,-8.11797958266437));
#6188=CARTESIAN_POINT('',(0.463436742754217,-0.21321400083819,-8.12289761544853));
#6189=CARTESIAN_POINT('',(0.458831016383564,-0.222868634476703,-8.12768254730715));
#6190=CARTESIAN_POINT('',(0.449916393794636,-0.240357168447116,-8.13895342228701));
#6191=CARTESIAN_POINT('',(0.445890253147391,-0.247702042577565,-8.14492480574766));
#6192=CARTESIAN_POINT('',(0.437257769862171,-0.262640557500366,-8.16062682257387));
#6193=CARTESIAN_POINT('',(0.433277331407335,-0.26909761228326,-8.16916500561753));
#6194=CARTESIAN_POINT('',(0.42799520158815,-0.27736402097158,-8.18300304212886));
#6195=CARTESIAN_POINT('',(0.426348631539193,-0.279882828080253,-8.18778751462361));
#6196=CARTESIAN_POINT('',(0.42330749659543,-0.28446144975313,-8.19770004692839));
#6197=CARTESIAN_POINT('',(0.421741142282085,-0.286771870967236,-8.20355127662439));
#6198=CARTESIAN_POINT('',(0.416305380029544,-0.29470151628656,-8.22643469453292));
#6199=CARTESIAN_POINT('',(0.413818295801976,-0.298085417208818,-8.24869496761801));
#6200=CARTESIAN_POINT('',(0.413405085539538,-0.298657387737266,-8.27490873691452));
#6201=CARTESIAN_POINT('',(0.471323584050626,-0.133992832336932,-8.10667151536786));
#6202=CARTESIAN_POINT('',(0.467749181095463,-0.146565896002248,-8.10779038217792));
#6203=CARTESIAN_POINT('',(0.463995403154507,-0.157872285204663,-8.10937398002084));
#6204=CARTESIAN_POINT('',(0.458472095740312,-0.173009206614995,-8.11244689848418));
#6205=CARTESIAN_POINT('',(0.456648073337134,-0.177751151610221,-8.11358743463569));
#6206=CARTESIAN_POINT('',(0.453977015775874,-0.18441963789833,-8.11547258385855));
#6207=CARTESIAN_POINT('',(0.453097438721424,-0.186568403176655,-8.11613002443211));
#6208=CARTESIAN_POINT('',(0.451365756588894,-0.190719720581636,-8.11750302057776));
#6209=CARTESIAN_POINT('',(0.450781853888697,-0.192102683758225,-8.11797958266437));
#6210=CARTESIAN_POINT('',(0.445262752842287,-0.204852667471986,-8.12289761544853));
#6211=CARTESIAN_POINT('',(0.440837643192052,-0.214128688026636,-8.12768254730715));
#6212=CARTESIAN_POINT('',(0.432272613645826,-0.230931397135464,-8.13895342228701));
#6213=CARTESIAN_POINT('',(0.428404360867101,-0.237988236986288,-8.14492480574766));
#6214=CARTESIAN_POINT('',(0.420110406338165,-0.252340927794469,-8.16062682257387));
#6215=CARTESIAN_POINT('',(0.416286063509008,-0.25854476474274,-8.16916500561753));
#6216=CARTESIAN_POINT('',(0.411211076035673,-0.266487000541322,-8.18300304212886));
#6217=CARTESIAN_POINT('',(0.409629077361185,-0.268907030900635,-8.18778751462361));
#6218=CARTESIAN_POINT('',(0.406707202611296,-0.273306098782419,-8.19770004692839));
#6219=CARTESIAN_POINT('',(0.405202273957297,-0.27552591524303,-8.20355127662439));
#6220=CARTESIAN_POINT('',(0.399979678851915,-0.283144594079244,-8.22643469453292));
#6221=CARTESIAN_POINT('',(0.397590127355658,-0.286395792981705,-8.24869496652821));
#6222=CARTESIAN_POINT('',(0.397193121400733,-0.286945333316196,-8.27490873691452));
#6223=CARTESIAN_POINT('',(0.413405085539538,-0.298657387737266,-8.27490873691452));
#6224=CARTESIAN_POINT('',(0.397193121400733,-0.286945333316196,-8.27490873691452));
#6225=CARTESIAN_POINT('',(0.413405085539538,-0.298657387737266,-8.27490873691452));
#6226=CARTESIAN_POINT('',(0.413593608137805,-0.298396432528848,-8.28452486870572));
#6227=CARTESIAN_POINT('',(0.413913065410234,-0.297953967044755,-8.29311710648352));
#6228=CARTESIAN_POINT('',(0.414586027088378,-0.297016117730715,-8.30446962205386));
#6229=CARTESIAN_POINT('',(0.414842621107676,-0.296657793421707,-8.30799782039881));
#6230=CARTESIAN_POINT('',(0.415275390205106,-0.296051367099238,-8.31290615764851));
#6231=CARTESIAN_POINT('',(0.415427624826078,-0.295837734037096,-8.31447827668712));
#6232=CARTESIAN_POINT('',(0.4157479447411,-0.295387411364113,-8.31749452800843));
#6233=CARTESIAN_POINT('',(0.415844835414104,-0.295251173647395,-8.31838022110766));
#6234=CARTESIAN_POINT('',(0.418069154669034,-0.292112775280522,-8.33582742390156));
#6235=CARTESIAN_POINT('',(0.421153353847591,-0.287723078971733,-8.34996904944002));
#6236=CARTESIAN_POINT('',(0.427278952257938,-0.278471500094481,-8.36936386309442));
#6237=CARTESIAN_POINT('',(0.429619911795415,-0.274864952213615,-8.37548677542358));
#6238=CARTESIAN_POINT('',(0.433521398243085,-0.268635812778163,-8.38415810558386));
#6239=CARTESIAN_POINT('',(0.434886716606058,-0.266422800125644,-8.38696304258171));
#6240=CARTESIAN_POINT('',(0.437734943728796,-0.261716800656615,-8.3924019037996));
#6241=CARTESIAN_POINT('',(0.439602556360118,-0.258562988125521,-8.39567456224309));
#6242=CARTESIAN_POINT('',(0.445353454844792,-0.248684383196439,-8.40522298028144));
#6243=CARTESIAN_POINT('',(0.451671636209506,-0.237424416520273,-8.41325743434926));
#6244=CARTESIAN_POINT('',(0.458938554447276,-0.22243067064109,-8.42169185406211));
#6245=CARTESIAN_POINT('',(0.397193121400733,-0.286945333316196,-8.27490873691452));
#6246=CARTESIAN_POINT('',(0.397374250955955,-0.28669461164533,-8.28452486870703));
#6247=CARTESIAN_POINT('',(0.397681180492185,-0.286269497748882,-8.29311710648352));
#6248=CARTESIAN_POINT('',(0.398327751516285,-0.285368426839314,-8.30446962205386));
#6249=CARTESIAN_POINT('',(0.398574283025022,-0.285024154463993,-8.30799782039881));
#6250=CARTESIAN_POINT('',(0.398990080785298,-0.284441509565935,-8.31290615764851));
#6251=CARTESIAN_POINT('',(0.399136345421134,-0.284236254270935,-8.31447827668712));
#6252=CARTESIAN_POINT('',(0.39944410377086,-0.283803591310618,-8.31749452800843));
#6253=CARTESIAN_POINT('',(0.399537194809629,-0.283672696249458,-8.31838022110766));
#6254=CARTESIAN_POINT('',(0.401674285858483,-0.280657372328344,-8.33582742390156));
#6255=CARTESIAN_POINT('',(0.404637536049646,-0.276439820972841,-8.34996904944002));
#6256=CARTESIAN_POINT('',(0.41052291491449,-0.267551049110384,-8.36936386309442));
#6257=CARTESIAN_POINT('',(0.412772072117163,-0.264085934479747,-8.37548677542358));
#6258=CARTESIAN_POINT('',(0.416520559096297,-0.258101075022157,-8.38415810558386));
#6259=CARTESIAN_POINT('',(0.417832335562684,-0.25597484717954,-8.38696304258171));
#6260=CARTESIAN_POINT('',(0.420568867504138,-0.251453396709297,-8.3924019037996));
#6261=CARTESIAN_POINT('',(0.422363240424427,-0.248423263100991,-8.39567456224308));
#6262=CARTESIAN_POINT('',(0.427888613478329,-0.238932054443637,-8.40522298028144));
#6263=CARTESIAN_POINT('',(0.433959042599064,-0.228113614700801,-8.41325745799561));
#6264=CARTESIAN_POINT('',(0.440940964076795,-0.2137078992434,-8.42169185406211));
#6265=CARTESIAN_POINT('',(0.458938554447276,-0.22243067064109,-8.42169185406211));
#6266=CARTESIAN_POINT('',(0.440940964076795,-0.2137078992434,-8.42169185406211));
#6267=CARTESIAN_POINT('',(0.,0.,0.));
#6268=CARTESIAN_POINT('',(0.490000122538426,-4.37049810182665E-6,-8.4109321126273));
#6269=CARTESIAN_POINT('',(0.490002159284632,0.0138057577344693,-8.40525553682181));
#6270=CARTESIAN_POINT('',(0.489428012466096,0.0261252401491456,-8.39719723622241));
#6271=CARTESIAN_POINT('',(0.48858947839822,0.0371526795609095,-8.38650094900464));
#6272=CARTESIAN_POINT('',(0.48858947839822,0.0371526795609095,-8.38650094900464));
#6273=CARTESIAN_POINT('',(0.483060154289733,0.0821759535240069,-8.26765447139828));
#6274=CARTESIAN_POINT('',(0.483102540840003,0.0819267899592991,-8.25631577585414));
#6275=CARTESIAN_POINT('',(0.483238390987447,0.0811326282753706,-8.24581358547469));
#6276=CARTESIAN_POINT('',(0.483570253893429,0.0791218744924341,-8.23131505797423));
#6277=CARTESIAN_POINT('',(0.483702049656904,0.0783150093931681,-8.22669134180099));
#6278=CARTESIAN_POINT('',(0.484003889612722,0.0764274059372564,-8.21786216210834));
#6279=CARTESIAN_POINT('',(0.484137239076784,0.0755864329432516,-8.21444333525627));
#6280=CARTESIAN_POINT('',(0.485252816805761,0.0682971849908781,-8.1905284659571));
#6281=CARTESIAN_POINT('',(0.486460309312081,0.0601142660489938,-8.17418316826827));
#6282=CARTESIAN_POINT('',(0.488898980189853,0.0351446253065317,-8.14219070016818));
#6283=CARTESIAN_POINT('',(0.489847444738673,0.0205988240946971,-8.12993876749145));
#6284=CARTESIAN_POINT('',(0.489994569210502,0.0026724311758035,-8.12073885707237));
#6285=CARTESIAN_POINT('',(0.490002352692162,0.00133423087120969,-8.1200777325406));
#6286=CARTESIAN_POINT('',(0.490003025103678,1.71556119264131E-6,-8.11944595778199));
#6287=CARTESIAN_POINT('',(0.483060154289733,0.0821759535240069,-8.26765447139828));
#6288=CARTESIAN_POINT('',(0.48858947839822,0.0371526795609095,-8.38650094900464));
#6289=CARTESIAN_POINT('',(0.48797545283044,0.0452276403828581,-8.3778657047858));
#6290=CARTESIAN_POINT('',(0.4872528409026,0.0521364981564113,-8.36901948536573));
#6291=CARTESIAN_POINT('',(0.485884364427095,0.0636390588628182,-8.35090401277882));
#6292=CARTESIAN_POINT('',(0.485199617266614,0.0684959795625313,-8.34091235184713));
#6293=CARTESIAN_POINT('',(0.483786512731467,0.0780517863134531,-8.31463889003739));
#6294=CARTESIAN_POINT('',(0.483168266667851,0.0815404296290652,-8.29313886159044));
#6295=CARTESIAN_POINT('',(0.483060154289733,0.0821759535240069,-8.26765447139828));
#6296=CARTESIAN_POINT('',(0.458938554447276,-0.22243067064109,-8.42169185406211));
#6297=CARTESIAN_POINT('',(0.457502473885369,-0.225393718566324,-8.45395018369956));
#6298=CARTESIAN_POINT('',(0.45603769691204,-0.228342858385259,-8.4862085133327));
#6299=CARTESIAN_POINT('',(0.454544498270663,-0.231277536937489,-8.51846684297014));
#6300=CARTESIAN_POINT('',(0.440940964076795,-0.2137078992434,-8.42169185406211));
#6301=CARTESIAN_POINT('',(0.439561200399673,-0.216554749210772,-8.45395018369944));
#6302=CARTESIAN_POINT('',(0.438153865660582,-0.219388236487808,-8.48620851333282));
#6303=CARTESIAN_POINT('',(0.436719223828676,-0.222207829606607,-8.51846684297014));
#6304=CARTESIAN_POINT('',(0.507314759757278,-0.0522659978610951,-8.4227722765858));
#6305=CARTESIAN_POINT('',(0.508353986388241,-0.0421788469370501,-8.42148436382084));
#6306=CARTESIAN_POINT('',(0.50899163730287,-0.0330676007738715,-8.41996798118433));
#6307=CARTESIAN_POINT('',(0.509587733967467,-0.0209004702387602,-8.41735041007386));
#6308=CARTESIAN_POINT('',(0.509725829811433,-0.0170945173021047,-8.41642073641933));
#6309=CARTESIAN_POINT('',(0.509914637530637,-0.00998531575585109,-8.4144470892082));
#6310=CARTESIAN_POINT('',(0.509958855807441,-0.00759437880606627,-8.41373237374405));
#6311=CARTESIAN_POINT('',(0.510099947881897,0.0122225392221774,-8.40658046574348));
#6312=CARTESIAN_POINT('',(0.509477414089358,0.0262348774281339,-8.39808881479833));
#6313=CARTESIAN_POINT('',(0.508531906087943,0.0386691154613547,-8.38650094900464));
#6314=CARTESIAN_POINT('',(0.487420063296208,-0.0502163508861502,-8.4227722765858));
#6315=CARTESIAN_POINT('',(0.488418535875131,-0.0405247751537423,-8.42148436390664));
#6316=CARTESIAN_POINT('',(0.489031180938052,-0.0317708321160726,-8.41996798118433));
#6317=CARTESIAN_POINT('',(0.489603901262861,-0.0200808439548872,-8.41735041007386));
#6318=CARTESIAN_POINT('',(0.489736581583533,-0.0164241440745712,-8.41642073641933));
#6319=CARTESIAN_POINT('',(0.489917985078456,-0.00959373474581771,-8.4144470892082));
#6320=CARTESIAN_POINT('',(0.489960469305189,-0.00729656002935779,-8.41373237374405));
#6321=CARTESIAN_POINT('',(0.490096028357117,0.0117432239585626,-8.40658046574348));
#6322=CARTESIAN_POINT('',(0.489497900905078,0.0252061474658788,-8.39808872870338));
#6323=CARTESIAN_POINT('',(0.48858947839822,0.0371526795609095,-8.38650094900464));
#6324=CARTESIAN_POINT('',(0.487420063296208,-0.0502163508861502,-8.4227722765858));
#6325=CARTESIAN_POINT('',(0.494051628783231,-0.0508995665444651,-8.4227722765858));
#6326=CARTESIAN_POINT('',(0.500683194270255,-0.0515827822027801,-8.4227722765858));
#6327=CARTESIAN_POINT('',(0.507314759757278,-0.0522659978610951,-8.4227722765858));
#6328=CARTESIAN_POINT('',(0.48858947839822,0.0371526795609095,-8.38650094900464));
#6329=CARTESIAN_POINT('',(0.508531906087943,0.0386691154613547,-8.38650094900464));
#6330=CARTESIAN_POINT('',(0.508531906087238,0.038669115470643,-8.38650094899599));
#6331=CARTESIAN_POINT('',(0.510000127350092,-7.76718879011901E-6,-8.4109333838071));
#6332=CARTESIAN_POINT('',(0.51000008453821,0.0055454183300393,-8.40874244923658));
#6333=CARTESIAN_POINT('',(0.509848425777045,0.0140078673399697,-8.40464048467913));
#6334=CARTESIAN_POINT('',(0.509330806260337,0.0269029256576377,-8.39649603947492));
#6335=CARTESIAN_POINT('',(0.508964914026524,0.0329746911195945,-8.39180693511746));
#6336=CARTESIAN_POINT('',(0.508531906087943,0.0386691154613547,-8.38650094900464));
#6337=CARTESIAN_POINT('',(0.508531906087943,0.0386691154613547,-8.38650094900464));
#6338=CARTESIAN_POINT('',(0.507892817682071,0.0470736740171816,-8.37786569708379));
#6339=CARTESIAN_POINT('',(0.507140711959849,0.054264518489326,-8.36901948536573));
#6340=CARTESIAN_POINT('',(0.505716379301671,0.0662365714694639,-8.35090401277882));
#6341=CARTESIAN_POINT('',(0.505003683277496,0.0712917338303897,-8.34091235184713));
#6342=CARTESIAN_POINT('',(0.503532901006221,0.0812375735099206,-8.31463889003739));
#6343=CARTESIAN_POINT('',(0.502889420406272,0.084868610448613,-8.29313886088303));
#6344=CARTESIAN_POINT('',(0.502776895281151,0.0855300740760072,-8.26765447139828));
#6345=CARTESIAN_POINT('',(0.48858947839822,0.0371526795609095,-8.38650094900464));
#6346=CARTESIAN_POINT('',(0.48797545283044,0.0452276403828581,-8.3778657047858));
#6347=CARTESIAN_POINT('',(0.4872528409026,0.0521364981564113,-8.36901948536573));
#6348=CARTESIAN_POINT('',(0.485884364427095,0.0636390588628182,-8.35090401277882));
#6349=CARTESIAN_POINT('',(0.485199617266614,0.0684959795625313,-8.34091235184713));
#6350=CARTESIAN_POINT('',(0.483786512731467,0.0780517863134531,-8.31463889003739));
#6351=CARTESIAN_POINT('',(0.483168266667851,0.0815404296290652,-8.29313886159044));
#6352=CARTESIAN_POINT('',(0.483060154289733,0.0821759535240069,-8.26765447139828));
#6353=CARTESIAN_POINT('',(0.483060154289733,0.0821759535240069,-8.26765447139828));
#6354=CARTESIAN_POINT('',(0.502776895281151,0.0855300740760072,-8.26765447139828));
#6355=CARTESIAN_POINT('',(0.502776895281152,0.0855300740760074,-8.26765447139828));
#6356=CARTESIAN_POINT('',(0.508531906087943,0.0386691154613547,-8.38650094900464));
#6357=CARTESIAN_POINT('',(0.507253524421572,0.0554809265863749,-8.36922536930707));
#6358=CARTESIAN_POINT('',(0.505493561433081,0.0679790411952451,-8.34966571057321));
#6359=CARTESIAN_POINT('',(0.503533283607728,0.0812349862518883,-8.31464335191457));
#6360=CARTESIAN_POINT('',(0.502889859064331,0.0848660318569387,-8.29314333196604));
#6361=CARTESIAN_POINT('',(0.502776895281151,0.0855300740760072,-8.26765447139828));
#6362=CARTESIAN_POINT('',(0.502776895281151,0.0855300740760072,-8.26765447139828));
#6363=CARTESIAN_POINT('',(0.502821011894674,0.0852707405700188,-8.25631577586009));
#6364=CARTESIAN_POINT('',(0.502962406946119,0.0844441641233449,-8.24581358547469));
#6365=CARTESIAN_POINT('',(0.503307815276834,0.0823513387574314,-8.23131505797423));
#6366=CARTESIAN_POINT('',(0.503444990459226,0.0815115403888076,-8.22669134180099));
#6367=CARTESIAN_POINT('',(0.503759150413241,0.0795468918938791,-8.21786216210834));
#6368=CARTESIAN_POINT('',(0.503897942712571,0.0786715934715476,-8.21444333525627));
#6369=CARTESIAN_POINT('',(0.505059054226405,0.0710848251945874,-8.1905284659571));
#6370=CARTESIAN_POINT('',(0.506315832141146,0.0625679095611976,-8.17418316826827));
#6371=CARTESIAN_POINT('',(0.508854040605765,0.0365790998088391,-8.14219070016818));
#6372=CARTESIAN_POINT('',(0.509841217993313,0.0214395924250929,-8.12993876749145));
#6373=CARTESIAN_POINT('',(0.510124431571138,-0.0130685883890494,-8.11292350488457));
#6374=CARTESIAN_POINT('',(0.509748883495059,-0.0286394155745764,-8.10912065502347));
#6375=CARTESIAN_POINT('',(0.507314759757278,-0.0522659978610949,-8.10667151536786));
#6376=CARTESIAN_POINT('',(0.483060154289733,0.0821759535240069,-8.26765447139828));
#6377=CARTESIAN_POINT('',(0.483102540840003,0.0819267899592991,-8.25631577585414));
#6378=CARTESIAN_POINT('',(0.483238390987447,0.0811326282753706,-8.24581358547469));
#6379=CARTESIAN_POINT('',(0.483570253893429,0.0791218744924341,-8.23131505797423));
#6380=CARTESIAN_POINT('',(0.483702049656904,0.0783150093931681,-8.22669134180099));
#6381=CARTESIAN_POINT('',(0.484003889612722,0.0764274059372564,-8.21786216210834));
#6382=CARTESIAN_POINT('',(0.484137239076784,0.0755864329432516,-8.21444333525627));
#6383=CARTESIAN_POINT('',(0.485252816805761,0.0682971849908781,-8.1905284659571));
#6384=CARTESIAN_POINT('',(0.486460309312081,0.0601142660489938,-8.17418316826827));
#6385=CARTESIAN_POINT('',(0.488898980189853,0.0351446253065317,-8.14219070016818));
#6386=CARTESIAN_POINT('',(0.489847444738673,0.0205988240946971,-8.12993876749145));
#6387=CARTESIAN_POINT('',(0.490119551901681,-0.0125560947267337,-8.11292350488457));
#6388=CARTESIAN_POINT('',(0.48975911771181,-0.0275125496105276,-8.10912105979176));
#6389=CARTESIAN_POINT('',(0.487420063296208,-0.05021635088615,-8.10667151536786));
#6390=CARTESIAN_POINT('',(0.487420063296208,-0.0502163508861502,-8.10667151536786));
#6391=CARTESIAN_POINT('',(0.507314759757278,-0.0522659978610951,-8.10667151536786));
#6392=CARTESIAN_POINT('',(0.502776895281151,0.0855300740760072,-8.26765447139828));
#6393=CARTESIAN_POINT('',(0.502842037476908,0.0851471445475522,-8.25091185528631));
#6394=CARTESIAN_POINT('',(0.50305630399268,0.083936425256009,-8.23786290936212));
#6395=CARTESIAN_POINT('',(0.504103974517673,0.0773960680333156,-8.20793340530748));
#6396=CARTESIAN_POINT('',(0.504901764441441,0.0723273019243297,-8.19422135265324));
#6397=CARTESIAN_POINT('',(0.506821909027671,0.057346166997294,-8.16713792268304));
#6398=CARTESIAN_POINT('',(0.507834162062439,0.0481916031720389,-8.15518807916566));
#6399=CARTESIAN_POINT('',(0.509027606959264,0.0319434977235228,-8.13965112109117));
#6400=CARTESIAN_POINT('',(0.509370285485597,0.0260925406387383,-8.13484453890818));
#6401=CARTESIAN_POINT('',(0.509856079669098,0.01362668107505,-8.12635736440101));
#6402=CARTESIAN_POINT('',(0.510000003127079,0.00584892112052318,-8.12211154570582));
#6403=CARTESIAN_POINT('',(0.510003147640186,-2.65039872051972E-7,-8.11944504817437));
#6404=CARTESIAN_POINT('',(0.507314759757278,-0.0522659978610951,-8.26472189597683));
#6405=CARTESIAN_POINT('',(0.,0.,0.));
#6406=CARTESIAN_POINT('',(0.379970599064984,0.340179869842702,-8.67960414507539));
#6407=CARTESIAN_POINT('',(0.379970599064984,0.340179869842702,-8.63021340113509));
#6408=CARTESIAN_POINT('',(0.365069791258514,0.326839482790047,-8.63021340113509));
#6409=CARTESIAN_POINT('',(0.365069791258514,0.326839482790047,-8.63021340113509));
#6410=CARTESIAN_POINT('',(0.365069791258514,0.326839482790047,-8.72899488901569));
#6411=CARTESIAN_POINT('',(0.379970599064984,0.340179869842702,-8.72899488901569));
#6412=CARTESIAN_POINT('',(0.,0.,-8.72899488901569));
#6413=CARTESIAN_POINT('',(0.,0.,-8.72899488901569));
#6414=CARTESIAN_POINT('',(0.421153480143858,0.250459070833374,-8.72899488901569));
#6415=CARTESIAN_POINT('',(0.438343418108914,0.260681890051063,-8.72899488901569));
#6416=CARTESIAN_POINT('',(0.438343418108914,0.260681890051063,-8.67960414507539));
#6417=CARTESIAN_POINT('',(0.421153480143859,0.250459070833374,-8.72899488901569));
#6418=CARTESIAN_POINT('',(0.421153480143858,0.250459070833374,-8.63021340113509));
#6419=CARTESIAN_POINT('',(0.438343418108914,0.260681890051063,-8.63021340113509));
#6420=CARTESIAN_POINT('',(0.,0.,0.));
#6421=CARTESIAN_POINT('',(0.,0.,-8.63021340113509));
#6422=CARTESIAN_POINT('',(0.,0.,-8.63021340113509));
#6423=CARTESIAN_POINT('',(0.483553114776306,0.162099923473557,-8.67960414507539));
#6424=CARTESIAN_POINT('',(0.483553114776306,0.162099923473557,-8.63021340113509));
#6425=CARTESIAN_POINT('',(0.464590247530176,0.155743063729496,-8.63021340113509));
#6426=CARTESIAN_POINT('',(0.464590247530176,0.155743063729496,-8.63021340113509));
#6427=CARTESIAN_POINT('',(0.464590247530176,0.155743063729496,-8.72899488901569));
#6428=CARTESIAN_POINT('',(0.483553114776306,0.162099923473557,-8.72899488901569));
#6429=CARTESIAN_POINT('',(0.,0.,-8.72899488901569));
#6430=CARTESIAN_POINT('',(0.,0.,-8.72899488901569));
#6431=CARTESIAN_POINT('',(0.362359692932387,-0.358880833896082,-8.72899488901569));
#6432=CARTESIAN_POINT('',(0.362359692932387,-0.358880833896082,-8.67960414507539));
#6433=CARTESIAN_POINT('',(0.362359692932387,-0.358880833896082,-8.63021340113509));
#6434=CARTESIAN_POINT('',(0.,0.,0.));
#6435=CARTESIAN_POINT('',(0.,0.,-8.63021340113509));
#6436=CARTESIAN_POINT('',(0.,0.,-8.63021340113509));
#6437=CARTESIAN_POINT('',(0.483553114776306,0.162099923473557,-8.91667971598885));
#6438=CARTESIAN_POINT('',(0.483553114776306,0.162099923473557,-8.86728897204854));
#6439=CARTESIAN_POINT('',(0.464590247530176,0.155743063729496,-8.86728897204854));
#6440=CARTESIAN_POINT('',(0.464590247530176,0.155743063729496,-8.86728897204854));
#6441=CARTESIAN_POINT('',(0.464590247530176,0.155743063729496,-8.96607045992915));
#6442=CARTESIAN_POINT('',(0.483553114776306,0.162099923473557,-8.96607045992915));
#6443=CARTESIAN_POINT('',(0.,0.,-8.96607045992915));
#6444=CARTESIAN_POINT('',(0.,0.,-8.96607045992915));
#6445=CARTESIAN_POINT('',(0.482985346168538,0.0826144986455639,-8.96607045992915));
#6446=CARTESIAN_POINT('',(0.502699033767254,0.085986518998444,-8.96607045992915));
#6447=CARTESIAN_POINT('',(0.482985346168538,0.0826144986455639,-8.96607045992915));
#6448=CARTESIAN_POINT('',(0.502699033767254,0.085986518998444,-8.96607045992915));
#6449=CARTESIAN_POINT('',(0.501275675414368,0.0943078335141925,-8.97219784405158));
#6450=CARTESIAN_POINT('',(0.499821986458377,0.101581552216942,-8.97797711569785));
#6451=CARTESIAN_POINT('',(0.497795529048935,0.110949622502252,-8.9861245896399));
#6452=CARTESIAN_POINT('',(0.497145130474411,0.113815252717284,-8.98875346785565));
#6453=CARTESIAN_POINT('',(0.495920652184735,0.119037385901178,-8.99383733142392));
#6454=CARTESIAN_POINT('',(0.49552790576764,0.120667342658628,-8.99547469890943));
#6455=CARTESIAN_POINT('',(0.491995250531087,0.13482166411587,-9.01140298284913));
#6456=CARTESIAN_POINT('',(0.489239573031563,0.14421239341899,-9.02558476775174));
#6457=CARTESIAN_POINT('',(0.486016428420386,0.154600048073819,-9.04710807645536));
#6458=CARTESIAN_POINT('',(0.485036992361963,0.157628106619103,-9.0546557629042));
#6459=CARTESIAN_POINT('',(0.483746050671632,0.161529051407369,-9.06653716789889));
#6460=CARTESIAN_POINT('',(0.483345331245367,0.162722490798925,-9.07059094878403));
#6461=CARTESIAN_POINT('',(0.482792159976232,0.164353460041489,-9.0768115889421));
#6462=CARTESIAN_POINT('',(0.482615747599863,0.164870583227611,-9.07890846379985));
#6463=CARTESIAN_POINT('',(0.482279386164726,0.165851930123715,-9.08314886979213));
#6464=CARTESIAN_POINT('',(0.482079449804504,0.166431728857002,-9.08586436537769));
#6465=CARTESIAN_POINT('',(0.481075926354111,0.169332205760412,-9.10021841877487));
#6466=CARTESIAN_POINT('',(0.480517711722077,0.170889041656017,-9.11691498239758));
#6467=CARTESIAN_POINT('',(0.480322909910008,0.171434833728688,-9.1375489490469));
#6468=CARTESIAN_POINT('',(0.482985346168538,0.0826144986455639,-8.96607045992915));
#6469=CARTESIAN_POINT('',(0.481617806808968,0.0906094811463325,-8.97219783948723));
#6470=CARTESIAN_POINT('',(0.480221124244323,0.0975979619339246,-8.97797711569785));
#6471=CARTESIAN_POINT('',(0.478274135752898,0.106598656913928,-8.9861245896399));
#6472=CARTESIAN_POINT('',(0.477649243004826,0.109351909473469,-8.98875346785565));
#6473=CARTESIAN_POINT('',(0.476472783471608,0.114369253120739,-8.99383733142392));
#6474=CARTESIAN_POINT('',(0.476095438874791,0.115935290005349,-8.99547469890943));
#6475=CARTESIAN_POINT('',(0.472701319137711,0.129534540032894,-9.01140298284913));
#6476=CARTESIAN_POINT('',(0.470053707422482,0.138557005441775,-9.02558476775174));
#6477=CARTESIAN_POINT('',(0.466956960639194,0.148537301090532,-9.04710807645536));
#6478=CARTESIAN_POINT('',(0.466015933837964,0.151446612241883,-9.0546557629042));
#6479=CARTESIAN_POINT('',(0.46477561731196,0.155194578803159,-9.06653716789889));
#6480=CARTESIAN_POINT('',(0.464390612372999,0.156341216649948,-9.07059094878403));
#6481=CARTESIAN_POINT('',(0.463859134094812,0.157908226314372,-9.0768115889421));
#6482=CARTESIAN_POINT('',(0.463689639850848,0.158405070159861,-9.07890846379985));
#6483=CARTESIAN_POINT('',(0.463366469060227,0.159347932863961,-9.08314886979213));
#6484=CARTESIAN_POINT('',(0.463174373341582,0.159904994392021,-9.08586436537769));
#6485=CARTESIAN_POINT('',(0.462210203751989,0.162691727103141,-9.10021841877487));
#6486=CARTESIAN_POINT('',(0.461673879890308,0.164187510609368,-9.11691498234583));
#6487=CARTESIAN_POINT('',(0.461486717364517,0.164711899072661,-9.1375489490469));
#6488=CARTESIAN_POINT('',(0.482985346168538,0.0826144986455639,-8.96607045992915));
#6489=CARTESIAN_POINT('',(0.481617806808968,0.0906094811463325,-8.97219783948723));
#6490=CARTESIAN_POINT('',(0.480221124244323,0.0975979619339246,-8.97797711569785));
#6491=CARTESIAN_POINT('',(0.478274135752898,0.106598656913928,-8.9861245896399));
#6492=CARTESIAN_POINT('',(0.477649243004826,0.109351909473469,-8.98875346785565));
#6493=CARTESIAN_POINT('',(0.476472783471608,0.114369253120739,-8.99383733142392));
#6494=CARTESIAN_POINT('',(0.476095438874791,0.115935290005349,-8.99547469890943));
#6495=CARTESIAN_POINT('',(0.472701319137711,0.129534540032894,-9.01140298284913));
#6496=CARTESIAN_POINT('',(0.470053707422482,0.138557005441775,-9.02558476775174));
#6497=CARTESIAN_POINT('',(0.466956960639194,0.148537301090532,-9.04710807645536));
#6498=CARTESIAN_POINT('',(0.466015933837964,0.151446612241883,-9.0546557629042));
#6499=CARTESIAN_POINT('',(0.46477561731196,0.155194578803159,-9.06653716789889));
#6500=CARTESIAN_POINT('',(0.464390612372999,0.156341216649948,-9.07059094878403));
#6501=CARTESIAN_POINT('',(0.463859134094812,0.157908226314372,-9.0768115889421));
#6502=CARTESIAN_POINT('',(0.463689639850848,0.158405070159861,-9.07890846379985));
#6503=CARTESIAN_POINT('',(0.463366469060227,0.159347932863961,-9.08314886979213));
#6504=CARTESIAN_POINT('',(0.463174373341582,0.159904994392021,-9.08586436537769));
#6505=CARTESIAN_POINT('',(0.462210203751989,0.162691727103141,-9.10021841877487));
#6506=CARTESIAN_POINT('',(0.461673879890308,0.164187510609368,-9.11691498234583));
#6507=CARTESIAN_POINT('',(0.461486717364517,0.164711899072661,-9.1375489490469));
#6508=CARTESIAN_POINT('',(0.461486717364517,0.164711899072661,-9.1375489490469));
#6509=CARTESIAN_POINT('',(0.480322909910008,0.171434833728688,-9.1375489490469));
#6510=CARTESIAN_POINT('',(0.461486717364517,0.164711899072661,-9.1375489490469));
#6511=CARTESIAN_POINT('',(0.480322909910008,0.171434833728688,-9.1375489490469));
#6512=CARTESIAN_POINT('',(0.480420846228237,0.171160437584481,-9.14946883766144));
#6513=CARTESIAN_POINT('',(0.480692419993528,0.170401125713231,-9.16051191730465));
#6514=CARTESIAN_POINT('',(0.481349868764661,0.168531125941579,-9.1757613230126));
#6515=CARTESIAN_POINT('',(0.481610561666091,0.167785905554202,-9.18062525597244));
#6516=CARTESIAN_POINT('',(0.482211640832699,0.16605052440871,-9.18991471733981));
#6517=CARTESIAN_POINT('',(0.482473008977173,0.165293123157671,-9.19346088613984));
#6518=CARTESIAN_POINT('',(0.484757984386049,0.15856239103026,-9.21888931483431));
#6519=CARTESIAN_POINT('',(0.487376601134548,0.150636723877355,-9.2374136610887));
#6520=CARTESIAN_POINT('',(0.4935632310623,0.128929092362078,-9.27169387540195));
#6521=CARTESIAN_POINT('',(0.497578165732378,0.113019093793402,-9.28596874485184));
#6522=CARTESIAN_POINT('',(0.503697509823709,0.0815240159270507,-9.30420073529221));
#6523=CARTESIAN_POINT('',(0.50675696662617,0.0620110858404865,-9.31136747770051));
#6524=CARTESIAN_POINT('',(0.508531906087943,0.0386691154613547,-9.3165903958305));
#6525=CARTESIAN_POINT('',(0.461486717364517,0.164711899072661,-9.1375489490469));
#6526=CARTESIAN_POINT('',(0.461580813042857,0.164448263561447,-9.14946883766656));
#6527=CARTESIAN_POINT('',(0.461841736856527,0.163718728626437,-9.16051191730465));
#6528=CARTESIAN_POINT('',(0.46247340332291,0.161922062179164,-9.1757613230126));
#6529=CARTESIAN_POINT('',(0.462723872973304,0.161206066120704,-9.18062525597244));
#6530=CARTESIAN_POINT('',(0.463301380407888,0.15953873913778,-9.18991471733981));
#6531=CARTESIAN_POINT('',(0.463552498821205,0.158811039896586,-9.19346088613984));
#6532=CARTESIAN_POINT('',(0.465747867351302,0.152344258048682,-9.21888931483431));
#6533=CARTESIAN_POINT('',(0.468263793246919,0.14472940137236,-9.2374136610887));
#6534=CARTESIAN_POINT('',(0.474207810236328,0.12387304952435,-9.27169387540195));
#6535=CARTESIAN_POINT('',(0.478065296487971,0.108586972468171,-9.28596874485184));
#6536=CARTESIAN_POINT('',(0.483944666301211,0.0783269956946173,-9.30420073529221));
#6537=CARTESIAN_POINT('',(0.486884146730054,0.0595792479832331,-9.31136748481979));
#6538=CARTESIAN_POINT('',(0.48858947839822,0.0371526795609095,-9.3165903958305));
#6539=CARTESIAN_POINT('',(0.461486717364517,0.164711899072661,-9.1375489490469));
#6540=CARTESIAN_POINT('',(0.461580813042857,0.164448263561447,-9.14946883766656));
#6541=CARTESIAN_POINT('',(0.461841736856527,0.163718728626437,-9.16051191730465));
#6542=CARTESIAN_POINT('',(0.46247340332291,0.161922062179164,-9.1757613230126));
#6543=CARTESIAN_POINT('',(0.462723872973304,0.161206066120704,-9.18062525597244));
#6544=CARTESIAN_POINT('',(0.463301380407888,0.15953873913778,-9.18991471733981));
#6545=CARTESIAN_POINT('',(0.463552498821205,0.158811039896586,-9.19346088613984));
#6546=CARTESIAN_POINT('',(0.465747867351302,0.152344258048682,-9.21888931483431));
#6547=CARTESIAN_POINT('',(0.468263793246919,0.14472940137236,-9.2374136610887));
#6548=CARTESIAN_POINT('',(0.474207810236328,0.12387304952435,-9.27169387540195));
#6549=CARTESIAN_POINT('',(0.478065296487971,0.108586972468171,-9.28596874485184));
#6550=CARTESIAN_POINT('',(0.483944666301211,0.0783269956946173,-9.30420073529221));
#6551=CARTESIAN_POINT('',(0.486884146730054,0.0595792479832331,-9.31136748481979));
#6552=CARTESIAN_POINT('',(0.48858947839822,0.0371526795609095,-9.3165903958305));
#6553=CARTESIAN_POINT('',(0.488589478398291,0.0371526795604162,-9.3165903958306));
#6554=CARTESIAN_POINT('',(0.508531906087943,0.0386691154613547,-9.3165903958305));
#6555=CARTESIAN_POINT('',(0.48858947839822,0.0371526795609095,-9.3165903958305));
#6556=CARTESIAN_POINT('',(0.508531906087943,0.0386691154613547,-9.3165903958305));
#6557=CARTESIAN_POINT('',(0.509023541433135,0.0322036906330985,-9.31778705606085));
#6558=CARTESIAN_POINT('',(0.509446458321474,0.0250295735168925,-9.31874011793559));
#6559=CARTESIAN_POINT('',(0.509844164943021,0.0132087408649187,-9.31980411673021));
#6560=CARTESIAN_POINT('',(0.509937020242249,0.00909189081070447,-9.32009786157462));
#6561=CARTESIAN_POINT('',(0.50999761521773,0.00265315759852505,-9.32044709671054));
#6562=CARTESIAN_POINT('',(0.510001379548692,0.000264124445947095,-9.32055271448697));
#6563=CARTESIAN_POINT('',(0.509996846545541,-0.00216642952703255,-9.32065133309732));
#6564=CARTESIAN_POINT('',(0.509990103582267,-0.00346330150918179,-9.32069961541183));
#6565=CARTESIAN_POINT('',(0.509872323263835,-0.0158690692228188,-9.32112491332637));
#6566=CARTESIAN_POINT('',(0.509439815158969,-0.0321322380892402,-9.32143714111199));
#6567=CARTESIAN_POINT('',(0.507186731007339,-0.0534941107981983,-9.32168381629934));
#6568=CARTESIAN_POINT('',(0.48858947839822,0.0371526795609095,-9.3165903958305));
#6569=CARTESIAN_POINT('',(0.489061833973112,0.0309408001841765,-9.31778705618032));
#6570=CARTESIAN_POINT('',(0.489468165838279,0.0240480216142692,-9.31874011793559));
#6571=CARTESIAN_POINT('',(0.489850276121726,0.0126907510270788,-9.31980411673021));
#6572=CARTESIAN_POINT('',(0.489939490036671,0.00873534607302979,-9.32009786157462));
#6573=CARTESIAN_POINT('',(0.489997708738604,0.00254911220250446,-9.32044709671054));
#6574=CARTESIAN_POINT('',(0.490001325448743,0.000253766624537405,-9.32055271448697));
#6575=CARTESIAN_POINT('',(0.489996970210421,-0.0020814715063646,-9.32065133309732));
#6576=CARTESIAN_POINT('',(0.48999049167708,-0.00332748576372368,-9.32069961541183));
#6577=CARTESIAN_POINT('',(0.489877330194665,-0.0152467527827082,-9.32112491332637));
#6578=CARTESIAN_POINT('',(0.489461783183527,-0.0308721504009087,-9.32143714111295));
#6579=CARTESIAN_POINT('',(0.487297055281561,-0.0513963025316023,-9.32168381629934));
#6580=CARTESIAN_POINT('',(0.48858947839822,0.0371526795609095,-9.3165903958305));
#6581=CARTESIAN_POINT('',(0.489061833973112,0.0309408001841765,-9.31778705618032));
#6582=CARTESIAN_POINT('',(0.489468165838279,0.0240480216142692,-9.31874011793559));
#6583=CARTESIAN_POINT('',(0.489850276121726,0.0126907510270788,-9.31980411673021));
#6584=CARTESIAN_POINT('',(0.489939490036671,0.00873534607302979,-9.32009786157462));
#6585=CARTESIAN_POINT('',(0.489993467578541,0.00299977164976112,-9.32042165536503));
#6586=CARTESIAN_POINT('',(0.48999899046502,0.00124590361805194,-9.32050603419961));
#6587=CARTESIAN_POINT('',(0.489999820486475,-9.23519609374548E-7,-9.32056232750042));
#6588=CARTESIAN_POINT('',(0.507186731007339,-0.0534941107981985,-9.32168381629934));
#6589=CARTESIAN_POINT('',(0.500556839098746,-0.0527948413759998,-9.32168381629934));
#6590=CARTESIAN_POINT('',(0.493926947190153,-0.0520955719538011,-9.32168381629934));
#6591=CARTESIAN_POINT('',(0.487297055281561,-0.0513963025316024,-9.32168381629934));
#6592=CARTESIAN_POINT('',(0.,0.,-9.32168381629934));
#6593=CARTESIAN_POINT('',(0.362359692932387,-0.358880833896082,-9.32168381629934));
#6594=CARTESIAN_POINT('',(0.362359692932387,-0.358880833896082,-9.27229307235904));
#6595=CARTESIAN_POINT('',(0.362359692932387,-0.358880833896082,-9.22290232841874));
#6596=CARTESIAN_POINT('',(0.,0.,-9.22290232841874));
#6597=CARTESIAN_POINT('',(0.506244813310439,-0.0617753105721002,-9.22290232841874));
#6598=CARTESIAN_POINT('',(0.486392075533559,-0.0593527493731943,-9.22290232841874));
#6599=CARTESIAN_POINT('',(0.506244813310439,-0.0617753105721002,-9.22290232841874));
#6600=CARTESIAN_POINT('',(0.50900257583003,-0.0391756188998831,-9.22268073968542));
#6601=CARTESIAN_POINT('',(0.509776160710438,-0.0207073684694493,-9.22155372109281));
#6602=CARTESIAN_POINT('',(0.50998069218974,-0.00477774648231573,-9.2192669374183));
#6603=CARTESIAN_POINT('',(0.509993353946781,-0.00307484004974335,-9.21899870041693));
#6604=CARTESIAN_POINT('',(0.510002585320146,0.000196667195159412,-9.21843392656134));
#6605=CARTESIAN_POINT('',(0.509998227012869,0.00277650310310381,-9.21795012363077));
#6606=CARTESIAN_POINT('',(0.509923846886577,0.0100634228471056,-9.21634574372963));
#6607=CARTESIAN_POINT('',(0.509807234746132,0.0147002925974913,-9.21505409360298));
#6608=CARTESIAN_POINT('',(0.509310519904888,0.0279437850337038,-9.21051295264535));
#6609=CARTESIAN_POINT('',(0.508785274127879,0.0358827182947475,-9.20659727123669));
#6610=CARTESIAN_POINT('',(0.506999163873121,0.057025839742688,-9.19218546469998));
#6611=CARTESIAN_POINT('',(0.505526747247228,0.0678056450772845,-9.1783130828476));
#6612=CARTESIAN_POINT('',(0.504162308861761,0.0769662096546158,-9.15812231930605));
#6613=CARTESIAN_POINT('',(0.503915056191574,0.0785588702572058,-9.15396366772682));
#6614=CARTESIAN_POINT('',(0.503485370427142,0.0812672241342641,-9.14540536682653));
#6615=CARTESIAN_POINT('',(0.50337109717979,0.0819640468392871,-9.14245233630607));
#6616=CARTESIAN_POINT('',(0.503004935636855,0.0841920455030948,-9.1306107991853));
#6617=CARTESIAN_POINT('',(0.502844501415347,0.08513266062091,-9.12113419586055));
#6618=CARTESIAN_POINT('',(0.502776895281151,0.0855300740760072,-9.1100753477301));
#6619=CARTESIAN_POINT('',(0.486392075533559,-0.0593527493731943,-9.22290232841874));
#6620=CARTESIAN_POINT('',(0.489041690495558,-0.0376393201834446,-9.22268073968607));
#6621=CARTESIAN_POINT('',(0.489784938721793,-0.0198953148039807,-9.22155372109281));
#6622=CARTESIAN_POINT('',(0.48998144935877,-0.00459038387516609,-9.2192669374183));
#6623=CARTESIAN_POINT('',(0.489993614576319,-0.00295425808700832,-9.21899870041693));
#6624=CARTESIAN_POINT('',(0.490002483935042,0.000188954756133553,-9.21843392656134));
#6625=CARTESIAN_POINT('',(0.489998296541776,0.00266762062847229,-9.21795012363077));
#6626=CARTESIAN_POINT('',(0.489926833283181,0.00966877881388578,-9.21634574372963));
#6627=CARTESIAN_POINT('',(0.489814794167852,0.0141238105348445,-9.21505409360298));
#6628=CARTESIAN_POINT('',(0.48933755833999,0.0268479503264998,-9.21051295264535));
#6629=CARTESIAN_POINT('',(0.488832910436589,0.0344755528714241,-9.20659727123669));
#6630=CARTESIAN_POINT('',(0.487116843721234,0.0547895323017983,-9.19218546469998));
#6631=CARTESIAN_POINT('',(0.485702168923808,0.065146600172293,-9.1783130828476));
#6632=CARTESIAN_POINT('',(0.484391237926005,0.0739479269230623,-9.15812231930605));
#6633=CARTESIAN_POINT('',(0.484153681438963,0.0754781302471193,-9.15396366772682));
#6634=CARTESIAN_POINT('',(0.483740846096666,0.0780802741682146,-9.14540536682653));
#6635=CARTESIAN_POINT('',(0.483631054153132,0.0787497704926484,-9.14245233630607));
#6636=CARTESIAN_POINT('',(0.483279251886391,0.0808903966598362,-9.1306107991853));
#6637=CARTESIAN_POINT('',(0.483125109203047,0.0817941249098985,-9.12113419587178));
#6638=CARTESIAN_POINT('',(0.483060154289733,0.0821759535240069,-9.1100753477301));
#6639=CARTESIAN_POINT('',(0.489999785512046,-3.56220352310397E-6,-9.21846096580836));
#6640=CARTESIAN_POINT('',(0.489999018042658,0.00145784964318797,-9.21818098142177));
#6641=CARTESIAN_POINT('',(0.489992152889618,0.00326950586915438,-9.21781219608259));
#6642=CARTESIAN_POINT('',(0.489926833283181,0.00966877881388578,-9.21634574372963));
#6643=CARTESIAN_POINT('',(0.489814794167852,0.0141238105348445,-9.21505409360298));
#6644=CARTESIAN_POINT('',(0.48933755833999,0.0268479503264998,-9.21051295264535));
#6645=CARTESIAN_POINT('',(0.488832910436589,0.0344755528714241,-9.20659727123669));
#6646=CARTESIAN_POINT('',(0.487116843721234,0.0547895323017983,-9.19218546469998));
#6647=CARTESIAN_POINT('',(0.485702168923808,0.065146600172293,-9.1783130828476));
#6648=CARTESIAN_POINT('',(0.484391237926005,0.0739479269230623,-9.15812231930605));
#6649=CARTESIAN_POINT('',(0.484153681438963,0.0754781302471193,-9.15396366772682));
#6650=CARTESIAN_POINT('',(0.483740846096666,0.0780802741682146,-9.14540536682653));
#6651=CARTESIAN_POINT('',(0.483631054153132,0.0787497704926484,-9.14245233630607));
#6652=CARTESIAN_POINT('',(0.483279251886391,0.0808903966598362,-9.1306107991853));
#6653=CARTESIAN_POINT('',(0.483125109203047,0.0817941249098985,-9.12113419587178));
#6654=CARTESIAN_POINT('',(0.483060154289733,0.0821759535240069,-9.1100753477301));
#6655=CARTESIAN_POINT('',(0.483060260008299,0.0821759715083592,-9.1100753477301));
#6656=CARTESIAN_POINT('',(0.502776895281151,0.0855300740760072,-9.1100753477301));
#6657=CARTESIAN_POINT('',(0.483060154289733,0.0821759535240069,-9.1100753477301));
#6658=CARTESIAN_POINT('',(0.502776895281151,0.0855300740760072,-9.1100753477301));
#6659=CARTESIAN_POINT('',(0.502835593567769,0.0851850241900719,-9.0973846826795));
#6660=CARTESIAN_POINT('',(0.503055921493169,0.0839035434454165,-9.08567082340732));
#6661=CARTESIAN_POINT('',(0.503596584984794,0.0805713707197744,-9.06956524483016));
#6662=CARTESIAN_POINT('',(0.50381134326632,0.0792255741011491,-9.06444092026721));
#6663=CARTESIAN_POINT('',(0.504176811421141,0.0768529968451393,-9.05712073586694));
#6664=CARTESIAN_POINT('',(0.50430582498981,0.076003153768828,-9.05474172480754));
#6665=CARTESIAN_POINT('',(0.504576449066845,0.074185251556863,-9.05010580350346));
#6666=CARTESIAN_POINT('',(0.504670525582088,0.0735496246181733,-9.04855946977432));
#6667=CARTESIAN_POINT('',(0.506420360264153,0.0613120360739944,-9.02240154259854));
#6668=CARTESIAN_POINT('',(0.507992045073577,0.0481732835738295,-9.00554753873854));
#6669=CARTESIAN_POINT('',(0.509536477796479,0.0232749558933687,-8.98866408200375));
#6670=CARTESIAN_POINT('',(0.50994800022965,0.0134609911173274,-8.98380778211906));
#6671=CARTESIAN_POINT('',(0.510019263515832,-0.00352010621832962,-8.97768061083238));
#6672=CARTESIAN_POINT('',(0.509976179221604,-0.00662762179173701,-8.97677734938885));
#6673=CARTESIAN_POINT('',(0.509784071887095,-0.015486406758594,-8.97439749578139));
#6674=CARTESIAN_POINT('',(0.5096250763429,-0.0201636247602043,-8.97331866150299));
#6675=CARTESIAN_POINT('',(0.50841294493054,-0.044776340210914,-8.96847995273767));
#6676=CARTESIAN_POINT('',(0.506148365266863,-0.0684173878900684,-8.96638661967918));
#6677=CARTESIAN_POINT('',(0.500955350628233,-0.0956228878299795,-8.96607045992915));
#6678=CARTESIAN_POINT('',(0.483060154289733,0.0821759535240069,-9.1100753477301));
#6679=CARTESIAN_POINT('',(0.483116550682884,0.0818444350054056,-9.0973846826511));
#6680=CARTESIAN_POINT('',(0.483328238297358,0.0806132084083414,-9.08567082340732));
#6681=CARTESIAN_POINT('',(0.483847699299116,0.0774117091229205,-9.06956524483016));
#6682=CARTESIAN_POINT('',(0.484054035687249,0.0761186888422805,-9.06444092026721));
#6683=CARTESIAN_POINT('',(0.484405171757567,0.0738391538316045,-9.05712073586694));
#6684=CARTESIAN_POINT('',(0.484529125970602,0.0730226379347563,-9.05474172480754));
#6685=CARTESIAN_POINT('',(0.484789137338733,0.0712760260056135,-9.05010580350346));
#6686=CARTESIAN_POINT('',(0.484879524578869,0.0706653256135391,-9.04855946977432));
#6687=CARTESIAN_POINT('',(0.48656073829301,0.0589076425024652,-9.02240154259854));
#6688=CARTESIAN_POINT('',(0.488070788404025,0.0462841351983852,-9.00554753873854));
#6689=CARTESIAN_POINT('',(0.489554655137794,0.0223622125250013,-8.98866408200375));
#6690=CARTESIAN_POINT('',(0.489950039436331,0.0129331091127263,-8.98380778211906));
#6691=CARTESIAN_POINT('',(0.490018508083839,-0.00338206283721866,-8.97768061083238));
#6692=CARTESIAN_POINT('',(0.489977113369776,-0.00636771505480615,-8.97677734938885));
#6693=CARTESIAN_POINT('',(0.489792539656229,-0.0148790966896296,-8.97439749578139));
#6694=CARTESIAN_POINT('',(0.489639779231414,-0.0193728943774512,-8.97331866150299));
#6695=CARTESIAN_POINT('',(0.488475182384245,-0.043020405300682,-8.96847995273767));
#6696=CARTESIAN_POINT('',(0.486299409739904,-0.0657343532086203,-8.96638661967751));
#6697=CARTESIAN_POINT('',(0.481310042760459,-0.0918729706601764,-8.96607045992915));
#6698=CARTESIAN_POINT('',(0.483060154289733,0.0821759535240069,-9.1100753477301));
#6699=CARTESIAN_POINT('',(0.483116550682884,0.0818444350054056,-9.0973846826511));
#6700=CARTESIAN_POINT('',(0.483328238297358,0.0806132084083414,-9.08567082340732));
#6701=CARTESIAN_POINT('',(0.483847699299116,0.0774117091229205,-9.06956524483016));
#6702=CARTESIAN_POINT('',(0.484054035687249,0.0761186888422805,-9.06444092026721));
#6703=CARTESIAN_POINT('',(0.484405171757567,0.0738391538316045,-9.05712073586694));
#6704=CARTESIAN_POINT('',(0.484529125970602,0.0730226379347563,-9.05474172480754));
#6705=CARTESIAN_POINT('',(0.484789137338733,0.0712760260056135,-9.05010580350346));
#6706=CARTESIAN_POINT('',(0.484879524578869,0.0706653256135391,-9.04855946977432));
#6707=CARTESIAN_POINT('',(0.48656073829301,0.0589076425024652,-9.02240154259854));
#6708=CARTESIAN_POINT('',(0.488070788404025,0.0462841351983852,-9.00554753873854));
#6709=CARTESIAN_POINT('',(0.489554655137794,0.0223622125250013,-8.98866408200375));
#6710=CARTESIAN_POINT('',(0.489950039436331,0.0129331091127263,-8.98380778211906));
#6711=CARTESIAN_POINT('',(0.489998732462964,0.00133020572261812,-8.97945030573376));
#6712=CARTESIAN_POINT('',(0.490000634916885,0.000647808623922651,-8.97919791746954));
#6713=CARTESIAN_POINT('',(0.49000071213988,-3.31367690577755E-7,-8.97896412522182));
#6714=CARTESIAN_POINT('',(0.500955350628233,-0.0956228878299796,-8.96607045992915));
#6715=CARTESIAN_POINT('',(0.494406914672308,-0.0943729154400453,-8.96607045992915));
#6716=CARTESIAN_POINT('',(0.487858478716383,-0.0931229430501109,-8.96607045992915));
#6717=CARTESIAN_POINT('',(0.481310042760459,-0.0918729706601765,-8.96607045992915));
#6718=CARTESIAN_POINT('',(0.,0.,-8.96607045992915));
#6719=CARTESIAN_POINT('',(0.362359692932387,-0.358880833896082,-8.96607045992915));
#6720=CARTESIAN_POINT('',(0.362359692932387,-0.358880833896082,-8.91667971598885));
#6721=CARTESIAN_POINT('',(0.362359692932387,-0.358880833896082,-8.86728897204854));
#6722=CARTESIAN_POINT('',(0.,0.,0.));
#6723=CARTESIAN_POINT('',(0.,0.,-8.86728897204854));
#6724=CARTESIAN_POINT('',(0.,0.,-8.86728897204854));
#6725=CARTESIAN_POINT('',(0.483553114776306,0.162099923473557,-9.51060341187101));
#6726=CARTESIAN_POINT('',(0.483553114776306,0.162099923473557,-9.46121266793071));
#6727=CARTESIAN_POINT('',(0.464590247530176,0.155743063729496,-9.46121266793071));
#6728=CARTESIAN_POINT('',(0.464590247530176,0.155743063729496,-9.46121266793071));
#6729=CARTESIAN_POINT('',(0.464590247530176,0.155743063729496,-9.55999415581131));
#6730=CARTESIAN_POINT('',(0.483553114776306,0.162099923473557,-9.55999415581131));
#6731=CARTESIAN_POINT('',(0.,0.,-9.55999415581131));
#6732=CARTESIAN_POINT('',(0.,0.,-9.55999415581131));
#6733=CARTESIAN_POINT('',(0.48440578343239,0.0738311382632915,-9.55999415581131));
#6734=CARTESIAN_POINT('',(0.504177448062283,0.0768446541107728,-9.55999415581131));
#6735=CARTESIAN_POINT('',(0.48440578343239,0.0738311382632914,-9.55999415581131));
#6736=CARTESIAN_POINT('',(0.504177448062283,0.0768446541107728,-9.55999415581131));
#6737=CARTESIAN_POINT('',(0.5017545631749,0.0927411915290885,-9.56981147406574));
#6738=CARTESIAN_POINT('',(0.499000940481656,0.105898022817372,-9.57974791314475));
#6739=CARTESIAN_POINT('',(0.495308480212548,0.121649463168105,-9.59483690245099));
#6740=CARTESIAN_POINT('',(0.493863915560956,0.127383486386549,-9.60108676391545));
#6741=CARTESIAN_POINT('',(0.491108451608966,0.137624883125965,-9.61377638889786));
#6742=CARTESIAN_POINT('',(0.489852006101872,0.142004817170814,-9.6199428012303));
#6743=CARTESIAN_POINT('',(0.487263018489689,0.150648952183751,-9.63412710981898));
#6744=CARTESIAN_POINT('',(0.48607849901807,0.154398609277322,-9.64141714074469));
#6745=CARTESIAN_POINT('',(0.484524750259992,0.159180953082021,-9.65264900208029));
#6746=CARTESIAN_POINT('',(0.484043820047435,0.160634684952636,-9.65644242501667));
#6747=CARTESIAN_POINT('',(0.483163408989212,0.163263719024989,-9.66412820920511));
#6748=CARTESIAN_POINT('',(0.482687877290585,0.16466073051568,-9.66886325724464));
#6749=CARTESIAN_POINT('',(0.481289429529466,0.168737588992968,-9.68435897535677));
#6750=CARTESIAN_POINT('',(0.480578620103925,0.170718389691238,-9.70064576548101));
#6751=CARTESIAN_POINT('',(0.480322909910008,0.171434833728688,-9.72082276576693));
#6752=CARTESIAN_POINT('',(0.48440578343239,0.0738311382632915,-9.55999415581131));
#6753=CARTESIAN_POINT('',(0.482077920222821,0.0891042388585096,-9.56981144629825));
#6754=CARTESIAN_POINT('',(0.479432276149042,0.101745159177475,-9.57974791314475));
#6755=CARTESIAN_POINT('',(0.475884618243428,0.116878895985042,-9.59483690245099));
#6756=CARTESIAN_POINT('',(0.474496703186017,0.122388055547861,-9.60108676391545));
#6757=CARTESIAN_POINT('',(0.471849296643908,0.132227828885731,-9.61377638889786));
#6758=CARTESIAN_POINT('',(0.470642123509642,0.136436000811174,-9.6199428012303));
#6759=CARTESIAN_POINT('',(0.468154664823427,0.144741150137329,-9.63412710981898));
#6760=CARTESIAN_POINT('',(0.467016597095793,0.148343761854682,-9.64141714074469));
#6761=CARTESIAN_POINT('',(0.465523779661561,0.152938562765079,-9.65264900208029));
#6762=CARTESIAN_POINT('',(0.46506170945734,0.154335285542729,-9.65644242501667));
#6763=CARTESIAN_POINT('',(0.464215824322968,0.156861220239695,-9.66412820920511));
#6764=CARTESIAN_POINT('',(0.463758940926248,0.158203446966045,-9.66886325724464));
#6765=CARTESIAN_POINT('',(0.4624153342538,0.162120428640303,-9.68435897535677));
#6766=CARTESIAN_POINT('',(0.461732399709399,0.164023550875038,-9.70064576534091));
#6767=CARTESIAN_POINT('',(0.461486717364517,0.164711899072661,-9.72082276576693));
#6768=CARTESIAN_POINT('',(0.48440578343239,0.0738311382632914,-9.55999415581131));
#6769=CARTESIAN_POINT('',(0.482077920222821,0.0891042388585096,-9.56981144629825));
#6770=CARTESIAN_POINT('',(0.479432276149042,0.101745159177475,-9.57974791314475));
#6771=CARTESIAN_POINT('',(0.475884618243428,0.116878895985042,-9.59483690245099));
#6772=CARTESIAN_POINT('',(0.474496703186017,0.122388055547861,-9.60108676391545));
#6773=CARTESIAN_POINT('',(0.471849296643908,0.132227828885731,-9.61377638889786));
#6774=CARTESIAN_POINT('',(0.470642123509642,0.136436000811174,-9.6199428012303));
#6775=CARTESIAN_POINT('',(0.468154664823427,0.144741150137329,-9.63412710981898));
#6776=CARTESIAN_POINT('',(0.467016597095793,0.148343761854682,-9.64141714074469));
#6777=CARTESIAN_POINT('',(0.465523779661561,0.152938562765079,-9.65264900208029));
#6778=CARTESIAN_POINT('',(0.46506170945734,0.154335285542729,-9.65644242501667));
#6779=CARTESIAN_POINT('',(0.464215824322968,0.156861220239695,-9.66412820920511));
#6780=CARTESIAN_POINT('',(0.463758940926248,0.158203446966045,-9.66886325724464));
#6781=CARTESIAN_POINT('',(0.4624153342538,0.162120428640303,-9.68435897535677));
#6782=CARTESIAN_POINT('',(0.461732399709399,0.164023550875038,-9.70064576534091));
#6783=CARTESIAN_POINT('',(0.461486717364517,0.164711899072661,-9.72082276576693));
#6784=CARTESIAN_POINT('',(0.461486717364517,0.164711899072661,-9.72082276576693));
#6785=CARTESIAN_POINT('',(0.480322909910008,0.171434833728688,-9.72082276576693));
#6786=CARTESIAN_POINT('',(0.461486717364517,0.164711899072661,-9.72082276576693));
#6787=CARTESIAN_POINT('',(0.480322909910008,0.171434833728688,-9.72082276576693));
#6788=CARTESIAN_POINT('',(0.480426700826344,0.171144034281035,-9.73104964314754));
#6789=CARTESIAN_POINT('',(0.480636815992903,0.170555378518877,-9.74023441612253));
#6790=CARTESIAN_POINT('',(0.481106541733095,0.169223866546656,-9.7524484188452));
#6791=CARTESIAN_POINT('',(0.481288823752684,0.168705256264065,-9.75625922697009));
#6792=CARTESIAN_POINT('',(0.481599719932454,0.167814804475273,-9.76158464998342));
#6793=CARTESIAN_POINT('',(0.481709594241151,0.167499230076639,-9.76329465945886));
#6794=CARTESIAN_POINT('',(0.481941606766402,0.166830491600487,-9.76658441535174));
#6795=CARTESIAN_POINT('',(0.482014519939591,0.166620224305261,-9.76758235204612));
#6796=CARTESIAN_POINT('',(0.483610865534969,0.161986147138494,-9.78645017354962));
#6797=CARTESIAN_POINT('',(0.485659649553576,0.155950698357228,-9.80095430886403));
#6798=CARTESIAN_POINT('',(0.489669212454877,0.142637797425764,-9.82124113329988));
#6799=CARTESIAN_POINT('',(0.491107978049209,0.137644801411303,-9.82752590194703));
#6800=CARTESIAN_POINT('',(0.493344294172554,0.129304647140658,-9.83623679567053));
#6801=CARTESIAN_POINT('',(0.494102582001822,0.126382815999229,-9.8390210503705));
#6802=CARTESIAN_POINT('',(0.495630152433815,0.120252774268188,-9.84435080668802));
#6803=CARTESIAN_POINT('',(0.496587678664007,0.116221385812505,-9.84749198367503));
#6804=CARTESIAN_POINT('',(0.499479939135048,0.103573743482682,-9.85664423220963));
#6805=CARTESIAN_POINT('',(0.502520948285921,0.0891064558626466,-9.86371454683318));
#6806=CARTESIAN_POINT('',(0.50515599182169,0.0701243461762402,-9.87053845833598));
#6807=CARTESIAN_POINT('',(0.461486717364517,0.164711899072661,-9.72082276576693));
#6808=CARTESIAN_POINT('',(0.461586438048862,0.164432503524855,-9.73104964314977));
#6809=CARTESIAN_POINT('',(0.461788313404946,0.163866932302451,-9.74023441612253));
#6810=CARTESIAN_POINT('',(0.462239618527875,0.162587636486003,-9.7524484188452));
#6811=CARTESIAN_POINT('',(0.462414752232971,0.162089363861553,-9.75625922697009));
#6812=CARTESIAN_POINT('',(0.462713456405691,0.161233831750753,-9.76158464998342));
#6813=CARTESIAN_POINT('',(0.462819021917968,0.160930632818732,-9.76329465945886));
#6814=CARTESIAN_POINT('',(0.463041935912817,0.16028811938086,-9.76658441535174));
#6815=CARTESIAN_POINT('',(0.463111989745881,0.160086097861917,-9.76758235204612));
#6816=CARTESIAN_POINT('',(0.464645733553205,0.155633749211494,-9.78645017354962));
#6817=CARTESIAN_POINT('',(0.466614173100495,0.149834984696161,-9.80095430886403));
#6818=CARTESIAN_POINT('',(0.47046649824096,0.137044158311028,-9.82124113329988));
#6819=CARTESIAN_POINT('',(0.471848841655122,0.13224696606184,-9.82752590194703));
#6820=CARTESIAN_POINT('',(0.473997459106963,0.124233876664553,-9.83623679567053));
#6821=CARTESIAN_POINT('',(0.474726010158614,0.121426627136514,-9.8390210503705));
#6822=CARTESIAN_POINT('',(0.476193675867783,0.115536979198847,-9.84435080668802));
#6823=CARTESIAN_POINT('',(0.477113652049732,0.111663684408094,-9.84749198367503));
#6824=CARTESIAN_POINT('',(0.479892490541516,0.0995120280519886,-9.85664423220963));
#6825=CARTESIAN_POINT('',(0.482814250266648,0.085612043010255,-9.86371456256091));
#6826=CARTESIAN_POINT('',(0.485345952926722,0.0673743718163877,-9.87053845833598));
#6827=CARTESIAN_POINT('',(0.461486717364517,0.164711899072661,-9.72082276576693));
#6828=CARTESIAN_POINT('',(0.461586438048862,0.164432503524855,-9.73104964314977));
#6829=CARTESIAN_POINT('',(0.461788313404946,0.163866932302451,-9.74023441612253));
#6830=CARTESIAN_POINT('',(0.462239618527875,0.162587636486003,-9.7524484188452));
#6831=CARTESIAN_POINT('',(0.462414752232971,0.162089363861553,-9.75625922697009));
#6832=CARTESIAN_POINT('',(0.462713456405691,0.161233831750753,-9.76158464998342));
#6833=CARTESIAN_POINT('',(0.462819021917968,0.160930632818732,-9.76329465945886));
#6834=CARTESIAN_POINT('',(0.463041935912817,0.16028811938086,-9.76658441535174));
#6835=CARTESIAN_POINT('',(0.463111989745881,0.160086097861917,-9.76758235204612));
#6836=CARTESIAN_POINT('',(0.464645733553205,0.155633749211494,-9.78645017354962));
#6837=CARTESIAN_POINT('',(0.466614173100495,0.149834984696161,-9.80095430886403));
#6838=CARTESIAN_POINT('',(0.47046649824096,0.137044158311028,-9.82124113329988));
#6839=CARTESIAN_POINT('',(0.471848841655122,0.13224696606184,-9.82752590194703));
#6840=CARTESIAN_POINT('',(0.473997459106963,0.124233876664553,-9.83623679567053));
#6841=CARTESIAN_POINT('',(0.474726010158614,0.121426627136514,-9.8390210503705));
#6842=CARTESIAN_POINT('',(0.476193675867783,0.115536979198847,-9.84435080668802));
#6843=CARTESIAN_POINT('',(0.477113652049732,0.111663684408094,-9.84749198367503));
#6844=CARTESIAN_POINT('',(0.479892490541516,0.0995120280519886,-9.85664423220963));
#6845=CARTESIAN_POINT('',(0.482814250266648,0.085612043010255,-9.86371456256091));
#6846=CARTESIAN_POINT('',(0.485345952926722,0.0673743718163877,-9.87053845833598));
#6847=CARTESIAN_POINT('',(0.485345952926722,0.0673743718163877,-9.87053845833598));
#6848=CARTESIAN_POINT('',(0.50515599182169,0.0701243461762402,-9.87053845833598));
#6849=CARTESIAN_POINT('',(0.485345952926722,0.0673743718163877,-9.87053845833598));
#6850=CARTESIAN_POINT('',(0.50515599182169,0.0701243461762402,-9.87053845833598));
#6851=CARTESIAN_POINT('',(0.502810849795859,0.0870180872322186,-9.88173422605891));
#6852=CARTESIAN_POINT('',(0.500041124112799,0.100927033662046,-9.89252151740756));
#6853=CARTESIAN_POINT('',(0.496325156205048,0.1174444008882,-9.90809678258767));
#6854=CARTESIAN_POINT('',(0.494769359208636,0.123840081740909,-9.91482777007349));
#6855=CARTESIAN_POINT('',(0.491850453423382,0.134967463207,-9.92820579380952));
#6856=CARTESIAN_POINT('',(0.490575454343138,0.139496678675621,-9.93437311088116));
#6857=CARTESIAN_POINT('',(0.487829154282235,0.148816383499215,-9.94937116049416));
#6858=CARTESIAN_POINT('',(0.486566000624055,0.15286139821372,-9.95708229711761));
#6859=CARTESIAN_POINT('',(0.484903371177622,0.158025284772289,-9.96896716977821));
#6860=CARTESIAN_POINT('',(0.484387631126074,0.159595948472796,-9.97298182195265));
#6861=CARTESIAN_POINT('',(0.483441743269695,0.162438680187999,-9.98111718220999));
#6862=CARTESIAN_POINT('',(0.482936456284554,0.163930752293667,-9.98605488551564));
#6863=CARTESIAN_POINT('',(0.481392871133888,0.168450293325587,-10.0028385895877));
#6864=CARTESIAN_POINT('',(0.480605283440565,0.170643684853465,-10.0201164557879));
#6865=CARTESIAN_POINT('',(0.480322909910008,0.171434833728688,-10.0412452170797));
#6866=CARTESIAN_POINT('',(0.485345952926722,0.0673743718163877,-9.87053845833598));
#6867=CARTESIAN_POINT('',(0.483092784962243,0.0836055577011962,-9.88173418776175));
#6868=CARTESIAN_POINT('',(0.480431668265238,0.0969691107733384,-9.89252151740756));
#6869=CARTESIAN_POINT('',(0.476861424589163,0.112838738108271,-9.90809678258767));
#6870=CARTESIAN_POINT('',(0.47536663923967,0.118983607947148,-9.91482777007349));
#6871=CARTESIAN_POINT('',(0.472562200347955,0.129674621512608,-9.92820579380952));
#6872=CARTESIAN_POINT('',(0.471337201231643,0.134026220688342,-9.93437311088116));
#6873=CARTESIAN_POINT('',(0.468698599212344,0.142980446891403,-9.94937116049416));
#6874=CARTESIAN_POINT('',(0.467484980991739,0.146866833577888,-9.95708229711761));
#6875=CARTESIAN_POINT('',(0.465887552700068,0.151828214781219,-9.96896716977821));
#6876=CARTESIAN_POINT('',(0.465392037748581,0.153337283826804,-9.97298182195265));
#6877=CARTESIAN_POINT('',(0.464483243533629,0.156068535866901,-9.98111718220999));
#6878=CARTESIAN_POINT('',(0.463997771724376,0.157502095340974,-9.98605488551564));
#6879=CARTESIAN_POINT('',(0.462514719324716,0.161844399469682,-10.0028385895877));
#6880=CARTESIAN_POINT('',(0.461758017425868,0.163951775636296,-10.020116455587));
#6881=CARTESIAN_POINT('',(0.461486717364517,0.164711899072661,-10.0412452170797));
#6882=CARTESIAN_POINT('',(0.485345952926722,0.0673743718163877,-9.87053845833598));
#6883=CARTESIAN_POINT('',(0.483092784962243,0.0836055577011962,-9.88173418776175));
#6884=CARTESIAN_POINT('',(0.480431668265238,0.0969691107733384,-9.89252151740756));
#6885=CARTESIAN_POINT('',(0.476861424589163,0.112838738108271,-9.90809678258767));
#6886=CARTESIAN_POINT('',(0.47536663923967,0.118983607947148,-9.91482777007349));
#6887=CARTESIAN_POINT('',(0.472562200347955,0.129674621512608,-9.92820579380952));
#6888=CARTESIAN_POINT('',(0.471337201231643,0.134026220688342,-9.93437311088116));
#6889=CARTESIAN_POINT('',(0.468698599212344,0.142980446891403,-9.94937116049416));
#6890=CARTESIAN_POINT('',(0.467484980991739,0.146866833577888,-9.95708229711761));
#6891=CARTESIAN_POINT('',(0.465887552700068,0.151828214781219,-9.96896716977821));
#6892=CARTESIAN_POINT('',(0.465392037748581,0.153337283826804,-9.97298182195265));
#6893=CARTESIAN_POINT('',(0.464483243533629,0.156068535866901,-9.98111718220999));
#6894=CARTESIAN_POINT('',(0.463997771724376,0.157502095340974,-9.98605488551564));
#6895=CARTESIAN_POINT('',(0.462514719324716,0.161844399469682,-10.0028385895877));
#6896=CARTESIAN_POINT('',(0.461758017425868,0.163951775636296,-10.020116455587));
#6897=CARTESIAN_POINT('',(0.461486717364517,0.164711899072661,-10.0412452170797));
#6898=CARTESIAN_POINT('',(0.461486717364517,0.164711899072661,-10.0412452170797));
#6899=CARTESIAN_POINT('',(0.480322909910008,0.171434833728688,-10.0412452170797));
#6900=CARTESIAN_POINT('',(0.461486717364517,0.164711899072661,-10.0412452170797));
#6901=CARTESIAN_POINT('',(0.480322909910008,0.171434833728688,-10.0412452170797));
#6902=CARTESIAN_POINT('',(0.480433145534755,0.171125977617579,-10.0556547003028));
#6903=CARTESIAN_POINT('',(0.480802079503544,0.170096493307188,-10.0688210726018));
#6904=CARTESIAN_POINT('',(0.481722619074183,0.167463973573105,-10.0867059638881));
#6905=CARTESIAN_POINT('',(0.482090350252283,0.166404977876849,-10.0923568164996));
#6906=CARTESIAN_POINT('',(0.482727894349176,0.164542428067511,-10.1003669286909));
#6907=CARTESIAN_POINT('',(0.482954714281792,0.163875896139195,-10.1029592716337));
#6908=CARTESIAN_POINT('',(0.483435834909854,0.162451096972118,-10.1079885686107));
#6909=CARTESIAN_POINT('',(0.483612126682938,0.161927482970043,-10.1097372474449));
#6910=CARTESIAN_POINT('',(0.485339161248224,0.156732509747598,-10.1249749213441));
#6911=CARTESIAN_POINT('',(0.487038583896215,0.151454360891714,-10.1360352304722));
#6912=CARTESIAN_POINT('',(0.489900062278904,0.141806841824762,-10.1509309491772));
#6913=CARTESIAN_POINT('',(0.490905202263242,0.138302490663119,-10.1556137312478));
#6914=CARTESIAN_POINT('',(0.492981628417605,0.130708112125694,-10.1644143803931));
#6915=CARTESIAN_POINT('',(0.494170674884428,0.126141050862984,-10.1689492717183));
#6916=CARTESIAN_POINT('',(0.498996980843648,0.106590539757061,-10.1860411983517));
#6917=CARTESIAN_POINT('',(0.503023003571379,0.0872475859344061,-10.196164780975));
#6918=CARTESIAN_POINT('',(0.507421559416512,0.0525302949035493,-10.2060252168852));
#6919=CARTESIAN_POINT('',(0.508606561639672,0.0400100536238857,-10.2084245391844));
#6920=CARTESIAN_POINT('',(0.509658737380452,0.0198325778768914,-10.210692288127));
#6921=CARTESIAN_POINT('',(0.509888118959134,0.0128743061751884,-10.2112263320235));
#6922=CARTESIAN_POINT('',(0.509988312748409,0.00389210238559898,-10.211616546372));
#6923=CARTESIAN_POINT('',(0.509999016940298,0.00208145437160198,-10.2116807222155));
#6924=CARTESIAN_POINT('',(0.510000853854859,-0.0015680560214001,-10.2117813398505));
#6925=CARTESIAN_POINT('',(0.509997751307348,-0.00202187508026042,-10.2117876645367));
#6926=CARTESIAN_POINT('',(0.509971265288451,-0.00604035178282106,-10.2118633067167));
#6927=CARTESIAN_POINT('',(0.50992935457192,-0.00940734402041511,-10.2119096719798));
#6928=CARTESIAN_POINT('',(0.509822319558078,-0.0134611470692917,-10.2119519758233));
#6929=CARTESIAN_POINT('',(0.461486717364517,0.164711899072661,-10.0412452170797));
#6930=CARTESIAN_POINT('',(0.461592630023685,0.164415154965636,-10.055654700316));
#6931=CARTESIAN_POINT('',(0.461947095993601,0.163426042589259,-10.0688210726018));
#6932=CARTESIAN_POINT('',(0.462831535973234,0.16089675892318,-10.0867059638881));
#6933=CARTESIAN_POINT('',(0.463184846320821,0.159879292469914,-10.0923568164996));
#6934=CARTESIAN_POINT('',(0.463797388688424,0.158089783829569,-10.1003669286909));
#6935=CARTESIAN_POINT('',(0.464015313721722,0.157449390408246,-10.1029592716337));
#6936=CARTESIAN_POINT('',(0.464477566874173,0.15608046571831,-10.1079885686107));
#6937=CARTESIAN_POINT('',(0.464646945244391,0.155577385598669,-10.1097372474449));
#6938=CARTESIAN_POINT('',(0.46630625296398,0.15058613681632,-10.1249749213441));
#6939=CARTESIAN_POINT('',(0.46793903158656,0.145514974190078,-10.1360352304722));
#6940=CARTESIAN_POINT('',(0.470688295130712,0.136245789204183,-10.1509309491772));
#6941=CARTESIAN_POINT('',(0.471654017860762,0.132878863578291,-10.1556137312478));
#6942=CARTESIAN_POINT('',(0.473649015538483,0.125582303807039,-10.1644143803931));
#6943=CARTESIAN_POINT('',(0.474791432732098,0.121194342986005,-10.1689492717183));
#6944=CARTESIAN_POINT('',(0.479428471790956,0.102410518590117,-10.1860411983517));
#6945=CARTESIAN_POINT('',(0.483296611274462,0.0838261119761941,-10.196164780975));
#6946=CARTESIAN_POINT('',(0.487522674733512,0.0504702833387043,-10.2060252168852));
#6947=CARTESIAN_POINT('',(0.488661206281254,0.0384410319131451,-10.2084245391844));
#6948=CARTESIAN_POINT('',(0.489672120228277,0.0190548297248565,-10.210692288127));
#6949=CARTESIAN_POINT('',(0.489892506450933,0.0123694314232203,-10.2112263320235));
#6950=CARTESIAN_POINT('',(0.489988771072001,0.00373947091949706,-10.211616546372));
#6951=CARTESIAN_POINT('',(0.489999055491659,0.00199982870997053,-10.2116807222155));
#6952=CARTESIAN_POINT('',(0.490000820370354,-0.00150656362840402,-10.2117813398505));
#6953=CARTESIAN_POINT('',(0.489997839491373,-0.00194258586142668,-10.2117876645367));
#6954=CARTESIAN_POINT('',(0.489972392139885,-0.00580347524231827,-10.2118633067167));
#6955=CARTESIAN_POINT('',(0.489932124980854,-0.00903842856903405,-10.2119096719798));
#6956=CARTESIAN_POINT('',(0.489829287418546,-0.0129332589489273,-10.2119519758233));
#6957=CARTESIAN_POINT('',(0.461486717364517,0.164711899072661,-10.0412452170797));
#6958=CARTESIAN_POINT('',(0.461592630023685,0.164415154965636,-10.055654700316));
#6959=CARTESIAN_POINT('',(0.461947095993601,0.163426042589259,-10.0688210726018));
#6960=CARTESIAN_POINT('',(0.462831535973234,0.16089675892318,-10.0867059638881));
#6961=CARTESIAN_POINT('',(0.463184846320821,0.159879292469914,-10.0923568164996));
#6962=CARTESIAN_POINT('',(0.463797388688424,0.158089783829569,-10.1003669286909));
#6963=CARTESIAN_POINT('',(0.464015313721722,0.157449390408246,-10.1029592716337));
#6964=CARTESIAN_POINT('',(0.464477566874173,0.15608046571831,-10.1079885686107));
#6965=CARTESIAN_POINT('',(0.464646945244391,0.155577385598669,-10.1097372474449));
#6966=CARTESIAN_POINT('',(0.46630625296398,0.15058613681632,-10.1249749213441));
#6967=CARTESIAN_POINT('',(0.46793903158656,0.145514974190078,-10.1360352304722));
#6968=CARTESIAN_POINT('',(0.470688295130712,0.136245789204183,-10.1509309491772));
#6969=CARTESIAN_POINT('',(0.471654017860762,0.132878863578291,-10.1556137312478));
#6970=CARTESIAN_POINT('',(0.473649015538483,0.125582303807039,-10.1644143803931));
#6971=CARTESIAN_POINT('',(0.474791432732098,0.121194342986005,-10.1689492717183));
#6972=CARTESIAN_POINT('',(0.479428471790956,0.102410518590117,-10.1860411983517));
#6973=CARTESIAN_POINT('',(0.483296611274462,0.0838261119761941,-10.196164780975));
#6974=CARTESIAN_POINT('',(0.487522674733512,0.0504702833387043,-10.2060252168852));
#6975=CARTESIAN_POINT('',(0.488661206281254,0.0384410319131451,-10.2084245391844));
#6976=CARTESIAN_POINT('',(0.489672120228277,0.0190548297248565,-10.210692288127));
#6977=CARTESIAN_POINT('',(0.489892506450933,0.0123694314232203,-10.2112263320235));
#6978=CARTESIAN_POINT('',(0.489988771072001,0.00373947091949706,-10.211616546372));
#6979=CARTESIAN_POINT('',(0.489999055491659,0.00199982870997053,-10.2116807222155));
#6980=CARTESIAN_POINT('',(0.489999982379272,0.000158324456403896,-10.2117335650765));
#6981=CARTESIAN_POINT('',(0.49000001702586,7.33581918431718E-5,-10.2117359875272));
#6982=CARTESIAN_POINT('',(0.490000020793454,-8.54407161627299E-6,-10.2117382796328));
#6983=CARTESIAN_POINT('',(0.509822319558078,-0.0134611470692918,-10.2119519758233));
#6984=CARTESIAN_POINT('',(0.503157975511567,-0.0132851843625037,-10.2119519758233));
#6985=CARTESIAN_POINT('',(0.496493631465057,-0.0131092216557155,-10.2119519758233));
#6986=CARTESIAN_POINT('',(0.489829287418546,-0.0129332589489274,-10.2119519758233));
#6987=CARTESIAN_POINT('',(0.,0.,-10.2119519758233));
#6988=CARTESIAN_POINT('',(0.362359692932387,-0.358880833896082,-10.2119519758233));
#6989=CARTESIAN_POINT('',(0.362359692932387,-0.358880833896082,-10.162561231883));
#6990=CARTESIAN_POINT('',(0.362359692932387,-0.358880833896082,-10.1131704879427));
#6991=CARTESIAN_POINT('',(0.,0.,-10.1131704879427));
#6992=CARTESIAN_POINT('',(0.507561895199518,-0.0498088600700135,-10.1131704879427));
#6993=CARTESIAN_POINT('',(0.487657507152478,-0.0478555714398169,-10.1131704879427));
#6994=CARTESIAN_POINT('',(0.507561895199518,-0.0498088600700135,-10.1131704879427));
#6995=CARTESIAN_POINT('',(0.509766594435698,-0.0273425494359714,-10.1128001543217));
#6996=CARTESIAN_POINT('',(0.509973556682164,-0.0111224783425977,-10.1120678519097));
#6997=CARTESIAN_POINT('',(0.510004581088827,0.00117191974200774,-10.1106994696853));
#6998=CARTESIAN_POINT('',(0.509970939775227,0.00697833772013241,-10.1099169443231));
#6999=CARTESIAN_POINT('',(0.509776763105461,0.0157069542013178,-10.1083569519463));
#7000=CARTESIAN_POINT('',(0.509630517527144,0.0197724804961956,-10.107461514481));
#7001=CARTESIAN_POINT('',(0.509108464672393,0.0310714132080678,-10.1044288782542));
#7002=CARTESIAN_POINT('',(0.508715492542256,0.0367976716592745,-10.1023397098938));
#7003=CARTESIAN_POINT('',(0.506988280366051,0.0569646165587776,-10.0907642170335));
#7004=CARTESIAN_POINT('',(0.505458889865674,0.068291075794496,-10.0778094804665));
#7005=CARTESIAN_POINT('',(0.503853179011183,0.0790257179320599,-10.0565373331744));
#7006=CARTESIAN_POINT('',(0.503435332639462,0.0815772469696682,-10.0491199005607));
#7007=CARTESIAN_POINT('',(0.502977355651185,0.0843549706602871,-10.0355865401584));
#7008=CARTESIAN_POINT('',(0.502831485338506,0.0852091738564467,-10.0272941071156));
#7009=CARTESIAN_POINT('',(0.502776895281151,0.0855300740760072,-10.0174759215584));
#7010=CARTESIAN_POINT('',(0.487657507152478,-0.0478555714398169,-10.1131704879427));
#7011=CARTESIAN_POINT('',(0.489775747576513,-0.0262702927845713,-10.112800154325));
#7012=CARTESIAN_POINT('',(0.48997459367502,-0.0106863027213193,-10.1120678519097));
#7013=CARTESIAN_POINT('',(0.490004401438285,0.00112596210506626,-10.1106994696853));
#7014=CARTESIAN_POINT('',(0.489972079391885,0.00670467741738212,-10.1099169443231));
#7015=CARTESIAN_POINT('',(0.489785517493483,0.0150909952130308,-10.1083569519463));
#7016=CARTESIAN_POINT('',(0.489645007035884,0.018997089104188,-10.107461514481));
#7017=CARTESIAN_POINT('',(0.489143426842103,0.0298529264155945,-10.1044288782542));
#7018=CARTESIAN_POINT('',(0.488765865383736,0.0353546257118519,-10.1023397098938));
#7019=CARTESIAN_POINT('',(0.487106387018363,0.0547307100270609,-10.0907642170335));
#7020=CARTESIAN_POINT('',(0.48563697261604,0.0656129943907902,-10.0778094804665));
#7021=CARTESIAN_POINT('',(0.484094230814666,0.0759266701700183,-10.0565373331744));
#7022=CARTESIAN_POINT('',(0.48369277057517,0.0783781392453675,-10.0491199005607));
#7023=CARTESIAN_POINT('',(0.483252753468785,0.0810469325951778,-10.0355865401584));
#7024=CARTESIAN_POINT('',(0.48311260356057,0.081867637626519,-10.027294107124));
#7025=CARTESIAN_POINT('',(0.483060154289733,0.0821759535240069,-10.0174759215584));
#7026=CARTESIAN_POINT('',(0.489999257303146,-3.46067177912964E-7,-10.1108222532661));
#7027=CARTESIAN_POINT('',(0.48999357919055,0.00273646404275779,-10.1104694182087));
#7028=CARTESIAN_POINT('',(0.489958364488092,0.00732118884186833,-10.1098022631071));
#7029=CARTESIAN_POINT('',(0.489785517493483,0.0150909952130308,-10.1083569519463));
#7030=CARTESIAN_POINT('',(0.489645007035884,0.018997089104188,-10.107461514481));
#7031=CARTESIAN_POINT('',(0.489143426842103,0.0298529264155945,-10.1044288782542));
#7032=CARTESIAN_POINT('',(0.488765865383736,0.0353546257118519,-10.1023397098938));
#7033=CARTESIAN_POINT('',(0.487106387018363,0.0547307100270609,-10.0907642170335));
#7034=CARTESIAN_POINT('',(0.48563697261604,0.0656129943907902,-10.0778094804665));
#7035=CARTESIAN_POINT('',(0.484094230814666,0.0759266701700183,-10.0565373331744));
#7036=CARTESIAN_POINT('',(0.48369277057517,0.0783781392453675,-10.0491199005607));
#7037=CARTESIAN_POINT('',(0.483252753468785,0.0810469325951778,-10.0355865401584));
#7038=CARTESIAN_POINT('',(0.48311260356057,0.081867637626519,-10.027294107124));
#7039=CARTESIAN_POINT('',(0.483060154289733,0.0821759535240069,-10.0174759215584));
#7040=CARTESIAN_POINT('',(0.483060520377873,0.0821760158012238,-10.0174759215584));
#7041=CARTESIAN_POINT('',(0.502776895281151,0.0855300740760072,-10.0174759215584));
#7042=CARTESIAN_POINT('',(0.483060154289733,0.0821759535240069,-10.0174759215584));
#7043=CARTESIAN_POINT('',(0.502776895281151,0.0855300740760072,-10.0174759215584));
#7044=CARTESIAN_POINT('',(0.502866018760716,0.0850061738358083,-9.99478924617918));
#7045=CARTESIAN_POINT('',(0.503643531956179,0.0806908404336133,-9.97484656667429));
#7046=CARTESIAN_POINT('',(0.505400526428797,0.0684635862213588,-9.94904860875809));
#7047=CARTESIAN_POINT('',(0.50607655016364,0.0634275181594114,-9.94113529592456));
#7048=CARTESIAN_POINT('',(0.507437475401988,0.0514172465525977,-9.92668068320124));
#7049=CARTESIAN_POINT('',(0.5081873793832,0.0435367576600798,-9.91947210002084));
#7050=CARTESIAN_POINT('',(0.509197935084744,0.0294503775417089,-9.90909607976626));
#7051=CARTESIAN_POINT('',(0.509654421782715,0.0211056237759747,-9.90452770380569));
#7052=CARTESIAN_POINT('',(0.509979615928591,0.00663781490691827,-9.89860459111492));
#7053=CARTESIAN_POINT('',(0.510013171175477,0.00103812670724574,-9.89666223688462));
#7054=CARTESIAN_POINT('',(0.509971769231247,-0.00658081048798591,-9.89434150571289));
#7055=CARTESIAN_POINT('',(0.50990730226114,-0.0106165713211194,-9.89328616250444));
#7056=CARTESIAN_POINT('',(0.509285602597368,-0.031919755021498,-9.88853455834933));
#7057=CARTESIAN_POINT('',(0.507864501874265,-0.0525777867593046,-9.88641380108801));
#7058=CARTESIAN_POINT('',(0.504213477529149,-0.076607891747281,-9.88597306581733));
#7059=CARTESIAN_POINT('',(0.483060154289733,0.0821759535240069,-10.0174759215584));
#7060=CARTESIAN_POINT('',(0.483145782735237,0.0816725983656778,-9.99478924502586));
#7061=CARTESIAN_POINT('',(0.483892805212799,0.0775264937499422,-9.97484656667429));
#7062=CARTESIAN_POINT('',(0.485580897941393,0.0657787397028741,-9.94904860875809));
#7063=CARTESIAN_POINT('',(0.486230410941537,0.0609401645061012,-9.94113529592456));
#7064=CARTESIAN_POINT('',(0.487537966562695,0.0494008839426919,-9.92668068320124));
#7065=CARTESIAN_POINT('',(0.488258462544643,0.0418294338302728,-9.91947210002084));
#7066=CARTESIAN_POINT('',(0.489229388610833,0.0282954607753673,-9.90909607976626));
#7067=CARTESIAN_POINT('',(0.489667973869668,0.0202779522553482,-9.90452770380569));
#7068=CARTESIAN_POINT('',(0.489980415303941,0.0063775084399803,-9.89860459111492));
#7069=CARTESIAN_POINT('',(0.490012654658792,0.000997415855981201,-9.89666223688462));
#7070=CARTESIAN_POINT('',(0.489972876320218,-0.00632273948845705,-9.89434150571289));
#7071=CARTESIAN_POINT('',(0.489910937466586,-0.0102002351908795,-9.89328616250444));
#7072=CARTESIAN_POINT('',(0.489313618181785,-0.0306679999226157,-9.88853455834933));
#7073=CARTESIAN_POINT('',(0.487948246862189,-0.0505159130097296,-9.88641380108342));
#7074=CARTESIAN_POINT('',(0.484440399978986,-0.073603660698368,-9.88597306581733));
#7075=CARTESIAN_POINT('',(0.483060154289733,0.0821759535240069,-10.0174759215584));
#7076=CARTESIAN_POINT('',(0.483145782735237,0.0816725983656778,-9.99478924502586));
#7077=CARTESIAN_POINT('',(0.483892805212799,0.0775264937499422,-9.97484656667429));
#7078=CARTESIAN_POINT('',(0.485580897941393,0.0657787397028741,-9.94904860875809));
#7079=CARTESIAN_POINT('',(0.486230410941537,0.0609401645061012,-9.94113529592456));
#7080=CARTESIAN_POINT('',(0.487537966562695,0.0494008839426919,-9.92668068320124));
#7081=CARTESIAN_POINT('',(0.488258462544643,0.0418294338302728,-9.91947210002084));
#7082=CARTESIAN_POINT('',(0.489229388610833,0.0282954607753673,-9.90909607976626));
#7083=CARTESIAN_POINT('',(0.489667973869668,0.0202779522553482,-9.90452770380569));
#7084=CARTESIAN_POINT('',(0.48995735929056,0.00740326489685719,-9.89904167579855));
#7085=CARTESIAN_POINT('',(0.489994856301051,0.00334290673246181,-9.89752379969975));
#7086=CARTESIAN_POINT('',(0.489999047877878,-5.17866250938489E-6,-9.89637770182313));
#7087=CARTESIAN_POINT('',(0.504213477529149,-0.0766078917472811,-9.88597306581732));
#7088=CARTESIAN_POINT('',(0.497622451679094,-0.0756064813976434,-9.88597306581732));
#7089=CARTESIAN_POINT('',(0.49103142582904,-0.0746050710480058,-9.88597306581732));
#7090=CARTESIAN_POINT('',(0.484440399978986,-0.0736036606983681,-9.88597306581732));
#7091=CARTESIAN_POINT('',(0.,0.,-9.88597306581732));
#7092=CARTESIAN_POINT('',(0.362359692932387,-0.358880833896082,-9.88597306581732));
#7093=CARTESIAN_POINT('',(0.362359692932387,-0.358880833896082,-9.83658232187702));
#7094=CARTESIAN_POINT('',(0.362359692932387,-0.358880833896082,-9.78719157793672));
#7095=CARTESIAN_POINT('',(0.,0.,-9.78719157793672));
#7096=CARTESIAN_POINT('',(0.508514907261498,-0.0388920183692037,-9.78719157793672));
#7097=CARTESIAN_POINT('',(0.48857314619242,-0.0373668411782545,-9.78719157793672));
#7098=CARTESIAN_POINT('',(0.508514907261498,-0.0388920183692037,-9.78719157793672));
#7099=CARTESIAN_POINT('',(0.509931137322994,-0.0203747459678133,-9.78705343231599));
#7100=CARTESIAN_POINT('',(0.510188385161151,-0.0103652468149185,-9.78663484397685));
#7101=CARTESIAN_POINT('',(0.509717093699622,0.024251001737837,-9.78041843991232));
#7102=CARTESIAN_POINT('',(0.508663773505093,0.0386628393676109,-9.77523210450383));
#7103=CARTESIAN_POINT('',(0.505252181369415,0.0731767156892812,-9.75343869814968));
#7104=CARTESIAN_POINT('',(0.502877382540714,0.0849393734023062,-9.72992410438307));
#7105=CARTESIAN_POINT('',(0.502776895281151,0.0855300740760072,-9.69242308800126));
#7106=CARTESIAN_POINT('',(0.48857314619242,-0.0373668411782545,-9.78719157793672));
#7107=CARTESIAN_POINT('',(0.489933855162673,-0.0195755095675019,-9.78705343055527));
#7108=CARTESIAN_POINT('',(0.490180997507773,-0.00995876654766681,-9.78663484397685));
#7109=CARTESIAN_POINT('',(0.489728188064342,0.0232999820618434,-9.78041843991232));
#7110=CARTESIAN_POINT('',(0.488716174544108,0.0371466495884889,-9.77523210450383));
#7111=CARTESIAN_POINT('',(0.48543837033532,0.0703070405642114,-9.75343869814968));
#7112=CARTESIAN_POINT('',(0.483156700909612,0.0816084173641561,-9.72992411881769));
#7113=CARTESIAN_POINT('',(0.483060154289733,0.0821759535240069,-9.69242308800126));
#7114=CARTESIAN_POINT('',(0.490010181907877,1.06254496100051E-6,-9.7846647024714));
#7115=CARTESIAN_POINT('',(0.490009077127026,0.00211536816688005,-9.78435058541849));
#7116=CARTESIAN_POINT('',(0.489986553302363,0.00432311524639202,-9.78396541257172));
#7117=CARTESIAN_POINT('',(0.489728188064342,0.0232999820618434,-9.78041843991232));
#7118=CARTESIAN_POINT('',(0.488716174544108,0.0371466495884889,-9.77523210450383));
#7119=CARTESIAN_POINT('',(0.48543837033532,0.0703070405642114,-9.75343869814968));
#7120=CARTESIAN_POINT('',(0.483156700909612,0.0816084173641561,-9.72992411881769));
#7121=CARTESIAN_POINT('',(0.483060154289733,0.0821759535240069,-9.69242308800126));
#7122=CARTESIAN_POINT('',(0.483060154289733,0.0821759535240069,-9.69242308800126));
#7123=CARTESIAN_POINT('',(0.502776895281151,0.0855300740760072,-9.69242308800126));
#7124=CARTESIAN_POINT('',(0.483060154289733,0.0821759535240069,-9.69242308800126));
#7125=CARTESIAN_POINT('',(0.502776895281151,0.0855300740760072,-9.69242308800126));
#7126=CARTESIAN_POINT('',(0.502847561995158,0.085114669419202,-9.67938839255066));
#7127=CARTESIAN_POINT('',(0.50309888249733,0.0836539356030978,-9.66805031402432));
#7128=CARTESIAN_POINT('',(0.503908067888366,0.0786328533690824,-9.64876739457504));
#7129=CARTESIAN_POINT('',(0.504593933836408,0.0742749181513338,-9.6377718283533));
#7130=CARTESIAN_POINT('',(0.506872437440698,0.0575112014000614,-9.60798908492989));
#7131=CARTESIAN_POINT('',(0.508766447777853,0.040637261802094,-9.59217325264593));
#7132=CARTESIAN_POINT('',(0.509778630358963,0.0158245337623029,-9.5792546914262));
#7133=CARTESIAN_POINT('',(0.509914915802377,0.0107051347467991,-9.57697017053205));
#7134=CARTESIAN_POINT('',(0.510027250994485,0.000156558938999378,-9.57299951144334));
#7135=CARTESIAN_POINT('',(0.510003192575479,-0.00388586709310609,-9.57177489148491));
#7136=CARTESIAN_POINT('',(0.509797293766461,-0.0167375287715345,-9.56822557527583));
#7137=CARTESIAN_POINT('',(0.509431265753018,-0.0262672814254115,-9.56625559658029));
#7138=CARTESIAN_POINT('',(0.507162895127823,-0.0576761320337921,-9.56153435682522));
#7139=CARTESIAN_POINT('',(0.504118538106505,-0.0823975204263226,-9.55997178086453));
#7140=CARTESIAN_POINT('',(0.497899406889348,-0.110436319294132,-9.55999415581131));
#7141=CARTESIAN_POINT('',(0.483060154289733,0.0821759535240069,-9.69242308800126));
#7142=CARTESIAN_POINT('',(0.483128049760304,0.0817768392444278,-9.67938839250258));
#7143=CARTESIAN_POINT('',(0.483369514556259,0.0803733891088587,-9.66805031402432));
#7144=CARTESIAN_POINT('',(0.484146967186862,0.0755492120604909,-9.64876739457504));
#7145=CARTESIAN_POINT('',(0.484805936431059,0.0713621762630462,-9.6377718283533));
#7146=CARTESIAN_POINT('',(0.486995086952827,0.0552558601686865,-9.60798908492989));
#7147=CARTESIAN_POINT('',(0.4888148223748,0.039043643692208,-9.59217325264593));
#7148=CARTESIAN_POINT('',(0.489787311521357,0.0152039638108401,-9.5792546914262));
#7149=CARTESIAN_POINT('',(0.489918252437578,0.0102853255410423,-9.57697017053205));
#7150=CARTESIAN_POINT('',(0.490026182328034,0.000150419372764108,-9.57299951144334));
#7151=CARTESIAN_POINT('',(0.490003067376441,-0.0037334801482784,-9.57177489148491));
#7152=CARTESIAN_POINT('',(0.489805243030522,-0.0160811550942194,-9.56822557527583));
#7153=CARTESIAN_POINT('',(0.489453569056822,-0.0252371919577483,-9.56625559658029));
#7154=CARTESIAN_POINT('',(0.487274154142419,-0.0554143229344277,-9.56153435682522));
#7155=CARTESIAN_POINT('',(0.484349183670804,-0.0791662451161702,-9.55997178086453));
#7156=CARTESIAN_POINT('',(0.478373939952511,-0.106105483243382,-9.55999415581131));
#7157=CARTESIAN_POINT('',(0.483060154289733,0.0821759535240069,-9.69242308800126));
#7158=CARTESIAN_POINT('',(0.483128049760304,0.0817768392444278,-9.67938839250258));
#7159=CARTESIAN_POINT('',(0.483369514556259,0.0803733891088587,-9.66805031402432));
#7160=CARTESIAN_POINT('',(0.484146967186862,0.0755492120604909,-9.64876739457504));
#7161=CARTESIAN_POINT('',(0.484805936431059,0.0713621762630462,-9.6377718283533));
#7162=CARTESIAN_POINT('',(0.486995086952827,0.0552558601686865,-9.60798908492989));
#7163=CARTESIAN_POINT('',(0.4888148223748,0.039043643692208,-9.59217325264593));
#7164=CARTESIAN_POINT('',(0.489787311521357,0.0152039638108401,-9.5792546914262));
#7165=CARTESIAN_POINT('',(0.489918252437578,0.0102853255410423,-9.57697017053205));
#7166=CARTESIAN_POINT('',(0.489992205399533,0.0033409440808943,-9.57424949696069));
#7167=CARTESIAN_POINT('',(0.490001618984185,0.00162638497723406,-9.57361851311289));
#7168=CARTESIAN_POINT('',(0.490001099325191,7.51640973818526E-7,-9.57305974068758));
#7169=CARTESIAN_POINT('',(0.497899406889348,-0.110436319294132,-9.55999415581131));
#7170=CARTESIAN_POINT('',(0.491390917910403,-0.108992707277215,-9.55999415581131));
#7171=CARTESIAN_POINT('',(0.484882428931457,-0.107549095260299,-9.55999415581131));
#7172=CARTESIAN_POINT('',(0.478373939952511,-0.106105483243382,-9.55999415581131));
#7173=CARTESIAN_POINT('',(0.,0.,-9.55999415581131));
#7174=CARTESIAN_POINT('',(0.362359692932387,-0.358880833896082,-9.55999415581131));
#7175=CARTESIAN_POINT('',(0.362359692932387,-0.358880833896082,-9.51060341187101));
#7176=CARTESIAN_POINT('',(0.362359692932387,-0.358880833896082,-9.46121266793071));
#7177=CARTESIAN_POINT('',(0.,0.,0.));
#7178=CARTESIAN_POINT('',(0.,0.,-9.46121266793071));
#7179=CARTESIAN_POINT('',(0.,0.,-9.46121266793071));
#7180=CARTESIAN_POINT('',(0.454544498270663,-0.231277536937489,-10.8299536593764));
#7181=CARTESIAN_POINT('',(0.429407461840366,-0.280680958313898,-10.8130988356854));
#7182=CARTESIAN_POINT('',(0.403236778948418,-0.313501887053706,-10.7843006704471));
#7183=CARTESIAN_POINT('',(0.366509471953672,-0.3557444870285,-10.7026001481792));
#7184=CARTESIAN_POINT('',(0.355817782211647,-0.365368509326305,-10.6497337897747));
#7185=CARTESIAN_POINT('',(0.355341025272389,-0.365831594806091,-10.5848520925726));
#7186=CARTESIAN_POINT('',(0.436719223828676,-0.222207829606607,-10.8299536593764));
#7187=CARTESIAN_POINT('',(0.412568317171431,-0.269673147227429,-10.8130990894635));
#7188=CARTESIAN_POINT('',(0.387423571930833,-0.301207695404541,-10.7843006704471));
#7189=CARTESIAN_POINT('',(0.3521365514849,-0.341793722831304,-10.7026001481792));
#7190=CARTESIAN_POINT('',(0.341864143830779,-0.351040332356679,-10.6497338092134));
#7191=CARTESIAN_POINT('',(0.341406083104845,-0.351485257754871,-10.5848520925726));
#7192=CARTESIAN_POINT('',(0.454544498270663,-0.231277536937489,-10.8299536593764));
#7193=CARTESIAN_POINT('',(0.436719223828676,-0.222207829606607,-10.8299536593764));
#7194=CARTESIAN_POINT('',(0.355341025272389,-0.365831594806091,-10.5848520925726));
#7195=CARTESIAN_POINT('',(0.341406083104845,-0.351485257754871,-10.5848520925726));
#7196=CARTESIAN_POINT('',(0.355341025272389,-0.365831594806091,-10.5848520925726));
#7197=CARTESIAN_POINT('',(0.355709697176546,-0.365473494920045,-10.5629819669497));
#7198=CARTESIAN_POINT('',(0.356800342096853,-0.364417177738751,-10.5441913290646));
#7199=CARTESIAN_POINT('',(0.359490951918813,-0.361756612070025,-10.5206246058491));
#7200=CARTESIAN_POINT('',(0.360896667023433,-0.360359799683961,-10.5110977746423));
#7201=CARTESIAN_POINT('',(0.364222130831704,-0.356998359813179,-10.4931348167698));
#7202=CARTESIAN_POINT('',(0.366015877911491,-0.355166947330979,-10.4850343248824));
#7203=CARTESIAN_POINT('',(0.372955030037003,-0.347921369003112,-10.4588164543792));
#7204=CARTESIAN_POINT('',(0.37877121852426,-0.341672482195083,-10.4425537717095));
#7205=CARTESIAN_POINT('',(0.392358427361168,-0.325979425041478,-10.4124602017017));
#7206=CARTESIAN_POINT('',(0.400627302495162,-0.315868740772388,-10.3978855900409));
#7207=CARTESIAN_POINT('',(0.416476975027452,-0.294656115113308,-10.3741430593415));
#7208=CARTESIAN_POINT('',(0.424847656752884,-0.282600757380368,-10.3638448279632));
#7209=CARTESIAN_POINT('',(0.437570422637247,-0.262100753743966,-10.3507570318528));
#7210=CARTESIAN_POINT('',(0.441837725655242,-0.254864766685293,-10.3467876916422));
#7211=CARTESIAN_POINT('',(0.448202304495003,-0.2433800536667,-10.3414235690655));
#7212=CARTESIAN_POINT('',(0.450317673821613,-0.239446730845672,-10.3397338428299));
#7213=CARTESIAN_POINT('',(0.454522297064282,-0.231365999533633,-10.3365510196049));
#7214=CARTESIAN_POINT('',(0.457045647872622,-0.22632556017254,-10.3347652707346));
#7215=CARTESIAN_POINT('',(0.471758971226913,-0.196057166094267,-10.3248460963703));
#7216=CARTESIAN_POINT('',(0.485478220860386,-0.162068536420412,-10.3200848554416));
#7217=CARTESIAN_POINT('',(0.495630759463668,-0.120208777855313,-10.3193768438935));
#7218=CARTESIAN_POINT('',(0.341406083104845,-0.351485257754871,-10.5848520925726));
#7219=CARTESIAN_POINT('',(0.341760297287824,-0.351141201001073,-10.5629819669155));
#7220=CARTESIAN_POINT('',(0.342808171818545,-0.350126308023506,-10.5441913290646));
#7221=CARTESIAN_POINT('',(0.34539326752984,-0.347570078263358,-10.5206246058491));
#7222=CARTESIAN_POINT('',(0.346743856551926,-0.346228042833609,-10.5110977746423));
#7223=CARTESIAN_POINT('',(0.349938910014774,-0.342998424134231,-10.4931348167698));
#7224=CARTESIAN_POINT('',(0.351662314071824,-0.341238831749372,-10.4850343248824));
#7225=CARTESIAN_POINT('',(0.358329342584571,-0.334277393748088,-10.4588164543792));
#7226=CARTESIAN_POINT('',(0.363917445248798,-0.328273561324687,-10.4425537717095));
#7227=CARTESIAN_POINT('',(0.376971822366613,-0.313195918177106,-10.4124602017017));
#7228=CARTESIAN_POINT('',(0.384916427887508,-0.303481731330334,-10.3978855900409));
#7229=CARTESIAN_POINT('',(0.400144544634218,-0.283100973344159,-10.3741430593415));
#7230=CARTESIAN_POINT('',(0.408186964331202,-0.271518374738001,-10.3638448279632));
#7231=CARTESIAN_POINT('',(0.4204107982201,-0.25182229281283,-10.3507570318528));
#7232=CARTESIAN_POINT('',(0.424510756021703,-0.244870069952536,-10.3467876916422));
#7233=CARTESIAN_POINT('',(0.430625743534414,-0.233835737836633,-10.3414235690655));
#7234=CARTESIAN_POINT('',(0.432658157201157,-0.230056662969371,-10.3397338428299));
#7235=CARTESIAN_POINT('',(0.436697893257839,-0.222292823081333,-10.3365510196049));
#7236=CARTESIAN_POINT('',(0.439122289132519,-0.217450048008911,-10.3347652707346));
#7237=CARTESIAN_POINT('',(0.453258619414093,-0.188368649776845,-10.3248460963703));
#7238=CARTESIAN_POINT('',(0.466439859523937,-0.155712906444775,-10.3200848554223));
#7239=CARTESIAN_POINT('',(0.476194259092544,-0.115494708135497,-10.3193768438935));
#7240=CARTESIAN_POINT('',(0.495630759463668,-0.120208777855313,-10.3193768438935));
#7241=CARTESIAN_POINT('',(0.476194259092544,-0.115494708135497,-10.3193768438935));
#7242=CARTESIAN_POINT('',(0.495630759463668,-0.120208777855313,-10.3193768438935));
#7243=CARTESIAN_POINT('',(0.500998767252336,-0.0980760365982106,-10.3197412303827));
#7244=CARTESIAN_POINT('',(0.504035860866941,-0.0792590423258829,-10.320820752294));
#7245=CARTESIAN_POINT('',(0.506919731568149,-0.0564882461619176,-10.3235133143594));
#7246=CARTESIAN_POINT('',(0.507905336409135,-0.0470724025622382,-10.3249782459736));
#7247=CARTESIAN_POINT('',(0.509266493363215,-0.0288319366916666,-10.3285103696055));
#7248=CARTESIAN_POINT('',(0.509678549879327,-0.0202312829038354,-10.3304954178846));
#7249=CARTESIAN_POINT('',(0.510273643007799,0.00685020522780182,-10.3378944049979));
#7250=CARTESIAN_POINT('',(0.509647891391699,0.0251411885916921,-10.3447620490762));
#7251=CARTESIAN_POINT('',(0.507625588977212,0.0498450053314364,-10.357344343275));
#7252=CARTESIAN_POINT('',(0.506778857498183,0.0577312665191302,-10.3619369293014));
#7253=CARTESIAN_POINT('',(0.504834539932969,0.0727997035140546,-10.3719190772741));
#7254=CARTESIAN_POINT('',(0.503812223281917,0.0795462733314721,-10.3769394398543));
#7255=CARTESIAN_POINT('',(0.497536800848292,0.115874875053792,-10.4077256862182));
#7256=CARTESIAN_POINT('',(0.491334157191088,0.13749182671547,-10.4376335377199));
#7257=CARTESIAN_POINT('',(0.485913880655023,0.154922655263978,-10.4794771545546));
#7258=CARTESIAN_POINT('',(0.484933027750158,0.157947116265281,-10.4880880376024));
#7259=CARTESIAN_POINT('',(0.483654581897037,0.161802591588843,-10.5013676016954));
#7260=CARTESIAN_POINT('',(0.483260450666804,0.162974192132984,-10.5058546629799));
#7261=CARTESIAN_POINT('',(0.482720951525572,0.164562436717093,-10.5126760647871));
#7262=CARTESIAN_POINT('',(0.482549727310466,0.165063657013357,-10.5149650003695));
#7263=CARTESIAN_POINT('',(0.482225019478125,0.166009881583448,-10.5195731414945));
#7264=CARTESIAN_POINT('',(0.482034511512956,0.166561812447043,-10.5224909521699));
#7265=CARTESIAN_POINT('',(0.481068298458352,0.169352242824628,-10.5381125706771));
#7266=CARTESIAN_POINT('',(0.480524482447906,0.170870071563058,-10.5565717840563));
#7267=CARTESIAN_POINT('',(0.480322909910008,0.171434833728688,-10.579604326029));
#7268=CARTESIAN_POINT('',(0.476194259092544,-0.115494708135497,-10.3193768438935));
#7269=CARTESIAN_POINT('',(0.481351756733226,-0.0942299176751875,-10.31974123038));
#7270=CARTESIAN_POINT('',(0.484269748676081,-0.076150844587613,-10.320820752294));
#7271=CARTESIAN_POINT('',(0.487040526408614,-0.0542730208222346,-10.3235133143594));
#7272=CARTESIAN_POINT('',(0.487987480079365,-0.04522642599117,-10.3249782459736));
#7273=CARTESIAN_POINT('',(0.489295258329363,-0.0277012725076797,-10.3285103696055));
#7274=CARTESIAN_POINT('',(0.489691155766412,-0.0194378992605478,-10.3304954178846));
#7275=CARTESIAN_POINT('',(0.490262911909454,0.00658156972867234,-10.3378944049979));
#7276=CARTESIAN_POINT('',(0.489661699572416,0.024155259627312,-10.3447620490762));
#7277=CARTESIAN_POINT('',(0.487718703134968,0.0478902992400076,-10.357344343275));
#7278=CARTESIAN_POINT('',(0.48690517681198,0.0554672952830858,-10.3619369293014));
#7279=CARTESIAN_POINT('',(0.485037106994421,0.0699448131801701,-10.3719190772741));
#7280=CARTESIAN_POINT('',(0.48405488119243,0.0764268116321987,-10.3769394398543));
#7281=CARTESIAN_POINT('',(0.478025553756202,0.111330762306585,-10.4077256862182));
#7282=CARTESIAN_POINT('',(0.472066151026732,0.132099990373687,-10.4376335377199));
#7283=CARTESIAN_POINT('',(0.466858434354826,0.148847257018332,-10.4794771545546));
#7284=CARTESIAN_POINT('',(0.46591604626976,0.151753111705858,-10.4880880376024));
#7285=CARTESIAN_POINT('',(0.464687735548134,0.155457391918692,-10.5013676016954));
#7286=CARTESIAN_POINT('',(0.464309060444577,0.156583047343455,-10.5058546629799));
#7287=CARTESIAN_POINT('',(0.463790718132412,0.158109007826226,-10.5126760647871));
#7288=CARTESIAN_POINT('',(0.463626208592409,0.158590572424598,-10.5149650003695));
#7289=CARTESIAN_POINT('',(0.463314234400552,0.159499690148803,-10.5195731414945));
#7290=CARTESIAN_POINT('',(0.463131197335977,0.160029976664806,-10.5224909521699));
#7291=CARTESIAN_POINT('',(0.462202874989397,0.162710978400132,-10.5381125706771));
#7292=CARTESIAN_POINT('',(0.461680385097367,0.164169284441932,-10.5565717840135));
#7293=CARTESIAN_POINT('',(0.461486717364517,0.164711899072661,-10.579604326029));
#7294=CARTESIAN_POINT('',(0.48999736940329,-1.49264406353495E-6,-10.33625831793));
#7295=CARTESIAN_POINT('',(0.489984895735819,0.0137675633381,-10.3407967073642));
#7296=CARTESIAN_POINT('',(0.489394112219685,0.0274240234266286,-10.3464948689265));
#7297=CARTESIAN_POINT('',(0.487718703134968,0.0478902992400076,-10.357344343275));
#7298=CARTESIAN_POINT('',(0.48690517681198,0.0554672952830858,-10.3619369293014));
#7299=CARTESIAN_POINT('',(0.485037106994421,0.0699448131801701,-10.3719190772741));
#7300=CARTESIAN_POINT('',(0.48405488119243,0.0764268116321987,-10.3769394398543));
#7301=CARTESIAN_POINT('',(0.478025553756202,0.111330762306585,-10.4077256862182));
#7302=CARTESIAN_POINT('',(0.472066151026732,0.132099990373687,-10.4376335377199));
#7303=CARTESIAN_POINT('',(0.466858434354826,0.148847257018332,-10.4794771545546));
#7304=CARTESIAN_POINT('',(0.46591604626976,0.151753111705858,-10.4880880376024));
#7305=CARTESIAN_POINT('',(0.464687735548134,0.155457391918692,-10.5013676016954));
#7306=CARTESIAN_POINT('',(0.464309060444577,0.156583047343455,-10.5058546629799));
#7307=CARTESIAN_POINT('',(0.463790718132412,0.158109007826226,-10.5126760647871));
#7308=CARTESIAN_POINT('',(0.463626208592409,0.158590572424598,-10.5149650003695));
#7309=CARTESIAN_POINT('',(0.463314234400552,0.159499690148803,-10.5195731414945));
#7310=CARTESIAN_POINT('',(0.463131197335977,0.160029976664806,-10.5224909521699));
#7311=CARTESIAN_POINT('',(0.462202874989397,0.162710978400132,-10.5381125706771));
#7312=CARTESIAN_POINT('',(0.461680385097367,0.164169284441932,-10.5565717840135));
#7313=CARTESIAN_POINT('',(0.461486717364517,0.164711899072661,-10.579604326029));
#7314=CARTESIAN_POINT('',(0.461486717364517,0.164711899072661,-10.579604326029));
#7315=CARTESIAN_POINT('',(0.480322909910008,0.171434833728688,-10.579604326029));
#7316=CARTESIAN_POINT('',(0.461486717364517,0.164711899072661,-10.579604326029));
#7317=CARTESIAN_POINT('',(0.480322909910008,0.171434833728688,-10.579604326029));
#7318=CARTESIAN_POINT('',(0.480505491031674,0.170923281357761,-10.6007289107631));
#7319=CARTESIAN_POINT('',(0.481088946548181,0.169298237547933,-10.619126934926));
#7320=CARTESIAN_POINT('',(0.482514368772928,0.165172639561103,-10.6426341269487));
#7321=CARTESIAN_POINT('',(0.483228723710516,0.163086303848442,-10.6518262334392));
#7322=CARTESIAN_POINT('',(0.484911308569572,0.158013179017403,-10.6692405420108));
#7323=CARTESIAN_POINT('',(0.485840891488072,0.155153443745837,-10.6773099836637));
#7324=CARTESIAN_POINT('',(0.489172834983138,0.144449954333762,-10.702243498946));
#7325=CARTESIAN_POINT('',(0.491761929902346,0.135609516745887,-10.7176902525818));
#7326=CARTESIAN_POINT('',(0.495784908967017,0.119696525529778,-10.7390969982069));
#7327=CARTESIAN_POINT('',(0.497147415095767,0.113950093731543,-10.7459386826105));
#7328=CARTESIAN_POINT('',(0.499825846479656,0.101559339249158,-10.7590342564748));
#7329=CARTESIAN_POINT('',(0.501218198741238,0.0944777241818896,-10.7656552529851));
#7330=CARTESIAN_POINT('',(0.504711184099487,0.0744950542579509,-10.7824339078042));
#7331=CARTESIAN_POINT('',(0.506743414847872,0.0597717990612605,-10.7920857167421));
#7332=CARTESIAN_POINT('',(0.509512338272434,0.0275451194017857,-10.8083214127348));
#7333=CARTESIAN_POINT('',(0.51020167238899,0.00905805144193405,-10.8151029440928));
#7334=CARTESIAN_POINT('',(0.509807275985869,-0.016385666082884,-10.8220321251276));
#7335=CARTESIAN_POINT('',(0.509459399693016,-0.0251912716734215,-10.8240587617648));
#7336=CARTESIAN_POINT('',(0.508537466668639,-0.0388653447207999,-10.8266740811588));
#7337=CARTESIAN_POINT('',(0.508114793569776,-0.04396747314105,-10.8275481282786));
#7338=CARTESIAN_POINT('',(0.507420879853636,-0.0513598367153541,-10.8286873293103));
#7339=CARTESIAN_POINT('',(0.507018027955875,-0.0552185995116372,-10.8292086477507));
#7340=CARTESIAN_POINT('',(0.504667956516138,-0.0753143023235477,-10.8315738295754));
#7341=CARTESIAN_POINT('',(0.501730705944642,-0.0939689452231032,-10.8326933685169));
#7342=CARTESIAN_POINT('',(0.496876228184128,-0.11495222427389,-10.8330405808727));
#7343=CARTESIAN_POINT('',(0.461486717364517,0.164711899072661,-10.579604326029));
#7344=CARTESIAN_POINT('',(0.461662138442674,0.164220407577688,-10.6007289108206));
#7345=CARTESIAN_POINT('',(0.462222713350213,0.162659090977426,-10.619126934926));
#7346=CARTESIAN_POINT('',(0.463592236664186,0.158695281146943,-10.6426341269487));
#7347=CARTESIAN_POINT('',(0.464278577682652,0.156690762521053,-10.6518262334392));
#7348=CARTESIAN_POINT('',(0.465895178821745,0.151816583761819,-10.6692405420108));
#7349=CARTESIAN_POINT('',(0.466788307508148,0.14906899497149,-10.6773099836637));
#7350=CARTESIAN_POINT('',(0.469989586552427,0.138785250242242,-10.702243498946));
#7351=CARTESIAN_POINT('',(0.472477148337548,0.130291496481343,-10.7176902525818));
#7352=CARTESIAN_POINT('',(0.47634236351733,0.115002544136453,-10.7390969982069));
#7353=CARTESIAN_POINT('',(0.477651438033188,0.109481462604816,-10.7459386826105));
#7354=CARTESIAN_POINT('',(0.480224832892219,0.0975766200629168,-10.7590342564748));
#7355=CARTESIAN_POINT('',(0.481562583104327,0.0907727153904429,-10.7656552529851));
#7356=CARTESIAN_POINT('',(0.484918588644605,0.0715736795811685,-10.7824339078042));
#7357=CARTESIAN_POINT('',(0.486871124069524,0.0574278069412111,-10.7920857167421));
#7358=CARTESIAN_POINT('',(0.48953146226175,0.0264649186409314,-10.8083214127348));
#7359=CARTESIAN_POINT('',(0.490193763667854,0.00870283373832879,-10.8151029440928));
#7360=CARTESIAN_POINT('',(0.489814833790345,-0.0157430909423787,-10.8220321251276));
#7361=CARTESIAN_POINT('',(0.489480599705054,-0.0242033786666207,-10.8240587617648));
#7362=CARTESIAN_POINT('',(0.488594820916927,-0.0373412135552783,-10.8266740811588));
#7363=CARTESIAN_POINT('',(0.488188723233707,-0.0422432585080676,-10.8275481282786));
#7364=CARTESIAN_POINT('',(0.48752202182016,-0.0493457254716148,-10.8286873293103));
#7365=CARTESIAN_POINT('',(0.487134968036037,-0.053053164236671,-10.8292086477507));
#7366=CARTESIAN_POINT('',(0.484877056260603,-0.0723608002716438,-10.8315738295754));
#7367=CARTESIAN_POINT('',(0.4820549919589,-0.0902838886649478,-10.8326933685189));
#7368=CARTESIAN_POINT('',(0.477390885902398,-0.110444293910208,-10.8330405808727));
#7369=CARTESIAN_POINT('',(0.461486717364517,0.164711899072661,-10.579604326029));
#7370=CARTESIAN_POINT('',(0.461662138442674,0.164220407577688,-10.6007289108206));
#7371=CARTESIAN_POINT('',(0.462222713350213,0.162659090977426,-10.619126934926));
#7372=CARTESIAN_POINT('',(0.463592236664186,0.158695281146943,-10.6426341269487));
#7373=CARTESIAN_POINT('',(0.464278577682652,0.156690762521053,-10.6518262334392));
#7374=CARTESIAN_POINT('',(0.465895178821745,0.151816583761819,-10.6692405420108));
#7375=CARTESIAN_POINT('',(0.466788307508148,0.14906899497149,-10.6773099836637));
#7376=CARTESIAN_POINT('',(0.469989586552427,0.138785250242242,-10.702243498946));
#7377=CARTESIAN_POINT('',(0.472477148337548,0.130291496481343,-10.7176902525818));
#7378=CARTESIAN_POINT('',(0.47634236351733,0.115002544136453,-10.7390969982069));
#7379=CARTESIAN_POINT('',(0.477651438033188,0.109481462604816,-10.7459386826105));
#7380=CARTESIAN_POINT('',(0.480224832892219,0.0975766200629168,-10.7590342564748));
#7381=CARTESIAN_POINT('',(0.481562583104327,0.0907727153904429,-10.7656552529851));
#7382=CARTESIAN_POINT('',(0.484918588644605,0.0715736795811685,-10.7824339078042));
#7383=CARTESIAN_POINT('',(0.486871124069524,0.0574278069412111,-10.7920857167421));
#7384=CARTESIAN_POINT('',(0.489327472946856,0.0288390898609566,-10.8070764926295));
#7385=CARTESIAN_POINT('',(0.489974921036295,0.0140970395309136,-10.8129915404874));
#7386=CARTESIAN_POINT('',(0.489996852794238,-4.75173941476871E-6,-10.8174539748099));
#7387=CARTESIAN_POINT('',(0.496876228184128,-0.11495222427389,-10.8330405808727));
#7388=CARTESIAN_POINT('',(0.477390885902398,-0.110444293910208,-10.8330405808727));
#7389=CARTESIAN_POINT('',(0.496876228184128,-0.11495222427389,-10.8330405808727));
#7390=CARTESIAN_POINT('',(0.494974425454755,-0.12317268780028,-10.8328862347692));
#7391=CARTESIAN_POINT('',(0.492868579682999,-0.13134594030831,-10.8327318887517));
#7392=CARTESIAN_POINT('',(0.490561281358814,-0.139461927534358,-10.8325775426482));
#7393=CARTESIAN_POINT('',(0.477390885902398,-0.110444293910208,-10.8330405808727));
#7394=CARTESIAN_POINT('',(0.475563663672226,-0.118342386317875,-10.8328862347692));
#7395=CARTESIAN_POINT('',(0.473540400087576,-0.126195119119789,-10.8327318887517));
#7396=CARTESIAN_POINT('',(0.471323584050626,-0.133992832336932,-10.8325775426482));
#7397=CARTESIAN_POINT('',(0.490561281358814,-0.139461927534358,-10.8325775426482));
#7398=CARTESIAN_POINT('',(0.484148715589418,-0.137638895801883,-10.8325775426482));
#7399=CARTESIAN_POINT('',(0.477736149820022,-0.135815864069408,-10.8325775426482));
#7400=CARTESIAN_POINT('',(0.471323584050626,-0.133992832336932,-10.8325775426482));
#7401=CARTESIAN_POINT('',(0.490561281358814,-0.139461927534358,-10.6253679372112));
#7402=CARTESIAN_POINT('',(0.490561281358814,-0.139461927534358,-10.4181583317741));
#7403=CARTESIAN_POINT('',(0.471323584050626,-0.133992832336932,-10.4181583317741));
#7404=CARTESIAN_POINT('',(0.490561281358814,-0.139461927534358,-10.4181583317741));
#7405=CARTESIAN_POINT('',(0.486840984228442,-0.15254817809447,-10.4192771986374));
#7406=CARTESIAN_POINT('',(0.482933991036169,-0.164316051954163,-10.4208607964277));
#7407=CARTESIAN_POINT('',(0.477185242502817,-0.180070806891371,-10.423933714891));
#7408=CARTESIAN_POINT('',(0.475286770205761,-0.185006300661353,-10.4250742510425));
#7409=CARTESIAN_POINT('',(0.472506689887463,-0.191946970061653,-10.4269594002652));
#7410=CARTESIAN_POINT('',(0.471591211728999,-0.194183440044552,-10.4276168408387));
#7411=CARTESIAN_POINT('',(0.46978884869373,-0.198504198974684,-10.4289898369842));
#7412=CARTESIAN_POINT('',(0.469181113231455,-0.199943609625071,-10.4294663990699));
#7413=CARTESIAN_POINT('',(0.463436742752769,-0.213214000841536,-10.4343844318576));
#7414=CARTESIAN_POINT('',(0.458831016381174,-0.222868634481624,-10.4391693637176));
#7415=CARTESIAN_POINT('',(0.449916393792058,-0.240357168451941,-10.4504402386974));
#7416=CARTESIAN_POINT('',(0.445890253147736,-0.247702042576968,-10.4564116221527));
#7417=CARTESIAN_POINT('',(0.437257769861825,-0.262640557500965,-10.4721136389813));
#7418=CARTESIAN_POINT('',(0.433277331406788,-0.269097612284141,-10.4806518220256));
#7419=CARTESIAN_POINT('',(0.427995201587586,-0.277364020972449,-10.4944898585369));
#7420=CARTESIAN_POINT('',(0.42634863153867,-0.279882828081047,-10.4992743310315));
#7421=CARTESIAN_POINT('',(0.423307496595092,-0.284461449753632,-10.5091868633357));
#7422=CARTESIAN_POINT('',(0.421741142282089,-0.28677187096723,-10.5150380930304));
#7423=CARTESIAN_POINT('',(0.41630538002953,-0.294701516286581,-10.53792151094));
#7424=CARTESIAN_POINT('',(0.413818295801961,-0.298085417208839,-10.5601817840251));
#7425=CARTESIAN_POINT('',(0.413405085539538,-0.298657387737266,-10.5863955533208));
#7426=CARTESIAN_POINT('',(0.471323584050626,-0.133992832336932,-10.4181583317741));
#7427=CARTESIAN_POINT('',(0.467749181094269,-0.146565896006449,-10.4192771985845));
#7428=CARTESIAN_POINT('',(0.463995403152397,-0.157872285210862,-10.4208607964277));
#7429=CARTESIAN_POINT('',(0.458472095738001,-0.173009206621121,-10.423933714891));
#7430=CARTESIAN_POINT('',(0.456648073334947,-0.17775115161581,-10.4250742510425));
#7431=CARTESIAN_POINT('',(0.453977015774229,-0.184419637902373,-10.4269594002652));
#7432=CARTESIAN_POINT('',(0.453097438720018,-0.186568403180059,-10.4276168408387));
#7433=CARTESIAN_POINT('',(0.451365756588094,-0.19071972058352,-10.4289898369842));
#7434=CARTESIAN_POINT('',(0.450781853889044,-0.192102683757422,-10.4294663990699));
#7435=CARTESIAN_POINT('',(0.445262752840896,-0.204852667475201,-10.4343844318576));
#7436=CARTESIAN_POINT('',(0.440837643189755,-0.214128688031364,-10.4391693637176));
#7437=CARTESIAN_POINT('',(0.43227261364335,-0.2309313971401,-10.4504402386974));
#7438=CARTESIAN_POINT('',(0.428404360867433,-0.237988236985714,-10.4564116221527));
#7439=CARTESIAN_POINT('',(0.420110406337832,-0.252340927795045,-10.4721136389813));
#7440=CARTESIAN_POINT('',(0.416286063508482,-0.258544764743587,-10.4806518220256));
#7441=CARTESIAN_POINT('',(0.411211076035132,-0.266487000542157,-10.4944898585369));
#7442=CARTESIAN_POINT('',(0.409629077360683,-0.268907030901399,-10.4992743310315));
#7443=CARTESIAN_POINT('',(0.406707202610971,-0.273306098782901,-10.5091868633357));
#7444=CARTESIAN_POINT('',(0.405202273957301,-0.275525915243025,-10.5150380930304));
#7445=CARTESIAN_POINT('',(0.399979678851901,-0.283144594079264,-10.53792151094));
#7446=CARTESIAN_POINT('',(0.397590127355644,-0.286395792981724,-10.5601817829353));
#7447=CARTESIAN_POINT('',(0.397193121400733,-0.286945333316196,-10.5863955533208));
#7448=CARTESIAN_POINT('',(0.413405085539538,-0.298657387737266,-10.5863955533208));
#7449=CARTESIAN_POINT('',(0.397193121400733,-0.286945333316196,-10.5863955533208));
#7450=CARTESIAN_POINT('',(0.413405085539538,-0.298657387737266,-10.5863955533208));
#7451=CARTESIAN_POINT('',(0.413593608137833,-0.298396432528809,-10.5960116851134));
#7452=CARTESIAN_POINT('',(0.413913065410275,-0.297953967044697,-10.6046039228918));
#7453=CARTESIAN_POINT('',(0.414586027088419,-0.297016117730658,-10.6159564384622));
#7454=CARTESIAN_POINT('',(0.414842621107714,-0.296657793421654,-10.619484636807));
#7455=CARTESIAN_POINT('',(0.415275390205134,-0.2960513670992,-10.6243929740561));
#7456=CARTESIAN_POINT('',(0.415427624826101,-0.295837734037063,-10.6259650930945));
#7457=CARTESIAN_POINT('',(0.415747944741113,-0.295387411364094,-10.6289813444153));
#7458=CARTESIAN_POINT('',(0.415844835413962,-0.295251173647594,-10.6298670375132));
#7459=CARTESIAN_POINT('',(0.418069154670167,-0.292112775278923,-10.6473142403134));
#7460=CARTESIAN_POINT('',(0.421153353844649,-0.287723078976176,-10.6614558658391));
#7461=CARTESIAN_POINT('',(0.427278952259411,-0.278471500092257,-10.6808506795042));
#7462=CARTESIAN_POINT('',(0.429619911797571,-0.274864952210245,-10.6869735918352));
#7463=CARTESIAN_POINT('',(0.433521398245191,-0.268635812774763,-10.6956449219955));
#7464=CARTESIAN_POINT('',(0.43488671660797,-0.266422800122516,-10.6984498589929));
#7465=CARTESIAN_POINT('',(0.43773494372999,-0.261716800654612,-10.703888720209));
#7466=CARTESIAN_POINT('',(0.439602556358671,-0.258562988128008,-10.7071613786474));
#7467=CARTESIAN_POINT('',(0.445353454850578,-0.248684383186499,-10.7167097966953));
#7468=CARTESIAN_POINT('',(0.451671636214526,-0.237424416509916,-10.7247442507631));
#7469=CARTESIAN_POINT('',(0.458938554447276,-0.22243067064109,-10.7331786704684));
#7470=CARTESIAN_POINT('',(0.397193121400733,-0.286945333316196,-10.5863955533208));
#7471=CARTESIAN_POINT('',(0.397374250955981,-0.286694611645293,-10.5960116851147));
#7472=CARTESIAN_POINT('',(0.397681180492225,-0.286269497748827,-10.6046039228918));
#7473=CARTESIAN_POINT('',(0.398327751516324,-0.285368426839259,-10.6159564384622));
#7474=CARTESIAN_POINT('',(0.398574283025058,-0.285024154463943,-10.619484636807));
#7475=CARTESIAN_POINT('',(0.398990080785324,-0.284441509565898,-10.6243929740561));
#7476=CARTESIAN_POINT('',(0.399136345421156,-0.284236254270904,-10.6259650930945));
#7477=CARTESIAN_POINT('',(0.399444103770873,-0.2838035913106,-10.6289813444153));
#7478=CARTESIAN_POINT('',(0.399537194809493,-0.283672696249649,-10.6298670375132));
#7479=CARTESIAN_POINT('',(0.401674285859572,-0.280657372326808,-10.6473142403134));
#7480=CARTESIAN_POINT('',(0.404637536046819,-0.276439820977111,-10.6614558658391));
#7481=CARTESIAN_POINT('',(0.410522914915905,-0.267551049108247,-10.6808506795042));
#7482=CARTESIAN_POINT('',(0.412772072119235,-0.26408593447651,-10.6869735918352));
#7483=CARTESIAN_POINT('',(0.416520559098321,-0.25810107501889,-10.6956449219955));
#7484=CARTESIAN_POINT('',(0.41783233556452,-0.255974847176535,-10.6984498589929));
#7485=CARTESIAN_POINT('',(0.420568867505284,-0.251453396707373,-10.703888720209));
#7486=CARTESIAN_POINT('',(0.422363240423037,-0.24842326310338,-10.7071613786474));
#7487=CARTESIAN_POINT('',(0.427888613483889,-0.238932054434087,-10.7167097966953));
#7488=CARTESIAN_POINT('',(0.433959042603886,-0.228113614690851,-10.7247442744094));
#7489=CARTESIAN_POINT('',(0.440940964076795,-0.2137078992434,-10.7331786704684));
#7490=CARTESIAN_POINT('',(0.458938554447276,-0.22243067064109,-10.7331786704684));
#7491=CARTESIAN_POINT('',(0.440940964076795,-0.2137078992434,-10.7331786704684));
#7492=CARTESIAN_POINT('',(0.,0.,0.));
#7493=CARTESIAN_POINT('',(0.490000122538329,-4.37049785597104E-6,-10.722418929033));
#7494=CARTESIAN_POINT('',(0.490002159283016,0.0138057576801623,-10.716742353244));
#7495=CARTESIAN_POINT('',(0.489428012461498,0.0261252402096143,-10.7086840525754));
#7496=CARTESIAN_POINT('',(0.48858947839822,0.0371526795609095,-10.6979877654109));
#7497=CARTESIAN_POINT('',(0.48858947839822,0.0371526795609095,-10.6979877654109));
#7498=CARTESIAN_POINT('',(0.483060154289733,0.0821759535240069,-10.5791412878045));
#7499=CARTESIAN_POINT('',(0.483102540840006,0.0819267899592842,-10.5678025922597));
#7500=CARTESIAN_POINT('',(0.483238390987451,0.0811326282753485,-10.5573004018799));
#7501=CARTESIAN_POINT('',(0.483570253893433,0.0791218744924121,-10.5428018743795));
#7502=CARTESIAN_POINT('',(0.483702049656907,0.0783150093931479,-10.5381781582063));
#7503=CARTESIAN_POINT('',(0.484003889612724,0.0764274059372437,-10.529348978514));
#7504=CARTESIAN_POINT('',(0.484137239076699,0.0755864329438069,-10.525930151664));
#7505=CARTESIAN_POINT('',(0.485252816806101,0.0682971849886591,-10.5020152823576));
#7506=CARTESIAN_POINT('',(0.486460309312055,0.0601142660492585,-10.4856699846718));
#7507=CARTESIAN_POINT('',(0.488898980189879,0.0351446253062663,-10.4536775165772));
#7508=CARTESIAN_POINT('',(0.489847444738677,0.0205988240944108,-10.4414255839006));
#7509=CARTESIAN_POINT('',(0.489994569210502,0.00267243117570337,-10.432225673479));
#7510=CARTESIAN_POINT('',(0.49000235269217,0.00133423087113983,-10.4315645489471));
#7511=CARTESIAN_POINT('',(0.490003025103688,1.7155612054135E-6,-10.4309327741883));
#7512=CARTESIAN_POINT('',(0.483060154289733,0.0821759535240069,-10.5791412878045));
#7513=CARTESIAN_POINT('',(0.48858947839822,0.0371526795609095,-10.6979877654109));
#7514=CARTESIAN_POINT('',(0.487975452830562,0.0452276403812622,-10.6893525211938));
#7515=CARTESIAN_POINT('',(0.487252840902855,0.0521364981540249,-10.6805063017745));
#7516=CARTESIAN_POINT('',(0.485884364427407,0.0636390588604384,-10.6623908291876));
#7517=CARTESIAN_POINT('',(0.485199617266604,0.0684959795625964,-10.6523991682508));
#7518=CARTESIAN_POINT('',(0.483786512731487,0.078051786313322,-10.6261257064489));
#7519=CARTESIAN_POINT('',(0.483168266667873,0.0815404296289348,-10.6046256780019));
#7520=CARTESIAN_POINT('',(0.483060154289733,0.0821759535240069,-10.5791412878045));
#7521=CARTESIAN_POINT('',(0.458938554447276,-0.22243067064109,-10.7331786704684));
#7522=CARTESIAN_POINT('',(0.457502473885369,-0.225393718566325,-10.7654370001058));
#7523=CARTESIAN_POINT('',(0.45603769691204,-0.228342858385259,-10.7976953297389));
#7524=CARTESIAN_POINT('',(0.454544498270663,-0.231277536937489,-10.8299536593764));
#7525=CARTESIAN_POINT('',(0.440940964076795,-0.2137078992434,-10.7331786704684));
#7526=CARTESIAN_POINT('',(0.439561200399672,-0.216554749210774,-10.7654370001057));
#7527=CARTESIAN_POINT('',(0.438153865660583,-0.219388236487807,-10.797695329739));
#7528=CARTESIAN_POINT('',(0.436719223828676,-0.222207829606607,-10.8299536593764));
#7529=CARTESIAN_POINT('',(0.507314759757278,-0.0522659978610951,-10.7342590929921));
#7530=CARTESIAN_POINT('',(0.508353986387747,-0.042178846941844,-10.7329711802277));
#7531=CARTESIAN_POINT('',(0.508991637302402,-0.0330676007810851,-10.7314547975915));
#7532=CARTESIAN_POINT('',(0.509587733967171,-0.0209004702459818,-10.728837226481));
#7533=CARTESIAN_POINT('',(0.509725829811219,-0.0170945173087275,-10.7279075528264));
#7534=CARTESIAN_POINT('',(0.509914637530563,-0.00998531576006771,-10.725933905615));
#7535=CARTESIAN_POINT('',(0.509958855807599,-0.00759437878394053,-10.7252191901416));
#7536=CARTESIAN_POINT('',(0.510099947881267,0.0122225391336699,-10.7180672821846));
#7537=CARTESIAN_POINT('',(0.509477414084475,0.0262348774923499,-10.7095756311506));
#7538=CARTESIAN_POINT('',(0.508531906087943,0.0386691154613547,-10.6979877654109));
#7539=CARTESIAN_POINT('',(0.487420063296208,-0.0502163508861502,-10.7342590929921));
#7540=CARTESIAN_POINT('',(0.488418535874657,-0.0405247751583491,-10.7329711803135));
#7541=CARTESIAN_POINT('',(0.489031180937602,-0.0317708321230033,-10.7314547975915));
#7542=CARTESIAN_POINT('',(0.489603901262576,-0.0200808439618256,-10.728837226481));
#7543=CARTESIAN_POINT('',(0.489736581583328,-0.0164241440809343,-10.7279075528264));
#7544=CARTESIAN_POINT('',(0.489917985078385,-0.00959373474986898,-10.725933905615));
#7545=CARTESIAN_POINT('',(0.48996046930534,-0.00729656000809972,-10.7252191901416));
#7546=CARTESIAN_POINT('',(0.490096028356511,0.011743223873526,-10.7180672821846));
#7547=CARTESIAN_POINT('',(0.489497900900447,0.0252061475267819,-10.7095755450564));
#7548=CARTESIAN_POINT('',(0.48858947839822,0.0371526795609095,-10.6979877654109));
#7549=CARTESIAN_POINT('',(0.487420063296208,-0.0502163508861502,-10.7342590929921));
#7550=CARTESIAN_POINT('',(0.494051628783231,-0.0508995665444651,-10.7342590929921));
#7551=CARTESIAN_POINT('',(0.500683194270255,-0.0515827822027801,-10.7342590929921));
#7552=CARTESIAN_POINT('',(0.507314759757278,-0.0522659978610951,-10.7342590929921));
#7553=CARTESIAN_POINT('',(0.48858947839822,0.0371526795609095,-10.6979877654109));
#7554=CARTESIAN_POINT('',(0.508531906087943,0.0386691154613547,-10.6979877654109));
#7555=CARTESIAN_POINT('',(0.508531906087238,0.038669115470643,-10.6979877654022));
#7556=CARTESIAN_POINT('',(0.510000127349991,-7.7671887257888E-6,-10.7224202002128));
#7557=CARTESIAN_POINT('',(0.510000084538209,0.00554541832722519,-10.7202292656431));
#7558=CARTESIAN_POINT('',(0.509848425776792,0.0140078673491774,-10.7161273010807));
#7559=CARTESIAN_POINT('',(0.509330806259852,0.026902925666813,-10.7079828558766));
#7560=CARTESIAN_POINT('',(0.50896491402606,0.0329746911256979,-10.7032937515207));
#7561=CARTESIAN_POINT('',(0.508531906087943,0.0386691154613547,-10.6979877654109));
#7562=CARTESIAN_POINT('',(0.508531906087943,0.0386691154613547,-10.6979877654109));
#7563=CARTESIAN_POINT('',(0.507892817682197,0.047073674015523,-10.6893525134917));
#7564=CARTESIAN_POINT('',(0.507140711960114,0.0542645184868422,-10.6805063017745));
#7565=CARTESIAN_POINT('',(0.505716379301995,0.066236571466987,-10.6623908291876));
#7566=CARTESIAN_POINT('',(0.505003683277486,0.0712917338304575,-10.6523991682508));
#7567=CARTESIAN_POINT('',(0.503532901006241,0.0812375735097841,-10.6261257064489));
#7568=CARTESIAN_POINT('',(0.502889420406295,0.0848686104484771,-10.6046256772945));
#7569=CARTESIAN_POINT('',(0.502776895281151,0.0855300740760072,-10.5791412878045));
#7570=CARTESIAN_POINT('',(0.48858947839822,0.0371526795609095,-10.6979877654109));
#7571=CARTESIAN_POINT('',(0.487975452830562,0.0452276403812622,-10.6893525211938));
#7572=CARTESIAN_POINT('',(0.487252840902855,0.0521364981540249,-10.6805063017745));
#7573=CARTESIAN_POINT('',(0.485884364427407,0.0636390588604384,-10.6623908291876));
#7574=CARTESIAN_POINT('',(0.485199617266604,0.0684959795625964,-10.6523991682508));
#7575=CARTESIAN_POINT('',(0.483786512731487,0.078051786313322,-10.6261257064489));
#7576=CARTESIAN_POINT('',(0.483168266667873,0.0815404296289348,-10.6046256780019));
#7577=CARTESIAN_POINT('',(0.483060154289733,0.0821759535240069,-10.5791412878045));
#7578=CARTESIAN_POINT('',(0.483060154289733,0.0821759535240069,-10.5791412878045));
#7579=CARTESIAN_POINT('',(0.502776895281151,0.0855300740760072,-10.5791412878045));
#7580=CARTESIAN_POINT('',(0.502776895281152,0.0855300740760074,-10.5791412878045));
#7581=CARTESIAN_POINT('',(0.508531906087943,0.0386691154613547,-10.6979877654109));
#7582=CARTESIAN_POINT('',(0.507253524421848,0.0554809265827454,-10.680712185717));
#7583=CARTESIAN_POINT('',(0.505493561433059,0.0679790411953937,-10.6611525269737));
#7584=CARTESIAN_POINT('',(0.50353328360775,0.081234986251739,-10.6261301683266));
#7585=CARTESIAN_POINT('',(0.502889859064356,0.0848660318567901,-10.604630148378));
#7586=CARTESIAN_POINT('',(0.502776895281151,0.0855300740760072,-10.5791412878045));
#7587=CARTESIAN_POINT('',(0.502776895281151,0.0855300740760072,-10.5791412878045));
#7588=CARTESIAN_POINT('',(0.502821011894677,0.0852707405700034,-10.5678025922657));
#7589=CARTESIAN_POINT('',(0.502962406946123,0.0844441641233218,-10.5573004018799));
#7590=CARTESIAN_POINT('',(0.503307815276838,0.0823513387574085,-10.5428018743795));
#7591=CARTESIAN_POINT('',(0.50344499045923,0.0815115403887866,-10.5381781582063));
#7592=CARTESIAN_POINT('',(0.503759150413243,0.0795468918938659,-10.529348978514));
#7593=CARTESIAN_POINT('',(0.503897942712483,0.0786715934721255,-10.525930151664));
#7594=CARTESIAN_POINT('',(0.505059054226758,0.0710848251922778,-10.5020152823576));
#7595=CARTESIAN_POINT('',(0.506315832141119,0.0625679095614732,-10.4856699846718));
#7596=CARTESIAN_POINT('',(0.508854040605792,0.0365790998085629,-10.4536775165772));
#7597=CARTESIAN_POINT('',(0.509841217993317,0.0214395924247949,-10.4414255839006));
#7598=CARTESIAN_POINT('',(0.510124431571134,-0.0130685883888748,-10.4244103212891));
#7599=CARTESIAN_POINT('',(0.509748883496237,-0.028639415563145,-10.4206074714309));
#7600=CARTESIAN_POINT('',(0.507314759757278,-0.0522659978610949,-10.4181583317741));
#7601=CARTESIAN_POINT('',(0.483060154289733,0.0821759535240069,-10.5791412878045));
#7602=CARTESIAN_POINT('',(0.483102540840006,0.0819267899592842,-10.5678025922597));
#7603=CARTESIAN_POINT('',(0.483238390987451,0.0811326282753485,-10.5573004018799));
#7604=CARTESIAN_POINT('',(0.483570253893433,0.0791218744924121,-10.5428018743795));
#7605=CARTESIAN_POINT('',(0.483702049656907,0.0783150093931479,-10.5381781582063));
#7606=CARTESIAN_POINT('',(0.484003889612724,0.0764274059372437,-10.529348978514));
#7607=CARTESIAN_POINT('',(0.484137239076699,0.0755864329438069,-10.525930151664));
#7608=CARTESIAN_POINT('',(0.485252816806101,0.0682971849886591,-10.5020152823576));
#7609=CARTESIAN_POINT('',(0.486460309312055,0.0601142660492585,-10.4856699846718));
#7610=CARTESIAN_POINT('',(0.488898980189879,0.0351446253062663,-10.4536775165772));
#7611=CARTESIAN_POINT('',(0.489847444738677,0.0205988240944108,-10.4414255839006));
#7612=CARTESIAN_POINT('',(0.490119551901678,-0.012556094726566,-10.4244103212891));
#7613=CARTESIAN_POINT('',(0.489759117712943,-0.027512549599535,-10.4206078761992));
#7614=CARTESIAN_POINT('',(0.487420063296208,-0.05021635088615,-10.4181583317741));
#7615=CARTESIAN_POINT('',(0.487420063296208,-0.0502163508861502,-10.4181583317741));
#7616=CARTESIAN_POINT('',(0.507314759757278,-0.0522659978610951,-10.4181583317741));
#7617=CARTESIAN_POINT('',(0.502776895281151,0.0855300740760072,-10.5791412878045));
#7618=CARTESIAN_POINT('',(0.50284203747691,0.0851471445475397,-10.562398671692));
#7619=CARTESIAN_POINT('',(0.503056303992634,0.0839364252562875,-10.5493497257689));
#7620=CARTESIAN_POINT('',(0.504103974517654,0.0773960680334468,-10.5194202217136));
#7621=CARTESIAN_POINT('',(0.504901764441579,0.0723273019231266,-10.5057081690565));
#7622=CARTESIAN_POINT('',(0.506821909027243,0.0573461670007589,-10.4786247390927));
#7623=CARTESIAN_POINT('',(0.507834162062163,0.0481916031754848,-10.4666748955762));
#7624=CARTESIAN_POINT('',(0.509027606959288,0.0319434977233523,-10.4511379374996));
#7625=CARTESIAN_POINT('',(0.509370285485646,0.0260925406377748,-10.4463313553162));
#7626=CARTESIAN_POINT('',(0.509856079669122,0.0136266810741568,-10.4378441808085));
#7627=CARTESIAN_POINT('',(0.510000003127079,0.00584892111829357,-10.4335983621119));
#7628=CARTESIAN_POINT('',(0.510003147640197,-2.65039874927074E-7,-10.4309318645807));
#7629=CARTESIAN_POINT('',(0.507314759757278,-0.0522659978610951,-10.5762087123831));
#7630=CARTESIAN_POINT('',(0.,0.,0.));
#7631=CARTESIAN_POINT('',(0.361380846797411,-0.359866480195068,-11.1590194908787));
#7632=CARTESIAN_POINT('',(0.357571492914819,-0.363691864351702,-11.1328802115517));
#7633=CARTESIAN_POINT('',(0.355528083601529,-0.365649900552762,-11.1096768974117));
#7634=CARTESIAN_POINT('',(0.355341025272389,-0.365831594806091,-11.0894094111378));
#7635=CARTESIAN_POINT('',(0.347209048883787,-0.345754069207026,-11.1590194908787));
#7636=CARTESIAN_POINT('',(0.343549081700264,-0.349429438025247,-11.1328802134964));
#7637=CARTESIAN_POINT('',(0.34158580580179,-0.351310688777495,-11.1096768961212));
#7638=CARTESIAN_POINT('',(0.341406083104845,-0.351485257754871,-11.0894094111378));
#7639=CARTESIAN_POINT('',(0.361380846797411,-0.359866480195068,-11.1590194908787));
#7640=CARTESIAN_POINT('',(0.347209048883787,-0.345754069207026,-11.1590194908787));
#7641=CARTESIAN_POINT('',(0.355341025272389,-0.365831594806091,-11.0894094111378));
#7642=CARTESIAN_POINT('',(0.341406083104845,-0.351485257754871,-11.0894094111378));
#7643=CARTESIAN_POINT('',(0.355341025272389,-0.365831594806091,-11.0894094111378));
#7644=CARTESIAN_POINT('',(0.355601003845809,-0.365579071365963,-11.076122662375));
#7645=CARTESIAN_POINT('',(0.356253987472612,-0.364945502639885,-11.0643543795266));
#7646=CARTESIAN_POINT('',(0.357813745872286,-0.363414163368253,-11.0489796545737));
#7647=CARTESIAN_POINT('',(0.358430263261037,-0.362806768123814,-11.0442343627845));
#7648=CARTESIAN_POINT('',(0.359497722203037,-0.361748032317086,-11.0376858498932));
#7649=CARTESIAN_POINT('',(0.359877314859482,-0.361370506084609,-11.0355979163949));
#7650=CARTESIAN_POINT('',(0.360683586477756,-0.360565770510541,-11.0316118576624));
#7651=CARTESIAN_POINT('',(0.360903708536955,-0.360346194235657,-11.0305415095012));
#7652=CARTESIAN_POINT('',(0.364186300770686,-0.3570464996391,-11.0173865186266));
#7653=CARTESIAN_POINT('',(0.367664939211772,-0.353498364710718,-11.0080688234319));
#7654=CARTESIAN_POINT('',(0.376167432001054,-0.344436735091482,-10.9918460280525));
#7655=CARTESIAN_POINT('',(0.381701435923785,-0.338329342284795,-10.9844286695267));
#7656=CARTESIAN_POINT('',(0.392023247609652,-0.326313504732371,-10.9740555808494));
#7657=CARTESIAN_POINT('',(0.398055347411684,-0.319018817682588,-10.9702755356908));
#7658=CARTESIAN_POINT('',(0.408096752583366,-0.305920425830916,-10.966715216723));
#7659=CARTESIAN_POINT('',(0.411180929791964,-0.301756189004467,-10.9659723172015));
#7660=CARTESIAN_POINT('',(0.415690986932584,-0.295478665963865,-10.9649207821607));
#7661=CARTESIAN_POINT('',(0.417180043111153,-0.293372592263027,-10.9646025094033));
#7662=CARTESIAN_POINT('',(0.420129021439164,-0.289133656992613,-10.9640304417338));
#7663=CARTESIAN_POINT('',(0.42190968944061,-0.286524459926263,-10.9637274710767));
#7664=CARTESIAN_POINT('',(0.432028747994634,-0.271496777918805,-10.9621760488808));
#7665=CARTESIAN_POINT('',(0.443069268602565,-0.253847486780209,-10.9614765328973));
#7666=CARTESIAN_POINT('',(0.454614471139908,-0.231139963291037,-10.9614565151175));
#7667=CARTESIAN_POINT('',(0.341406083104845,-0.351485257754871,-11.0894094111378));
#7668=CARTESIAN_POINT('',(0.341655866440235,-0.351242637194609,-11.0761226623673));
#7669=CARTESIAN_POINT('',(0.342283242865842,-0.350633914301066,-11.0643543795266));
#7670=CARTESIAN_POINT('',(0.343781834269451,-0.34916262754989,-11.0489796545737));
#7671=CARTESIAN_POINT('',(0.344374174505703,-0.348579051726801,-11.0442343627845));
#7672=CARTESIAN_POINT('',(0.345399772312722,-0.347561834971318,-11.0376858498932));
#7673=CARTESIAN_POINT('',(0.34576447898264,-0.347199113689134,-11.0355979163949));
#7674=CARTESIAN_POINT('',(0.346539132106079,-0.346425936372873,-11.0316118576624));
#7675=CARTESIAN_POINT('',(0.346750621927662,-0.346214970932298,-11.0305415095012));
#7676=CARTESIAN_POINT('',(0.349904485054189,-0.343044676123842,-11.0173865186266));
#7677=CARTESIAN_POINT('',(0.353246706301506,-0.33963568374167,-11.0080688234319));
#7678=CARTESIAN_POINT('',(0.361415768001013,-0.330929412146718,-10.9918460280525));
#7679=CARTESIAN_POINT('',(0.366732752162068,-0.325061524940294,-10.9844286695267));
#7680=CARTESIAN_POINT('',(0.376649786919078,-0.31351689670365,-10.9740555808494));
#7681=CARTESIAN_POINT('',(0.382445333787696,-0.306508275812683,-10.9702755356908));
#7682=CARTESIAN_POINT('',(0.392092958364411,-0.293923546386566,-10.966715216723));
#7683=CARTESIAN_POINT('',(0.395056187447181,-0.289922612965077,-10.9659723172015));
#7684=CARTESIAN_POINT('',(0.399389379601895,-0.283891267298615,-10.9649207821607));
#7685=CARTESIAN_POINT('',(0.400820041420519,-0.281867784723301,-10.9646025094033));
#7686=CARTESIAN_POINT('',(0.403653373539589,-0.277795082208589,-10.9640304417338));
#7687=CARTESIAN_POINT('',(0.405364211423331,-0.275288206595821,-10.9637274710767));
#7688=CARTESIAN_POINT('',(0.415086444151707,-0.260849845451401,-10.9621760488808));
#7689=CARTESIAN_POINT('',(0.425694003167434,-0.243892683376544,-10.9614765328973));
#7690=CARTESIAN_POINT('',(0.436786452663833,-0.222075651005114,-10.9614565151175));
#7691=CARTESIAN_POINT('',(0.454614471139908,-0.231139963291037,-10.9614565151175));
#7692=CARTESIAN_POINT('',(0.44867179831455,-0.228118525862396,-10.9614565151175));
#7693=CARTESIAN_POINT('',(0.442729125489192,-0.225097088433755,-10.9614565151175));
#7694=CARTESIAN_POINT('',(0.436786452663833,-0.222075651005114,-10.9614565151175));
#7695=CARTESIAN_POINT('',(0.,0.,-10.9614565151175));
#7696=CARTESIAN_POINT('',(0.,0.,-10.9614565151175));
#7697=CARTESIAN_POINT('',(0.484561105784351,0.0728047715541184,-10.9614565151175));
#7698=CARTESIAN_POINT('',(0.50433911010208,0.075776394882858,-10.9614565151175));
#7699=CARTESIAN_POINT('',(0.50433911010208,0.075776394882858,-10.9268829943592));
#7700=CARTESIAN_POINT('',(0.484561105784351,0.0728047715541184,-10.9614565151175));
#7701=CARTESIAN_POINT('',(0.484561105784351,0.0728047715541184,-10.892309473601));
#7702=CARTESIAN_POINT('',(0.50433911010208,0.0757763948828579,-10.892309473601));
#7703=CARTESIAN_POINT('',(0.,0.,-10.892309473601));
#7704=CARTESIAN_POINT('',(0.,0.,-10.892309473601));
#7705=CARTESIAN_POINT('',(0.464590247530176,0.155743063729496,-10.892309473601));
#7706=CARTESIAN_POINT('',(0.483553114776306,0.162099923473557,-10.892309473601));
#7707=CARTESIAN_POINT('',(0.483553114776306,0.162099923473557,-10.9268829943592));
#7708=CARTESIAN_POINT('',(0.464590247530176,0.155743063729496,-10.892309473601));
#7709=CARTESIAN_POINT('',(0.464590247530176,0.155743063729496,-10.9614565151175));
#7710=CARTESIAN_POINT('',(0.483553114776306,0.162099923473557,-10.9614565151175));
#7711=CARTESIAN_POINT('',(0.,0.,-10.9614565151175));
#7712=CARTESIAN_POINT('',(0.,0.,-10.9614565151175));
#7713=CARTESIAN_POINT('',(0.406560905950225,0.273510931688177,-10.9614565151175));
#7714=CARTESIAN_POINT('',(0.423155228642069,0.284674643185652,-10.9614565151175));
#7715=CARTESIAN_POINT('',(0.406560905950223,0.273510931688176,-10.9614565151175));
#7716=CARTESIAN_POINT('',(0.423155228642069,0.284674643185652,-10.9614565151175));
#7717=CARTESIAN_POINT('',(0.412701895171008,0.300213022949718,-10.9943837139721));
#7718=CARTESIAN_POINT('',(0.401391900519961,0.315174960336832,-11.0273108041435));
#7719=CARTESIAN_POINT('',(0.389293671286698,0.329469934130756,-11.0602380029981));
#7720=CARTESIAN_POINT('',(0.406560905950224,0.273510931688176,-10.9614565151175));
#7721=CARTESIAN_POINT('',(0.396517507776652,0.28843996225768,-10.9943837118359));
#7722=CARTESIAN_POINT('',(0.385651040921948,0.3028151588617,-11.0273108062796));
#7723=CARTESIAN_POINT('',(0.374027252804867,0.316549544557001,-11.0602380029981));
#7724=CARTESIAN_POINT('',(0.406560905950223,0.273510931688176,-10.9614565151175));
#7725=CARTESIAN_POINT('',(0.396517507776652,0.28843996225768,-10.9943837118359));
#7726=CARTESIAN_POINT('',(0.385651040921948,0.3028151588617,-11.0273108062796));
#7727=CARTESIAN_POINT('',(0.374027252804867,0.316549544557001,-11.0602380029981));
#7728=CARTESIAN_POINT('',(0.374027252804868,0.316549544557002,-11.0602380029981));
#7729=CARTESIAN_POINT('',(0.389293671286698,0.329469934130756,-11.0602380029981));
#7730=CARTESIAN_POINT('',(0.384204865126088,0.325163137606171,-11.0602380029981));
#7731=CARTESIAN_POINT('',(0.379116058965477,0.320856341081586,-11.0602380029981));
#7732=CARTESIAN_POINT('',(0.374027252804867,0.316549544557001,-11.0602380029981));
#7733=CARTESIAN_POINT('',(0.,0.,-11.0602380029981));
#7734=CARTESIAN_POINT('',(0.,0.,-11.0602380029981));
#7735=CARTESIAN_POINT('',(0.464590247530176,0.155743063729496,-11.0602380029981));
#7736=CARTESIAN_POINT('',(0.483553114776306,0.162099923473557,-11.0602380029981));
#7737=CARTESIAN_POINT('',(0.483553114776306,0.162099923473557,-11.1046896725443));
#7738=CARTESIAN_POINT('',(0.464590247530176,0.155743063729496,-11.0602380029981));
#7739=CARTESIAN_POINT('',(0.464590247530176,0.155743063729496,-11.1491413420906));
#7740=CARTESIAN_POINT('',(0.483553114776306,0.162099923473557,-11.1491413420906));
#7741=CARTESIAN_POINT('',(0.,0.,-11.1491413420906));
#7742=CARTESIAN_POINT('',(0.,0.,-11.1491413420906));
#7743=CARTESIAN_POINT('',(0.484561105784351,0.0728047715541184,-11.1491413420906));
#7744=CARTESIAN_POINT('',(0.50433911010208,0.075776394882858,-11.1491413420906));
#7745=CARTESIAN_POINT('',(0.50433911010208,0.075776394882858,-11.1046896725443));
#7746=CARTESIAN_POINT('',(0.484561105784351,0.0728047715541184,-11.1491413420906));
#7747=CARTESIAN_POINT('',(0.484561105784351,0.0728047715541184,-11.0602380029981));
#7748=CARTESIAN_POINT('',(0.50433911010208,0.075776394882858,-11.0602380029981));
#7749=CARTESIAN_POINT('',(0.,0.,-11.0602380029981));
#7750=CARTESIAN_POINT('',(0.,0.,-11.0602380029981));
#7751=CARTESIAN_POINT('',(0.452994573642965,-0.234298775605057,-11.0602380029981));
#7752=CARTESIAN_POINT('',(0.435230080558927,-0.225110588326428,-11.0602380029981));
#7753=CARTESIAN_POINT('',(0.452994573642965,-0.234298775605057,-11.0602380029981));
#7754=CARTESIAN_POINT('',(0.446633684692327,-0.246596954162513,-11.0603255933456));
#7755=CARTESIAN_POINT('',(0.440951316218811,-0.256396957841612,-11.0608214779158));
#7756=CARTESIAN_POINT('',(0.434119210720014,-0.26769362469102,-11.0621777997662));
#7757=CARTESIAN_POINT('',(0.432120380201965,-0.27089082062228,-11.0627319865677));
#7758=CARTESIAN_POINT('',(0.429594138232361,-0.274866042495651,-11.0637163860469));
#7759=CARTESIAN_POINT('',(0.428830522676016,-0.276054265420213,-11.0640700390861));
#7760=CARTESIAN_POINT('',(0.427807795746822,-0.277634442310506,-11.0646387984642));
#7761=CARTESIAN_POINT('',(0.427487324074009,-0.278127468533743,-11.0648347648934));
#7762=CARTESIAN_POINT('',(0.426887944783954,-0.279046561697284,-11.0652394576917));
#7763=CARTESIAN_POINT('',(0.426938515531994,-0.278970696298653,-11.0651732998349));
#7764=CARTESIAN_POINT('',(0.424001982793875,-0.283444254828255,-11.0676232526583));
#7765=CARTESIAN_POINT('',(0.421939712400035,-0.286489670811736,-11.0701512450875));
#7766=CARTESIAN_POINT('',(0.419326204669004,-0.290289333550854,-11.0747952789869));
#7767=CARTESIAN_POINT('',(0.418534836403492,-0.291427722483174,-11.0764852978293));
#7768=CARTESIAN_POINT('',(0.417117817635601,-0.293452300938229,-11.0801493505993));
#7769=CARTESIAN_POINT('',(0.416328250819062,-0.294569535023307,-11.0827652015651));
#7770=CARTESIAN_POINT('',(0.414445721805752,-0.297223010514694,-11.0901363237251));
#7771=CARTESIAN_POINT('',(0.413588842359916,-0.298403029374922,-11.0988566747232));
#7772=CARTESIAN_POINT('',(0.413405085539538,-0.298657387737266,-11.1104004773124));
#7773=CARTESIAN_POINT('',(0.435230080558927,-0.225110588326428,-11.0602380029981));
#7774=CARTESIAN_POINT('',(0.429118638236578,-0.236926485366464,-11.0603255933456));
#7775=CARTESIAN_POINT('',(0.423659107739642,-0.246342175181156,-11.0608214779158));
#7776=CARTESIAN_POINT('',(0.41709492794668,-0.25719583548745,-11.0621777997662));
#7777=CARTESIAN_POINT('',(0.415174482939143,-0.260267651186112,-11.0627319865677));
#7778=CARTESIAN_POINT('',(0.412747309282073,-0.264086982005625,-11.0637163860469));
#7779=CARTESIAN_POINT('',(0.41201363943382,-0.265228607952754,-11.0640700390861));
#7780=CARTESIAN_POINT('',(0.411031019443025,-0.266746817121858,-11.0646387984642));
#7781=CARTESIAN_POINT('',(0.410723115286793,-0.2672205089834,-11.0648347648934));
#7782=CARTESIAN_POINT('',(0.410147241066936,-0.268103559277783,-11.0652394576917));
#7783=CARTESIAN_POINT('',(0.410195828648386,-0.268030668992824,-11.0651732998349));
#7784=CARTESIAN_POINT('',(0.40737445405686,-0.272328793854598,-11.0676232526583));
#7785=CARTESIAN_POINT('',(0.405393057011798,-0.275254781760296,-11.0701512450875));
#7786=CARTESIAN_POINT('',(0.402882039780024,-0.278905438117487,-11.0747952789869));
#7787=CARTESIAN_POINT('',(0.40212170556414,-0.279999184346579,-11.0764852978293));
#7788=CARTESIAN_POINT('',(0.400760256159696,-0.281944367568102,-11.0801493505993));
#7789=CARTESIAN_POINT('',(0.400001652747727,-0.283017788551804,-11.0827652015651));
#7790=CARTESIAN_POINT('',(0.398192948401605,-0.285567206180784,-11.0901363237251));
#7791=CARTESIAN_POINT('',(0.397369672071949,-0.286700949790682,-11.0988566746802));
#7792=CARTESIAN_POINT('',(0.397193121400733,-0.286945333316196,-11.1104004773124));
#7793=CARTESIAN_POINT('',(0.413405085539538,-0.298657387737266,-11.1104004773124));
#7794=CARTESIAN_POINT('',(0.397193121400733,-0.286945333316196,-11.1104004773124));
#7795=CARTESIAN_POINT('',(0.413405085539538,-0.298657387737266,-11.1104004773124));
#7796=CARTESIAN_POINT('',(0.413483452016744,-0.298548911933408,-11.1209460912492));
#7797=CARTESIAN_POINT('',(0.413966602884142,-0.297882425568325,-11.1338597123613));
#7798=CARTESIAN_POINT('',(0.414846401006228,-0.296652091804828,-11.1491413420906));
#7799=CARTESIAN_POINT('',(0.397193121400733,-0.286945333316196,-11.1104004773124));
#7800=CARTESIAN_POINT('',(0.397268414682659,-0.286841111465563,-11.1209460912359));
#7801=CARTESIAN_POINT('',(0.397732618458582,-0.286200761818773,-11.1338597123842));
#7802=CARTESIAN_POINT('',(0.398577914692259,-0.285018676439933,-11.1491413420906));
#7803=CARTESIAN_POINT('',(0.414846401006228,-0.296652091804828,-11.1491413420906));
#7804=CARTESIAN_POINT('',(0.398577914692259,-0.285018676439933,-11.1491413420906));
#7805=CARTESIAN_POINT('',(0.,0.,0.));
#7806=CARTESIAN_POINT('',(0.414846401006228,-0.296652091804828,-11.1491413420906));
#7807=CARTESIAN_POINT('',(0.398775705308151,-0.319125792332111,-11.1524341252129));
#7808=CARTESIAN_POINT('',(0.38087609006358,-0.340289198320327,-11.1557267077564));
#7809=CARTESIAN_POINT('',(0.361380846797411,-0.359866480195068,-11.1590194908787));
#7810=CARTESIAN_POINT('',(0.398577914692259,-0.285018676439933,-11.1491413420906));
#7811=CARTESIAN_POINT('',(0.383137442706451,-0.306611054886278,-11.1524341251379));
#7812=CARTESIAN_POINT('',(0.365939772379709,-0.326944524304663,-11.1557267078313));
#7813=CARTESIAN_POINT('',(0.347209048883787,-0.345754069207026,-11.1590194908787));
#7814=CARTESIAN_POINT('',(0.355341025272389,-0.365831594806091,-11.3926994481462));
#7815=CARTESIAN_POINT('',(0.355572328373941,-0.365606924541354,-11.3788778701697));
#7816=CARTESIAN_POINT('',(0.356175713574457,-0.365021516833501,-11.3662958856334));
#7817=CARTESIAN_POINT('',(0.357630847710952,-0.363594057210059,-11.3492822993005));
#7818=CARTESIAN_POINT('',(0.358207464672317,-0.363026573672682,-11.3439210022508));
#7819=CARTESIAN_POINT('',(0.359207791011697,-0.36203588649659,-11.3363439042682));
#7820=CARTESIAN_POINT('',(0.359563793266645,-0.361682407374351,-11.3338956795393));
#7821=CARTESIAN_POINT('',(0.360320510796657,-0.360928545188159,-11.3291541792789));
#7822=CARTESIAN_POINT('',(0.360563805917958,-0.360686036900456,-11.3276858285191));
#7823=CARTESIAN_POINT('',(0.363465110415328,-0.357776353548931,-11.3124821999959));
#7824=CARTESIAN_POINT('',(0.366377933999385,-0.354813235586232,-11.3013018813142));
#7825=CARTESIAN_POINT('',(0.373294242061906,-0.347529324679596,-11.2809064122242));
#7826=CARTESIAN_POINT('',(0.376838746561848,-0.343726719336051,-11.2725349458787));
#7827=CARTESIAN_POINT('',(0.386717673460899,-0.332573209277023,-11.2543824452104));
#7828=CARTESIAN_POINT('',(0.392048173814526,-0.326311337919597,-11.2463739293274));
#7829=CARTESIAN_POINT('',(0.400492905695125,-0.315793678609027,-11.2359627571795));
#7830=CARTESIAN_POINT('',(0.403382296411488,-0.312100230983472,-11.2327593000763));
#7831=CARTESIAN_POINT('',(0.409282690144959,-0.304321393901,-11.2268862530954));
#7832=CARTESIAN_POINT('',(0.412740435749551,-0.299609012041787,-11.2238654994355));
#7833=CARTESIAN_POINT('',(0.425789597803173,-0.281294964037332,-11.2136080370227));
#7834=CARTESIAN_POINT('',(0.438009826634707,-0.262594421297769,-11.2091404610707));
#7835=CARTESIAN_POINT('',(0.450487426519138,-0.239083831632682,-11.208410234819));
#7836=CARTESIAN_POINT('',(0.341406083104845,-0.351485257754871,-11.3926994481462));
#7837=CARTESIAN_POINT('',(0.341628315496617,-0.351269398088669,-11.3788778701644));
#7838=CARTESIAN_POINT('',(0.342208038532322,-0.350706947545913,-11.3662958856334));
#7839=CARTESIAN_POINT('',(0.343606108585033,-0.349335466731233,-11.3492822993005));
#7840=CARTESIAN_POINT('',(0.344160113116539,-0.348790237450224,-11.3439210022508));
#7841=CARTESIAN_POINT('',(0.345121210972022,-0.347838400751626,-11.3363439042682));
#7842=CARTESIAN_POINT('',(0.345463252354227,-0.347498783555749,-11.3338956795393));
#7843=CARTESIAN_POINT('',(0.346190294686984,-0.346774484592545,-11.3291541792789));
#7844=CARTESIAN_POINT('',(0.346424048823136,-0.346541486433772,-11.3276858285191));
#7845=CARTESIAN_POINT('',(0.34921157667355,-0.343745908311718,-11.3124821999959));
#7846=CARTESIAN_POINT('',(0.352010171881762,-0.340898991053439,-11.3013018813142));
#7847=CARTESIAN_POINT('',(0.358655252177125,-0.333900723711768,-11.2809064122242));
#7848=CARTESIAN_POINT('',(0.362060756500599,-0.330247240146402,-11.2725349458787));
#7849=CARTESIAN_POINT('',(0.371552274501648,-0.319531122638708,-11.2543824452104));
#7850=CARTESIAN_POINT('',(0.376673735625721,-0.313514814863926,-11.2463739293274));
#7851=CARTESIAN_POINT('',(0.384787301550218,-0.303409612781222,-11.2359627571795));
#7852=CARTESIAN_POINT('',(0.387563382826724,-0.299861006239022,-11.2327593000763));
#7853=CARTESIAN_POINT('',(0.393232388570647,-0.292387221591157,-11.2268862530954));
#7854=CARTESIAN_POINT('',(0.396554536308392,-0.28785963902054,-11.2238654994355));
#7855=CARTESIAN_POINT('',(0.409091966516774,-0.270263788977044,-11.2136080370227));
#7856=CARTESIAN_POINT('',(0.420832971046255,-0.252296600180154,-11.2091404610489));
#7857=CARTESIAN_POINT('',(0.432821252930152,-0.229707995098067,-11.208410234819));
#7858=CARTESIAN_POINT('',(0.355341025272389,-0.365831594806091,-11.3926994481462));
#7859=CARTESIAN_POINT('',(0.341406083104845,-0.351485257754871,-11.3926994481462));
#7860=CARTESIAN_POINT('',(0.450487426519138,-0.239083831632682,-11.208410234819));
#7861=CARTESIAN_POINT('',(0.432821252930152,-0.229707995098067,-11.208410234819));
#7862=CARTESIAN_POINT('',(0.450487426519138,-0.239083831632682,-11.208410234819));
#7863=CARTESIAN_POINT('',(0.460885105298415,-0.219492278648684,-11.2090214332039));
#7864=CARTESIAN_POINT('',(0.467027344158945,-0.205629394394078,-11.2112881196478));
#7865=CARTESIAN_POINT('',(0.479862689717497,-0.173579339346947,-11.2235782133819));
#7866=CARTESIAN_POINT('',(0.485280960119777,-0.157489542810706,-11.2333834946467));
#7867=CARTESIAN_POINT('',(0.493273011368217,-0.130316164021309,-11.2572802559532));
#7868=CARTESIAN_POINT('',(0.496045777156976,-0.118794887577641,-11.2722868769757));
#7869=CARTESIAN_POINT('',(0.499761543061606,-0.102039396443407,-11.3020542687511));
#7870=CARTESIAN_POINT('',(0.501156423304686,-0.094767941451683,-11.3194294411138));
#7871=CARTESIAN_POINT('',(0.502237969909393,-0.088639841952096,-11.3392957062608));
#7872=CARTESIAN_POINT('',(0.432821252930152,-0.229707995098067,-11.208410234819));
#7873=CARTESIAN_POINT('',(0.442811425742232,-0.210884274523313,-11.2090214482632));
#7874=CARTESIAN_POINT('',(0.448712546348791,-0.197565496574703,-11.2112881196478));
#7875=CARTESIAN_POINT('',(0.461044545022693,-0.16677230643138,-11.2235782133819));
#7876=CARTESIAN_POINT('',(0.466250334232727,-0.151313482308326,-11.2333834946467));
#7877=CARTESIAN_POINT('',(0.473928971706718,-0.125205726216552,-11.2572802559532));
#7878=CARTESIAN_POINT('',(0.476593001582192,-0.114136264535381,-11.2722868769757));
#7879=CARTESIAN_POINT('',(0.480163051176837,-0.0980378514848425,-11.3020542687511));
#7880=CARTESIAN_POINT('',(0.481503229762231,-0.0910515542634128,-11.3194294320961));
#7881=CARTESIAN_POINT('',(0.482542363246279,-0.0851637697186805,-11.3392957062608));
#7882=CARTESIAN_POINT('',(0.502237969909393,-0.088639841952096,-11.3392957062608));
#7883=CARTESIAN_POINT('',(0.482542363246279,-0.0851637697186805,-11.3392957062608));
#7884=CARTESIAN_POINT('',(0.502237969909393,-0.088639841952096,-11.3392957062608));
#7885=CARTESIAN_POINT('',(0.503137888183417,-0.0835408580518921,-11.3594425727815));
#7886=CARTESIAN_POINT('',(0.503883436781917,-0.078866188864812,-11.3865045578274));
#7887=CARTESIAN_POINT('',(0.504510973770318,-0.0746235709767787,-11.4204817416127));
#7888=CARTESIAN_POINT('',(0.482542363246279,-0.0851637697186805,-11.3392957062608));
#7889=CARTESIAN_POINT('',(0.483406990547471,-0.0802647463121007,-11.3594425713805));
#7890=CARTESIAN_POINT('',(0.484123302014185,-0.0757733970903386,-11.3865045582799));
#7891=CARTESIAN_POINT('',(0.484726229700893,-0.0716971564286697,-11.4204817416127));
#7892=CARTESIAN_POINT('',(0.504510973770318,-0.0746235709767787,-11.4204817416127));
#7893=CARTESIAN_POINT('',(0.484726229700893,-0.0716971564286697,-11.4204817416127));
#7894=CARTESIAN_POINT('',(0.504510973770318,-0.0746235709767787,-11.4204817416127));
#7895=CARTESIAN_POINT('',(0.504861906448322,-0.0722510044433046,-11.4387041565459));
#7896=CARTESIAN_POINT('',(0.505171135962455,-0.0700453457041862,-11.4546676694337));
#7897=CARTESIAN_POINT('',(0.505582379191796,-0.0669889141341144,-11.4752245887984));
#7898=CARTESIAN_POINT('',(0.505710677860903,-0.0660121079816035,-11.4815121700865));
#7899=CARTESIAN_POINT('',(0.505891055627469,-0.0646100755440088,-11.4900964542685));
#7900=CARTESIAN_POINT('',(0.505949168861444,-0.064153260595423,-11.4928167010375));
#7901=CARTESIAN_POINT('',(0.506033448743954,-0.063483850950088,-11.4966852992534));
#7902=CARTESIAN_POINT('',(0.506061060315097,-0.0632633498492218,-11.4979395366691));
#7903=CARTESIAN_POINT('',(0.506115340781819,-0.0628276215265895,-11.5003774208547));
#7904=CARTESIAN_POINT('',(0.506122901420548,-0.0627673946648116,-11.5007237946947));
#7905=CARTESIAN_POINT('',(0.50689327261946,-0.0565183781235516,-11.5344794090996));
#7906=CARTESIAN_POINT('',(0.507611339146343,-0.0498634029388651,-11.5613484885386));
#7907=CARTESIAN_POINT('',(0.508231874483229,-0.0424306700308164,-11.5833168505409));
#7908=CARTESIAN_POINT('',(0.484726229700893,-0.0716971564286697,-11.4204817416127));
#7909=CARTESIAN_POINT('',(0.485063400312129,-0.0694176317265627,-11.4387041564937));
#7910=CARTESIAN_POINT('',(0.485360503179614,-0.0672984694020613,-11.4546676694337));
#7911=CARTESIAN_POINT('',(0.48575561922349,-0.0643618978935609,-11.4752245887984));
#7912=CARTESIAN_POINT('',(0.48587888657224,-0.0634233978646778,-11.4815121700865));
#7913=CARTESIAN_POINT('',(0.486052190700902,-0.0620763470913026,-11.4900964542685));
#7914=CARTESIAN_POINT('',(0.486108024984525,-0.061637446454426,-11.4928167010375));
#7915=CARTESIAN_POINT('',(0.486188999773603,-0.0609942881677316,-11.4966852992534));
#7916=CARTESIAN_POINT('',(0.486215528538035,-0.0607824341688602,-11.4979395366691));
#7917=CARTESIAN_POINT('',(0.486267680359003,-0.0603637932314292,-11.5003774208547));
#7918=CARTESIAN_POINT('',(0.486274944502095,-0.060305928207368,-11.5007237946947));
#7919=CARTESIAN_POINT('',(0.487015105065756,-0.0543019711383143,-11.5344794090996));
#7920=CARTESIAN_POINT('',(0.487705012242433,-0.0479079739180776,-11.5613484930132));
#7921=CARTESIAN_POINT('',(0.488301212738789,-0.0407667221864706,-11.5833168505409));
#7922=CARTESIAN_POINT('',(0.508231874483229,-0.0424306700308164,-11.5833168505409));
#7923=CARTESIAN_POINT('',(0.488301212738788,-0.0407667221864706,-11.5833168505409));
#7924=CARTESIAN_POINT('',(0.508231874483229,-0.0424306700308164,-11.5833168505409));
#7925=CARTESIAN_POINT('',(0.508869653713161,-0.0347913908655509,-11.5834711966352));
#7926=CARTESIAN_POINT('',(0.509335163522369,-0.0271377329221421,-11.5836255426709));
#7927=CARTESIAN_POINT('',(0.509627931124011,-0.0194774695035368,-11.5837798887653));
#7928=CARTESIAN_POINT('',(0.488301212738789,-0.0407667221864706,-11.5833168505409));
#7929=CARTESIAN_POINT('',(0.488913981018524,-0.0334270225963448,-11.5834711966352));
#7930=CARTESIAN_POINT('',(0.4893612355411,-0.0260735081016347,-11.5836255426709));
#7931=CARTESIAN_POINT('',(0.489642522060324,-0.0187136471700647,-11.5837798887653));
#7932=CARTESIAN_POINT('',(0.509627931124011,-0.0194774695035368,-11.5837798887653));
#7933=CARTESIAN_POINT('',(0.489642522060324,-0.0187136471700647,-11.5837798887653));
#7934=CARTESIAN_POINT('',(0.509627931124011,-0.0194774695035368,-11.5837798887653));
#7935=CARTESIAN_POINT('',(0.509802431072438,-0.0149116788764656,-11.5836616882463));
#7936=CARTESIAN_POINT('',(0.509893537617942,-0.0109482997902026,-11.5835191645012));
#7937=CARTESIAN_POINT('',(0.509993518106724,-0.00423042101471929,-11.5831854616448));
#7938=CARTESIAN_POINT('',(0.510007970622851,-0.00274942929005305,-11.5831282487779));
#7939=CARTESIAN_POINT('',(0.509979741519021,0.00913351417748935,-11.5819217155746));
#7940=CARTESIAN_POINT('',(0.509778845565266,0.016448479043048,-11.5804812828686));
#7941=CARTESIAN_POINT('',(0.508865043093045,0.0365576710506941,-11.5742517530392));
#7942=CARTESIAN_POINT('',(0.507854107260508,0.0475149192175558,-11.5675533865357));
#7943=CARTESIAN_POINT('',(0.506912407661404,0.0560340160877259,-11.5583127864211));
#7944=CARTESIAN_POINT('',(0.489642522060324,-0.0187136471700647,-11.5837798887653));
#7945=CARTESIAN_POINT('',(0.489810178873401,-0.0143269071588913,-11.5836616882463));
#7946=CARTESIAN_POINT('',(0.489897712613317,-0.0105189547003907,-11.5835191645012));
#7947=CARTESIAN_POINT('',(0.489993772298618,-0.00406452215139697,-11.5831854616448));
#7948=CARTESIAN_POINT('',(0.490007658049406,-0.00264160853358039,-11.5831282487779));
#7949=CARTESIAN_POINT('',(0.489980535969256,0.00877533715092114,-11.5819217155746));
#7950=CARTESIAN_POINT('',(0.489787518288197,0.015803440649203,-11.5804812828686));
#7951=CARTESIAN_POINT('',(0.488909551207044,0.0351240368918433,-11.5742517530392));
#7952=CARTESIAN_POINT('',(0.487938264271306,0.0456515496605053,-11.5675534310076));
#7953=CARTESIAN_POINT('',(0.487033489713898,0.0538366036921288,-11.5583127864211));
#7954=CARTESIAN_POINT('',(0.490000371193817,-1.3616897025139E-6,-11.5828448709436));
#7955=CARTESIAN_POINT('',(0.490000316308213,0.000362463076244631,-11.5828096734632));
#7956=CARTESIAN_POINT('',(0.489999603116474,0.000749087580780335,-11.5827699228685));
#7957=CARTESIAN_POINT('',(0.489980535969256,0.00877533715092114,-11.5819217155746));
#7958=CARTESIAN_POINT('',(0.489787518288197,0.015803440649203,-11.5804812828686));
#7959=CARTESIAN_POINT('',(0.488909551207044,0.0351240368918433,-11.5742517530392));
#7960=CARTESIAN_POINT('',(0.487938264271306,0.0456515496605053,-11.5675534310076));
#7961=CARTESIAN_POINT('',(0.487033489713897,0.0538366036921288,-11.5583127864211));
#7962=CARTESIAN_POINT('',(0.487033489713898,0.0538366036921288,-11.5583127864211));
#7963=CARTESIAN_POINT('',(0.506912407661404,0.0560340160877259,-11.5583127864211));
#7964=CARTESIAN_POINT('',(0.487033489713897,0.0538366036921288,-11.5583127864211));
#7965=CARTESIAN_POINT('',(0.506912407661404,0.0560340160877259,-11.5583127864211));
#7966=CARTESIAN_POINT('',(0.506286522392231,0.0616960947832658,-11.5512818025572));
#7967=CARTESIAN_POINT('',(0.505662255040908,0.0664945594312649,-11.5437223555488));
#7968=CARTESIAN_POINT('',(0.504837673965982,0.0724077592276568,-11.5315902263249));
#7969=CARTESIAN_POINT('',(0.504581040918975,0.0741647497833438,-11.5274140381315));
#7970=CARTESIAN_POINT('',(0.504117562715064,0.0772523134121319,-11.5187973715069));
#7971=CARTESIAN_POINT('',(0.503874972229776,0.0788088084810484,-11.5134329817886));
#7972=CARTESIAN_POINT('',(0.503169156954385,0.0832697690039291,-11.4951894204741));
#7973=CARTESIAN_POINT('',(0.502831386971316,0.0852097520945755,-11.4771522120292));
#7974=CARTESIAN_POINT('',(0.502776895281151,0.0855300740760072,-11.4556726466701));
#7975=CARTESIAN_POINT('',(0.487033489713898,0.0538366036921288,-11.5583127864211));
#7976=CARTESIAN_POINT('',(0.486432149205323,0.0592766379125719,-11.5512818053661));
#7977=CARTESIAN_POINT('',(0.485832362686363,0.0638869296496467,-11.5437223555488));
#7978=CARTESIAN_POINT('',(0.485040118124179,0.0695682392579448,-11.5315902263249));
#7979=CARTESIAN_POINT('',(0.484793549118231,0.0712563282232127,-11.5274140381315));
#7980=CARTESIAN_POINT('',(0.484348246530159,0.0742228109253816,-11.5187973715069));
#7981=CARTESIAN_POINT('',(0.484115169397236,0.0757182669719877,-11.5134329817886));
#7982=CARTESIAN_POINT('',(0.483437033152252,0.0800042878665202,-11.4951894204741));
#7983=CARTESIAN_POINT('',(0.483112509051027,0.0818681931879957,-11.4771522120927));
#7984=CARTESIAN_POINT('',(0.483060154289733,0.0821759535240069,-11.4556726466701));
#7985=CARTESIAN_POINT('',(0.487033489713897,0.0538366036921288,-11.5583127864211));
#7986=CARTESIAN_POINT('',(0.486432149205323,0.0592766379125719,-11.5512818053661));
#7987=CARTESIAN_POINT('',(0.485832362686363,0.0638869296496467,-11.5437223555488));
#7988=CARTESIAN_POINT('',(0.485040118124179,0.0695682392579448,-11.5315902263249));
#7989=CARTESIAN_POINT('',(0.484793549118231,0.0712563282232127,-11.5274140381315));
#7990=CARTESIAN_POINT('',(0.484348246530159,0.0742228109253816,-11.5187973715069));
#7991=CARTESIAN_POINT('',(0.484115169397236,0.0757182669719877,-11.5134329817886));
#7992=CARTESIAN_POINT('',(0.483437033152252,0.0800042878665202,-11.4951894204741));
#7993=CARTESIAN_POINT('',(0.483112509051027,0.0818681931879957,-11.4771522120927));
#7994=CARTESIAN_POINT('',(0.483060154289733,0.0821759535240069,-11.4556726466701));
#7995=CARTESIAN_POINT('',(0.483060154289733,0.0821759535240069,-11.4556726466701));
#7996=CARTESIAN_POINT('',(0.502776895281151,0.0855300740760072,-11.4556726466701));
#7997=CARTESIAN_POINT('',(0.483060154289733,0.0821759535240069,-11.4556726466701));
#7998=CARTESIAN_POINT('',(0.502776895281151,0.0855300740760072,-11.4556726466701));
#7999=CARTESIAN_POINT('',(0.502810853321245,0.0853304563608035,-11.4357685174972));
#8000=CARTESIAN_POINT('',(0.503060079336671,0.0838924033331823,-11.418454975355));
#8001=CARTESIAN_POINT('',(0.503708901801833,0.0798698124162073,-11.3963705437449));
#8002=CARTESIAN_POINT('',(0.503970146804939,0.0782178878717106,-11.3896567134167));
#8003=CARTESIAN_POINT('',(0.504564227451843,0.074289213413711,-11.3775243465106));
#8004=CARTESIAN_POINT('',(0.504830738070679,0.0724951779956806,-11.3729947396059));
#8005=CARTESIAN_POINT('',(0.506942250348097,0.0571275218244038,-11.3446956427261));
#8006=CARTESIAN_POINT('',(0.51019527948965,0.0320807683278599,-11.3282153344851));
#8007=CARTESIAN_POINT('',(0.509991368512526,-0.00296716071709952,-11.3170698714876));
#8008=CARTESIAN_POINT('',(0.483060154289733,0.0821759535240069,-11.4556726466701));
#8009=CARTESIAN_POINT('',(0.48309278064201,0.0819841639543235,-11.4357685174791));
#8010=CARTESIAN_POINT('',(0.483332233088174,0.0806025051632536,-11.418454975355));
#8011=CARTESIAN_POINT('',(0.483955611535095,0.0767376629096894,-11.3963705437449));
#8012=CARTESIAN_POINT('',(0.484206611636118,0.0751505197198788,-11.3896567134167));
#8013=CARTESIAN_POINT('',(0.484777395002752,0.0713759109268989,-11.3775243465106));
#8014=CARTESIAN_POINT('',(0.48503345422477,0.0696522298389873,-11.3729947396059));
#8015=CARTESIAN_POINT('',(0.487062162099152,0.0548872268508978,-11.3446956427261));
#8016=CARTESIAN_POINT('',(0.490187554309693,0.0308111554865524,-11.3282115137478));
#8017=CARTESIAN_POINT('',(0.489991707002231,-0.00285080147329169,-11.3170698714876));
#8018=CARTESIAN_POINT('',(0.483060154289733,0.0821759535240069,-11.4556726466701));
#8019=CARTESIAN_POINT('',(0.48309278064201,0.0819841639543235,-11.4357685174791));
#8020=CARTESIAN_POINT('',(0.483332233088174,0.0806025051632536,-11.418454975355));
#8021=CARTESIAN_POINT('',(0.483955611535095,0.0767376629096894,-11.3963705437449));
#8022=CARTESIAN_POINT('',(0.484206611636118,0.0751505197198788,-11.3896567134167));
#8023=CARTESIAN_POINT('',(0.484777395002752,0.0713759109268989,-11.3775243465106));
#8024=CARTESIAN_POINT('',(0.48503345422477,0.0696522298389873,-11.3729947396059));
#8025=CARTESIAN_POINT('',(0.487016123857172,0.0552222946982589,-11.3453378449309));
#8026=CARTESIAN_POINT('',(0.490011448973227,0.0321672056316087,-11.3291516681923));
#8027=CARTESIAN_POINT('',(0.490000233108242,-6.54335565676869E-6,-11.3180224673998));
#8028=CARTESIAN_POINT('',(0.509991368512526,-0.00296716071709964,-11.3170698714876));
#8029=CARTESIAN_POINT('',(0.489991707002231,-0.00285080147329181,-11.3170698714876));
#8030=CARTESIAN_POINT('',(0.509991368512526,-0.00296716071709964,-11.3170698714876));
#8031=CARTESIAN_POINT('',(0.510010525411247,0.000325499818201047,-11.2841427088594));
#8032=CARTESIAN_POINT('',(0.509997793675144,0.00361834587536504,-11.2512155462353));
#8033=CARTESIAN_POINT('',(0.509953175692265,0.00691075982611604,-11.218288383607));
#8034=CARTESIAN_POINT('',(0.489991707002231,-0.00285080147329181,-11.3170698714876));
#8035=CARTESIAN_POINT('',(0.490010112650022,0.000312735119438063,-11.2841427088595));
#8036=CARTESIAN_POINT('',(0.489997880197687,0.00347644995869396,-11.2512155462352));
#8037=CARTESIAN_POINT('',(0.489955011939627,0.00663974963685659,-11.218288383607));
#8038=CARTESIAN_POINT('',(0.48999999993655,-4.5553728787627E-10,-11.2873981016626));
#8039=CARTESIAN_POINT('',(0.489999999763226,0.00221331723570547,-11.2643615297673));
#8040=CARTESIAN_POINT('',(0.4899850035235,0.00442663504097727,-11.2413249566881));
#8041=CARTESIAN_POINT('',(0.489955011939627,0.00663974963685659,-11.218288383607));
#8042=CARTESIAN_POINT('',(0.489955011939627,0.00663974963685659,-11.218288383607));
#8043=CARTESIAN_POINT('',(0.509953175692265,0.00691075982611604,-11.218288383607));
#8044=CARTESIAN_POINT('',(0.489955011939627,0.00663974963685659,-11.218288383607));
#8045=CARTESIAN_POINT('',(0.509953175692265,0.00691075982611604,-11.218288383607));
#8046=CARTESIAN_POINT('',(0.509835124252583,0.0156219157736161,-11.2204187024875));
#8047=CARTESIAN_POINT('',(0.509510342660101,0.0233304439020389,-11.2224713898264));
#8048=CARTESIAN_POINT('',(0.50891711364823,0.0333863169356108,-11.2254343507258));
#8049=CARTESIAN_POINT('',(0.508701145538599,0.0364872185984421,-11.226402638385));
#8050=CARTESIAN_POINT('',(0.508260137746523,0.0421877348434184,-11.2283004817557));
#8051=CARTESIAN_POINT('',(0.508126616954165,0.0438014080830312,-11.2288481083434));
#8052=CARTESIAN_POINT('',(0.506578509350381,0.060479493894942,-11.2353087026497));
#8053=CARTESIAN_POINT('',(0.504916584776471,0.0727763299680523,-11.2415161218734));
#8054=CARTESIAN_POINT('',(0.501043797186507,0.0958763009657744,-11.2564043440612));
#8055=CARTESIAN_POINT('',(0.498912485844413,0.10617452241958,-11.2652524889616));
#8056=CARTESIAN_POINT('',(0.495756416900608,0.119780004748246,-11.2806307570219));
#8057=CARTESIAN_POINT('',(0.494710364092119,0.124008480991759,-11.286107854827));
#8058=CARTESIAN_POINT('',(0.492675667498468,0.131860283455555,-11.2977640673403));
#8059=CARTESIAN_POINT('',(0.491577513142868,0.135870787088097,-11.3047035019392));
#8060=CARTESIAN_POINT('',(0.489084483708314,0.144684680054356,-11.3220129117471));
#8061=CARTESIAN_POINT('',(0.487539795786114,0.149749948910091,-11.3343931856748));
#8062=CARTESIAN_POINT('',(0.485508825257887,0.156160832205589,-11.35422459765));
#8063=CARTESIAN_POINT('',(0.484879142859873,0.158099927603493,-11.3610452351557));
#8064=CARTESIAN_POINT('',(0.484016066983062,0.160714932331869,-11.3715914416851));
#8065=CARTESIAN_POINT('',(0.483741927193878,0.161537656582886,-11.3751593855734));
#8066=CARTESIAN_POINT('',(0.483222232134511,0.163085686037978,-11.3824003567737));
#8067=CARTESIAN_POINT('',(0.482916454177029,0.163987735460656,-11.3870462922976));
#8068=CARTESIAN_POINT('',(0.481382956354887,0.168488312658274,-11.4118202396032));
#8069=CARTESIAN_POINT('',(0.480551047164603,0.170795643036793,-11.4396947387796));
#8070=CARTESIAN_POINT('',(0.480322909910008,0.171434833728688,-11.4734224452737));
#8071=CARTESIAN_POINT('',(0.489955011939627,0.00663974963685659,-11.218288383607));
#8072=CARTESIAN_POINT('',(0.489841589989044,0.0150092900851434,-11.2204187020954));
#8073=CARTESIAN_POINT('',(0.489529544908724,0.0224155245333315,-11.2224713898264));
#8074=CARTESIAN_POINT('',(0.488959579779672,0.0320770496048026,-11.2254343507258));
#8075=CARTESIAN_POINT('',(0.488752081007674,0.0350563472808561,-11.226402638385));
#8076=CARTESIAN_POINT('',(0.488328367638817,0.0405333138691667,-11.2283004817557));
#8077=CARTESIAN_POINT('',(0.488200082955962,0.0420837058052652,-11.2288481083434));
#8078=CARTESIAN_POINT('',(0.486712685454287,0.0581077490363169,-11.2353087026497));
#8079=CARTESIAN_POINT('',(0.48511593439308,0.0699223562438149,-11.2415161218734));
#8080=CARTESIAN_POINT('',(0.481395020826252,0.0921164460259401,-11.2564043440612));
#8081=CARTESIAN_POINT('',(0.479347290321103,0.102010815658028,-11.2652524889616));
#8082=CARTESIAN_POINT('',(0.476314988786859,0.11508274966008,-11.2806307570219));
#8083=CARTESIAN_POINT('',(0.475309957657134,0.119145403305808,-11.286107854827));
#8084=CARTESIAN_POINT('',(0.473355053086763,0.126689291947494,-11.2977640673403));
#8085=CARTESIAN_POINT('',(0.472299963607853,0.130542520927779,-11.3047035019392));
#8086=CARTESIAN_POINT('',(0.469904700033478,0.139010771032617,-11.3220129117471));
#8087=CARTESIAN_POINT('',(0.468420588108227,0.143877401894009,-11.3343931856748));
#8088=CARTESIAN_POINT('',(0.466469263483068,0.150036878001448,-11.35422459765));
#8089=CARTESIAN_POINT('',(0.465864274512427,0.151899930442572,-11.3610452351557));
#8090=CARTESIAN_POINT('',(0.465035044748432,0.154412385965913,-11.3715914416851));
#8091=CARTESIAN_POINT('',(0.464771655539216,0.155202846520812,-11.3751593855734));
#8092=CARTESIAN_POINT('',(0.464272340678256,0.15669016893845,-11.3824003567737));
#8093=CARTESIAN_POINT('',(0.463978554013224,0.157556843873963,-11.3870462922976));
#8094=CARTESIAN_POINT('',(0.462505193360578,0.161880927848145,-11.4118202396032));
#8095=CARTESIAN_POINT('',(0.461705908061002,0.164097774679906,-11.4396947386421));
#8096=CARTESIAN_POINT('',(0.461486717364517,0.164711899072661,-11.4734224452737));
#8097=CARTESIAN_POINT('',(0.489955011939627,0.00663974963685659,-11.218288383607));
#8098=CARTESIAN_POINT('',(0.489841589989044,0.0150092900851434,-11.2204187020954));
#8099=CARTESIAN_POINT('',(0.489529544908724,0.0224155245333315,-11.2224713898264));
#8100=CARTESIAN_POINT('',(0.488959579779672,0.0320770496048026,-11.2254343507258));
#8101=CARTESIAN_POINT('',(0.488752081007674,0.0350563472808561,-11.226402638385));
#8102=CARTESIAN_POINT('',(0.488328367638817,0.0405333138691667,-11.2283004817557));
#8103=CARTESIAN_POINT('',(0.488200082955962,0.0420837058052652,-11.2288481083434));
#8104=CARTESIAN_POINT('',(0.486712685454287,0.0581077490363169,-11.2353087026497));
#8105=CARTESIAN_POINT('',(0.48511593439308,0.0699223562438149,-11.2415161218734));
#8106=CARTESIAN_POINT('',(0.481395020826252,0.0921164460259401,-11.2564043440612));
#8107=CARTESIAN_POINT('',(0.479347290321103,0.102010815658028,-11.2652524889616));
#8108=CARTESIAN_POINT('',(0.476314988786859,0.11508274966008,-11.2806307570219));
#8109=CARTESIAN_POINT('',(0.475309957657134,0.119145403305808,-11.286107854827));
#8110=CARTESIAN_POINT('',(0.473355053086763,0.126689291947494,-11.2977640673403));
#8111=CARTESIAN_POINT('',(0.472299963607853,0.130542520927779,-11.3047035019392));
#8112=CARTESIAN_POINT('',(0.469904700033478,0.139010771032617,-11.3220129117471));
#8113=CARTESIAN_POINT('',(0.468420588108227,0.143877401894009,-11.3343931856748));
#8114=CARTESIAN_POINT('',(0.466469263483068,0.150036878001448,-11.35422459765));
#8115=CARTESIAN_POINT('',(0.465864274512427,0.151899930442572,-11.3610452351557));
#8116=CARTESIAN_POINT('',(0.465035044748432,0.154412385965913,-11.3715914416851));
#8117=CARTESIAN_POINT('',(0.464771655539216,0.155202846520812,-11.3751593855734));
#8118=CARTESIAN_POINT('',(0.464272340678256,0.15669016893845,-11.3824003567737));
#8119=CARTESIAN_POINT('',(0.463978554013224,0.157556843873963,-11.3870462922976));
#8120=CARTESIAN_POINT('',(0.462505193360578,0.161880927848145,-11.4118202396032));
#8121=CARTESIAN_POINT('',(0.461705908061002,0.164097774679906,-11.4396947386421));
#8122=CARTESIAN_POINT('',(0.461486717364517,0.164711899072661,-11.4734224452737));
#8123=CARTESIAN_POINT('',(0.461486717364517,0.164711899072661,-11.4734224452737));
#8124=CARTESIAN_POINT('',(0.480322909910008,0.171434833728688,-11.4734224452737));
#8125=CARTESIAN_POINT('',(0.461486717364517,0.164711899072661,-11.4734224452737));
#8126=CARTESIAN_POINT('',(0.480322909910008,0.171434833728688,-11.4734224452737));
#8127=CARTESIAN_POINT('',(0.480406287861302,0.171201226944601,-11.4876127615533));
#8128=CARTESIAN_POINT('',(0.480571986632272,0.170736961709872,-11.5003368216494));
#8129=CARTESIAN_POINT('',(0.480941003684205,0.169693509253098,-11.5172235274818));
#8130=CARTESIAN_POINT('',(0.481084056312125,0.169287838362725,-11.522485865376));
#8131=CARTESIAN_POINT('',(0.481328047426367,0.168592322258559,-11.5298295261424));
#8132=CARTESIAN_POINT('',(0.481414277865487,0.168345981273943,-11.532185772052));
#8133=CARTESIAN_POINT('',(0.481596405589416,0.167824248746091,-11.5367149818464));
#8134=CARTESIAN_POINT('',(0.481649719137941,0.167671520585604,-11.5380074184921));
#8135=CARTESIAN_POINT('',(0.482365918721044,0.165608492036884,-11.5528166690482));
#8136=CARTESIAN_POINT('',(0.483147459618966,0.163333756586851,-11.5641552110326));
#8137=CARTESIAN_POINT('',(0.484592848056791,0.158972065333713,-11.5803997363186));
#8138=CARTESIAN_POINT('',(0.485119927617063,0.157359836259616,-11.5856873634654));
#8139=CARTESIAN_POINT('',(0.485971409119002,0.154701826358324,-11.593427982263));
#8140=CARTESIAN_POINT('',(0.486265365345125,0.153775875432724,-11.5959763848751));
#8141=CARTESIAN_POINT('',(0.486872181984316,0.151843682150952,-11.6010095827918));
#8142=CARTESIAN_POINT('',(0.48711346928696,0.151070380350872,-11.6029484161563));
#8143=CARTESIAN_POINT('',(0.490651812522883,0.139554551328988,-11.6299389984728));
#8144=CARTESIAN_POINT('',(0.494323299416702,0.126357926403953,-11.6485284796594));
#8145=CARTESIAN_POINT('',(0.500855075742557,0.0972935918457094,-11.6720989805065));
#8146=CARTESIAN_POINT('',(0.504797983049129,0.077181183478286,-11.6812095843605));
#8147=CARTESIAN_POINT('',(0.507415792331295,0.0512758587719832,-11.6876547971147));
#8148=CARTESIAN_POINT('',(0.461486717364517,0.164711899072661,-11.4734224452737));
#8149=CARTESIAN_POINT('',(0.461566825592235,0.164487453338921,-11.4876127615539));
#8150=CARTESIAN_POINT('',(0.461726026372183,0.164041394583995,-11.5003368216494));
#8151=CARTESIAN_POINT('',(0.462080572167178,0.163038861831408,-11.5172235274818));
#8152=CARTESIAN_POINT('',(0.46221801488812,0.162649099603402,-11.522485865376));
#8153=CARTESIAN_POINT('',(0.462452437723373,0.161980858640576,-11.5298295261424));
#8154=CARTESIAN_POINT('',(0.462535286576644,0.161744178086729,-11.532185772052));
#8155=CARTESIAN_POINT('',(0.46271027203689,0.161242905658009,-11.5367149818464));
#8156=CARTESIAN_POINT('',(0.462761494858022,0.161096166837149,-11.5380074184921));
#8157=CARTESIAN_POINT('',(0.463449608182964,0.159114041368771,-11.5528166690482));
#8158=CARTESIAN_POINT('',(0.464200500418223,0.156928511230504,-11.5641552110326));
#8159=CARTESIAN_POINT('',(0.465589206956525,0.152737866693175,-11.5803997363186));
#8160=CARTESIAN_POINT('',(0.466095616730119,0.15118886228865,-11.5856873634654));
#8161=CARTESIAN_POINT('',(0.46691370680061,0.148635088069763,-11.593427982263));
#8162=CARTESIAN_POINT('',(0.46719613533159,0.147745448945167,-11.5959763848751));
#8163=CARTESIAN_POINT('',(0.467779155239833,0.145889027948954,-11.6010095827918));
#8164=CARTESIAN_POINT('',(0.468010980295315,0.145146051709661,-11.6029484161563));
#8165=CARTESIAN_POINT('',(0.471410564972966,0.13408182382589,-11.6299389984728));
#8166=CARTESIAN_POINT('',(0.474938071988596,0.121402713603798,-11.6485284796594));
#8167=CARTESIAN_POINT('',(0.481213700223241,0.0934781568713679,-11.6720989805065));
#8168=CARTESIAN_POINT('',(0.48500198947641,0.0741544133757332,-11.6812095991273));
#8169=CARTESIAN_POINT('',(0.487517133808499,0.049265040780925,-11.6876547971147));
#8170=CARTESIAN_POINT('',(0.461486717364517,0.164711899072661,-11.4734224452737));
#8171=CARTESIAN_POINT('',(0.461566825592235,0.164487453338921,-11.4876127615539));
#8172=CARTESIAN_POINT('',(0.461726026372183,0.164041394583995,-11.5003368216494));
#8173=CARTESIAN_POINT('',(0.462080572167178,0.163038861831408,-11.5172235274818));
#8174=CARTESIAN_POINT('',(0.46221801488812,0.162649099603402,-11.522485865376));
#8175=CARTESIAN_POINT('',(0.462452437723373,0.161980858640576,-11.5298295261424));
#8176=CARTESIAN_POINT('',(0.462535286576644,0.161744178086729,-11.532185772052));
#8177=CARTESIAN_POINT('',(0.46271027203689,0.161242905658009,-11.5367149818464));
#8178=CARTESIAN_POINT('',(0.462761494858022,0.161096166837149,-11.5380074184921));
#8179=CARTESIAN_POINT('',(0.463449608182964,0.159114041368771,-11.5528166690482));
#8180=CARTESIAN_POINT('',(0.464200500418223,0.156928511230504,-11.5641552110326));
#8181=CARTESIAN_POINT('',(0.465589206956525,0.152737866693175,-11.5803997363186));
#8182=CARTESIAN_POINT('',(0.466095616730119,0.15118886228865,-11.5856873634654));
#8183=CARTESIAN_POINT('',(0.46691370680061,0.148635088069763,-11.593427982263));
#8184=CARTESIAN_POINT('',(0.46719613533159,0.147745448945167,-11.5959763848751));
#8185=CARTESIAN_POINT('',(0.467779155239833,0.145889027948954,-11.6010095827918));
#8186=CARTESIAN_POINT('',(0.468010980295315,0.145146051709661,-11.6029484161563));
#8187=CARTESIAN_POINT('',(0.471410564972966,0.13408182382589,-11.6299389984728));
#8188=CARTESIAN_POINT('',(0.474938071988596,0.121402713603798,-11.6485284796594));
#8189=CARTESIAN_POINT('',(0.481213700223241,0.0934781568713679,-11.6720989805065));
#8190=CARTESIAN_POINT('',(0.48500198947641,0.0741544133757332,-11.6812095991273));
#8191=CARTESIAN_POINT('',(0.487517133808499,0.049265040780925,-11.6876547971147));
#8192=CARTESIAN_POINT('',(0.487517133808499,0.0492650407809252,-11.6876547971147));
#8193=CARTESIAN_POINT('',(0.507415792331295,0.0512758587719832,-11.6876547971147));
#8194=CARTESIAN_POINT('',(0.487517133808499,0.049265040780925,-11.6876547971147));
#8195=CARTESIAN_POINT('',(0.507415792331295,0.0512758587719832,-11.6876547971147));
#8196=CARTESIAN_POINT('',(0.508472477484737,0.0408191107580144,-11.6894128750218));
#8197=CARTESIAN_POINT('',(0.509640379304457,0.0244398438632397,-11.6909631271176));
#8198=CARTESIAN_POINT('',(0.510191616074448,-0.0059276532450621,-11.6922814719537));
#8199=CARTESIAN_POINT('',(0.510254328748957,-0.0126207735347789,-11.6923625897772));
#8200=CARTESIAN_POINT('',(0.508928540209551,-0.0330415036004031,-11.692439525434));
#8201=CARTESIAN_POINT('',(0.487517133808499,0.049265040780925,-11.6876547971147));
#8202=CARTESIAN_POINT('',(0.488532542041839,0.0392167610329242,-11.6894131550569));
#8203=CARTESIAN_POINT('',(0.489654482076831,0.0234814186137009,-11.6909631271176));
#8204=CARTESIAN_POINT('',(0.490184101718587,-0.00569519625505967,-11.6922814719537));
#8205=CARTESIAN_POINT('',(0.490244356268035,-0.012125822825243,-11.692362589705));
#8206=CARTESIAN_POINT('',(0.488970558240549,-0.0317457583611716,-11.692439525434));
#8207=CARTESIAN_POINT('',(0.487517133808499,0.049265040780925,-11.6876547971147));
#8208=CARTESIAN_POINT('',(0.488532542041839,0.0392167610329242,-11.6894131550569));
#8209=CARTESIAN_POINT('',(0.489654482076831,0.0234814186137009,-11.6909631271176));
#8210=CARTESIAN_POINT('',(0.489979176341078,0.00559409202850132,-11.6917713656587));
#8211=CARTESIAN_POINT('',(0.490028599848691,0.00271225584657478,-11.6918908701249));
#8212=CARTESIAN_POINT('',(0.490027249979977,5.9809218594985E-7,-11.6919836758596));
#8213=CARTESIAN_POINT('',(0.508928540209551,-0.0330415036004032,-11.692439525434));
#8214=CARTESIAN_POINT('',(0.502275879553217,-0.0326095885206594,-11.692439525434));
#8215=CARTESIAN_POINT('',(0.495623218896883,-0.0321776734409156,-11.692439525434));
#8216=CARTESIAN_POINT('',(0.488970558240549,-0.0317457583611717,-11.692439525434));
#8217=CARTESIAN_POINT('',(0.,0.,-11.692439525434));
#8218=CARTESIAN_POINT('',(0.487041306201192,-0.151296946611083,-11.692439525434));
#8219=CARTESIAN_POINT('',(0.467941647134479,-0.145363733018492,-11.692439525434));
#8220=CARTESIAN_POINT('',(0.487041306201192,-0.151296946611083,-11.692439525434));
#8221=CARTESIAN_POINT('',(0.478899911412522,-0.177504980817921,-11.692594106568));
#8222=CARTESIAN_POINT('',(0.469690240008054,-0.199799414862243,-11.6928641763167));
#8223=CARTESIAN_POINT('',(0.456383242695379,-0.227862936260772,-11.6934428152956));
#8224=CARTESIAN_POINT('',(0.452025346140407,-0.236322406645901,-11.6936646006015));
#8225=CARTESIAN_POINT('',(0.445803922954922,-0.247745152600549,-11.6940406370299));
#8226=CARTESIAN_POINT('',(0.443782234563623,-0.251341715996652,-11.6941732089176));
#8227=CARTESIAN_POINT('',(0.440848793803962,-0.256429665756906,-11.6943829063666));
#8228=CARTESIAN_POINT('',(0.43988746889423,-0.258074498479037,-11.6944546121191));
#8229=CARTESIAN_POINT('',(0.438472593223592,-0.260466203192706,-11.6945648806523));
#8230=CARTESIAN_POINT('',(0.438005485003696,-0.261250847153441,-11.6946020884807));
#8231=CARTESIAN_POINT('',(0.437080679851604,-0.26279514708642,-11.694677407439));
#8232=CARTESIAN_POINT('',(0.43698113162733,-0.262963760434697,-11.6946850173831));
#8233=CARTESIAN_POINT('',(0.429682512577564,-0.275008463872619,-11.6953065930809));
#8234=CARTESIAN_POINT('',(0.423386512112217,-0.284516132912003,-11.6961709174147));
#8235=CARTESIAN_POINT('',(0.414534385106126,-0.297132353836004,-11.697935122819));
#8236=CARTESIAN_POINT('',(0.4116814956684,-0.301063596082049,-11.6986011444377));
#8237=CARTESIAN_POINT('',(0.406212639484024,-0.308402714457977,-11.7000890939764));
#8238=CARTESIAN_POINT('',(0.403970456594397,-0.311334578780126,-11.7007753775937));
#8239=CARTESIAN_POINT('',(0.389702441887547,-0.329505087534953,-11.7059530044599));
#8240=CARTESIAN_POINT('',(0.376846995683353,-0.344253096551438,-11.7127063936565));
#8241=CARTESIAN_POINT('',(0.362359692932387,-0.358880833896082,-11.7220739717981));
#8242=CARTESIAN_POINT('',(0.467941647134479,-0.145363733018492,-11.692439525434));
#8243=CARTESIAN_POINT('',(0.460119522738636,-0.170544001149166,-11.6925941065678));
#8244=CARTESIAN_POINT('',(0.451271014909699,-0.191964143691174,-11.6928641763167));
#8245=CARTESIAN_POINT('',(0.438485860628894,-0.218927134838781,-11.6934428152956));
#8246=CARTESIAN_POINT('',(0.434298861978038,-0.227054861287239,-11.6936646006015));
#8247=CARTESIAN_POINT('',(0.428321416172376,-0.238029656420135,-11.6940406370299));
#8248=CARTESIAN_POINT('',(0.426379009678775,-0.24148517811443,-11.6941732089176));
#8249=CARTESIAN_POINT('',(0.423560605811649,-0.246373600433106,-11.6943829063666));
#8250=CARTESIAN_POINT('',(0.422636979917985,-0.247953929911232,-11.6944546121191));
#8251=CARTESIAN_POINT('',(0.421277589567764,-0.250251842283188,-11.6945648806523));
#8252=CARTESIAN_POINT('',(0.420828799317276,-0.251005715892522,-11.6946020884807));
#8253=CARTESIAN_POINT('',(0.419940261033894,-0.252489455043815,-11.694677407439));
#8254=CARTESIAN_POINT('',(0.419844616661553,-0.252651456103925,-11.6946850173831));
#8255=CARTESIAN_POINT('',(0.41283221796668,-0.264223818230556,-11.6953065930809));
#8256=CARTESIAN_POINT('',(0.406783119480366,-0.273358637503689,-11.6961709174147));
#8257=CARTESIAN_POINT('',(0.398278134709807,-0.285480104665964,-11.697935122819));
#8258=CARTESIAN_POINT('',(0.395537123289247,-0.28925718054942,-11.6986011444377));
#8259=CARTESIAN_POINT('',(0.390282732053278,-0.296308490361585,-11.7000890939764));
#8260=CARTESIAN_POINT('',(0.388128477904421,-0.299125379612277,-11.7007753775937));
#8261=CARTESIAN_POINT('',(0.374419993186075,-0.316583319396327,-11.7059530044599));
#8262=CARTESIAN_POINT('',(0.362068661885486,-0.33075299555592,-11.7127064072791));
#8263=CARTESIAN_POINT('',(0.348149508895823,-0.344807075704078,-11.7220739717981));
#8264=CARTESIAN_POINT('',(0.362359692932387,-0.358880833896082,-11.7220739717981));
#8265=CARTESIAN_POINT('',(0.357622964920199,-0.354189581165414,-11.7220739717981));
#8266=CARTESIAN_POINT('',(0.352886236908011,-0.349498328434746,-11.7220739717981));
#8267=CARTESIAN_POINT('',(0.348149508895822,-0.344807075704078,-11.7220739717981));
#8268=CARTESIAN_POINT('',(0.362359692932387,-0.358880833896082,-11.6726832278578));
#8269=CARTESIAN_POINT('',(0.362359692932387,-0.358880833896082,-11.6232924839175));
#8270=CARTESIAN_POINT('',(0.348149508895822,-0.344807075704078,-11.6232924839175));
#8271=CARTESIAN_POINT('',(0.362359692932387,-0.358880833896082,-11.6232924839175));
#8272=CARTESIAN_POINT('',(0.379196093490242,-0.341881227452909,-11.6059684536037));
#8273=CARTESIAN_POINT('',(0.389937890297193,-0.330009086306649,-11.5994178785387));
#8274=CARTESIAN_POINT('',(0.407543233340382,-0.30660807712529,-11.5936580375534));
#8275=CARTESIAN_POINT('',(0.348149508895823,-0.344807075704078,-11.6232924839175));
#8276=CARTESIAN_POINT('',(0.36431807546593,-0.328481776986128,-11.6059765746877));
#8277=CARTESIAN_POINT('',(0.374649112195616,-0.31706369368727,-11.5994168897183));
#8278=CARTESIAN_POINT('',(0.391561145758406,-0.294584230963514,-11.5936580375534));
#8279=CARTESIAN_POINT('',(0.407543233340382,-0.30660807712529,-11.5936580375534));
#8280=CARTESIAN_POINT('',(0.391561145758406,-0.294584230963514,-11.5936580375534));
#8281=CARTESIAN_POINT('',(0.,0.,0.));
#8282=CARTESIAN_POINT('',(0.407543233340382,-0.30660807712529,-11.5936580375534));
#8283=CARTESIAN_POINT('',(0.399096250409746,-0.317835800699302,-11.5757935211201));
#8284=CARTESIAN_POINT('',(0.391491970123729,-0.327000216815088,-11.5590970250034));
#8285=CARTESIAN_POINT('',(0.381901473954501,-0.33804591449757,-11.535800343061));
#8286=CARTESIAN_POINT('',(0.379004784514807,-0.341276758909545,-11.5283263465769));
#8287=CARTESIAN_POINT('',(0.375157440988876,-0.345485900848222,-11.5175526980958));
#8288=CARTESIAN_POINT('',(0.373957800295467,-0.346782680992845,-11.5140343729762));
#8289=CARTESIAN_POINT('',(0.371730413660649,-0.349169248070463,-11.5071435048188));
#8290=CARTESIAN_POINT('',(0.370934317323052,-0.350015174301783,-11.5045848314817));
#8291=CARTESIAN_POINT('',(0.36508017908855,-0.356177909179505,-11.4840172229927));
#8292=CARTESIAN_POINT('',(0.361260903931203,-0.359999887562998,-11.4652700843904));
#8293=CARTESIAN_POINT('',(0.356915948690289,-0.364308063766193,-11.432227646941));
#8294=CARTESIAN_POINT('',(0.355657352323083,-0.365524338734962,-11.4135445070567));
#8295=CARTESIAN_POINT('',(0.355341025272389,-0.365831594806091,-11.3926994481462));
#8296=CARTESIAN_POINT('',(0.391561145758406,-0.294584230963514,-11.5936580375534));
#8297=CARTESIAN_POINT('',(0.383445436668279,-0.305371625589418,-11.5757935642815));
#8298=CARTESIAN_POINT('',(0.376139343844367,-0.314176678900771,-11.5590970250034));
#8299=CARTESIAN_POINT('',(0.366924945564128,-0.324789211968254,-11.535800343061));
#8300=CARTESIAN_POINT('',(0.364141851788736,-0.327893356599367,-11.5283263465769));
#8301=CARTESIAN_POINT('',(0.360445384479509,-0.331937434148292,-11.5175526980958));
#8302=CARTESIAN_POINT('',(0.359292788519175,-0.333183360169596,-11.5140343729762));
#8303=CARTESIAN_POINT('',(0.357152750379839,-0.335476336381425,-11.5071435048188));
#8304=CARTESIAN_POINT('',(0.356387873506462,-0.336289089035046,-11.5045848314817));
#8305=CARTESIAN_POINT('',(0.350763309320371,-0.342210148035211,-11.4840172229927));
#8306=CARTESIAN_POINT('',(0.347093809659391,-0.345882244913469,-11.4652700843904));
#8307=CARTESIAN_POINT('',(0.342919244820082,-0.350021473030264,-11.432227646941));
#8308=CARTESIAN_POINT('',(0.341710005173955,-0.35119005094066,-11.4135445071113));
#8309=CARTESIAN_POINT('',(0.341406083104845,-0.351485257754871,-11.3926994481462));
#8310=CARTESIAN_POINT('',(0.484455591216478,-0.159382496338503,-11.4351446187199));
#8311=CARTESIAN_POINT('',(0.483640223903815,-0.161860869199948,-11.4155560041424));
#8312=CARTESIAN_POINT('',(0.482767323320598,-0.16445019603944,-11.398938539512));
#8313=CARTESIAN_POINT('',(0.481363389363741,-0.168497258853483,-11.3784690710806));
#8314=CARTESIAN_POINT('',(0.480879640580069,-0.169873453151782,-11.3723887028228));
#8315=CARTESIAN_POINT('',(0.480129264555456,-0.17197803353908,-11.3643823322653));
#8316=CARTESIAN_POINT('',(0.479875013320602,-0.17268627478776,-11.3618992390509));
#8317=CARTESIAN_POINT('',(0.479487306823596,-0.173758646036494,-11.3584531446867));
#8318=CARTESIAN_POINT('',(0.479357016358183,-0.174117771324521,-11.3573508708082));
#8319=CARTESIAN_POINT('',(0.479094301721477,-0.17483934763333,-11.3552391715369));
#8320=CARTESIAN_POINT('',(0.479067548250017,-0.174913598454652,-11.3549919836705));
#8321=CARTESIAN_POINT('',(0.475001595151204,-0.186002845480893,-11.3256629261727));
#8322=CARTESIAN_POINT('',(0.46684426308899,-0.207501887807738,-11.3082204198085));
#8323=CARTESIAN_POINT('',(0.453065460928919,-0.234161670888441,-11.3071917226996));
#8324=CARTESIAN_POINT('',(0.465457332737401,-0.153132202364444,-11.4351446187199));
#8325=CARTESIAN_POINT('',(0.464673940611054,-0.155513384140627,-11.4155560040819));
#8326=CARTESIAN_POINT('',(0.463835271425673,-0.158001168743776,-11.398938539512));
#8327=CARTESIAN_POINT('',(0.462486393702418,-0.16188952321217,-11.3784690710806));
#8328=CARTESIAN_POINT('',(0.462021615459282,-0.163211749106614,-11.3723887028228));
#8329=CARTESIAN_POINT('',(0.461300665945438,-0.165233796929704,-11.3643823322653));
#8330=CARTESIAN_POINT('',(0.461056385347245,-0.16591426401177,-11.3618992390509));
#8331=CARTESIAN_POINT('',(0.460683883026592,-0.166944581486043,-11.3584531446867));
#8332=CARTESIAN_POINT('',(0.460558701991196,-0.167289623429442,-11.3573508708082));
#8333=CARTESIAN_POINT('',(0.460306289889262,-0.167982902628101,-11.3552391715369));
#8334=CARTESIAN_POINT('',(0.460280585573546,-0.168054241652508,-11.3549919836705));
#8335=CARTESIAN_POINT('',(0.456374081615862,-0.178708616246348,-11.3256629261727));
#8336=CARTESIAN_POINT('',(0.448536476090263,-0.19936488554941,-11.3082204066889));
#8337=CARTESIAN_POINT('',(0.435298187951314,-0.224978860265365,-11.3071917226996));
#8338=CARTESIAN_POINT('',(0.465457332737401,-0.153132202364444,-11.4351446187199));
#8339=CARTESIAN_POINT('',(0.484455591216478,-0.159382496338503,-11.4351446187199));
#8340=CARTESIAN_POINT('',(0.484455591216478,-0.159382496338503,-11.4351446187199));
#8341=CARTESIAN_POINT('',(0.435298187951314,-0.224978860265365,-11.3071917226996));
#8342=CARTESIAN_POINT('',(0.453065460928919,-0.234161670888441,-11.3071917226996));
#8343=CARTESIAN_POINT('',(0.453065460922178,-0.234161670901483,-11.3071917226991));
#8344=CARTESIAN_POINT('',(0.484455591216478,-0.159382496338503,-11.4351446187199));
#8345=CARTESIAN_POINT('',(0.483640887502366,-0.161858852140137,-11.4155719466213));
#8346=CARTESIAN_POINT('',(0.482333870779015,-0.165735894440736,-11.3906719614395));
#8347=CARTESIAN_POINT('',(0.480646185588486,-0.170537741795909,-11.3694252689181));
#8348=CARTESIAN_POINT('',(0.479886377915848,-0.172654677686732,-11.3619916771641));
#8349=CARTESIAN_POINT('',(0.479371542471118,-0.174078998460934,-11.3574075345753));
#8350=CARTESIAN_POINT('',(0.479328413287974,-0.174201756375882,-11.356879485836));
#8351=CARTESIAN_POINT('',(0.47497021812474,-0.186091357428178,-11.3253910420267));
#8352=CARTESIAN_POINT('',(0.466710551300565,-0.207760598777916,-11.3082104371606));
#8353=CARTESIAN_POINT('',(0.453065460928919,-0.234161670888441,-11.3071917226996));
#8354=CARTESIAN_POINT('',(0.453065460928919,-0.234161670888441,-11.3071917226996));
#8355=CARTESIAN_POINT('',(0.446139662869304,-0.247561984775315,-11.3080273482139));
#8356=CARTESIAN_POINT('',(0.441273092500487,-0.255900385390244,-11.3106429681537));
#8357=CARTESIAN_POINT('',(0.430536466657301,-0.273578691213454,-11.3236743345417));
#8358=CARTESIAN_POINT('',(0.425918307809986,-0.280589016995456,-11.3328321340076));
#8359=CARTESIAN_POINT('',(0.419142379814774,-0.290613603999204,-11.353285878844));
#8360=CARTESIAN_POINT('',(0.416543879473786,-0.294269775789867,-11.3669162501166));
#8361=CARTESIAN_POINT('',(0.414372371069443,-0.297319764840446,-11.3866304295872));
#8362=CARTESIAN_POINT('',(0.413684102418451,-0.298271169276146,-11.3994506415596));
#8363=CARTESIAN_POINT('',(0.413405085539538,-0.298657387737266,-11.415233975069));
#8364=CARTESIAN_POINT('',(0.435298187951314,-0.224978860265365,-11.3071917226996));
#8365=CARTESIAN_POINT('',(0.428643303294116,-0.237854999956386,-11.3080274344264));
#8366=CARTESIAN_POINT('',(0.423968265343606,-0.245865076159254,-11.3106429681537));
#8367=CARTESIAN_POINT('',(0.413652683651132,-0.262850115087436,-11.3236743345417));
#8368=CARTESIAN_POINT('',(0.409215629072339,-0.269585526132889,-11.3328321340076));
#8369=CARTESIAN_POINT('',(0.402705423743607,-0.279216992077667,-11.353285878844));
#8370=CARTESIAN_POINT('',(0.400208825376774,-0.282729784582421,-11.3669162501166));
#8371=CARTESIAN_POINT('',(0.398122474164759,-0.285660166219253,-11.3866304295872));
#8372=CARTESIAN_POINT('',(0.397461196441561,-0.28657426067666,-11.3994506415417));
#8373=CARTESIAN_POINT('',(0.397193121400733,-0.286945333316196,-11.415233975069));
#8374=CARTESIAN_POINT('',(0.397193121400733,-0.286945333316196,-11.415233975069));
#8375=CARTESIAN_POINT('',(0.413405085539538,-0.298657387737266,-11.415233975069));
#8376=CARTESIAN_POINT('',(0.413405085539538,-0.298657387737265,-11.415233975069));
#8377=CARTESIAN_POINT('',(0.453065460928919,-0.234161670888441,-11.3071917226996));
#8378=CARTESIAN_POINT('',(0.446400060934408,-0.247058156078913,-11.3079959301354));
#8379=CARTESIAN_POINT('',(0.441492599946247,-0.255532239353902,-11.310367482999));
#8380=CARTESIAN_POINT('',(0.430489682357267,-0.273662336722568,-11.3237055629639));
#8381=CARTESIAN_POINT('',(0.425605642970821,-0.281060474109378,-11.3335062982536));
#8382=CARTESIAN_POINT('',(0.420618807637263,-0.288424352336285,-11.3489796859625));
#8383=CARTESIAN_POINT('',(0.419193621516505,-0.290483885040009,-11.3544433106412));
#8384=CARTESIAN_POINT('',(0.416851242612857,-0.293835364311678,-11.3659822175504));
#8385=CARTESIAN_POINT('',(0.415773395137883,-0.29535267463439,-11.3736280196746));
#8386=CARTESIAN_POINT('',(0.414297265138705,-0.297423351758515,-11.388059793012));
#8387=CARTESIAN_POINT('',(0.413668647071831,-0.298292562749584,-11.4003249144393));
#8388=CARTESIAN_POINT('',(0.413405085539538,-0.298657387737266,-11.415233975069));
#8389=CARTESIAN_POINT('',(0.413405085539538,-0.298657387737266,-11.415233975069));
#8390=CARTESIAN_POINT('',(0.41448375421611,-0.297164281807808,-11.4853536588029));
#8391=CARTESIAN_POINT('',(0.431910675180496,-0.276171281907955,-11.5364406164269));
#8392=CARTESIAN_POINT('',(0.455381423159692,-0.229625258717446,-11.5686539734336));
#8393=CARTESIAN_POINT('',(0.397193121400733,-0.286945333316196,-11.415233975069));
#8394=CARTESIAN_POINT('',(0.398229488582834,-0.28551078161529,-11.4853536072429));
#8395=CARTESIAN_POINT('',(0.414973268148957,-0.265340507039223,-11.5364409971318));
#8396=CARTESIAN_POINT('',(0.437523328133822,-0.22062034661088,-11.5686539734336));
#8397=CARTESIAN_POINT('',(0.437523328133821,-0.22062034661088,-11.5686539734336));
#8398=CARTESIAN_POINT('',(0.455381423159692,-0.229625258717446,-11.5686539734336));
#8399=CARTESIAN_POINT('',(0.455381423159692,-0.229625258717446,-11.5686539734336));
#8400=CARTESIAN_POINT('',(0.413405085539538,-0.298657387737266,-11.415233975069));
#8401=CARTESIAN_POINT('',(0.414483432279523,-0.297164727436237,-11.4853327310684));
#8402=CARTESIAN_POINT('',(0.431934073606826,-0.276124879309472,-11.5364727305232));
#8403=CARTESIAN_POINT('',(0.455381423159692,-0.229625258717446,-11.5686539734336));
#8404=CARTESIAN_POINT('',(0.455381423159692,-0.229625258717446,-11.5686539734336));
#8405=CARTESIAN_POINT('',(0.458088171840899,-0.224257368993691,-11.5715483178465));
#8406=CARTESIAN_POINT('',(0.460777014709802,-0.218689061210496,-11.573982228605));
#8407=CARTESIAN_POINT('',(0.464755520257089,-0.210029514795097,-11.5769423689478));
#8408=CARTESIAN_POINT('',(0.466072544646759,-0.207091823550246,-11.5778139656136));
#8409=CARTESIAN_POINT('',(0.46868340799974,-0.201113160485883,-11.5793269253817));
#8410=CARTESIAN_POINT('',(0.470282877899494,-0.1973334902727,-11.5800939708453));
#8411=CARTESIAN_POINT('',(0.475153280836109,-0.185561918961976,-11.5820967906418));
#8412=CARTESIAN_POINT('',(0.479994873987671,-0.173135848515519,-11.5830375078447));
#8413=CARTESIAN_POINT('',(0.485078900627791,-0.157475268425661,-11.5833168505409));
#8414=CARTESIAN_POINT('',(0.437523328133822,-0.22062034661088,-11.5686539734336));
#8415=CARTESIAN_POINT('',(0.440123930040001,-0.215462961906242,-11.5715483181048));
#8416=CARTESIAN_POINT('',(0.442707327858437,-0.210113019594398,-11.573982228605));
#8417=CARTESIAN_POINT('',(0.446529813580341,-0.201793063234505,-11.5769423689478));
#8418=CARTESIAN_POINT('',(0.44779518995473,-0.198970575567884,-11.5778139656136));
#8419=CARTESIAN_POINT('',(0.450303666509555,-0.193226369878594,-11.5793269253817));
#8420=CARTESIAN_POINT('',(0.451840412099514,-0.189594922026712,-11.5800939708453));
#8421=CARTESIAN_POINT('',(0.456519818842536,-0.178284980963467,-11.5820967906418));
#8422=CARTESIAN_POINT('',(0.461171545618927,-0.166346207326631,-11.583037507846));
#8423=CARTESIAN_POINT('',(0.466056198642388,-0.151299767703086,-11.5833168505409));
#8424=CARTESIAN_POINT('',(0.466056198642388,-0.151299767703086,-11.5833168505409));
#8425=CARTESIAN_POINT('',(0.485078900627791,-0.157475268425661,-11.5833168505409));
#8426=CARTESIAN_POINT('',(0.485078900627791,-0.157475268425661,-11.5833168505409));
#8427=CARTESIAN_POINT('',(0.455381423159692,-0.229625258717446,-11.5686539734336));
#8428=CARTESIAN_POINT('',(0.458089001289878,-0.22425572407162,-11.5715487704908));
#8429=CARTESIAN_POINT('',(0.460778177262158,-0.218686611700325,-11.573982882467));
#8430=CARTESIAN_POINT('',(0.466082789945854,-0.207140521613454,-11.5779297362574));
#8431=CARTESIAN_POINT('',(0.469308677164544,-0.199688094926909,-11.5796934730238));
#8432=CARTESIAN_POINT('',(0.475153521131363,-0.185561338177849,-11.5820966583663));
#8433=CARTESIAN_POINT('',(0.479996063768243,-0.173132183575254,-11.5830374302783));
#8434=CARTESIAN_POINT('',(0.485078900627791,-0.157475268425661,-11.5833168505409));
#8435=CARTESIAN_POINT('',(0.485078900627791,-0.157475268425661,-11.5833168505409));
#8436=CARTESIAN_POINT('',(0.488033710853862,-0.148373419542624,-11.583471196663));
#8437=CARTESIAN_POINT('',(0.490732274749094,-0.139188394186231,-11.5836255426431));
#8438=CARTESIAN_POINT('',(0.493170323880769,-0.129934720699811,-11.5837798887653));
#8439=CARTESIAN_POINT('',(0.466056198642388,-0.151299767703086,-11.5833168505409));
#8440=CARTESIAN_POINT('',(0.468895133957613,-0.142554854070422,-11.583471196663));
#8441=CARTESIAN_POINT('',(0.471487871817773,-0.133730025786713,-11.5836255426431));
#8442=CARTESIAN_POINT('',(0.473830311179562,-0.124839241456682,-11.5837798887653));
#8443=CARTESIAN_POINT('',(0.473830311179562,-0.124839241456682,-11.5837798887653));
#8444=CARTESIAN_POINT('',(0.493170323880769,-0.129934720699811,-11.5837798887653));
#8445=CARTESIAN_POINT('',(0.493170323880039,-0.129934720702581,-11.5837798887572));
#8446=CARTESIAN_POINT('',(0.485078900627791,-0.157475268425661,-11.5833168505409));
#8447=CARTESIAN_POINT('',(0.488033709947056,-0.148373422335902,-11.5834711966157));
#8448=CARTESIAN_POINT('',(0.49073227549731,-0.139188391346359,-11.5836255426905));
#8449=CARTESIAN_POINT('',(0.493170323880769,-0.129934720699811,-11.5837798887653));
#8450=CARTESIAN_POINT('',(0.493170323880769,-0.129934720699811,-11.5837798887653));
#8451=CARTESIAN_POINT('',(0.490182751777145,-0.14127412170076,-11.5508484667803));
#8452=CARTESIAN_POINT('',(0.487190219157392,-0.151070380351444,-11.5013040129785));
#8453=CARTESIAN_POINT('',(0.484455591216478,-0.159382496338503,-11.4351446187199));
#8454=CARTESIAN_POINT('',(0.473830311179562,-0.124839241456682,-11.5837798887653));
#8455=CARTESIAN_POINT('',(0.470959901226406,-0.135733950727958,-11.5508484950047));
#8456=CARTESIAN_POINT('',(0.468084719894004,-0.145146053147636,-11.5013040010705));
#8457=CARTESIAN_POINT('',(0.465457332737401,-0.153132202364444,-11.4351446187199));
#8458=CARTESIAN_POINT('',(0.493170323880769,-0.129934720699811,-11.5837798887653));
#8459=CARTESIAN_POINT('',(0.490182867437856,-0.141273682707777,-11.5508455817178));
#8460=CARTESIAN_POINT('',(0.487190304115356,-0.151070122115055,-11.5013004917027));
#8461=CARTESIAN_POINT('',(0.484455591216478,-0.159382496338503,-11.4351446187199));
#8462=CARTESIAN_POINT('',(0.,0.,0.));
#8463=CARTESIAN_POINT('',(0.379970599064984,0.340179869842702,-11.8801243524071));
#8464=CARTESIAN_POINT('',(0.379970599064984,0.340179869842702,-11.8307336084668));
#8465=CARTESIAN_POINT('',(0.365069791258514,0.326839482790047,-11.8307336084668));
#8466=CARTESIAN_POINT('',(0.365069791258514,0.326839482790047,-11.8307336084668));
#8467=CARTESIAN_POINT('',(0.365069791258514,0.326839482790047,-11.9295150963474));
#8468=CARTESIAN_POINT('',(0.379970599064984,0.340179869842702,-11.9295150963474));
#8469=CARTESIAN_POINT('',(0.,0.,-11.9295150963474));
#8470=CARTESIAN_POINT('',(0.,0.,-11.9295150963474));
#8471=CARTESIAN_POINT('',(0.362359692932387,-0.358880833896082,-11.9295150963474));
#8472=CARTESIAN_POINT('',(0.362359692932387,-0.358880833896082,-11.8801243524071));
#8473=CARTESIAN_POINT('',(0.362359692932387,-0.358880833896082,-11.8307336084668));
#8474=CARTESIAN_POINT('',(0.,0.,0.));
#8475=CARTESIAN_POINT('',(0.,0.,-11.8307336084668));
#8476=CARTESIAN_POINT('',(0.,0.,-11.8307336084668));
#8477=CARTESIAN_POINT('',(0.379970599064984,0.340179869842702,-12.1171999233206));
#8478=CARTESIAN_POINT('',(0.379970599064984,0.340179869842702,-12.0678091793803));
#8479=CARTESIAN_POINT('',(0.365069791258514,0.326839482790047,-12.0678091793803));
#8480=CARTESIAN_POINT('',(0.365069791258514,0.326839482790047,-12.0678091793803));
#8481=CARTESIAN_POINT('',(0.365069791258514,0.326839482790047,-12.1665906672609));
#8482=CARTESIAN_POINT('',(0.379970599064984,0.340179869842702,-12.1665906672609));
#8483=CARTESIAN_POINT('',(0.,0.,-12.1665906672609));
#8484=CARTESIAN_POINT('',(0.,0.,-12.1665906672609));
#8485=CARTESIAN_POINT('',(0.362359692932387,-0.358880833896082,-12.1665906672609));
#8486=CARTESIAN_POINT('',(0.362359692932387,-0.358880833896082,-12.1171999233206));
#8487=CARTESIAN_POINT('',(0.362359692932387,-0.358880833896082,-12.0678091793803));
#8488=CARTESIAN_POINT('',(0.,0.,0.));
#8489=CARTESIAN_POINT('',(0.,0.,-12.0678091793803));
#8490=CARTESIAN_POINT('',(0.,0.,-12.0678091793803));
#8491=CARTESIAN_POINT('',(-0.571789793215326,-3.36706851427556,15.1428576050808));
#8492=CARTESIAN_POINT('',(-0.226274169979694,-0.226274169979696,7.79502969777228));
#8493=CARTESIAN_POINT('',(0.,-1.55431223447522E-15,7.46704760932993));
#8494=CARTESIAN_POINT('',(6.16297582203915E-30,-2.66106213907315E-15,7.46704760932993));
#8495=CARTESIAN_POINT('',(3.55201010126778,0.,11.0190577105977));
#8496=CARTESIAN_POINT('',(6.16297582203915E-30,-2.66106213907315E-15,7.46704760932993));
#8497=CARTESIAN_POINT('',(3.36706851427556,-0.571789793215313,15.1428576050808));
#8498=CARTESIAN_POINT('',(0.226274169979696,-0.226274169979694,7.79502969777228));
#8499=CARTESIAN_POINT('',(6.16297582203915E-30,-2.66106213907315E-15,7.46704760932993));
#8500=CARTESIAN_POINT('',(-1.24017841670689E-14,3.55201010126778,11.0190577105977));
#8501=CARTESIAN_POINT('',(-3.55201010126778,-2.48035683341378E-14,11.0190577105977));
#8502=CARTESIAN_POINT('',(6.16297582203915E-30,-2.66106213907315E-15,7.46704760932993));
#8503=CARTESIAN_POINT('',(3.72053525012067E-14,-3.55201010126778,11.0190577105977));
#8504=CARTESIAN_POINT('',(6.16297582203915E-30,-2.66106213907315E-15,7.46704760932993));
#8505=CARTESIAN_POINT('',(0.226274169979693,0.226274169979698,7.79502969777228));
#8506=CARTESIAN_POINT('',(-3.36706851427557,0.57178979321529,15.1428576050808));
#8507=CARTESIAN_POINT('',(0.571789793215302,3.36706851427557,15.1428576050808));
#8508=TOROIDAL_SURFACE('',#3459,0.554999999999997,0.1);
#8509=TOROIDAL_SURFACE('',#3464,0.554999999999997,0.1);
#8510=TOROIDAL_SURFACE('',#3469,0.554999999999997,0.1);
#8511=TOROIDAL_SURFACE('',#3472,0.554999999999997,0.1);
#8512=TOROIDAL_SURFACE('',#3517,0.554999999999997,0.1);
#8513=TOROIDAL_SURFACE('',#3523,0.554999999999997,0.1);
#8514=TOROIDAL_SURFACE('',#3587,0.554999999999997,0.1);
#8515=TOROIDAL_SURFACE('',#3589,0.554999999999997,0.1);
#8516=CLOSED_SHELL('',(#3274,#3275,#3276,#3277,#3278,#3279,#3280,#3281,
#3282,#3283,#3284,#3285,#3286,#3287,#3288,#3289,#3290,#3291,#3292,#3293,
#3294,#3295,#3296,#3297,#3298,#3299,#3300,#3301,#3302,#3303,#3304,#3305,
#3306,#3307,#3308,#3309,#3310,#3311,#3312,#3313,#3314,#3315,#3316,#3317,
#3318,#3319,#3320,#3321,#3322,#3323,#3324,#3325,#3326,#3327,#3328,#3329,
#3330,#3331,#3332,#3333,#3334,#3335,#3336,#3337,#3338,#3339,#3340,#3341,
#3342,#3343,#3344,#3345,#3346,#3347,#3348,#3349,#3350,#3351,#3352,#3353,
#3354,#3355,#3356,#3357,#3358,#3359,#3360,#3361,#3362,#3363,#3364,#3365,
#3366,#3367,#3368,#3369,#3370,#3371,#3372,#3373,#3374,#3375,#3376,#3377,
#3378,#3379,#3380,#3381,#3382,#3383,#3384,#3385,#3386,#3387,#3388,#3389,
#3390,#3391,#3392,#3393,#3394,#3395,#3396,#3397,#3398,#3399,#3400,#3401,
#3402,#3403,#3404,#3405,#3406,#3407,#3408,#3409,#3410,#3411,#3412,#3413,
#3414,#3415,#3416,#3417,#3418,#3419,#3420,#3421,#3422,#3423,#3424,#3425,
#3426,#3427,#3428,#3429,#3430,#3431,#3432,#3433,#3434,#3435,#3436,#3437,
#3438,#3439,#3440,#3441,#3442,#3443,#3444,#3445,#3446,#3447,#3448,#3449,
#3450,#3451,#3452,#3453,#3454,#3455,#3456,#3457,#3458));
#8517=MANIFOLD_SOLID_BREP('',#8516);
#8518=ADVANCED_BREP_SHAPE_REPRESENTATION('',(#8517),#103);
ENDSEC;
END-ISO-10303-21;
