ISO-10303-21;
HEADER;
/* Generated by software containing ST-Developer
 * from STEP Tools, Inc. (www.steptools.com) 
 */

FILE_DESCRIPTION(
/* description */ ('Alibre Inc.'),
/* implementation_level */ '2;1');

FILE_NAME(
/* name */ 'export-476E11AC-13D7-4B71-AB95-179DA95759A3',
/* time_stamp */ '2026-10-02T12:37:25+02:00',
/* author */ (''),
/* organization */ (''),
/* preprocessor_version */ 'ST-DEVELOPER v17',
/* originating_system */ 'Alibre',
/* authorisation */ '');

FILE_SCHEMA (('CONFIG_CONTROL_DESIGN'));
ENDSEC;

DATA;
#10=MECHANICAL_CONTEXT('detailed design',#18,'mechanical');
#11=PRODUCT_RELATED_PRODUCT_CATEGORY('detail','',(#98));
#12=CC_DESIGN_SECURITY_CLASSIFICATION(#14,(#97));
#13=SECURITY_CLASSIFICATION_LEVEL('unclassified');
#14=SECURITY_CLASSIFICATION('name','Security for version',#13);
#15=SHAPE_DEFINITION_REPRESENTATION(#16,#8887);
#16=PRODUCT_DEFINITION_SHAPE('','DefinitionDesc',#96);
#17=APPLICATION_PROTOCOL_DEFINITION('AP definition status',
'config_control_design',1994,#18);
#18=APPLICATION_CONTEXT(
'control the configuration of three dimensional design');
#19=DESIGN_CONTEXT('detailed design',#18,'design');
#20=PERSON_AND_ORGANIZATION_ROLE('creator');
#21=PERSON_AND_ORGANIZATION_ROLE('classification_officer');
#22=PERSON_AND_ORGANIZATION_ROLE('creator');
#23=PERSON_AND_ORGANIZATION_ROLE('design_supplier');
#24=PERSON_AND_ORGANIZATION_ROLE('design_owner');
#25=CC_DESIGN_PERSON_AND_ORGANIZATION_ASSIGNMENT(#57,#20,(#96));
#26=CC_DESIGN_PERSON_AND_ORGANIZATION_ASSIGNMENT(#60,#21,(#14));
#27=CC_DESIGN_PERSON_AND_ORGANIZATION_ASSIGNMENT(#61,#22,(#97));
#28=CC_DESIGN_PERSON_AND_ORGANIZATION_ASSIGNMENT(#62,#23,(#97));
#29=CC_DESIGN_PERSON_AND_ORGANIZATION_ASSIGNMENT(#63,#24,(#98));
#30=DATE_TIME_ROLE('creation_date');
#31=DATE_TIME_ROLE('classification_date');
#32=CC_DESIGN_DATE_AND_TIME_ASSIGNMENT(#86,#30,(#96));
#33=CC_DESIGN_DATE_AND_TIME_ASSIGNMENT(#89,#31,(#14));
#34=CC_DESIGN_APPROVAL(#93,(#96));
#35=CC_DESIGN_APPROVAL(#94,(#97));
#36=CC_DESIGN_APPROVAL(#95,(#14));
#37=APPROVAL_PERSON_ORGANIZATION(#56,#93,#64);
#38=APPROVAL_PERSON_ORGANIZATION(#58,#94,#65);
#39=APPROVAL_PERSON_ORGANIZATION(#59,#95,#66);
#40=ORGANIZATION('DEFINITION_APPROVEDBY_ORG_ID',
'DEFINITION_APPROVEDBY_ORG_NAME','DEFINITION_APPROVEDBY_ORG_DESCR');
#41=ORGANIZATION('DEF_CREATOR_ORG_ID','DEF_CREATOR_ORG_NAME',
'DEF_CREATOR_ORG_DESCR');
#42=ORGANIZATION('APPROVEDBY_ORG_ID','APPROVEDBY_ORG_NAME',
'APPROVEDBY_ORG_DESCR');
#43=ORGANIZATION('SECURITY_APPROVEDBY_ORG_ID',
'SECURITY_APPROVEDBY_ORG_NAME','SECURITY_APPROVEDBY_ORG_DESCR');
#44=ORGANIZATION('CLASSOFFICER_ORG_ID','CLASSOFFICER_ORG_NAME',
'CLASSOFFICER_ORG_DESCR');
#45=ORGANIZATION('CREATOR_ORG_ID','CREATOR_ORG_NAME',
'CREATOR_ORG_DESCR');
#46=ORGANIZATION('SUPPLIER_ORG_ID','SUPPLIER_ORG_NAME',
'SUPPLIER_ORG_DESCR');
#47=ORGANIZATION('OWNER_ORG_ID','OWNER_ORG_NAME','OWNER_ORG_DESCR');
#48=PERSON('DEFINITION_approverID','DEFINITION_APPROVEDBY_LASTNAME',
'DEFINITION_APPROVEDBY_FIRSTNAME',$,$,$);
#49=PERSON('DEF_createrID','DEF_CREATOR_LASTNAME',
'DEF_CREATOR_FIRSTNAME',$,$,$);
#50=PERSON('approverID','APPROVEDBY_LASTNAME','APPROVEDBY_FIRSTNAME',$,
$,$);
#51=PERSON('SECURITY_approverID','SECURITY_LASTNAME',
'SECURITY_APPROVEDBY_FIRSTNAME',$,$,$);
#52=PERSON('classifierID','CLASSOFFICER_LASTNAME',
'CLASSOFFICER_FIRSTNAME',$,$,$);
#53=PERSON('createrID','CREATOR_LASTNAME','CREATOR_FIRSTNAME',$,$,$);
#54=PERSON('supplierID','SUPPLIER_LASTNAME','SUPPLIER_FIRSTNAME',$,$,$);
#55=PERSON('ownerID','OWNER_LASTNAME','OWNER_FIRSTNAME',$,$,$);
#56=PERSON_AND_ORGANIZATION(#48,#40);
#57=PERSON_AND_ORGANIZATION(#49,#41);
#58=PERSON_AND_ORGANIZATION(#50,#42);
#59=PERSON_AND_ORGANIZATION(#51,#43);
#60=PERSON_AND_ORGANIZATION(#52,#44);
#61=PERSON_AND_ORGANIZATION(#53,#45);
#62=PERSON_AND_ORGANIZATION(#54,#46);
#63=PERSON_AND_ORGANIZATION(#55,#47);
#64=APPROVAL_ROLE('definition_approval');
#65=APPROVAL_ROLE('version_approval');
#66=APPROVAL_ROLE('security_approval');
#67=APPROVAL_DATE_TIME(#85,#93);
#68=APPROVAL_DATE_TIME(#87,#94);
#69=APPROVAL_DATE_TIME(#88,#95);
#70=COORDINATED_UNIVERSAL_TIME_OFFSET(1,0,.AHEAD.);
#71=COORDINATED_UNIVERSAL_TIME_OFFSET(1,0,.AHEAD.);
#72=COORDINATED_UNIVERSAL_TIME_OFFSET(1,0,.AHEAD.);
#73=COORDINATED_UNIVERSAL_TIME_OFFSET(1,0,.AHEAD.);
#74=COORDINATED_UNIVERSAL_TIME_OFFSET(1,0,.AHEAD.);
#75=LOCAL_TIME(16,53,35.,#70);
#76=LOCAL_TIME(16,53,35.,#71);
#77=LOCAL_TIME(16,53,35.,#72);
#78=LOCAL_TIME(16,53,35.,#73);
#79=LOCAL_TIME(16,53,35.,#74);
#80=CALENDAR_DATE(2026,26,3);
#81=CALENDAR_DATE(2026,26,3);
#82=CALENDAR_DATE(2026,26,3);
#83=CALENDAR_DATE(2026,26,3);
#84=CALENDAR_DATE(2026,26,3);
#85=DATE_AND_TIME(#80,#75);
#86=DATE_AND_TIME(#81,#76);
#87=DATE_AND_TIME(#82,#77);
#88=DATE_AND_TIME(#83,#78);
#89=DATE_AND_TIME(#84,#79);
#90=APPROVAL_STATUS('not_yet_approved');
#91=APPROVAL_STATUS('not_yet_approved');
#92=APPROVAL_STATUS('not_yet_approved');
#93=APPROVAL(#90,'defintion approval');
#94=APPROVAL(#91,'version approval');
#95=APPROVAL(#92,'security approval');
#96=PRODUCT_DEFINITION('DefinitionID','DefinitionDesc',#97,#19);
#97=PRODUCT_DEFINITION_FORMATION_WITH_SPECIFIED_SOURCE(
'PRODUCT_VERSION_ID','PRODUCT_VERSION_DESCR',#98,.NOT_KNOWN.);
#98=PRODUCT('','NKT-1000-0701-0002-Tag_pin_Holder','',(#10));
#99=(
LENGTH_UNIT()
NAMED_UNIT(*)
SI_UNIT(.MILLI.,.METRE.)
);
#100=(
NAMED_UNIT(*)
PLANE_ANGLE_UNIT()
SI_UNIT($,.RADIAN.)
);
#101=(
NAMED_UNIT(*)
SI_UNIT($,.STERADIAN.)
SOLID_ANGLE_UNIT()
);
#102=UNCERTAINTY_MEASURE_WITH_UNIT(LENGTH_MEASURE(1.E-6),#99,
'DISTANCE_ACCURACY_VALUE',
'Maximum model space distance between geometric entities at asserted c
onnectivities');
#103=(
GEOMETRIC_REPRESENTATION_CONTEXT(3)
GLOBAL_UNCERTAINTY_ASSIGNED_CONTEXT((#102))
GLOBAL_UNIT_ASSIGNED_CONTEXT((#101,#100,#99))
REPRESENTATION_CONTEXT('ID1','3D')
);
#104=B_SPLINE_SURFACE_WITH_KNOTS('',3,3,((#6456,#6457,#6458,#6459,#6460,
#6461,#6462,#6463,#6464,#6465,#6466,#6467,#6468,#6469,#6470,#6471,#6472,
#6473,#6474,#6475,#6476,#6477,#6478,#6479,#6480,#6481,#6482,#6483,#6484,
#6485,#6486,#6487,#6488,#6489),(#6490,#6491,#6492,#6493,#6494,#6495,#6496,
#6497,#6498,#6499,#6500,#6501,#6502,#6503,#6504,#6505,#6506,#6507,#6508,
#6509,#6510,#6511,#6512,#6513,#6514,#6515,#6516,#6517,#6518,#6519,#6520,
#6521,#6522,#6523),(#6524,#6525,#6526,#6527,#6528,#6529,#6530,#6531,#6532,
#6533,#6534,#6535,#6536,#6537,#6538,#6539,#6540,#6541,#6542,#6543,#6544,
#6545,#6546,#6547,#6548,#6549,#6550,#6551,#6552,#6553,#6554,#6555,#6556,
#6557),(#6558,#6559,#6560,#6561,#6562,#6563,#6564,#6565,#6566,#6567,#6568,
#6569,#6570,#6571,#6572,#6573,#6574,#6575,#6576,#6577,#6578,#6579,#6580,
#6581,#6582,#6583,#6584,#6585,#6586,#6587,#6588,#6589,#6590,#6591),(#6592,
#6593,#6594,#6595,#6596,#6597,#6598,#6599,#6600,#6601,#6602,#6603,#6604,
#6605,#6606,#6607,#6608,#6609,#6610,#6611,#6612,#6613,#6614,#6615,#6616,
#6617,#6618,#6619,#6620,#6621,#6622,#6623,#6624,#6625),(#6626,#6627,#6628,
#6629,#6630,#6631,#6632,#6633,#6634,#6635,#6636,#6637,#6638,#6639,#6640,
#6641,#6642,#6643,#6644,#6645,#6646,#6647,#6648,#6649,#6650,#6651,#6652,
#6653,#6654,#6655,#6656,#6657,#6658,#6659)),.UNSPECIFIED.,.F.,.F.,.U.,(4,
2,4),(4,2,2,2,2,2,2,2,2,2,2,2,2,2,2,2,4),(0.,0.5,1.),(-0.144,-0.129107692307692,
-0.114666666666667,-0.105641025641026,-0.1,-0.0830769230769231,-0.0666666666666667,
-0.0564102564102564,-0.05,-0.0435897435897436,-0.0333333333333333,-0.0169230769230769,
0.,0.00564102564102564,0.0146666666666667,0.0291076923076923,0.044),
 .UNSPECIFIED.);
#105=B_SPLINE_SURFACE_WITH_KNOTS('',3,3,((#6704,#6705,#6706,#6707,#6708,
#6709,#6710,#6711,#6712,#6713,#6714,#6715,#6716,#6717,#6718,#6719,#6720,
#6721),(#6722,#6723,#6724,#6725,#6726,#6727,#6728,#6729,#6730,#6731,#6732,
#6733,#6734,#6735,#6736,#6737,#6738,#6739),(#6740,#6741,#6742,#6743,#6744,
#6745,#6746,#6747,#6748,#6749,#6750,#6751,#6752,#6753,#6754,#6755,#6756,
#6757),(#6758,#6759,#6760,#6761,#6762,#6763,#6764,#6765,#6766,#6767,#6768,
#6769,#6770,#6771,#6772,#6773,#6774,#6775),(#6776,#6777,#6778,#6779,#6780,
#6781,#6782,#6783,#6784,#6785,#6786,#6787,#6788,#6789,#6790,#6791,#6792,
#6793),(#6794,#6795,#6796,#6797,#6798,#6799,#6800,#6801,#6802,#6803,#6804,
#6805,#6806,#6807,#6808,#6809,#6810,#6811)),.UNSPECIFIED.,.F.,.F.,.U.,(4,
2,4),(4,2,2,2,2,2,2,2,4),(0.,0.5,1.),(-0.1,-0.0830769230769231,-0.0666666666666667,
-0.0564102564102564,-0.05,-0.0435897435897436,-0.0333333333333333,-0.0169230769230769,
0.),.UNSPECIFIED.);
#106=B_SPLINE_SURFACE_WITH_KNOTS('',3,3,((#6862,#6863,#6864,#6865,#6866,
#6867,#6868,#6869,#6870,#6871,#6872,#6873,#6874,#6875,#6876,#6877,#6878,
#6879),(#6880,#6881,#6882,#6883,#6884,#6885,#6886,#6887,#6888,#6889,#6890,
#6891,#6892,#6893,#6894,#6895,#6896,#6897),(#6898,#6899,#6900,#6901,#6902,
#6903,#6904,#6905,#6906,#6907,#6908,#6909,#6910,#6911,#6912,#6913,#6914,
#6915),(#6916,#6917,#6918,#6919,#6920,#6921,#6922,#6923,#6924,#6925,#6926,
#6927,#6928,#6929,#6930,#6931,#6932,#6933),(#6934,#6935,#6936,#6937,#6938,
#6939,#6940,#6941,#6942,#6943,#6944,#6945,#6946,#6947,#6948,#6949,#6950,
#6951),(#6952,#6953,#6954,#6955,#6956,#6957,#6958,#6959,#6960,#6961,#6962,
#6963,#6964,#6965,#6966,#6967,#6968,#6969)),.UNSPECIFIED.,.F.,.F.,.U.,(4,
2,4),(4,2,2,2,2,2,2,2,4),(0.,0.5,1.),(-0.1,-0.0830769230769231,-0.0666666666666667,
-0.0564102564102564,-0.05,-0.0435897435897436,-0.0333333333333333,-0.0169230769230769,
0.),.UNSPECIFIED.);
#107=B_SPLINE_SURFACE_WITH_KNOTS('',3,3,((#7014,#7015,#7016,#7017,#7018,
#7019,#7020,#7021,#7022,#7023,#7024,#7025,#7026,#7027,#7028,#7029,#7030,
#7031),(#7032,#7033,#7034,#7035,#7036,#7037,#7038,#7039,#7040,#7041,#7042,
#7043,#7044,#7045,#7046,#7047,#7048,#7049),(#7050,#7051,#7052,#7053,#7054,
#7055,#7056,#7057,#7058,#7059,#7060,#7061,#7062,#7063,#7064,#7065,#7066,
#7067),(#7068,#7069,#7070,#7071,#7072,#7073,#7074,#7075,#7076,#7077,#7078,
#7079,#7080,#7081,#7082,#7083,#7084,#7085),(#7086,#7087,#7088,#7089,#7090,
#7091,#7092,#7093,#7094,#7095,#7096,#7097,#7098,#7099,#7100,#7101,#7102,
#7103),(#7104,#7105,#7106,#7107,#7108,#7109,#7110,#7111,#7112,#7113,#7114,
#7115,#7116,#7117,#7118,#7119,#7120,#7121)),.UNSPECIFIED.,.F.,.F.,.U.,(4,
2,4),(4,2,2,2,2,2,2,2,4),(0.,0.5,1.),(0.,0.0169230769230769,0.0333333333333333,
0.0435897435897436,0.05,0.0564102564102564,0.0666666666666667,0.0830769230769231,
0.1),.UNSPECIFIED.);
#108=B_SPLINE_SURFACE_WITH_KNOTS('',2,1,((#7172,#7173),(#7174,#7175),(#7176,
#7177)),.UNSPECIFIED.,.F.,.F.,.U.,(3,3),(2,2),(0.,1.),(0.,0.1),
 .UNSPECIFIED.);
#109=B_SPLINE_SURFACE_WITH_KNOTS('',2,1,((#7183,#7184),(#7185,#7186),(#7187,
#7188)),.UNSPECIFIED.,.F.,.F.,.U.,(3,3),(2,2),(0.,1.),(0.,0.1),
 .UNSPECIFIED.);
#110=B_SPLINE_SURFACE_WITH_KNOTS('',2,1,((#7202,#7203),(#7204,#7205),(#7206,
#7207)),.UNSPECIFIED.,.F.,.F.,.U.,(3,3),(2,2),(0.,1.),(0.,0.1),
 .UNSPECIFIED.);
#111=B_SPLINE_SURFACE_WITH_KNOTS('',2,1,((#7213,#7214),(#7215,#7216),(#7217,
#7218)),.UNSPECIFIED.,.F.,.F.,.U.,(3,3),(2,2),(0.,1.),(0.,0.1),
 .UNSPECIFIED.);
#112=B_SPLINE_SURFACE_WITH_KNOTS('',2,1,((#7224,#7225),(#7226,#7227),(#7228,
#7229)),.UNSPECIFIED.,.F.,.F.,.U.,(3,3),(2,2),(0.,1.),(0.,0.1),
 .UNSPECIFIED.);
#113=B_SPLINE_SURFACE_WITH_KNOTS('',2,1,((#7235,#7236),(#7237,#7238),(#7239,
#7240)),.UNSPECIFIED.,.F.,.F.,.U.,(3,3),(2,2),(0.,1.),(0.,0.1),
 .UNSPECIFIED.);
#114=B_SPLINE_SURFACE_WITH_KNOTS('',2,1,((#7248,#7249),(#7250,#7251),(#7252,
#7253)),.UNSPECIFIED.,.F.,.F.,.U.,(3,3),(2,2),(0.,1.),(0.,0.1),
 .UNSPECIFIED.);
#115=B_SPLINE_SURFACE_WITH_KNOTS('',2,1,((#7259,#7260),(#7261,#7262),(#7263,
#7264)),.UNSPECIFIED.,.F.,.F.,.U.,(3,3),(2,2),(0.,1.),(0.,0.1),
 .UNSPECIFIED.);
#116=B_SPLINE_SURFACE_WITH_KNOTS('',2,1,((#7270,#7271),(#7272,#7273),(#7274,
#7275)),.UNSPECIFIED.,.F.,.F.,.U.,(3,3),(2,2),(0.,1.),(0.,0.1),
 .UNSPECIFIED.);
#117=B_SPLINE_SURFACE_WITH_KNOTS('',2,1,((#7281,#7282),(#7283,#7284),(#7285,
#7286)),.UNSPECIFIED.,.F.,.F.,.U.,(3,3),(2,2),(0.,1.),(0.,0.1),
 .UNSPECIFIED.);
#118=B_SPLINE_SURFACE_WITH_KNOTS('',2,1,((#7292,#7293),(#7294,#7295),(#7296,
#7297)),.UNSPECIFIED.,.F.,.F.,.U.,(3,3),(2,2),(0.,1.),(0.,0.1),
 .UNSPECIFIED.);
#119=B_SPLINE_SURFACE_WITH_KNOTS('',2,1,((#7303,#7304),(#7305,#7306),(#7307,
#7308)),.UNSPECIFIED.,.F.,.F.,.U.,(3,3),(2,2),(0.,1.),(0.,0.1),
 .UNSPECIFIED.);
#120=B_SPLINE_SURFACE_WITH_KNOTS('',2,1,((#7314,#7315),(#7316,#7317),(#7318,
#7319)),.UNSPECIFIED.,.F.,.F.,.U.,(3,3),(2,2),(0.,1.),(0.,0.1),
 .UNSPECIFIED.);
#121=B_SPLINE_SURFACE_WITH_KNOTS('',2,1,((#7325,#7326),(#7327,#7328),(#7329,
#7330)),.UNSPECIFIED.,.F.,.F.,.U.,(3,3),(2,2),(0.,1.),(0.,0.1),
 .UNSPECIFIED.);
#122=B_SPLINE_SURFACE_WITH_KNOTS('',2,1,((#7336,#7337),(#7338,#7339),(#7340,
#7341)),.UNSPECIFIED.,.F.,.F.,.U.,(3,3),(2,2),(0.,1.),(0.,0.1),
 .UNSPECIFIED.);
#123=B_SPLINE_SURFACE_WITH_KNOTS('',2,1,((#7347,#7348),(#7349,#7350),(#7351,
#7352)),.UNSPECIFIED.,.F.,.F.,.U.,(3,3),(2,2),(0.,1.),(0.,0.1),
 .UNSPECIFIED.);
#124=B_SPLINE_SURFACE_WITH_KNOTS('',2,1,((#7358,#7359),(#7360,#7361),(#7362,
#7363)),.UNSPECIFIED.,.F.,.F.,.U.,(3,3),(2,2),(0.,1.),(0.,0.1),
 .UNSPECIFIED.);
#125=B_SPLINE_SURFACE_WITH_KNOTS('',2,1,((#7369,#7370),(#7371,#7372),(#7373,
#7374)),.UNSPECIFIED.,.F.,.F.,.U.,(3,3),(2,2),(0.,1.),(0.,0.1),
 .UNSPECIFIED.);
#126=B_SPLINE_SURFACE_WITH_KNOTS('',2,1,((#7382,#7383),(#7384,#7385),(#7386,
#7387)),.UNSPECIFIED.,.F.,.F.,.U.,(3,3),(2,2),(0.,1.),(0.,0.1),
 .UNSPECIFIED.);
#127=B_SPLINE_SURFACE_WITH_KNOTS('',2,1,((#7393,#7394),(#7395,#7396),(#7397,
#7398)),.UNSPECIFIED.,.F.,.F.,.U.,(3,3),(2,2),(0.,1.),(0.,0.1),
 .UNSPECIFIED.);
#128=B_SPLINE_SURFACE_WITH_KNOTS('',2,1,((#7404,#7405),(#7406,#7407),(#7408,
#7409)),.UNSPECIFIED.,.F.,.F.,.U.,(3,3),(2,2),(0.,1.),(0.,0.1),
 .UNSPECIFIED.);
#129=B_SPLINE_SURFACE_WITH_KNOTS('',2,1,((#7415,#7416),(#7417,#7418),(#7419,
#7420)),.UNSPECIFIED.,.F.,.F.,.U.,(3,3),(2,2),(0.,1.),(0.,0.1),
 .UNSPECIFIED.);
#130=B_SPLINE_SURFACE_WITH_KNOTS('',2,1,((#7428,#7429),(#7430,#7431),(#7432,
#7433)),.UNSPECIFIED.,.F.,.F.,.U.,(3,3),(2,2),(0.,1.),(0.,0.1),
 .UNSPECIFIED.);
#131=B_SPLINE_SURFACE_WITH_KNOTS('',2,1,((#7439,#7440),(#7441,#7442),(#7443,
#7444)),.UNSPECIFIED.,.F.,.F.,.U.,(3,3),(2,2),(0.,1.),(0.,0.1),
 .UNSPECIFIED.);
#132=B_SPLINE_SURFACE_WITH_KNOTS('',2,1,((#7450,#7451),(#7452,#7453),(#7454,
#7455)),.UNSPECIFIED.,.F.,.F.,.U.,(3,3),(2,2),(0.,1.),(0.,0.1),
 .UNSPECIFIED.);
#133=B_SPLINE_SURFACE_WITH_KNOTS('',2,1,((#7461,#7462),(#7463,#7464),(#7465,
#7466)),.UNSPECIFIED.,.F.,.F.,.U.,(3,3),(2,2),(0.,1.),(0.,0.1),
 .UNSPECIFIED.);
#134=B_SPLINE_SURFACE_WITH_KNOTS('',2,1,((#7472,#7473),(#7474,#7475),(#7476,
#7477)),.UNSPECIFIED.,.F.,.F.,.U.,(3,3),(2,2),(0.,1.),(0.,0.1),
 .UNSPECIFIED.);
#135=B_SPLINE_SURFACE_WITH_KNOTS('',2,1,((#7483,#7484),(#7485,#7486),(#7487,
#7488)),.UNSPECIFIED.,.F.,.F.,.U.,(3,3),(2,2),(0.,1.),(0.,0.1),
 .UNSPECIFIED.);
#136=B_SPLINE_SURFACE_WITH_KNOTS('',2,1,((#7494,#7495),(#7496,#7497),(#7498,
#7499)),.UNSPECIFIED.,.F.,.F.,.U.,(3,3),(2,2),(0.,1.),(0.,0.1),
 .UNSPECIFIED.);
#137=B_SPLINE_SURFACE_WITH_KNOTS('',2,1,((#7504,#7505),(#7506,#7507),(#7508,
#7509)),.UNSPECIFIED.,.F.,.F.,.U.,(3,3),(2,2),(0.,1.),(0.,0.1),
 .UNSPECIFIED.);
#138=B_SPLINE_SURFACE_WITH_KNOTS('',2,1,((#7515,#7516),(#7517,#7518),(#7519,
#7520)),.UNSPECIFIED.,.F.,.F.,.U.,(3,3),(2,2),(0.,1.),(0.,0.1),
 .UNSPECIFIED.);
#139=B_SPLINE_SURFACE_WITH_KNOTS('',2,1,((#7526,#7527),(#7528,#7529),(#7530,
#7531)),.UNSPECIFIED.,.F.,.F.,.U.,(3,3),(2,2),(0.,1.),(0.,0.1),
 .UNSPECIFIED.);
#140=B_SPLINE_SURFACE_WITH_KNOTS('',2,1,((#7537,#7538),(#7539,#7540),(#7541,
#7542)),.UNSPECIFIED.,.F.,.F.,.U.,(3,3),(2,2),(0.,1.),(0.,0.1),
 .UNSPECIFIED.);
#141=B_SPLINE_SURFACE_WITH_KNOTS('',2,1,((#7548,#7549),(#7550,#7551),(#7552,
#7553)),.UNSPECIFIED.,.F.,.F.,.U.,(3,3),(2,2),(0.,1.),(0.,0.1),
 .UNSPECIFIED.);
#142=B_SPLINE_SURFACE_WITH_KNOTS('',2,1,((#7563,#7564),(#7565,#7566),(#7567,
#7568)),.UNSPECIFIED.,.F.,.F.,.U.,(3,3),(2,2),(0.,1.),(0.,0.1),
 .UNSPECIFIED.);
#143=B_SPLINE_SURFACE_WITH_KNOTS('',2,1,((#7574,#7575),(#7576,#7577),(#7578,
#7579)),.UNSPECIFIED.,.F.,.F.,.U.,(3,3),(2,2),(0.,1.),(0.,0.1),
 .UNSPECIFIED.);
#144=B_SPLINE_SURFACE_WITH_KNOTS('',2,1,((#7585,#7586),(#7587,#7588),(#7589,
#7590)),.UNSPECIFIED.,.F.,.F.,.U.,(3,3),(2,2),(0.,1.),(0.,0.1),
 .UNSPECIFIED.);
#145=B_SPLINE_SURFACE_WITH_KNOTS('',2,1,((#7596,#7597),(#7598,#7599),(#7600,
#7601)),.UNSPECIFIED.,.F.,.F.,.U.,(3,3),(2,2),(0.,1.),(0.,0.1),
 .UNSPECIFIED.);
#146=B_SPLINE_SURFACE_WITH_KNOTS('',2,1,((#7611,#7612),(#7613,#7614),(#7615,
#7616)),.UNSPECIFIED.,.F.,.F.,.U.,(3,3),(2,2),(0.,1.),(0.,0.1),
 .UNSPECIFIED.);
#147=B_SPLINE_SURFACE_WITH_KNOTS('',2,1,((#7622,#7623),(#7624,#7625),(#7626,
#7627)),.UNSPECIFIED.,.F.,.F.,.U.,(3,3),(2,2),(0.,1.),(0.,0.1),
 .UNSPECIFIED.);
#148=B_SPLINE_SURFACE_WITH_KNOTS('',2,1,((#7633,#7634),(#7635,#7636),(#7637,
#7638)),.UNSPECIFIED.,.F.,.F.,.U.,(3,3),(2,2),(0.,1.),(0.,0.1),
 .UNSPECIFIED.);
#149=B_SPLINE_SURFACE_WITH_KNOTS('',2,1,((#7644,#7645),(#7646,#7647),(#7648,
#7649)),.UNSPECIFIED.,.F.,.F.,.U.,(3,3),(2,2),(0.,1.),(0.,0.1),
 .UNSPECIFIED.);
#150=B_SPLINE_SURFACE_WITH_KNOTS('',2,1,((#7655,#7656),(#7657,#7658),(#7659,
#7660)),.UNSPECIFIED.,.F.,.F.,.U.,(3,3),(2,2),(0.,1.),(0.,0.1),
 .UNSPECIFIED.);
#151=B_SPLINE_SURFACE_WITH_KNOTS('',2,1,((#7670,#7671),(#7672,#7673),(#7674,
#7675)),.UNSPECIFIED.,.F.,.F.,.U.,(3,3),(2,2),(0.,1.),(0.,0.1),
 .UNSPECIFIED.);
#152=B_SPLINE_SURFACE_WITH_KNOTS('',2,1,((#7681,#7682),(#7683,#7684),(#7685,
#7686)),.UNSPECIFIED.,.F.,.F.,.U.,(3,3),(2,2),(0.,1.),(0.,0.1),
 .UNSPECIFIED.);
#153=B_SPLINE_SURFACE_WITH_KNOTS('',2,1,((#7692,#7693),(#7694,#7695),(#7696,
#7697)),.UNSPECIFIED.,.F.,.F.,.U.,(3,3),(2,2),(0.,1.),(0.,0.1),
 .UNSPECIFIED.);
#154=B_SPLINE_SURFACE_WITH_KNOTS('',2,1,((#7703,#7704),(#7705,#7706),(#7707,
#7708)),.UNSPECIFIED.,.F.,.F.,.U.,(3,3),(2,2),(0.,1.),(0.,0.1),
 .UNSPECIFIED.);
#155=B_SPLINE_SURFACE_WITH_KNOTS('',2,1,((#7718,#7719),(#7720,#7721),(#7722,
#7723)),.UNSPECIFIED.,.F.,.F.,.U.,(3,3),(2,2),(0.,1.),(0.,0.1),
 .UNSPECIFIED.);
#156=B_SPLINE_SURFACE_WITH_KNOTS('',2,1,((#7729,#7730),(#7731,#7732),(#7733,
#7734)),.UNSPECIFIED.,.F.,.F.,.U.,(3,3),(2,2),(0.,1.),(0.,0.1),
 .UNSPECIFIED.);
#157=B_SPLINE_SURFACE_WITH_KNOTS('',2,1,((#7740,#7741),(#7742,#7743),(#7744,
#7745)),.UNSPECIFIED.,.F.,.F.,.U.,(3,3),(2,2),(0.,1.),(0.,0.1),
 .UNSPECIFIED.);
#158=B_SPLINE_SURFACE_WITH_KNOTS('',2,1,((#7751,#7752),(#7753,#7754),(#7755,
#7756)),.UNSPECIFIED.,.F.,.F.,.U.,(3,3),(2,2),(0.,1.),(0.,0.1),
 .UNSPECIFIED.);
#159=B_SPLINE_SURFACE_WITH_KNOTS('',2,1,((#7762,#7763),(#7764,#7765),(#7766,
#7767)),.UNSPECIFIED.,.F.,.F.,.U.,(3,3),(2,2),(0.,1.),(0.,0.1),
 .UNSPECIFIED.);
#160=B_SPLINE_SURFACE_WITH_KNOTS('',2,1,((#7772,#7773),(#7774,#7775),(#7776,
#7777)),.UNSPECIFIED.,.F.,.F.,.U.,(3,3),(2,2),(0.,1.),(0.,0.1),
 .UNSPECIFIED.);
#161=B_SPLINE_SURFACE_WITH_KNOTS('',2,1,((#7785,#7786),(#7787,#7788),(#7789,
#7790)),.UNSPECIFIED.,.F.,.F.,.U.,(3,3),(2,2),(0.,1.),(0.,0.1),
 .UNSPECIFIED.);
#162=B_SPLINE_SURFACE_WITH_KNOTS('',2,1,((#7796,#7797),(#7798,#7799),(#7800,
#7801)),.UNSPECIFIED.,.F.,.F.,.U.,(3,3),(2,2),(0.,1.),(0.,0.1),
 .UNSPECIFIED.);
#163=B_SPLINE_SURFACE_WITH_KNOTS('',2,1,((#7807,#7808),(#7809,#7810),(#7811,
#7812)),.UNSPECIFIED.,.F.,.F.,.U.,(3,3),(2,2),(0.,1.),(0.,0.1),
 .UNSPECIFIED.);
#164=B_SPLINE_SURFACE_WITH_KNOTS('',2,1,((#7818,#7819),(#7820,#7821),(#7822,
#7823)),.UNSPECIFIED.,.F.,.F.,.U.,(3,3),(2,2),(0.,1.),(0.,0.1),
 .UNSPECIFIED.);
#165=B_SPLINE_SURFACE_WITH_KNOTS('',2,1,((#7829,#7830),(#7831,#7832),(#7833,
#7834)),.UNSPECIFIED.,.F.,.F.,.U.,(3,3),(2,2),(0.,1.),(0.,0.1),
 .UNSPECIFIED.);
#166=B_SPLINE_SURFACE_WITH_KNOTS('',2,1,((#7840,#7841),(#7842,#7843),(#7844,
#7845)),.UNSPECIFIED.,.F.,.F.,.U.,(3,3),(2,2),(0.,1.),(0.,0.1),
 .UNSPECIFIED.);
#167=B_SPLINE_SURFACE_WITH_KNOTS('',2,1,((#7851,#7852),(#7853,#7854),(#7855,
#7856)),.UNSPECIFIED.,.F.,.F.,.U.,(3,3),(2,2),(0.,1.),(0.,0.1),
 .UNSPECIFIED.);
#168=B_SPLINE_SURFACE_WITH_KNOTS('',2,1,((#7862,#7863),(#7864,#7865),(#7866,
#7867)),.UNSPECIFIED.,.F.,.F.,.U.,(3,3),(2,2),(0.,1.),(0.,0.1),
 .UNSPECIFIED.);
#169=B_SPLINE_SURFACE_WITH_KNOTS('',2,1,((#7873,#7874),(#7875,#7876),(#7877,
#7878)),.UNSPECIFIED.,.F.,.F.,.U.,(3,3),(2,2),(0.,1.),(0.,0.1),
 .UNSPECIFIED.);
#170=B_SPLINE_SURFACE_WITH_KNOTS('',2,1,((#7884,#7885),(#7886,#7887),(#7888,
#7889)),.UNSPECIFIED.,.F.,.F.,.U.,(3,3),(2,2),(0.,1.),(0.,0.1),
 .UNSPECIFIED.);
#171=B_SPLINE_SURFACE_WITH_KNOTS('',2,1,((#7895,#7896),(#7897,#7898),(#7899,
#7900)),.UNSPECIFIED.,.F.,.F.,.U.,(3,3),(2,2),(0.,1.),(0.,0.1),
 .UNSPECIFIED.);
#172=B_SPLINE_SURFACE_WITH_KNOTS('',2,1,((#7906,#7907),(#7908,#7909),(#7910,
#7911)),.UNSPECIFIED.,.F.,.F.,.U.,(3,3),(2,2),(0.,1.),(0.,0.1),
 .UNSPECIFIED.);
#173=B_SPLINE_SURFACE_WITH_KNOTS('',2,1,((#7917,#7918),(#7919,#7920),(#7921,
#7922)),.UNSPECIFIED.,.F.,.F.,.U.,(3,3),(2,2),(0.,1.),(0.,0.1),
 .UNSPECIFIED.);
#174=B_SPLINE_SURFACE_WITH_KNOTS('',2,1,((#7928,#7929),(#7930,#7931),(#7932,
#7933)),.UNSPECIFIED.,.F.,.F.,.U.,(3,3),(2,2),(0.,1.),(0.,0.1),
 .UNSPECIFIED.);
#175=B_SPLINE_SURFACE_WITH_KNOTS('',2,1,((#7939,#7940),(#7941,#7942),(#7943,
#7944)),.UNSPECIFIED.,.F.,.F.,.U.,(3,3),(2,2),(0.,1.),(0.,0.1),
 .UNSPECIFIED.);
#176=B_SPLINE_SURFACE_WITH_KNOTS('',2,1,((#7948,#7949),(#7950,#7951),(#7952,
#7953)),.UNSPECIFIED.,.F.,.F.,.U.,(3,3),(2,2),(0.,1.),(0.,0.1),
 .UNSPECIFIED.);
#177=B_SPLINE_SURFACE_WITH_KNOTS('',2,1,((#7966,#7967),(#7968,#7969),(#7970,
#7971)),.UNSPECIFIED.,.F.,.F.,.U.,(3,3),(2,2),(0.,1.),(0.,0.1),
 .UNSPECIFIED.);
#178=B_SPLINE_SURFACE_WITH_KNOTS('',2,1,((#7981,#7982),(#7983,#7984),(#7985,
#7986)),.UNSPECIFIED.,.F.,.F.,.U.,(3,3),(2,2),(0.,1.),(0.,0.1),
 .UNSPECIFIED.);
#179=B_SPLINE_SURFACE_WITH_KNOTS('',2,1,((#7996,#7997),(#7998,#7999),(#8000,
#8001)),.UNSPECIFIED.,.F.,.F.,.U.,(3,3),(2,2),(0.,1.),(0.,0.1),
 .UNSPECIFIED.);
#180=B_SPLINE_SURFACE_WITH_KNOTS('',2,1,((#8011,#8012),(#8013,#8014),(#8015,
#8016)),.UNSPECIFIED.,.F.,.F.,.U.,(3,3),(2,2),(0.,1.),(0.,0.1),
 .UNSPECIFIED.);
#181=B_SPLINE_SURFACE_WITH_KNOTS('',2,1,((#8026,#8027),(#8028,#8029),(#8030,
#8031)),.UNSPECIFIED.,.F.,.F.,.U.,(3,3),(2,2),(0.,1.),(0.,0.1),
 .UNSPECIFIED.);
#182=B_SPLINE_SURFACE_WITH_KNOTS('',2,1,((#8041,#8042),(#8043,#8044),(#8045,
#8046)),.UNSPECIFIED.,.F.,.F.,.U.,(3,3),(2,2),(0.,1.),(0.,0.1),
 .UNSPECIFIED.);
#183=B_SPLINE_SURFACE_WITH_KNOTS('',2,1,((#8056,#8057),(#8058,#8059),(#8060,
#8061)),.UNSPECIFIED.,.F.,.F.,.U.,(3,3),(2,2),(0.,1.),(0.,0.1),
 .UNSPECIFIED.);
#184=B_SPLINE_SURFACE_WITH_KNOTS('',2,1,((#8071,#8072),(#8073,#8074),(#8075,
#8076)),.UNSPECIFIED.,.F.,.F.,.U.,(3,3),(2,2),(0.,1.),(0.,0.1),
 .UNSPECIFIED.);
#185=B_SPLINE_SURFACE_WITH_KNOTS('',2,1,((#8086,#8087),(#8088,#8089),(#8090,
#8091)),.UNSPECIFIED.,.F.,.F.,.U.,(3,3),(2,2),(0.,1.),(0.,0.1),
 .UNSPECIFIED.);
#186=B_SPLINE_SURFACE_WITH_KNOTS('',2,1,((#8105,#8106),(#8107,#8108),(#8109,
#8110)),.UNSPECIFIED.,.F.,.F.,.U.,(3,3),(2,2),(0.,1.),(0.,0.1),
 .UNSPECIFIED.);
#187=B_SPLINE_SURFACE_WITH_KNOTS('',2,1,((#8116,#8117),(#8118,#8119),(#8120,
#8121)),.UNSPECIFIED.,.F.,.F.,.U.,(3,3),(2,2),(0.,1.),(0.,0.1),
 .UNSPECIFIED.);
#188=B_SPLINE_SURFACE_WITH_KNOTS('',2,1,((#8127,#8128),(#8129,#8130),(#8131,
#8132)),.UNSPECIFIED.,.F.,.F.,.U.,(3,3),(2,2),(0.,1.),(0.,0.1),
 .UNSPECIFIED.);
#189=B_SPLINE_SURFACE_WITH_KNOTS('',2,1,((#8138,#8139),(#8140,#8141),(#8142,
#8143)),.UNSPECIFIED.,.F.,.F.,.U.,(3,3),(2,2),(0.,1.),(0.,0.1),
 .UNSPECIFIED.);
#190=B_SPLINE_SURFACE_WITH_KNOTS('',2,1,((#8149,#8150),(#8151,#8152),(#8153,
#8154)),.UNSPECIFIED.,.F.,.F.,.U.,(3,3),(2,2),(0.,1.),(0.,0.1),
 .UNSPECIFIED.);
#191=B_SPLINE_SURFACE_WITH_KNOTS('',2,1,((#8160,#8161),(#8162,#8163),(#8164,
#8165)),.UNSPECIFIED.,.F.,.F.,.U.,(3,3),(2,2),(0.,1.),(0.,0.1),
 .UNSPECIFIED.);
#192=B_SPLINE_SURFACE_WITH_KNOTS('',2,1,((#8171,#8172),(#8173,#8174),(#8175,
#8176)),.UNSPECIFIED.,.F.,.F.,.U.,(3,3),(2,2),(0.,1.),(0.,0.1),
 .UNSPECIFIED.);
#193=B_SPLINE_SURFACE_WITH_KNOTS('',2,1,((#8182,#8183),(#8184,#8185),(#8186,
#8187)),.UNSPECIFIED.,.F.,.F.,.U.,(3,3),(2,2),(0.,1.),(0.,0.1),
 .UNSPECIFIED.);
#194=B_SPLINE_SURFACE_WITH_KNOTS('',2,1,((#8193,#8194),(#8195,#8196),(#8197,
#8198)),.UNSPECIFIED.,.F.,.F.,.U.,(3,3),(2,2),(0.,1.),(0.,0.1),
 .UNSPECIFIED.);
#195=B_SPLINE_SURFACE_WITH_KNOTS('',2,1,((#8204,#8205),(#8206,#8207),(#8208,
#8209)),.UNSPECIFIED.,.F.,.F.,.U.,(3,3),(2,2),(0.,1.),(0.,0.1),
 .UNSPECIFIED.);
#196=B_SPLINE_SURFACE_WITH_KNOTS('',2,1,((#8215,#8216),(#8217,#8218),(#8219,
#8220)),.UNSPECIFIED.,.F.,.F.,.U.,(3,3),(2,2),(0.,1.),(0.,0.1),
 .UNSPECIFIED.);
#197=B_SPLINE_SURFACE_WITH_KNOTS('',2,1,((#8224,#8225),(#8226,#8227),(#8228,
#8229)),.UNSPECIFIED.,.F.,.F.,.U.,(3,3),(2,2),(0.,1.),(0.,0.1),
 .UNSPECIFIED.);
#198=B_SPLINE_SURFACE_WITH_KNOTS('',2,1,((#8235,#8236),(#8237,#8238),(#8239,
#8240)),.UNSPECIFIED.,.F.,.F.,.U.,(3,3),(2,2),(0.,1.),(0.,0.1),
 .UNSPECIFIED.);
#199=B_SPLINE_SURFACE_WITH_KNOTS('',2,1,((#8246,#8247),(#8248,#8249),(#8250,
#8251)),.UNSPECIFIED.,.F.,.F.,.U.,(3,3),(2,2),(0.,1.),(0.,0.1),
 .UNSPECIFIED.);
#200=B_SPLINE_SURFACE_WITH_KNOTS('',2,1,((#8261,#8262),(#8263,#8264),(#8265,
#8266)),.UNSPECIFIED.,.F.,.F.,.U.,(3,3),(2,2),(0.,1.),(0.,0.1),
 .UNSPECIFIED.);
#201=B_SPLINE_SURFACE_WITH_KNOTS('',2,1,((#8272,#8273),(#8274,#8275),(#8276,
#8277)),.UNSPECIFIED.,.F.,.F.,.U.,(3,3),(2,2),(0.,1.),(0.,0.1),
 .UNSPECIFIED.);
#202=B_SPLINE_SURFACE_WITH_KNOTS('',2,1,((#8283,#8284),(#8285,#8286),(#8287,
#8288)),.UNSPECIFIED.,.F.,.F.,.U.,(3,3),(2,2),(0.,1.),(0.,0.1),
 .UNSPECIFIED.);
#203=B_SPLINE_SURFACE_WITH_KNOTS('',2,1,((#8294,#8295),(#8296,#8297),(#8298,
#8299)),.UNSPECIFIED.,.F.,.F.,.U.,(3,3),(2,2),(0.,1.),(0.,0.1),
 .UNSPECIFIED.);
#204=B_SPLINE_SURFACE_WITH_KNOTS('',2,1,((#8304,#8305),(#8306,#8307),(#8308,
#8309)),.UNSPECIFIED.,.F.,.F.,.U.,(3,3),(2,2),(0.,1.),(0.,0.1),
 .UNSPECIFIED.);
#205=B_SPLINE_SURFACE_WITH_KNOTS('',2,1,((#8317,#8318),(#8319,#8320),(#8321,
#8322)),.UNSPECIFIED.,.F.,.F.,.U.,(3,3),(2,2),(0.,1.),(0.,0.1),
 .UNSPECIFIED.);
#206=B_SPLINE_SURFACE_WITH_KNOTS('',2,1,((#8328,#8329),(#8330,#8331),(#8332,
#8333)),.UNSPECIFIED.,.F.,.F.,.U.,(3,3),(2,2),(0.,1.),(0.,0.1),
 .UNSPECIFIED.);
#207=B_SPLINE_SURFACE_WITH_KNOTS('',2,1,((#8339,#8340),(#8341,#8342),(#8343,
#8344)),.UNSPECIFIED.,.F.,.F.,.U.,(3,3),(2,2),(0.,1.),(0.,0.1),
 .UNSPECIFIED.);
#208=B_SPLINE_SURFACE_WITH_KNOTS('',2,1,((#8354,#8355),(#8356,#8357),(#8358,
#8359)),.UNSPECIFIED.,.F.,.F.,.U.,(3,3),(2,2),(0.,1.),(0.,0.1),
 .UNSPECIFIED.);
#209=B_SPLINE_SURFACE_WITH_KNOTS('',2,1,((#8365,#8366),(#8367,#8368),(#8369,
#8370)),.UNSPECIFIED.,.F.,.F.,.U.,(3,3),(2,2),(0.,1.),(0.,0.1),
 .UNSPECIFIED.);
#210=B_SPLINE_SURFACE_WITH_KNOTS('',2,1,((#8376,#8377),(#8378,#8379),(#8380,
#8381)),.UNSPECIFIED.,.F.,.F.,.U.,(3,3),(2,2),(0.,1.),(0.,0.1),
 .UNSPECIFIED.);
#211=B_SPLINE_SURFACE_WITH_KNOTS('',2,1,((#8391,#8392),(#8393,#8394),(#8395,
#8396)),.UNSPECIFIED.,.F.,.F.,.U.,(3,3),(2,2),(0.,1.),(0.,0.1),
 .UNSPECIFIED.);
#212=B_SPLINE_SURFACE_WITH_KNOTS('',2,1,((#8402,#8403),(#8404,#8405),(#8406,
#8407)),.UNSPECIFIED.,.F.,.F.,.U.,(3,3),(2,2),(0.,1.),(0.,0.1),
 .UNSPECIFIED.);
#213=B_SPLINE_SURFACE_WITH_KNOTS('',2,1,((#8413,#8414),(#8415,#8416),(#8417,
#8418)),.UNSPECIFIED.,.F.,.F.,.U.,(3,3),(2,2),(0.,1.),(0.,0.1),
 .UNSPECIFIED.);
#214=B_SPLINE_SURFACE_WITH_KNOTS('',2,1,((#8424,#8425),(#8426,#8427),(#8428,
#8429)),.UNSPECIFIED.,.F.,.F.,.U.,(3,3),(2,2),(0.,1.),(0.,0.1),
 .UNSPECIFIED.);
#215=B_SPLINE_SURFACE_WITH_KNOTS('',2,1,((#8443,#8444),(#8445,#8446),(#8447,
#8448)),.UNSPECIFIED.,.F.,.F.,.U.,(3,3),(2,2),(0.,1.),(0.,0.1),
 .UNSPECIFIED.);
#216=B_SPLINE_SURFACE_WITH_KNOTS('',2,1,((#8454,#8455),(#8456,#8457),(#8458,
#8459)),.UNSPECIFIED.,.F.,.F.,.U.,(3,3),(2,2),(0.,1.),(0.,0.1),
 .UNSPECIFIED.);
#217=B_SPLINE_SURFACE_WITH_KNOTS('',2,1,((#8465,#8466),(#8467,#8468),(#8469,
#8470)),.UNSPECIFIED.,.F.,.F.,.U.,(3,3),(2,2),(0.,1.),(0.,0.1),
 .UNSPECIFIED.);
#218=B_SPLINE_SURFACE_WITH_KNOTS('',2,1,((#8476,#8477),(#8478,#8479),(#8480,
#8481)),.UNSPECIFIED.,.F.,.F.,.U.,(3,3),(2,2),(0.,1.),(0.,0.1),
 .UNSPECIFIED.);
#219=B_SPLINE_CURVE_WITH_KNOTS('',2,(#5976,#5977,#5978),.UNSPECIFIED.,.F.,
 .U.,(3,3),(0.,1.),.UNSPECIFIED.);
#220=B_SPLINE_CURVE_WITH_KNOTS('',2,(#5980,#5981,#5982),.UNSPECIFIED.,.F.,
 .U.,(3,3),(0.,1.),.UNSPECIFIED.);
#221=B_SPLINE_CURVE_WITH_KNOTS('',2,(#5984,#5985,#5986),.UNSPECIFIED.,.F.,
 .U.,(3,3),(0.,1.),.UNSPECIFIED.);
#222=B_SPLINE_CURVE_WITH_KNOTS('',2,(#5988,#5989,#5990),.UNSPECIFIED.,.F.,
 .U.,(3,3),(0.,1.),.UNSPECIFIED.);
#223=B_SPLINE_CURVE_WITH_KNOTS('',2,(#5996,#5997,#5998),.UNSPECIFIED.,.F.,
 .U.,(3,3),(0.,1.),.UNSPECIFIED.);
#224=B_SPLINE_CURVE_WITH_KNOTS('',2,(#6000,#6001,#6002),.UNSPECIFIED.,.F.,
 .U.,(3,3),(0.,1.),.UNSPECIFIED.);
#225=B_SPLINE_CURVE_WITH_KNOTS('',2,(#6004,#6005,#6006),.UNSPECIFIED.,.F.,
 .U.,(3,3),(0.,1.),.UNSPECIFIED.);
#226=B_SPLINE_CURVE_WITH_KNOTS('',2,(#6008,#6009,#6010),.UNSPECIFIED.,.F.,
 .U.,(3,3),(0.,1.),.UNSPECIFIED.);
#227=B_SPLINE_CURVE_WITH_KNOTS('',2,(#6014,#6015,#6016),.UNSPECIFIED.,.F.,
 .U.,(3,3),(0.,1.),.UNSPECIFIED.);
#228=B_SPLINE_CURVE_WITH_KNOTS('',2,(#6018,#6019,#6020),.UNSPECIFIED.,.F.,
 .U.,(3,3),(0.,1.),.UNSPECIFIED.);
#229=B_SPLINE_CURVE_WITH_KNOTS('',2,(#6022,#6023,#6024),.UNSPECIFIED.,.F.,
 .U.,(3,3),(0.,1.),.UNSPECIFIED.);
#230=B_SPLINE_CURVE_WITH_KNOTS('',2,(#6028,#6029,#6030),.UNSPECIFIED.,.F.,
 .U.,(3,3),(0.,1.),.UNSPECIFIED.);
#231=B_SPLINE_CURVE_WITH_KNOTS('',2,(#6032,#6033,#6034),.UNSPECIFIED.,.F.,
 .U.,(3,3),(0.,1.),.UNSPECIFIED.);
#232=B_SPLINE_CURVE_WITH_KNOTS('',2,(#6036,#6037,#6038),.UNSPECIFIED.,.F.,
 .U.,(3,3),(0.,1.),.UNSPECIFIED.);
#233=B_SPLINE_CURVE_WITH_KNOTS('',2,(#6040,#6041,#6042),.UNSPECIFIED.,.F.,
 .U.,(3,3),(0.,1.),.UNSPECIFIED.);
#234=B_SPLINE_CURVE_WITH_KNOTS('',3,(#6045,#6046,#6047,#6048,#6049,#6050,
#6051),.UNSPECIFIED.,.F.,.U.,(4,3,4),(0.,0.5,1.),.UNSPECIFIED.);
#235=B_SPLINE_CURVE_WITH_KNOTS('',2,(#6054,#6055,#6056),.UNSPECIFIED.,.F.,
 .U.,(3,3),(0.,1.),.UNSPECIFIED.);
#236=B_SPLINE_CURVE_WITH_KNOTS('',2,(#6058,#6059,#6060),.UNSPECIFIED.,.F.,
 .U.,(3,3),(0.,1.),.UNSPECIFIED.);
#237=B_SPLINE_CURVE_WITH_KNOTS('',2,(#6062,#6063,#6064),.UNSPECIFIED.,.F.,
 .U.,(3,3),(0.,1.),.UNSPECIFIED.);
#238=B_SPLINE_CURVE_WITH_KNOTS('',2,(#6066,#6067,#6068),.UNSPECIFIED.,.F.,
 .U.,(3,3),(0.,1.),.UNSPECIFIED.);
#239=B_SPLINE_CURVE_WITH_KNOTS('',2,(#6070,#6071,#6072),.UNSPECIFIED.,.F.,
 .U.,(3,3),(0.,1.),.UNSPECIFIED.);
#240=B_SPLINE_CURVE_WITH_KNOTS('',2,(#6074,#6075,#6076),.UNSPECIFIED.,.F.,
 .U.,(3,3),(0.,1.),.UNSPECIFIED.);
#241=B_SPLINE_CURVE_WITH_KNOTS('',2,(#6078,#6079,#6080),.UNSPECIFIED.,.F.,
 .U.,(3,3),(0.,1.),.UNSPECIFIED.);
#242=B_SPLINE_CURVE_WITH_KNOTS('',2,(#6082,#6083,#6084),.UNSPECIFIED.,.F.,
 .U.,(3,3),(0.,1.),.UNSPECIFIED.);
#243=B_SPLINE_CURVE_WITH_KNOTS('',2,(#6086,#6087,#6088),.UNSPECIFIED.,.F.,
 .U.,(3,3),(0.,1.),.UNSPECIFIED.);
#244=B_SPLINE_CURVE_WITH_KNOTS('',2,(#6090,#6091,#6092),.UNSPECIFIED.,.F.,
 .U.,(3,3),(0.,1.),.UNSPECIFIED.);
#245=B_SPLINE_CURVE_WITH_KNOTS('',2,(#6094,#6095,#6096),.UNSPECIFIED.,.F.,
 .U.,(3,3),(0.,1.),.UNSPECIFIED.);
#246=B_SPLINE_CURVE_WITH_KNOTS('',2,(#6098,#6099,#6100),.UNSPECIFIED.,.F.,
 .U.,(3,3),(0.,1.),.UNSPECIFIED.);
#247=B_SPLINE_CURVE_WITH_KNOTS('',2,(#6104,#6105,#6106),.UNSPECIFIED.,.F.,
 .U.,(3,3),(0.,1.),.UNSPECIFIED.);
#248=B_SPLINE_CURVE_WITH_KNOTS('',2,(#6108,#6109,#6110),.UNSPECIFIED.,.F.,
 .U.,(3,3),(0.,1.),.UNSPECIFIED.);
#249=B_SPLINE_CURVE_WITH_KNOTS('',2,(#6112,#6113,#6114),.UNSPECIFIED.,.F.,
 .U.,(3,3),(0.,1.),.UNSPECIFIED.);
#250=B_SPLINE_CURVE_WITH_KNOTS('',2,(#6116,#6117,#6118),.UNSPECIFIED.,.F.,
 .U.,(3,3),(0.,1.),.UNSPECIFIED.);
#251=B_SPLINE_CURVE_WITH_KNOTS('',2,(#6122,#6123,#6124),.UNSPECIFIED.,.F.,
 .U.,(3,3),(0.,1.),.UNSPECIFIED.);
#252=B_SPLINE_CURVE_WITH_KNOTS('',2,(#6126,#6127,#6128),.UNSPECIFIED.,.F.,
 .U.,(3,3),(0.,1.),.UNSPECIFIED.);
#253=B_SPLINE_CURVE_WITH_KNOTS('',2,(#6130,#6131,#6132),.UNSPECIFIED.,.F.,
 .U.,(3,3),(0.,1.),.UNSPECIFIED.);
#254=B_SPLINE_CURVE_WITH_KNOTS('',2,(#6133,#6134,#6135),.UNSPECIFIED.,.F.,
 .U.,(3,3),(0.,1.),.UNSPECIFIED.);
#255=B_SPLINE_CURVE_WITH_KNOTS('',2,(#6138,#6139,#6140),.UNSPECIFIED.,.F.,
 .U.,(3,3),(0.,1.),.UNSPECIFIED.);
#256=B_SPLINE_CURVE_WITH_KNOTS('',2,(#6142,#6143,#6144),.UNSPECIFIED.,.F.,
 .U.,(3,3),(0.,1.),.UNSPECIFIED.);
#257=B_SPLINE_CURVE_WITH_KNOTS('',2,(#6146,#6147,#6148),.UNSPECIFIED.,.F.,
 .U.,(3,3),(0.,1.),.UNSPECIFIED.);
#258=B_SPLINE_CURVE_WITH_KNOTS('',2,(#6150,#6151,#6152),.UNSPECIFIED.,.F.,
 .U.,(3,3),(0.,1.),.UNSPECIFIED.);
#259=B_SPLINE_CURVE_WITH_KNOTS('',2,(#6154,#6155,#6156),.UNSPECIFIED.,.F.,
 .U.,(3,3),(0.,1.),.UNSPECIFIED.);
#260=B_SPLINE_CURVE_WITH_KNOTS('',2,(#6158,#6159,#6160),.UNSPECIFIED.,.F.,
 .U.,(3,3),(0.,1.),.UNSPECIFIED.);
#261=B_SPLINE_CURVE_WITH_KNOTS('',2,(#6162,#6163,#6164),.UNSPECIFIED.,.F.,
 .U.,(3,3),(0.,1.),.UNSPECIFIED.);
#262=B_SPLINE_CURVE_WITH_KNOTS('',2,(#6166,#6167,#6168),.UNSPECIFIED.,.F.,
 .U.,(3,3),(0.,1.),.UNSPECIFIED.);
#263=B_SPLINE_CURVE_WITH_KNOTS('',2,(#6170,#6171,#6172),.UNSPECIFIED.,.F.,
 .U.,(3,3),(0.,1.),.UNSPECIFIED.);
#264=B_SPLINE_CURVE_WITH_KNOTS('',2,(#6174,#6175,#6176),.UNSPECIFIED.,.F.,
 .U.,(3,3),(0.,1.),.UNSPECIFIED.);
#265=B_SPLINE_CURVE_WITH_KNOTS('',2,(#6178,#6179,#6180),.UNSPECIFIED.,.F.,
 .U.,(3,3),(0.,1.),.UNSPECIFIED.);
#266=B_SPLINE_CURVE_WITH_KNOTS('',2,(#6182,#6183,#6184),.UNSPECIFIED.,.F.,
 .U.,(3,3),(0.,1.),.UNSPECIFIED.);
#267=B_SPLINE_CURVE_WITH_KNOTS('',2,(#6186,#6187,#6188),.UNSPECIFIED.,.F.,
 .U.,(3,3),(0.,1.),.UNSPECIFIED.);
#268=B_SPLINE_CURVE_WITH_KNOTS('',2,(#6190,#6191,#6192),.UNSPECIFIED.,.F.,
 .U.,(3,3),(0.,1.),.UNSPECIFIED.);
#269=B_SPLINE_CURVE_WITH_KNOTS('',2,(#6194,#6195,#6196),.UNSPECIFIED.,.F.,
 .U.,(3,3),(0.,1.),.UNSPECIFIED.);
#270=B_SPLINE_CURVE_WITH_KNOTS('',2,(#6199,#6200,#6201),.UNSPECIFIED.,.F.,
 .U.,(3,3),(0.,1.),.UNSPECIFIED.);
#271=B_SPLINE_CURVE_WITH_KNOTS('',2,(#6203,#6204,#6205),.UNSPECIFIED.,.F.,
 .U.,(3,3),(0.,1.),.UNSPECIFIED.);
#272=B_SPLINE_CURVE_WITH_KNOTS('',2,(#6207,#6208,#6209),.UNSPECIFIED.,.F.,
 .U.,(3,3),(0.,1.),.UNSPECIFIED.);
#273=B_SPLINE_CURVE_WITH_KNOTS('',2,(#6211,#6212,#6213),.UNSPECIFIED.,.F.,
 .U.,(3,3),(0.,1.),.UNSPECIFIED.);
#274=B_SPLINE_CURVE_WITH_KNOTS('',2,(#6215,#6216,#6217),.UNSPECIFIED.,.F.,
 .U.,(3,3),(0.,1.),.UNSPECIFIED.);
#275=B_SPLINE_CURVE_WITH_KNOTS('',2,(#6219,#6220,#6221),.UNSPECIFIED.,.F.,
 .U.,(3,3),(0.,1.),.UNSPECIFIED.);
#276=B_SPLINE_CURVE_WITH_KNOTS('',2,(#6223,#6224,#6225),.UNSPECIFIED.,.F.,
 .U.,(3,3),(0.,1.),.UNSPECIFIED.);
#277=B_SPLINE_CURVE_WITH_KNOTS('',2,(#6227,#6228,#6229),.UNSPECIFIED.,.F.,
 .U.,(3,3),(0.,1.),.UNSPECIFIED.);
#278=B_SPLINE_CURVE_WITH_KNOTS('',2,(#6231,#6232,#6233),.UNSPECIFIED.,.F.,
 .U.,(3,3),(0.,1.),.UNSPECIFIED.);
#279=B_SPLINE_CURVE_WITH_KNOTS('',2,(#6235,#6236,#6237),.UNSPECIFIED.,.F.,
 .U.,(3,3),(0.,1.),.UNSPECIFIED.);
#280=B_SPLINE_CURVE_WITH_KNOTS('',2,(#6239,#6240,#6241),.UNSPECIFIED.,.F.,
 .U.,(3,3),(0.,1.),.UNSPECIFIED.);
#281=B_SPLINE_CURVE_WITH_KNOTS('',2,(#6243,#6244,#6245),.UNSPECIFIED.,.F.,
 .U.,(3,3),(0.,1.),.UNSPECIFIED.);
#282=B_SPLINE_CURVE_WITH_KNOTS('',3,(#6249,#6250,#6251,#6252,#6253,#6254,
#6255),.UNSPECIFIED.,.F.,.U.,(4,3,4),(0.,0.5,1.),.UNSPECIFIED.);
#283=B_SPLINE_CURVE_WITH_KNOTS('',2,(#6257,#6258,#6259),.UNSPECIFIED.,.F.,
 .U.,(3,3),(0.,1.),.UNSPECIFIED.);
#284=B_SPLINE_CURVE_WITH_KNOTS('',2,(#6261,#6262,#6263),.UNSPECIFIED.,.F.,
 .U.,(3,3),(0.,1.),.UNSPECIFIED.);
#285=B_SPLINE_CURVE_WITH_KNOTS('',2,(#6265,#6266,#6267),.UNSPECIFIED.,.F.,
 .U.,(3,3),(0.,1.),.UNSPECIFIED.);
#286=B_SPLINE_CURVE_WITH_KNOTS('',2,(#6269,#6270,#6271),.UNSPECIFIED.,.F.,
 .U.,(3,3),(0.,1.),.UNSPECIFIED.);
#287=B_SPLINE_CURVE_WITH_KNOTS('',3,(#6273,#6274,#6275,#6276,#6277,#6278,
#6279),.UNSPECIFIED.,.F.,.U.,(4,3,4),(0.,0.5,1.),.UNSPECIFIED.);
#288=B_SPLINE_CURVE_WITH_KNOTS('',2,(#6283,#6284,#6285),.UNSPECIFIED.,.F.,
 .U.,(3,3),(0.,1.),.UNSPECIFIED.);
#289=B_SPLINE_CURVE_WITH_KNOTS('',2,(#6287,#6288,#6289),.UNSPECIFIED.,.F.,
 .U.,(3,3),(0.,1.),.UNSPECIFIED.);
#290=B_SPLINE_CURVE_WITH_KNOTS('',2,(#6291,#6292,#6293),.UNSPECIFIED.,.F.,
 .U.,(3,3),(0.,1.),.UNSPECIFIED.);
#291=B_SPLINE_CURVE_WITH_KNOTS('',2,(#6295,#6296,#6297),.UNSPECIFIED.,.F.,
 .U.,(3,3),(0.,1.),.UNSPECIFIED.);
#292=B_SPLINE_CURVE_WITH_KNOTS('',2,(#6299,#6300,#6301),.UNSPECIFIED.,.F.,
 .U.,(3,3),(0.,1.),.UNSPECIFIED.);
#293=B_SPLINE_CURVE_WITH_KNOTS('',2,(#6303,#6304,#6305),.UNSPECIFIED.,.F.,
 .U.,(3,3),(0.,1.),.UNSPECIFIED.);
#294=B_SPLINE_CURVE_WITH_KNOTS('',2,(#6307,#6308,#6309),.UNSPECIFIED.,.F.,
 .U.,(3,3),(0.,1.),.UNSPECIFIED.);
#295=B_SPLINE_CURVE_WITH_KNOTS('',2,(#6317,#6318,#6319),.UNSPECIFIED.,.F.,
 .U.,(3,3),(0.,1.),.UNSPECIFIED.);
#296=B_SPLINE_CURVE_WITH_KNOTS('',2,(#6321,#6322,#6323),.UNSPECIFIED.,.F.,
 .U.,(3,3),(0.,1.),.UNSPECIFIED.);
#297=B_SPLINE_CURVE_WITH_KNOTS('',2,(#6325,#6326,#6327),.UNSPECIFIED.,.F.,
 .U.,(3,3),(0.,1.),.UNSPECIFIED.);
#298=B_SPLINE_CURVE_WITH_KNOTS('',2,(#6329,#6330,#6331),.UNSPECIFIED.,.F.,
 .U.,(3,3),(0.,1.),.UNSPECIFIED.);
#299=B_SPLINE_CURVE_WITH_KNOTS('',3,(#6332,#6333,#6334,#6335,#6336,#6337,
#6338),.UNSPECIFIED.,.F.,.U.,(4,3,4),(0.,0.5,1.),.UNSPECIFIED.);
#300=B_SPLINE_CURVE_WITH_KNOTS('',2,(#6341,#6342,#6343),.UNSPECIFIED.,.F.,
 .U.,(3,3),(0.,1.),.UNSPECIFIED.);
#301=B_SPLINE_CURVE_WITH_KNOTS('',2,(#6345,#6346,#6347),.UNSPECIFIED.,.F.,
 .U.,(3,3),(0.,1.),.UNSPECIFIED.);
#302=B_SPLINE_CURVE_WITH_KNOTS('',2,(#6349,#6350,#6351),.UNSPECIFIED.,.F.,
 .U.,(3,3),(0.,1.),.UNSPECIFIED.);
#303=B_SPLINE_CURVE_WITH_KNOTS('',2,(#6353,#6354,#6355),.UNSPECIFIED.,.F.,
 .U.,(3,3),(0.,1.),.UNSPECIFIED.);
#304=B_SPLINE_CURVE_WITH_KNOTS('',2,(#6357,#6358,#6359),.UNSPECIFIED.,.F.,
 .U.,(3,3),(0.,1.),.UNSPECIFIED.);
#305=B_SPLINE_CURVE_WITH_KNOTS('',2,(#6361,#6362,#6363),.UNSPECIFIED.,.F.,
 .U.,(3,3),(0.,1.),.UNSPECIFIED.);
#306=B_SPLINE_CURVE_WITH_KNOTS('',2,(#6367,#6368,#6369),.UNSPECIFIED.,.F.,
 .U.,(3,3),(0.,1.),.UNSPECIFIED.);
#307=B_SPLINE_CURVE_WITH_KNOTS('',2,(#6371,#6372,#6373),.UNSPECIFIED.,.F.,
 .U.,(3,3),(0.,1.),.UNSPECIFIED.);
#308=B_SPLINE_CURVE_WITH_KNOTS('',2,(#6375,#6376,#6377),.UNSPECIFIED.,.F.,
 .U.,(3,3),(0.,1.),.UNSPECIFIED.);
#309=B_SPLINE_CURVE_WITH_KNOTS('',2,(#6379,#6380,#6381),.UNSPECIFIED.,.F.,
 .U.,(3,3),(0.,1.),.UNSPECIFIED.);
#310=B_SPLINE_CURVE_WITH_KNOTS('',2,(#6385,#6386,#6387),.UNSPECIFIED.,.F.,
 .U.,(3,3),(0.,1.),.UNSPECIFIED.);
#311=B_SPLINE_CURVE_WITH_KNOTS('',2,(#6389,#6390,#6391),.UNSPECIFIED.,.F.,
 .U.,(3,3),(0.,1.),.UNSPECIFIED.);
#312=B_SPLINE_CURVE_WITH_KNOTS('',2,(#6393,#6394,#6395),.UNSPECIFIED.,.F.,
 .U.,(3,3),(0.,1.),.UNSPECIFIED.);
#313=B_SPLINE_CURVE_WITH_KNOTS('',2,(#6397,#6398,#6399),.UNSPECIFIED.,.F.,
 .U.,(3,3),(0.,1.),.UNSPECIFIED.);
#314=B_SPLINE_CURVE_WITH_KNOTS('',2,(#6401,#6402,#6403),.UNSPECIFIED.,.F.,
 .U.,(3,3),(0.,1.),.UNSPECIFIED.);
#315=B_SPLINE_CURVE_WITH_KNOTS('',2,(#6407,#6408,#6409),.UNSPECIFIED.,.F.,
 .U.,(3,3),(0.,1.),.UNSPECIFIED.);
#316=B_SPLINE_CURVE_WITH_KNOTS('',2,(#6411,#6412,#6413),.UNSPECIFIED.,.F.,
 .U.,(3,3),(0.,1.),.UNSPECIFIED.);
#317=B_SPLINE_CURVE_WITH_KNOTS('',2,(#6415,#6416,#6417),.UNSPECIFIED.,.F.,
 .U.,(3,3),(0.,1.),.UNSPECIFIED.);
#318=B_SPLINE_CURVE_WITH_KNOTS('',2,(#6419,#6420,#6421),.UNSPECIFIED.,.F.,
 .U.,(3,3),(0.,1.),.UNSPECIFIED.);
#319=B_SPLINE_CURVE_WITH_KNOTS('',2,(#6425,#6426,#6427),.UNSPECIFIED.,.F.,
 .U.,(3,3),(0.,1.),.UNSPECIFIED.);
#320=B_SPLINE_CURVE_WITH_KNOTS('',2,(#6429,#6430,#6431),.UNSPECIFIED.,.F.,
 .U.,(3,3),(0.,1.),.UNSPECIFIED.);
#321=B_SPLINE_CURVE_WITH_KNOTS('',2,(#6433,#6434,#6435),.UNSPECIFIED.,.F.,
 .U.,(3,3),(0.,1.),.UNSPECIFIED.);
#322=B_SPLINE_CURVE_WITH_KNOTS('',2,(#6437,#6438,#6439),.UNSPECIFIED.,.F.,
 .U.,(3,3),(0.,1.),.UNSPECIFIED.);
#323=B_SPLINE_CURVE_WITH_KNOTS('',2,(#6441,#6442,#6443),.UNSPECIFIED.,.F.,
 .U.,(3,3),(0.,1.),.UNSPECIFIED.);
#324=B_SPLINE_CURVE_WITH_KNOTS('',3,(#6660,#6661,#6662,#6663,#6664,#6665,
#6666,#6667,#6668,#6669,#6670,#6671,#6672,#6673,#6674,#6675,#6676,#6677),
 .UNSPECIFIED.,.F.,.U.,(4,2,2,2,2,2,2,2,4),(-0.1,-0.0830769230769231,-0.0666666666666667,
-0.0564102564102564,-0.05,-0.0435897435897436,-0.0333333333333333,-0.0169230769230769,
0.),.UNSPECIFIED.);
#325=B_SPLINE_CURVE_WITH_KNOTS('',3,(#6679,#6680,#6681,#6682,#6683,#6684),
 .UNSPECIFIED.,.F.,.U.,(4,2,4),(0.,0.5,1.),.UNSPECIFIED.);
#326=B_SPLINE_CURVE_WITH_KNOTS('',3,(#6686,#6687,#6688,#6689,#6690,#6691,
#6692,#6693,#6694,#6695,#6696,#6697,#6698,#6699,#6700,#6701,#6702,#6703),
 .UNSPECIFIED.,.F.,.U.,(4,2,2,2,2,2,2,2,4),(-0.1,-0.0830769230769231,-0.0666666666666667,
-0.0564102564102564,-0.05,-0.0435897435897436,-0.0333333333333333,-0.0169230769230769,
0.),.UNSPECIFIED.);
#327=B_SPLINE_CURVE_WITH_KNOTS('',3,(#6812,#6813,#6814,#6815,#6816,#6817),
 .UNSPECIFIED.,.F.,.U.,(4,2,4),(0.,0.5,1.),.UNSPECIFIED.);
#328=B_SPLINE_CURVE_WITH_KNOTS('',3,(#6820,#6821,#6822,#6823,#6824,#6825,
#6826,#6827,#6828,#6829,#6830,#6831,#6832,#6833,#6834,#6835,#6836,#6837),
 .UNSPECIFIED.,.F.,.U.,(4,2,2,2,2,2,2,2,4),(-0.1,-0.0830769230769231,-0.0666666666666667,
-0.0564102564102564,-0.05,-0.0435897435897436,-0.0333333333333333,-0.0169230769230769,
0.),.UNSPECIFIED.);
#329=B_SPLINE_CURVE_WITH_KNOTS('',3,(#6838,#6839,#6840,#6841,#6842,#6843,
#6844,#6845,#6846,#6847,#6848,#6849,#6850,#6851,#6852,#6853,#6854,#6855),
 .UNSPECIFIED.,.F.,.U.,(4,2,2,2,2,2,2,2,4),(-0.1,-0.0830769230769231,-0.0666666666666667,
-0.0564102564102564,-0.05,-0.0435897435897436,-0.0333333333333333,-0.0169230769230769,
0.),.UNSPECIFIED.);
#330=B_SPLINE_CURVE_WITH_KNOTS('',3,(#6970,#6971,#6972,#6973,#6974,#6975),
 .UNSPECIFIED.,.F.,.U.,(4,2,4),(0.,0.5,1.),.UNSPECIFIED.);
#331=B_SPLINE_CURVE_WITH_KNOTS('',3,(#6978,#6979,#6980,#6981,#6982,#6983,
#6984,#6985,#6986,#6987,#6988,#6989,#6990,#6991,#6992,#6993,#6994,#6995),
 .UNSPECIFIED.,.F.,.U.,(4,2,2,2,2,2,2,2,4),(-0.1,-0.0830769230769231,-0.0666666666666667,
-0.0564102564102564,-0.05,-0.0435897435897436,-0.0333333333333333,-0.0169230769230769,
0.),.UNSPECIFIED.);
#332=B_SPLINE_CURVE_WITH_KNOTS('',3,(#6996,#6997,#6998,#6999,#7000,#7001,
#7002,#7003,#7004,#7005,#7006,#7007,#7008,#7009,#7010,#7011,#7012,#7013),
 .UNSPECIFIED.,.F.,.U.,(4,2,2,2,2,2,2,2,4),(-0.1,-0.0830769230769231,-0.0666666666666667,
-0.0564102564102564,-0.05,-0.0435897435897436,-0.0333333333333333,-0.0169230769230769,
0.),.UNSPECIFIED.);
#333=B_SPLINE_CURVE_WITH_KNOTS('',3,(#7122,#7123,#7124,#7125,#7126,#7127),
 .UNSPECIFIED.,.F.,.U.,(4,2,4),(0.,0.5,1.),.UNSPECIFIED.);
#334=B_SPLINE_CURVE_WITH_KNOTS('',3,(#7130,#7131,#7132,#7133,#7134,#7135,
#7136,#7137,#7138,#7139,#7140,#7141,#7142,#7143,#7144,#7145,#7146,#7147),
 .UNSPECIFIED.,.F.,.U.,(4,2,2,2,2,2,2,2,4),(0.,0.0169230769230769,0.0333333333333333,
0.0435897435897436,0.05,0.0564102564102564,0.0666666666666667,0.0830769230769231,
0.1),.UNSPECIFIED.);
#335=B_SPLINE_CURVE_WITH_KNOTS('',3,(#7148,#7149,#7150,#7151,#7152,#7153,
#7154,#7155,#7156,#7157,#7158,#7159,#7160,#7161,#7162,#7163,#7164,#7165),
 .UNSPECIFIED.,.F.,.U.,(4,2,2,2,2,2,2,2,4),(0.,0.0169230769230769,0.0333333333333333,
0.0435897435897436,0.05,0.0564102564102564,0.0666666666666667,0.0830769230769231,
0.1),.UNSPECIFIED.);
#336=B_SPLINE_CURVE_WITH_KNOTS('',2,(#7178,#7179,#7180),.UNSPECIFIED.,.F.,
 .U.,(3,3),(0.,1.),.UNSPECIFIED.);
#337=B_SPLINE_CURVE_WITH_KNOTS('',2,(#7189,#7190,#7191),.UNSPECIFIED.,.F.,
 .U.,(3,3),(0.,1.),.UNSPECIFIED.);
#338=B_SPLINE_CURVE_WITH_KNOTS('',2,(#7208,#7209,#7210),.UNSPECIFIED.,.F.,
 .U.,(3,3),(0.,1.),.UNSPECIFIED.);
#339=B_SPLINE_CURVE_WITH_KNOTS('',2,(#7221,#7222,#7223),.UNSPECIFIED.,.F.,
 .U.,(3,3),(0.,1.),.UNSPECIFIED.);
#340=B_SPLINE_CURVE_WITH_KNOTS('',2,(#7230,#7231,#7232),.UNSPECIFIED.,.F.,
 .U.,(3,3),(0.,1.),.UNSPECIFIED.);
#341=B_SPLINE_CURVE_WITH_KNOTS('',2,(#7241,#7242,#7243),.UNSPECIFIED.,.F.,
 .U.,(3,3),(0.,1.),.UNSPECIFIED.);
#342=B_SPLINE_CURVE_WITH_KNOTS('',2,(#7254,#7255,#7256),.UNSPECIFIED.,.F.,
 .U.,(3,3),(0.,1.),.UNSPECIFIED.);
#343=B_SPLINE_CURVE_WITH_KNOTS('',2,(#7265,#7266,#7267),.UNSPECIFIED.,.F.,
 .U.,(3,3),(0.,1.),.UNSPECIFIED.);
#344=B_SPLINE_CURVE_WITH_KNOTS('',2,(#7276,#7277,#7278),.UNSPECIFIED.,.F.,
 .U.,(3,3),(0.,1.),.UNSPECIFIED.);
#345=B_SPLINE_CURVE_WITH_KNOTS('',2,(#7287,#7288,#7289),.UNSPECIFIED.,.F.,
 .U.,(3,3),(0.,1.),.UNSPECIFIED.);
#346=B_SPLINE_CURVE_WITH_KNOTS('',2,(#7298,#7299,#7300),.UNSPECIFIED.,.F.,
 .U.,(3,3),(0.,1.),.UNSPECIFIED.);
#347=B_SPLINE_CURVE_WITH_KNOTS('',2,(#7309,#7310,#7311),.UNSPECIFIED.,.F.,
 .U.,(3,3),(0.,1.),.UNSPECIFIED.);
#348=B_SPLINE_CURVE_WITH_KNOTS('',2,(#7320,#7321,#7322),.UNSPECIFIED.,.F.,
 .U.,(3,3),(0.,1.),.UNSPECIFIED.);
#349=B_SPLINE_CURVE_WITH_KNOTS('',2,(#7331,#7332,#7333),.UNSPECIFIED.,.F.,
 .U.,(3,3),(0.,1.),.UNSPECIFIED.);
#350=B_SPLINE_CURVE_WITH_KNOTS('',2,(#7342,#7343,#7344),.UNSPECIFIED.,.F.,
 .U.,(3,3),(0.,1.),.UNSPECIFIED.);
#351=B_SPLINE_CURVE_WITH_KNOTS('',2,(#7353,#7354,#7355),.UNSPECIFIED.,.F.,
 .U.,(3,3),(0.,1.),.UNSPECIFIED.);
#352=B_SPLINE_CURVE_WITH_KNOTS('',2,(#7364,#7365,#7366),.UNSPECIFIED.,.F.,
 .U.,(3,3),(0.,1.),.UNSPECIFIED.);
#353=B_SPLINE_CURVE_WITH_KNOTS('',2,(#7375,#7376,#7377),.UNSPECIFIED.,.F.,
 .U.,(3,3),(0.,1.),.UNSPECIFIED.);
#354=B_SPLINE_CURVE_WITH_KNOTS('',2,(#7388,#7389,#7390),.UNSPECIFIED.,.F.,
 .U.,(3,3),(0.,1.),.UNSPECIFIED.);
#355=B_SPLINE_CURVE_WITH_KNOTS('',2,(#7399,#7400,#7401),.UNSPECIFIED.,.F.,
 .U.,(3,3),(0.,1.),.UNSPECIFIED.);
#356=B_SPLINE_CURVE_WITH_KNOTS('',2,(#7410,#7411,#7412),.UNSPECIFIED.,.F.,
 .U.,(3,3),(0.,1.),.UNSPECIFIED.);
#357=B_SPLINE_CURVE_WITH_KNOTS('',2,(#7421,#7422,#7423),.UNSPECIFIED.,.F.,
 .U.,(3,3),(0.,1.),.UNSPECIFIED.);
#358=B_SPLINE_CURVE_WITH_KNOTS('',2,(#7434,#7435,#7436),.UNSPECIFIED.,.F.,
 .U.,(3,3),(0.,1.),.UNSPECIFIED.);
#359=B_SPLINE_CURVE_WITH_KNOTS('',2,(#7445,#7446,#7447),.UNSPECIFIED.,.F.,
 .U.,(3,3),(0.,1.),.UNSPECIFIED.);
#360=B_SPLINE_CURVE_WITH_KNOTS('',2,(#7456,#7457,#7458),.UNSPECIFIED.,.F.,
 .U.,(3,3),(0.,1.),.UNSPECIFIED.);
#361=B_SPLINE_CURVE_WITH_KNOTS('',2,(#7467,#7468,#7469),.UNSPECIFIED.,.F.,
 .U.,(3,3),(0.,1.),.UNSPECIFIED.);
#362=B_SPLINE_CURVE_WITH_KNOTS('',2,(#7478,#7479,#7480),.UNSPECIFIED.,.F.,
 .U.,(3,3),(0.,1.),.UNSPECIFIED.);
#363=B_SPLINE_CURVE_WITH_KNOTS('',2,(#7489,#7490,#7491),.UNSPECIFIED.,.F.,
 .U.,(3,3),(0.,1.),.UNSPECIFIED.);
#364=B_SPLINE_CURVE_WITH_KNOTS('',2,(#7500,#7501,#7502),.UNSPECIFIED.,.F.,
 .U.,(3,3),(0.,1.),.UNSPECIFIED.);
#365=B_SPLINE_CURVE_WITH_KNOTS('',2,(#7512,#7513,#7514),.UNSPECIFIED.,.F.,
 .U.,(3,3),(0.,1.),.UNSPECIFIED.);
#366=B_SPLINE_CURVE_WITH_KNOTS('',2,(#7521,#7522,#7523),.UNSPECIFIED.,.F.,
 .U.,(3,3),(0.,1.),.UNSPECIFIED.);
#367=B_SPLINE_CURVE_WITH_KNOTS('',2,(#7532,#7533,#7534),.UNSPECIFIED.,.F.,
 .U.,(3,3),(0.,1.),.UNSPECIFIED.);
#368=B_SPLINE_CURVE_WITH_KNOTS('',2,(#7543,#7544,#7545),.UNSPECIFIED.,.F.,
 .U.,(3,3),(0.,1.),.UNSPECIFIED.);
#369=B_SPLINE_CURVE_WITH_KNOTS('',2,(#7554,#7555,#7556),.UNSPECIFIED.,.F.,
 .U.,(3,3),(0.,1.),.UNSPECIFIED.);
#370=B_SPLINE_CURVE_WITH_KNOTS('',2,(#7569,#7570,#7571),.UNSPECIFIED.,.F.,
 .U.,(3,3),(0.,1.),.UNSPECIFIED.);
#371=B_SPLINE_CURVE_WITH_KNOTS('',2,(#7580,#7581,#7582),.UNSPECIFIED.,.F.,
 .U.,(3,3),(0.,1.),.UNSPECIFIED.);
#372=B_SPLINE_CURVE_WITH_KNOTS('',2,(#7591,#7592,#7593),.UNSPECIFIED.,.F.,
 .U.,(3,3),(0.,1.),.UNSPECIFIED.);
#373=B_SPLINE_CURVE_WITH_KNOTS('',2,(#7602,#7603,#7604),.UNSPECIFIED.,.F.,
 .U.,(3,3),(0.,1.),.UNSPECIFIED.);
#374=B_SPLINE_CURVE_WITH_KNOTS('',2,(#7617,#7618,#7619),.UNSPECIFIED.,.F.,
 .U.,(3,3),(0.,1.),.UNSPECIFIED.);
#375=B_SPLINE_CURVE_WITH_KNOTS('',2,(#7628,#7629,#7630),.UNSPECIFIED.,.F.,
 .U.,(3,3),(0.,1.),.UNSPECIFIED.);
#376=B_SPLINE_CURVE_WITH_KNOTS('',2,(#7639,#7640,#7641),.UNSPECIFIED.,.F.,
 .U.,(3,3),(0.,1.),.UNSPECIFIED.);
#377=B_SPLINE_CURVE_WITH_KNOTS('',2,(#7650,#7651,#7652),.UNSPECIFIED.,.F.,
 .U.,(3,3),(0.,1.),.UNSPECIFIED.);
#378=B_SPLINE_CURVE_WITH_KNOTS('',2,(#7661,#7662,#7663),.UNSPECIFIED.,.F.,
 .U.,(3,3),(0.,1.),.UNSPECIFIED.);
#379=B_SPLINE_CURVE_WITH_KNOTS('',2,(#7676,#7677,#7678),.UNSPECIFIED.,.F.,
 .U.,(3,3),(0.,1.),.UNSPECIFIED.);
#380=B_SPLINE_CURVE_WITH_KNOTS('',2,(#7687,#7688,#7689),.UNSPECIFIED.,.F.,
 .U.,(3,3),(0.,1.),.UNSPECIFIED.);
#381=B_SPLINE_CURVE_WITH_KNOTS('',2,(#7698,#7699,#7700),.UNSPECIFIED.,.F.,
 .U.,(3,3),(0.,1.),.UNSPECIFIED.);
#382=B_SPLINE_CURVE_WITH_KNOTS('',2,(#7709,#7710,#7711),.UNSPECIFIED.,.F.,
 .U.,(3,3),(0.,1.),.UNSPECIFIED.);
#383=B_SPLINE_CURVE_WITH_KNOTS('',2,(#7724,#7725,#7726),.UNSPECIFIED.,.F.,
 .U.,(3,3),(0.,1.),.UNSPECIFIED.);
#384=B_SPLINE_CURVE_WITH_KNOTS('',2,(#7735,#7736,#7737),.UNSPECIFIED.,.F.,
 .U.,(3,3),(0.,1.),.UNSPECIFIED.);
#385=B_SPLINE_CURVE_WITH_KNOTS('',2,(#7746,#7747,#7748),.UNSPECIFIED.,.F.,
 .U.,(3,3),(0.,1.),.UNSPECIFIED.);
#386=B_SPLINE_CURVE_WITH_KNOTS('',2,(#7757,#7758,#7759),.UNSPECIFIED.,.F.,
 .U.,(3,3),(0.,1.),.UNSPECIFIED.);
#387=B_SPLINE_CURVE_WITH_KNOTS('',2,(#7768,#7769,#7770),.UNSPECIFIED.,.F.,
 .U.,(3,3),(0.,1.),.UNSPECIFIED.);
#388=B_SPLINE_CURVE_WITH_KNOTS('',2,(#7778,#7779,#7780),.UNSPECIFIED.,.F.,
 .U.,(3,3),(0.,1.),.UNSPECIFIED.);
#389=B_SPLINE_CURVE_WITH_KNOTS('',2,(#7791,#7792,#7793),.UNSPECIFIED.,.F.,
 .U.,(3,3),(0.,1.),.UNSPECIFIED.);
#390=B_SPLINE_CURVE_WITH_KNOTS('',2,(#7802,#7803,#7804),.UNSPECIFIED.,.F.,
 .U.,(3,3),(0.,1.),.UNSPECIFIED.);
#391=B_SPLINE_CURVE_WITH_KNOTS('',2,(#7813,#7814,#7815),.UNSPECIFIED.,.F.,
 .U.,(3,3),(0.,1.),.UNSPECIFIED.);
#392=B_SPLINE_CURVE_WITH_KNOTS('',2,(#7824,#7825,#7826),.UNSPECIFIED.,.F.,
 .U.,(3,3),(0.,1.),.UNSPECIFIED.);
#393=B_SPLINE_CURVE_WITH_KNOTS('',2,(#7835,#7836,#7837),.UNSPECIFIED.,.F.,
 .U.,(3,3),(0.,1.),.UNSPECIFIED.);
#394=B_SPLINE_CURVE_WITH_KNOTS('',2,(#7846,#7847,#7848),.UNSPECIFIED.,.F.,
 .U.,(3,3),(0.,1.),.UNSPECIFIED.);
#395=B_SPLINE_CURVE_WITH_KNOTS('',2,(#7857,#7858,#7859),.UNSPECIFIED.,.F.,
 .U.,(3,3),(0.,1.),.UNSPECIFIED.);
#396=B_SPLINE_CURVE_WITH_KNOTS('',2,(#7868,#7869,#7870),.UNSPECIFIED.,.F.,
 .U.,(3,3),(0.,1.),.UNSPECIFIED.);
#397=B_SPLINE_CURVE_WITH_KNOTS('',2,(#7879,#7880,#7881),.UNSPECIFIED.,.F.,
 .U.,(3,3),(0.,1.),.UNSPECIFIED.);
#398=B_SPLINE_CURVE_WITH_KNOTS('',2,(#7890,#7891,#7892),.UNSPECIFIED.,.F.,
 .U.,(3,3),(0.,1.),.UNSPECIFIED.);
#399=B_SPLINE_CURVE_WITH_KNOTS('',2,(#7901,#7902,#7903),.UNSPECIFIED.,.F.,
 .U.,(3,3),(0.,1.),.UNSPECIFIED.);
#400=B_SPLINE_CURVE_WITH_KNOTS('',2,(#7912,#7913,#7914),.UNSPECIFIED.,.F.,
 .U.,(3,3),(0.,1.),.UNSPECIFIED.);
#401=B_SPLINE_CURVE_WITH_KNOTS('',2,(#7923,#7924,#7925),.UNSPECIFIED.,.F.,
 .U.,(3,3),(0.,1.),.UNSPECIFIED.);
#402=B_SPLINE_CURVE_WITH_KNOTS('',2,(#7934,#7935,#7936),.UNSPECIFIED.,.F.,
 .U.,(3,3),(0.,1.),.UNSPECIFIED.);
#403=B_SPLINE_CURVE_WITH_KNOTS('',2,(#7945,#7946,#7947),.UNSPECIFIED.,.F.,
 .U.,(3,3),(0.,1.),.UNSPECIFIED.);
#404=B_SPLINE_CURVE_WITH_KNOTS('',2,(#7954,#7955,#7956),.UNSPECIFIED.,.F.,
 .U.,(3,3),(0.,1.),.UNSPECIFIED.);
#405=B_SPLINE_CURVE_WITH_KNOTS('',2,(#7961,#7962,#7963),.UNSPECIFIED.,.F.,
 .U.,(3,3),(0.,1.),.UNSPECIFIED.);
#406=B_SPLINE_CURVE_WITH_KNOTS('',2,(#7972,#7973,#7974),.UNSPECIFIED.,.F.,
 .U.,(3,3),(0.,1.),.UNSPECIFIED.);
#407=B_SPLINE_CURVE_WITH_KNOTS('',2,(#7976,#7977,#7978),.UNSPECIFIED.,.F.,
 .U.,(3,3),(0.,1.),.UNSPECIFIED.);
#408=B_SPLINE_CURVE_WITH_KNOTS('',2,(#7987,#7988,#7989),.UNSPECIFIED.,.F.,
 .U.,(3,3),(0.,1.),.UNSPECIFIED.);
#409=B_SPLINE_CURVE_WITH_KNOTS('',2,(#7991,#7992,#7993),.UNSPECIFIED.,.F.,
 .U.,(3,3),(0.,1.),.UNSPECIFIED.);
#410=B_SPLINE_CURVE_WITH_KNOTS('',2,(#8002,#8003,#8004),.UNSPECIFIED.,.F.,
 .U.,(3,3),(0.,1.),.UNSPECIFIED.);
#411=B_SPLINE_CURVE_WITH_KNOTS('',2,(#8006,#8007,#8008),.UNSPECIFIED.,.F.,
 .U.,(3,3),(0.,1.),.UNSPECIFIED.);
#412=B_SPLINE_CURVE_WITH_KNOTS('',2,(#8017,#8018,#8019),.UNSPECIFIED.,.F.,
 .U.,(3,3),(0.,1.),.UNSPECIFIED.);
#413=B_SPLINE_CURVE_WITH_KNOTS('',2,(#8021,#8022,#8023),.UNSPECIFIED.,.F.,
 .U.,(3,3),(0.,1.),.UNSPECIFIED.);
#414=B_SPLINE_CURVE_WITH_KNOTS('',2,(#8032,#8033,#8034),.UNSPECIFIED.,.F.,
 .U.,(3,3),(0.,1.),.UNSPECIFIED.);
#415=B_SPLINE_CURVE_WITH_KNOTS('',2,(#8036,#8037,#8038),.UNSPECIFIED.,.F.,
 .U.,(3,3),(0.,1.),.UNSPECIFIED.);
#416=B_SPLINE_CURVE_WITH_KNOTS('',2,(#8047,#8048,#8049),.UNSPECIFIED.,.F.,
 .U.,(3,3),(0.,1.),.UNSPECIFIED.);
#417=B_SPLINE_CURVE_WITH_KNOTS('',2,(#8051,#8052,#8053),.UNSPECIFIED.,.F.,
 .U.,(3,3),(0.,1.),.UNSPECIFIED.);
#418=B_SPLINE_CURVE_WITH_KNOTS('',2,(#8062,#8063,#8064),.UNSPECIFIED.,.F.,
 .U.,(3,3),(0.,1.),.UNSPECIFIED.);
#419=B_SPLINE_CURVE_WITH_KNOTS('',2,(#8066,#8067,#8068),.UNSPECIFIED.,.F.,
 .U.,(3,3),(0.,1.),.UNSPECIFIED.);
#420=B_SPLINE_CURVE_WITH_KNOTS('',2,(#8077,#8078,#8079),.UNSPECIFIED.,.F.,
 .U.,(3,3),(0.,1.),.UNSPECIFIED.);
#421=B_SPLINE_CURVE_WITH_KNOTS('',2,(#8081,#8082,#8083),.UNSPECIFIED.,.F.,
 .U.,(3,3),(0.,1.),.UNSPECIFIED.);
#422=B_SPLINE_CURVE_WITH_KNOTS('',2,(#8092,#8093,#8094),.UNSPECIFIED.,.F.,
 .U.,(3,3),(0.,1.),.UNSPECIFIED.);
#423=B_SPLINE_CURVE_WITH_KNOTS('',2,(#8095,#8096,#8097),.UNSPECIFIED.,.F.,
 .U.,(3,3),(0.,1.),.UNSPECIFIED.);
#424=B_SPLINE_CURVE_WITH_KNOTS('',2,(#8111,#8112,#8113),.UNSPECIFIED.,.F.,
 .U.,(3,3),(0.,1.),.UNSPECIFIED.);
#425=B_SPLINE_CURVE_WITH_KNOTS('',2,(#8122,#8123,#8124),.UNSPECIFIED.,.F.,
 .U.,(3,3),(0.,1.),.UNSPECIFIED.);
#426=B_SPLINE_CURVE_WITH_KNOTS('',2,(#8133,#8134,#8135),.UNSPECIFIED.,.F.,
 .U.,(3,3),(0.,1.),.UNSPECIFIED.);
#427=B_SPLINE_CURVE_WITH_KNOTS('',2,(#8144,#8145,#8146),.UNSPECIFIED.,.F.,
 .U.,(3,3),(0.,1.),.UNSPECIFIED.);
#428=B_SPLINE_CURVE_WITH_KNOTS('',2,(#8155,#8156,#8157),.UNSPECIFIED.,.F.,
 .U.,(3,3),(0.,1.),.UNSPECIFIED.);
#429=B_SPLINE_CURVE_WITH_KNOTS('',2,(#8166,#8167,#8168),.UNSPECIFIED.,.F.,
 .U.,(3,3),(0.,1.),.UNSPECIFIED.);
#430=B_SPLINE_CURVE_WITH_KNOTS('',2,(#8177,#8178,#8179),.UNSPECIFIED.,.F.,
 .U.,(3,3),(0.,1.),.UNSPECIFIED.);
#431=B_SPLINE_CURVE_WITH_KNOTS('',2,(#8188,#8189,#8190),.UNSPECIFIED.,.F.,
 .U.,(3,3),(0.,1.),.UNSPECIFIED.);
#432=B_SPLINE_CURVE_WITH_KNOTS('',2,(#8199,#8200,#8201),.UNSPECIFIED.,.F.,
 .U.,(3,3),(0.,1.),.UNSPECIFIED.);
#433=B_SPLINE_CURVE_WITH_KNOTS('',2,(#8210,#8211,#8212),.UNSPECIFIED.,.F.,
 .U.,(3,3),(0.,1.),.UNSPECIFIED.);
#434=B_SPLINE_CURVE_WITH_KNOTS('',2,(#8221,#8222,#8223),.UNSPECIFIED.,.F.,
 .U.,(3,3),(0.,1.),.UNSPECIFIED.);
#435=B_SPLINE_CURVE_WITH_KNOTS('',2,(#8232,#8233,#8234),.UNSPECIFIED.,.F.,
 .U.,(3,3),(0.,1.),.UNSPECIFIED.);
#436=B_SPLINE_CURVE_WITH_KNOTS('',2,(#8241,#8242,#8243),.UNSPECIFIED.,.F.,
 .U.,(3,3),(0.,1.),.UNSPECIFIED.);
#437=B_SPLINE_CURVE_WITH_KNOTS('',2,(#8252,#8253,#8254),.UNSPECIFIED.,.F.,
 .U.,(3,3),(0.,1.),.UNSPECIFIED.);
#438=B_SPLINE_CURVE_WITH_KNOTS('',2,(#8267,#8268,#8269),.UNSPECIFIED.,.F.,
 .U.,(3,3),(0.,1.),.UNSPECIFIED.);
#439=B_SPLINE_CURVE_WITH_KNOTS('',2,(#8278,#8279,#8280),.UNSPECIFIED.,.F.,
 .U.,(3,3),(0.,1.),.UNSPECIFIED.);
#440=B_SPLINE_CURVE_WITH_KNOTS('',2,(#8289,#8290,#8291),.UNSPECIFIED.,.F.,
 .U.,(3,3),(0.,1.),.UNSPECIFIED.);
#441=B_SPLINE_CURVE_WITH_KNOTS('',2,(#8300,#8301,#8302),.UNSPECIFIED.,.F.,
 .U.,(3,3),(0.,1.),.UNSPECIFIED.);
#442=B_SPLINE_CURVE_WITH_KNOTS('',2,(#8310,#8311,#8312),.UNSPECIFIED.,.F.,
 .U.,(3,3),(0.,1.),.UNSPECIFIED.);
#443=B_SPLINE_CURVE_WITH_KNOTS('',2,(#8323,#8324,#8325),.UNSPECIFIED.,.F.,
 .U.,(3,3),(0.,1.),.UNSPECIFIED.);
#444=B_SPLINE_CURVE_WITH_KNOTS('',2,(#8334,#8335,#8336),.UNSPECIFIED.,.F.,
 .U.,(3,3),(0.,1.),.UNSPECIFIED.);
#445=B_SPLINE_CURVE_WITH_KNOTS('',2,(#8345,#8346,#8347),.UNSPECIFIED.,.F.,
 .U.,(3,3),(0.,1.),.UNSPECIFIED.);
#446=B_SPLINE_CURVE_WITH_KNOTS('',2,(#8360,#8361,#8362),.UNSPECIFIED.,.F.,
 .U.,(3,3),(0.,1.),.UNSPECIFIED.);
#447=B_SPLINE_CURVE_WITH_KNOTS('',2,(#8371,#8372,#8373),.UNSPECIFIED.,.F.,
 .U.,(3,3),(0.,1.),.UNSPECIFIED.);
#448=B_SPLINE_CURVE_WITH_KNOTS('',2,(#8382,#8383,#8384),.UNSPECIFIED.,.F.,
 .U.,(3,3),(0.,1.),.UNSPECIFIED.);
#449=B_SPLINE_CURVE_WITH_KNOTS('',2,(#8397,#8398,#8399),.UNSPECIFIED.,.F.,
 .U.,(3,3),(0.,1.),.UNSPECIFIED.);
#450=B_SPLINE_CURVE_WITH_KNOTS('',2,(#8408,#8409,#8410),.UNSPECIFIED.,.F.,
 .U.,(3,3),(0.,1.),.UNSPECIFIED.);
#451=B_SPLINE_CURVE_WITH_KNOTS('',2,(#8419,#8420,#8421),.UNSPECIFIED.,.F.,
 .U.,(3,3),(0.,1.),.UNSPECIFIED.);
#452=B_SPLINE_CURVE_WITH_KNOTS('',2,(#8430,#8431,#8432),.UNSPECIFIED.,.F.,
 .U.,(3,3),(0.,1.),.UNSPECIFIED.);
#453=B_SPLINE_CURVE_WITH_KNOTS('',2,(#8449,#8450,#8451),.UNSPECIFIED.,.F.,
 .U.,(3,3),(0.,1.),.UNSPECIFIED.);
#454=B_SPLINE_CURVE_WITH_KNOTS('',2,(#8460,#8461,#8462),.UNSPECIFIED.,.F.,
 .U.,(3,3),(0.,1.),.UNSPECIFIED.);
#455=B_SPLINE_CURVE_WITH_KNOTS('',2,(#8471,#8472,#8473),.UNSPECIFIED.,.F.,
 .U.,(3,3),(0.,1.),.UNSPECIFIED.);
#456=B_SPLINE_CURVE_WITH_KNOTS('',2,(#8482,#8483,#8484),.UNSPECIFIED.,.F.,
 .U.,(3,3),(0.,1.),.UNSPECIFIED.);
#457=PLANE('',#4647);
#458=PLANE('',#4751);
#459=PLANE('',#4752);
#460=PLANE('',#4753);
#461=PLANE('',#4754);
#462=PLANE('',#4755);
#463=PLANE('',#4756);
#464=PLANE('',#4757);
#465=PLANE('',#4758);
#466=PLANE('',#4759);
#467=PLANE('',#4760);
#468=PLANE('',#4761);
#469=PLANE('',#4762);
#470=PLANE('',#4763);
#471=PLANE('',#4764);
#472=PLANE('',#4765);
#473=PLANE('',#4766);
#474=PLANE('',#4767);
#475=PLANE('',#4768);
#476=PLANE('',#4769);
#477=PLANE('',#4770);
#478=PLANE('',#4771);
#479=PLANE('',#4772);
#480=PLANE('',#4773);
#481=PLANE('',#4874);
#482=PLANE('',#4963);
#483=PLANE('',#4964);
#484=PLANE('',#4965);
#485=PLANE('',#4966);
#486=VECTOR('',#4971,1.);
#487=VECTOR('',#4974,1.);
#488=VECTOR('',#5076,1.);
#489=VECTOR('',#5077,1.);
#490=VECTOR('',#5078,1.);
#491=VECTOR('',#5079,1.);
#492=VECTOR('',#5170,1.);
#493=VECTOR('',#5173,1.);
#494=VECTOR('',#5174,1.);
#495=VECTOR('',#5175,1.);
#496=VECTOR('',#5176,1.);
#497=VECTOR('',#5177,1.);
#498=VECTOR('',#5178,1.);
#499=VECTOR('',#5179,1.);
#500=VECTOR('',#5180,1.);
#501=VECTOR('',#5181,1.);
#502=VECTOR('',#5182,1.);
#503=VECTOR('',#5183,1.);
#504=VECTOR('',#5184,1.);
#505=VECTOR('',#5187,1.);
#506=VECTOR('',#5188,1.);
#507=VECTOR('',#5189,1.);
#508=VECTOR('',#5190,1.);
#509=VECTOR('',#5191,1.);
#510=VECTOR('',#5194,1.);
#511=VECTOR('',#5197,1.);
#512=VECTOR('',#5200,1.);
#513=VECTOR('',#5203,1.);
#514=VECTOR('',#5206,1.);
#515=VECTOR('',#5209,1.);
#516=VECTOR('',#5211,1.);
#517=VECTOR('',#5213,1.);
#518=VECTOR('',#5214,1.);
#519=VECTOR('',#5215,1.);
#520=VECTOR('',#5216,1.);
#521=VECTOR('',#5218,1.);
#522=VECTOR('',#5219,1.);
#523=VECTOR('',#5221,1.);
#524=VECTOR('',#5222,1.);
#525=VECTOR('',#5223,1.);
#526=VECTOR('',#5224,1.);
#527=VECTOR('',#5225,1.);
#528=VECTOR('',#5227,1.);
#529=VECTOR('',#5228,1.);
#530=VECTOR('',#5229,1.);
#531=VECTOR('',#5230,1.);
#532=VECTOR('',#5231,1.);
#533=VECTOR('',#5232,1.);
#534=VECTOR('',#5233,1.);
#535=VECTOR('',#5234,1.);
#536=VECTOR('',#5235,1.);
#537=VECTOR('',#5236,1.);
#538=VECTOR('',#5237,1.);
#539=VECTOR('',#5238,1.);
#540=VECTOR('',#5239,1.);
#541=VECTOR('',#5240,1.);
#542=VECTOR('',#5242,1.);
#543=VECTOR('',#5243,1.);
#544=VECTOR('',#5244,1.);
#545=VECTOR('',#5245,1.);
#546=VECTOR('',#5247,1.);
#547=VECTOR('',#5248,1.);
#548=VECTOR('',#5249,1.);
#549=VECTOR('',#5250,1.);
#550=VECTOR('',#5251,1.);
#551=VECTOR('',#5252,1.);
#552=VECTOR('',#5253,1.);
#553=VECTOR('',#5254,1.);
#554=VECTOR('',#5256,1.);
#555=VECTOR('',#5257,1.);
#556=VECTOR('',#5258,1.);
#557=VECTOR('',#5259,1.);
#558=VECTOR('',#5260,1.);
#559=VECTOR('',#5262,1.);
#560=VECTOR('',#5263,1.);
#561=VECTOR('',#5264,1.);
#562=VECTOR('',#5265,1.);
#563=VECTOR('',#5266,1.);
#564=VECTOR('',#5267,1.);
#565=VECTOR('',#5269,1.);
#566=VECTOR('',#5270,1.);
#567=VECTOR('',#5271,1.);
#568=VECTOR('',#5272,1.);
#569=VECTOR('',#5273,1.);
#570=VECTOR('',#5274,1.);
#571=VECTOR('',#5275,1.);
#572=VECTOR('',#5277,1.);
#573=VECTOR('',#5278,1.);
#574=VECTOR('',#5279,1.);
#575=VECTOR('',#5280,1.);
#576=VECTOR('',#5281,1.);
#577=VECTOR('',#5282,1.);
#578=VECTOR('',#5284,1.);
#579=VECTOR('',#5285,1.);
#580=VECTOR('',#5286,1.);
#581=VECTOR('',#5287,1.);
#582=VECTOR('',#5288,1.);
#583=VECTOR('',#5289,1.);
#584=VECTOR('',#5291,1.);
#585=VECTOR('',#5292,1.);
#586=VECTOR('',#5293,1.);
#587=VECTOR('',#5294,1.);
#588=VECTOR('',#5295,1.);
#589=VECTOR('',#5296,1.);
#590=VECTOR('',#5297,1.);
#591=VECTOR('',#5298,1.);
#592=VECTOR('',#5299,1.);
#593=VECTOR('',#5300,1.);
#594=VECTOR('',#5301,1.);
#595=VECTOR('',#5302,1.);
#596=VECTOR('',#5303,1.);
#597=VECTOR('',#5304,1.);
#598=VECTOR('',#5305,1.);
#599=VECTOR('',#5306,1.);
#600=VECTOR('',#5307,1.);
#601=VECTOR('',#5308,1.);
#602=VECTOR('',#5309,1.);
#603=VECTOR('',#5310,1.);
#604=VECTOR('',#5311,1.);
#605=VECTOR('',#5312,1.);
#606=VECTOR('',#5313,1.);
#607=VECTOR('',#5314,1.);
#608=VECTOR('',#5315,1.);
#609=VECTOR('',#5316,1.);
#610=VECTOR('',#5319,1.);
#611=VECTOR('',#5320,1.);
#612=VECTOR('',#5321,1.);
#613=VECTOR('',#5322,1.);
#614=VECTOR('',#5323,1.);
#615=VECTOR('',#5324,1.);
#616=VECTOR('',#5325,1.);
#617=VECTOR('',#5326,1.);
#618=VECTOR('',#5327,1.);
#619=VECTOR('',#5328,1.);
#620=VECTOR('',#5329,1.);
#621=VECTOR('',#5330,1.);
#622=VECTOR('',#5331,1.);
#623=VECTOR('',#5332,1.);
#624=VECTOR('',#5333,1.);
#625=VECTOR('',#5334,1.);
#626=VECTOR('',#5336,1.);
#627=VECTOR('',#5337,1.);
#628=VECTOR('',#5338,1.);
#629=VECTOR('',#5339,1.);
#630=VECTOR('',#5340,1.);
#631=VECTOR('',#5342,1.);
#632=VECTOR('',#5343,1.);
#633=VECTOR('',#5344,1.);
#634=VECTOR('',#5345,1.);
#635=VECTOR('',#5346,1.);
#636=VECTOR('',#5348,1.);
#637=VECTOR('',#5349,1.);
#638=VECTOR('',#5350,1.);
#639=VECTOR('',#5351,1.);
#640=VECTOR('',#5352,1.);
#641=VECTOR('',#5354,1.);
#642=VECTOR('',#5355,1.);
#643=VECTOR('',#5356,1.);
#644=VECTOR('',#5357,1.);
#645=VECTOR('',#5358,1.);
#646=VECTOR('',#5359,1.);
#647=VECTOR('',#5361,1.);
#648=VECTOR('',#5362,1.);
#649=VECTOR('',#5364,1.);
#650=VECTOR('',#5365,1.);
#651=VECTOR('',#5366,1.);
#652=VECTOR('',#5367,1.);
#653=VECTOR('',#5368,1.);
#654=VECTOR('',#5370,1.);
#655=VECTOR('',#5661,1.);
#656=VECTOR('',#5662,1.);
#657=VECTOR('',#5663,1.);
#658=VECTOR('',#5664,1.);
#659=VECTOR('',#5754,1.);
#660=VECTOR('',#5755,1.);
#661=VECTOR('',#5757,1.);
#662=VECTOR('',#5759,1.);
#663=LINE('',#5765,#486);
#664=LINE('',#5769,#487);
#665=LINE('',#5871,#488);
#666=LINE('',#5874,#489);
#667=LINE('',#5876,#490);
#668=LINE('',#5878,#491);
#669=LINE('',#5970,#492);
#670=LINE('',#5974,#493);
#671=LINE('',#5992,#494);
#672=LINE('',#5994,#495);
#673=LINE('',#6012,#496);
#674=LINE('',#6026,#497);
#675=LINE('',#6044,#498);
#676=LINE('',#6102,#499);
#677=LINE('',#6120,#500);
#678=LINE('',#6197,#501);
#679=LINE('',#6247,#502);
#680=LINE('',#6281,#503);
#681=LINE('',#6311,#504);
#682=LINE('',#6315,#505);
#683=LINE('',#6365,#506);
#684=LINE('',#6383,#507);
#685=LINE('',#6405,#508);
#686=LINE('',#6423,#509);
#687=LINE('',#6445,#510);
#688=LINE('',#6449,#511);
#689=LINE('',#6451,#512);
#690=LINE('',#6455,#513);
#691=LINE('',#6857,#514);
#692=LINE('',#6861,#515);
#693=LINE('',#7167,#516);
#694=LINE('',#7169,#517);
#695=LINE('',#7171,#518);
#696=LINE('',#7182,#519);
#697=LINE('',#7193,#520);
#698=LINE('',#7195,#521);
#699=LINE('',#7197,#522);
#700=LINE('',#7199,#523);
#701=LINE('',#7201,#524);
#702=LINE('',#7212,#525);
#703=LINE('',#7219,#526);
#704=LINE('',#7234,#527);
#705=LINE('',#7245,#528);
#706=LINE('',#7247,#529);
#707=LINE('',#7258,#530);
#708=LINE('',#7269,#531);
#709=LINE('',#7280,#532);
#710=LINE('',#7291,#533);
#711=LINE('',#7302,#534);
#712=LINE('',#7313,#535);
#713=LINE('',#7324,#536);
#714=LINE('',#7335,#537);
#715=LINE('',#7346,#538);
#716=LINE('',#7357,#539);
#717=LINE('',#7368,#540);
#718=LINE('',#7379,#541);
#719=LINE('',#7381,#542);
#720=LINE('',#7392,#543);
#721=LINE('',#7403,#544);
#722=LINE('',#7414,#545);
#723=LINE('',#7425,#546);
#724=LINE('',#7427,#547);
#725=LINE('',#7438,#548);
#726=LINE('',#7449,#549);
#727=LINE('',#7460,#550);
#728=LINE('',#7471,#551);
#729=LINE('',#7482,#552);
#730=LINE('',#7493,#553);
#731=LINE('',#7510,#554);
#732=LINE('',#7525,#555);
#733=LINE('',#7536,#556);
#734=LINE('',#7547,#557);
#735=LINE('',#7558,#558);
#736=LINE('',#7560,#559);
#737=LINE('',#7562,#560);
#738=LINE('',#7573,#561);
#739=LINE('',#7584,#562);
#740=LINE('',#7595,#563);
#741=LINE('',#7606,#564);
#742=LINE('',#7608,#565);
#743=LINE('',#7610,#566);
#744=LINE('',#7621,#567);
#745=LINE('',#7632,#568);
#746=LINE('',#7643,#569);
#747=LINE('',#7654,#570);
#748=LINE('',#7665,#571);
#749=LINE('',#7667,#572);
#750=LINE('',#7669,#573);
#751=LINE('',#7680,#574);
#752=LINE('',#7691,#575);
#753=LINE('',#7702,#576);
#754=LINE('',#7713,#577);
#755=LINE('',#7715,#578);
#756=LINE('',#7717,#579);
#757=LINE('',#7728,#580);
#758=LINE('',#7739,#581);
#759=LINE('',#7750,#582);
#760=LINE('',#7761,#583);
#761=LINE('',#7783,#584);
#762=LINE('',#7784,#585);
#763=LINE('',#7795,#586);
#764=LINE('',#7806,#587);
#765=LINE('',#7817,#588);
#766=LINE('',#7828,#589);
#767=LINE('',#7839,#590);
#768=LINE('',#7850,#591);
#769=LINE('',#7861,#592);
#770=LINE('',#7872,#593);
#771=LINE('',#7883,#594);
#772=LINE('',#7894,#595);
#773=LINE('',#7905,#596);
#774=LINE('',#7916,#597);
#775=LINE('',#7927,#598);
#776=LINE('',#7938,#599);
#777=LINE('',#7959,#600);
#778=LINE('',#7965,#601);
#779=LINE('',#7980,#602);
#780=LINE('',#7995,#603);
#781=LINE('',#8010,#604);
#782=LINE('',#8025,#605);
#783=LINE('',#8040,#606);
#784=LINE('',#8055,#607);
#785=LINE('',#8070,#608);
#786=LINE('',#8085,#609);
#787=LINE('',#8100,#610);
#788=LINE('',#8103,#611);
#789=LINE('',#8104,#612);
#790=LINE('',#8115,#613);
#791=LINE('',#8126,#614);
#792=LINE('',#8137,#615);
#793=LINE('',#8148,#616);
#794=LINE('',#8159,#617);
#795=LINE('',#8170,#618);
#796=LINE('',#8181,#619);
#797=LINE('',#8192,#620);
#798=LINE('',#8203,#621);
#799=LINE('',#8214,#622);
#800=LINE('',#8230,#623);
#801=LINE('',#8245,#624);
#802=LINE('',#8256,#625);
#803=LINE('',#8258,#626);
#804=LINE('',#8260,#627);
#805=LINE('',#8271,#628);
#806=LINE('',#8282,#629);
#807=LINE('',#8293,#630);
#808=LINE('',#8315,#631);
#809=LINE('',#8316,#632);
#810=LINE('',#8327,#633);
#811=LINE('',#8338,#634);
#812=LINE('',#8349,#635);
#813=LINE('',#8351,#636);
#814=LINE('',#8353,#637);
#815=LINE('',#8364,#638);
#816=LINE('',#8375,#639);
#817=LINE('',#8386,#640);
#818=LINE('',#8388,#641);
#819=LINE('',#8390,#642);
#820=LINE('',#8401,#643);
#821=LINE('',#8412,#644);
#822=LINE('',#8423,#645);
#823=LINE('',#8434,#646);
#824=LINE('',#8436,#647);
#825=LINE('',#8438,#648);
#826=LINE('',#8440,#649);
#827=LINE('',#8442,#650);
#828=LINE('',#8453,#651);
#829=LINE('',#8464,#652);
#830=LINE('',#8475,#653);
#831=LINE('',#8486,#654);
#832=LINE('',#8727,#655);
#833=LINE('',#8730,#656);
#834=LINE('',#8732,#657);
#835=LINE('',#8734,#658);
#836=LINE('',#8780,#659);
#837=LINE('',#8781,#660);
#838=LINE('',#8783,#661);
#839=LINE('',#8785,#662);
#840=VERTEX_POINT('',#5763);
#841=VERTEX_POINT('',#5764);
#842=VERTEX_POINT('',#5766);
#843=VERTEX_POINT('',#5768);
#844=VERTEX_POINT('',#5772);
#845=VERTEX_POINT('',#5774);
#846=VERTEX_POINT('',#5776);
#847=VERTEX_POINT('',#5778);
#848=VERTEX_POINT('',#5780);
#849=VERTEX_POINT('',#5782);
#850=VERTEX_POINT('',#5784);
#851=VERTEX_POINT('',#5786);
#852=VERTEX_POINT('',#5788);
#853=VERTEX_POINT('',#5790);
#854=VERTEX_POINT('',#5792);
#855=VERTEX_POINT('',#5794);
#856=VERTEX_POINT('',#5796);
#857=VERTEX_POINT('',#5798);
#858=VERTEX_POINT('',#5800);
#859=VERTEX_POINT('',#5802);
#860=VERTEX_POINT('',#5804);
#861=VERTEX_POINT('',#5806);
#862=VERTEX_POINT('',#5808);
#863=VERTEX_POINT('',#5810);
#864=VERTEX_POINT('',#5812);
#865=VERTEX_POINT('',#5814);
#866=VERTEX_POINT('',#5816);
#867=VERTEX_POINT('',#5818);
#868=VERTEX_POINT('',#5820);
#869=VERTEX_POINT('',#5822);
#870=VERTEX_POINT('',#5824);
#871=VERTEX_POINT('',#5826);
#872=VERTEX_POINT('',#5828);
#873=VERTEX_POINT('',#5830);
#874=VERTEX_POINT('',#5832);
#875=VERTEX_POINT('',#5834);
#876=VERTEX_POINT('',#5836);
#877=VERTEX_POINT('',#5838);
#878=VERTEX_POINT('',#5840);
#879=VERTEX_POINT('',#5842);
#880=VERTEX_POINT('',#5844);
#881=VERTEX_POINT('',#5846);
#882=VERTEX_POINT('',#5848);
#883=VERTEX_POINT('',#5850);
#884=VERTEX_POINT('',#5852);
#885=VERTEX_POINT('',#5854);
#886=VERTEX_POINT('',#5856);
#887=VERTEX_POINT('',#5858);
#888=VERTEX_POINT('',#5860);
#889=VERTEX_POINT('',#5862);
#890=VERTEX_POINT('',#5864);
#891=VERTEX_POINT('',#5866);
#892=VERTEX_POINT('',#5868);
#893=VERTEX_POINT('',#5870);
#894=VERTEX_POINT('',#5872);
#895=VERTEX_POINT('',#5873);
#896=VERTEX_POINT('',#5875);
#897=VERTEX_POINT('',#5877);
#898=VERTEX_POINT('',#5880);
#899=VERTEX_POINT('',#5882);
#900=VERTEX_POINT('',#5884);
#901=VERTEX_POINT('',#5886);
#902=VERTEX_POINT('',#5888);
#903=VERTEX_POINT('',#5890);
#904=VERTEX_POINT('',#5892);
#905=VERTEX_POINT('',#5894);
#906=VERTEX_POINT('',#5896);
#907=VERTEX_POINT('',#5898);
#908=VERTEX_POINT('',#5900);
#909=VERTEX_POINT('',#5902);
#910=VERTEX_POINT('',#5904);
#911=VERTEX_POINT('',#5906);
#912=VERTEX_POINT('',#5908);
#913=VERTEX_POINT('',#5910);
#914=VERTEX_POINT('',#5912);
#915=VERTEX_POINT('',#5914);
#916=VERTEX_POINT('',#5916);
#917=VERTEX_POINT('',#5918);
#918=VERTEX_POINT('',#5920);
#919=VERTEX_POINT('',#5922);
#920=VERTEX_POINT('',#5924);
#921=VERTEX_POINT('',#5926);
#922=VERTEX_POINT('',#5928);
#923=VERTEX_POINT('',#5930);
#924=VERTEX_POINT('',#5932);
#925=VERTEX_POINT('',#5934);
#926=VERTEX_POINT('',#5936);
#927=VERTEX_POINT('',#5938);
#928=VERTEX_POINT('',#5940);
#929=VERTEX_POINT('',#5942);
#930=VERTEX_POINT('',#5944);
#931=VERTEX_POINT('',#5946);
#932=VERTEX_POINT('',#5948);
#933=VERTEX_POINT('',#5950);
#934=VERTEX_POINT('',#5952);
#935=VERTEX_POINT('',#5954);
#936=VERTEX_POINT('',#5956);
#937=VERTEX_POINT('',#5958);
#938=VERTEX_POINT('',#5960);
#939=VERTEX_POINT('',#5962);
#940=VERTEX_POINT('',#5964);
#941=VERTEX_POINT('',#5966);
#942=VERTEX_POINT('',#5968);
#943=VERTEX_POINT('',#5969);
#944=VERTEX_POINT('',#5971);
#945=VERTEX_POINT('',#5973);
#946=VERTEX_POINT('',#5975);
#947=VERTEX_POINT('',#5979);
#948=VERTEX_POINT('',#5983);
#949=VERTEX_POINT('',#5987);
#950=VERTEX_POINT('',#5991);
#951=VERTEX_POINT('',#5993);
#952=VERTEX_POINT('',#5995);
#953=VERTEX_POINT('',#5999);
#954=VERTEX_POINT('',#6003);
#955=VERTEX_POINT('',#6007);
#956=VERTEX_POINT('',#6011);
#957=VERTEX_POINT('',#6013);
#958=VERTEX_POINT('',#6017);
#959=VERTEX_POINT('',#6021);
#960=VERTEX_POINT('',#6025);
#961=VERTEX_POINT('',#6027);
#962=VERTEX_POINT('',#6031);
#963=VERTEX_POINT('',#6035);
#964=VERTEX_POINT('',#6039);
#965=VERTEX_POINT('',#6043);
#966=VERTEX_POINT('',#6052);
#967=VERTEX_POINT('',#6053);
#968=VERTEX_POINT('',#6057);
#969=VERTEX_POINT('',#6061);
#970=VERTEX_POINT('',#6065);
#971=VERTEX_POINT('',#6069);
#972=VERTEX_POINT('',#6073);
#973=VERTEX_POINT('',#6077);
#974=VERTEX_POINT('',#6081);
#975=VERTEX_POINT('',#6085);
#976=VERTEX_POINT('',#6089);
#977=VERTEX_POINT('',#6093);
#978=VERTEX_POINT('',#6097);
#979=VERTEX_POINT('',#6101);
#980=VERTEX_POINT('',#6103);
#981=VERTEX_POINT('',#6107);
#982=VERTEX_POINT('',#6111);
#983=VERTEX_POINT('',#6115);
#984=VERTEX_POINT('',#6119);
#985=VERTEX_POINT('',#6121);
#986=VERTEX_POINT('',#6125);
#987=VERTEX_POINT('',#6129);
#988=VERTEX_POINT('',#6136);
#989=VERTEX_POINT('',#6137);
#990=VERTEX_POINT('',#6141);
#991=VERTEX_POINT('',#6145);
#992=VERTEX_POINT('',#6149);
#993=VERTEX_POINT('',#6153);
#994=VERTEX_POINT('',#6157);
#995=VERTEX_POINT('',#6161);
#996=VERTEX_POINT('',#6165);
#997=VERTEX_POINT('',#6169);
#998=VERTEX_POINT('',#6173);
#999=VERTEX_POINT('',#6177);
#1000=VERTEX_POINT('',#6181);
#1001=VERTEX_POINT('',#6185);
#1002=VERTEX_POINT('',#6189);
#1003=VERTEX_POINT('',#6193);
#1004=VERTEX_POINT('',#6198);
#1005=VERTEX_POINT('',#6202);
#1006=VERTEX_POINT('',#6206);
#1007=VERTEX_POINT('',#6210);
#1008=VERTEX_POINT('',#6214);
#1009=VERTEX_POINT('',#6218);
#1010=VERTEX_POINT('',#6222);
#1011=VERTEX_POINT('',#6226);
#1012=VERTEX_POINT('',#6230);
#1013=VERTEX_POINT('',#6234);
#1014=VERTEX_POINT('',#6238);
#1015=VERTEX_POINT('',#6242);
#1016=VERTEX_POINT('',#6246);
#1017=VERTEX_POINT('',#6248);
#1018=VERTEX_POINT('',#6256);
#1019=VERTEX_POINT('',#6260);
#1020=VERTEX_POINT('',#6264);
#1021=VERTEX_POINT('',#6268);
#1022=VERTEX_POINT('',#6272);
#1023=VERTEX_POINT('',#6280);
#1024=VERTEX_POINT('',#6282);
#1025=VERTEX_POINT('',#6286);
#1026=VERTEX_POINT('',#6290);
#1027=VERTEX_POINT('',#6294);
#1028=VERTEX_POINT('',#6298);
#1029=VERTEX_POINT('',#6302);
#1030=VERTEX_POINT('',#6306);
#1031=VERTEX_POINT('',#6310);
#1032=VERTEX_POINT('',#6312);
#1033=VERTEX_POINT('',#6314);
#1034=VERTEX_POINT('',#6316);
#1035=VERTEX_POINT('',#6320);
#1036=VERTEX_POINT('',#6324);
#1037=VERTEX_POINT('',#6328);
#1038=VERTEX_POINT('',#6339);
#1039=VERTEX_POINT('',#6340);
#1040=VERTEX_POINT('',#6344);
#1041=VERTEX_POINT('',#6348);
#1042=VERTEX_POINT('',#6352);
#1043=VERTEX_POINT('',#6356);
#1044=VERTEX_POINT('',#6360);
#1045=VERTEX_POINT('',#6364);
#1046=VERTEX_POINT('',#6366);
#1047=VERTEX_POINT('',#6370);
#1048=VERTEX_POINT('',#6374);
#1049=VERTEX_POINT('',#6378);
#1050=VERTEX_POINT('',#6382);
#1051=VERTEX_POINT('',#6384);
#1052=VERTEX_POINT('',#6388);
#1053=VERTEX_POINT('',#6392);
#1054=VERTEX_POINT('',#6396);
#1055=VERTEX_POINT('',#6400);
#1056=VERTEX_POINT('',#6404);
#1057=VERTEX_POINT('',#6406);
#1058=VERTEX_POINT('',#6410);
#1059=VERTEX_POINT('',#6414);
#1060=VERTEX_POINT('',#6418);
#1061=VERTEX_POINT('',#6422);
#1062=VERTEX_POINT('',#6424);
#1063=VERTEX_POINT('',#6428);
#1064=VERTEX_POINT('',#6432);
#1065=VERTEX_POINT('',#6436);
#1066=VERTEX_POINT('',#6440);
#1067=VERTEX_POINT('',#6446);
#1068=VERTEX_POINT('',#6448);
#1069=VERTEX_POINT('',#6452);
#1070=VERTEX_POINT('',#6454);
#1071=VERTEX_POINT('',#6678);
#1072=VERTEX_POINT('',#6685);
#1073=VERTEX_POINT('',#6818);
#1074=VERTEX_POINT('',#6819);
#1075=VERTEX_POINT('',#6858);
#1076=VERTEX_POINT('',#6860);
#1077=VERTEX_POINT('',#6976);
#1078=VERTEX_POINT('',#6977);
#1079=VERTEX_POINT('',#7128);
#1080=VERTEX_POINT('',#7129);
#1081=VERTEX_POINT('',#7170);
#1082=VERTEX_POINT('',#7181);
#1083=VERTEX_POINT('',#7192);
#1084=VERTEX_POINT('',#7196);
#1085=VERTEX_POINT('',#7200);
#1086=VERTEX_POINT('',#7211);
#1087=VERTEX_POINT('',#7220);
#1088=VERTEX_POINT('',#7233);
#1089=VERTEX_POINT('',#7246);
#1090=VERTEX_POINT('',#7257);
#1091=VERTEX_POINT('',#7268);
#1092=VERTEX_POINT('',#7279);
#1093=VERTEX_POINT('',#7290);
#1094=VERTEX_POINT('',#7301);
#1095=VERTEX_POINT('',#7312);
#1096=VERTEX_POINT('',#7323);
#1097=VERTEX_POINT('',#7334);
#1098=VERTEX_POINT('',#7345);
#1099=VERTEX_POINT('',#7356);
#1100=VERTEX_POINT('',#7367);
#1101=VERTEX_POINT('',#7378);
#1102=VERTEX_POINT('',#7391);
#1103=VERTEX_POINT('',#7402);
#1104=VERTEX_POINT('',#7413);
#1105=VERTEX_POINT('',#7426);
#1106=VERTEX_POINT('',#7437);
#1107=VERTEX_POINT('',#7448);
#1108=VERTEX_POINT('',#7459);
#1109=VERTEX_POINT('',#7470);
#1110=VERTEX_POINT('',#7481);
#1111=VERTEX_POINT('',#7492);
#1112=VERTEX_POINT('',#7511);
#1113=VERTEX_POINT('',#7524);
#1114=VERTEX_POINT('',#7535);
#1115=VERTEX_POINT('',#7546);
#1116=VERTEX_POINT('',#7557);
#1117=VERTEX_POINT('',#7561);
#1118=VERTEX_POINT('',#7572);
#1119=VERTEX_POINT('',#7583);
#1120=VERTEX_POINT('',#7594);
#1121=VERTEX_POINT('',#7605);
#1122=VERTEX_POINT('',#7609);
#1123=VERTEX_POINT('',#7620);
#1124=VERTEX_POINT('',#7631);
#1125=VERTEX_POINT('',#7642);
#1126=VERTEX_POINT('',#7653);
#1127=VERTEX_POINT('',#7664);
#1128=VERTEX_POINT('',#7668);
#1129=VERTEX_POINT('',#7679);
#1130=VERTEX_POINT('',#7690);
#1131=VERTEX_POINT('',#7701);
#1132=VERTEX_POINT('',#7712);
#1133=VERTEX_POINT('',#7716);
#1134=VERTEX_POINT('',#7727);
#1135=VERTEX_POINT('',#7738);
#1136=VERTEX_POINT('',#7749);
#1137=VERTEX_POINT('',#7760);
#1138=VERTEX_POINT('',#7781);
#1139=VERTEX_POINT('',#7782);
#1140=VERTEX_POINT('',#7794);
#1141=VERTEX_POINT('',#7805);
#1142=VERTEX_POINT('',#7816);
#1143=VERTEX_POINT('',#7827);
#1144=VERTEX_POINT('',#7838);
#1145=VERTEX_POINT('',#7849);
#1146=VERTEX_POINT('',#7860);
#1147=VERTEX_POINT('',#7871);
#1148=VERTEX_POINT('',#7882);
#1149=VERTEX_POINT('',#7893);
#1150=VERTEX_POINT('',#7904);
#1151=VERTEX_POINT('',#7915);
#1152=VERTEX_POINT('',#7926);
#1153=VERTEX_POINT('',#7937);
#1154=VERTEX_POINT('',#7957);
#1155=VERTEX_POINT('',#7958);
#1156=VERTEX_POINT('',#7960);
#1157=VERTEX_POINT('',#7964);
#1158=VERTEX_POINT('',#7975);
#1159=VERTEX_POINT('',#7979);
#1160=VERTEX_POINT('',#7990);
#1161=VERTEX_POINT('',#7994);
#1162=VERTEX_POINT('',#8005);
#1163=VERTEX_POINT('',#8009);
#1164=VERTEX_POINT('',#8020);
#1165=VERTEX_POINT('',#8024);
#1166=VERTEX_POINT('',#8035);
#1167=VERTEX_POINT('',#8039);
#1168=VERTEX_POINT('',#8050);
#1169=VERTEX_POINT('',#8054);
#1170=VERTEX_POINT('',#8065);
#1171=VERTEX_POINT('',#8069);
#1172=VERTEX_POINT('',#8080);
#1173=VERTEX_POINT('',#8084);
#1174=VERTEX_POINT('',#8101);
#1175=VERTEX_POINT('',#8102);
#1176=VERTEX_POINT('',#8114);
#1177=VERTEX_POINT('',#8125);
#1178=VERTEX_POINT('',#8136);
#1179=VERTEX_POINT('',#8147);
#1180=VERTEX_POINT('',#8158);
#1181=VERTEX_POINT('',#8169);
#1182=VERTEX_POINT('',#8180);
#1183=VERTEX_POINT('',#8191);
#1184=VERTEX_POINT('',#8202);
#1185=VERTEX_POINT('',#8213);
#1186=VERTEX_POINT('',#8231);
#1187=VERTEX_POINT('',#8244);
#1188=VERTEX_POINT('',#8255);
#1189=VERTEX_POINT('',#8259);
#1190=VERTEX_POINT('',#8270);
#1191=VERTEX_POINT('',#8281);
#1192=VERTEX_POINT('',#8292);
#1193=VERTEX_POINT('',#8313);
#1194=VERTEX_POINT('',#8314);
#1195=VERTEX_POINT('',#8326);
#1196=VERTEX_POINT('',#8337);
#1197=VERTEX_POINT('',#8348);
#1198=VERTEX_POINT('',#8352);
#1199=VERTEX_POINT('',#8363);
#1200=VERTEX_POINT('',#8374);
#1201=VERTEX_POINT('',#8385);
#1202=VERTEX_POINT('',#8389);
#1203=VERTEX_POINT('',#8400);
#1204=VERTEX_POINT('',#8411);
#1205=VERTEX_POINT('',#8422);
#1206=VERTEX_POINT('',#8433);
#1207=VERTEX_POINT('',#8437);
#1208=VERTEX_POINT('',#8441);
#1209=VERTEX_POINT('',#8452);
#1210=VERTEX_POINT('',#8463);
#1211=VERTEX_POINT('',#8474);
#1212=VERTEX_POINT('',#8490);
#1213=VERTEX_POINT('',#8493);
#1214=VERTEX_POINT('',#8496);
#1215=VERTEX_POINT('',#8499);
#1216=VERTEX_POINT('',#8502);
#1217=VERTEX_POINT('',#8505);
#1218=VERTEX_POINT('',#8508);
#1219=VERTEX_POINT('',#8511);
#1220=VERTEX_POINT('',#8514);
#1221=VERTEX_POINT('',#8517);
#1222=VERTEX_POINT('',#8520);
#1223=VERTEX_POINT('',#8523);
#1224=VERTEX_POINT('',#8526);
#1225=VERTEX_POINT('',#8529);
#1226=VERTEX_POINT('',#8532);
#1227=VERTEX_POINT('',#8535);
#1228=VERTEX_POINT('',#8538);
#1229=VERTEX_POINT('',#8541);
#1230=VERTEX_POINT('',#8544);
#1231=VERTEX_POINT('',#8547);
#1232=VERTEX_POINT('',#8550);
#1233=VERTEX_POINT('',#8553);
#1234=VERTEX_POINT('',#8556);
#1235=VERTEX_POINT('',#8559);
#1236=VERTEX_POINT('',#8562);
#1237=VERTEX_POINT('',#8565);
#1238=VERTEX_POINT('',#8568);
#1239=VERTEX_POINT('',#8571);
#1240=VERTEX_POINT('',#8574);
#1241=VERTEX_POINT('',#8577);
#1242=VERTEX_POINT('',#8580);
#1243=VERTEX_POINT('',#8583);
#1244=VERTEX_POINT('',#8586);
#1245=VERTEX_POINT('',#8589);
#1246=VERTEX_POINT('',#8592);
#1247=VERTEX_POINT('',#8595);
#1248=VERTEX_POINT('',#8598);
#1249=VERTEX_POINT('',#8601);
#1250=VERTEX_POINT('',#8604);
#1251=VERTEX_POINT('',#8607);
#1252=VERTEX_POINT('',#8610);
#1253=VERTEX_POINT('',#8613);
#1254=VERTEX_POINT('',#8616);
#1255=VERTEX_POINT('',#8619);
#1256=VERTEX_POINT('',#8622);
#1257=VERTEX_POINT('',#8625);
#1258=VERTEX_POINT('',#8628);
#1259=VERTEX_POINT('',#8631);
#1260=VERTEX_POINT('',#8634);
#1261=VERTEX_POINT('',#8637);
#1262=VERTEX_POINT('',#8640);
#1263=VERTEX_POINT('',#8642);
#1264=VERTEX_POINT('',#8644);
#1265=VERTEX_POINT('',#8646);
#1266=VERTEX_POINT('',#8648);
#1267=VERTEX_POINT('',#8650);
#1268=VERTEX_POINT('',#8652);
#1269=VERTEX_POINT('',#8654);
#1270=VERTEX_POINT('',#8656);
#1271=VERTEX_POINT('',#8658);
#1272=VERTEX_POINT('',#8660);
#1273=VERTEX_POINT('',#8662);
#1274=VERTEX_POINT('',#8664);
#1275=VERTEX_POINT('',#8666);
#1276=VERTEX_POINT('',#8668);
#1277=VERTEX_POINT('',#8670);
#1278=VERTEX_POINT('',#8672);
#1279=VERTEX_POINT('',#8674);
#1280=VERTEX_POINT('',#8676);
#1281=VERTEX_POINT('',#8678);
#1282=VERTEX_POINT('',#8680);
#1283=VERTEX_POINT('',#8682);
#1284=VERTEX_POINT('',#8684);
#1285=VERTEX_POINT('',#8686);
#1286=VERTEX_POINT('',#8688);
#1287=VERTEX_POINT('',#8690);
#1288=VERTEX_POINT('',#8692);
#1289=VERTEX_POINT('',#8694);
#1290=VERTEX_POINT('',#8696);
#1291=VERTEX_POINT('',#8698);
#1292=VERTEX_POINT('',#8700);
#1293=VERTEX_POINT('',#8702);
#1294=VERTEX_POINT('',#8704);
#1295=VERTEX_POINT('',#8706);
#1296=VERTEX_POINT('',#8708);
#1297=VERTEX_POINT('',#8710);
#1298=VERTEX_POINT('',#8712);
#1299=VERTEX_POINT('',#8714);
#1300=VERTEX_POINT('',#8716);
#1301=VERTEX_POINT('',#8718);
#1302=VERTEX_POINT('',#8720);
#1303=VERTEX_POINT('',#8722);
#1304=VERTEX_POINT('',#8724);
#1305=VERTEX_POINT('',#8726);
#1306=VERTEX_POINT('',#8728);
#1307=VERTEX_POINT('',#8729);
#1308=VERTEX_POINT('',#8731);
#1309=VERTEX_POINT('',#8733);
#1310=CIRCLE('',#4645,0.2);
#1311=CIRCLE('',#4646,0.2);
#1312=CIRCLE('',#4648,1.40000000000001);
#1313=CIRCLE('',#4649,1.4);
#1314=CIRCLE('',#4650,1.40000000000001);
#1315=CIRCLE('',#4651,1.4);
#1316=CIRCLE('',#4652,1.40000000000001);
#1317=CIRCLE('',#4653,1.40000000000001);
#1318=CIRCLE('',#4654,1.40000000000001);
#1319=CIRCLE('',#4655,1.40000000000001);
#1320=CIRCLE('',#4656,1.40000000000001);
#1321=CIRCLE('',#4657,1.40000000000001);
#1322=CIRCLE('',#4658,1.4);
#1323=CIRCLE('',#4659,1.4);
#1324=CIRCLE('',#4660,1.40000000000001);
#1325=CIRCLE('',#4661,1.4);
#1326=CIRCLE('',#4662,1.40000000000001);
#1327=CIRCLE('',#4663,1.40000000000001);
#1328=CIRCLE('',#4664,1.40000000000001);
#1329=CIRCLE('',#4665,1.40000000000001);
#1330=CIRCLE('',#4666,1.40000000000001);
#1331=CIRCLE('',#4667,1.4);
#1332=CIRCLE('',#4668,1.4);
#1333=CIRCLE('',#4669,1.40000000000001);
#1334=CIRCLE('',#4670,1.40000000000001);
#1335=CIRCLE('',#4671,1.40000000000001);
#1336=CIRCLE('',#4672,1.4);
#1337=CIRCLE('',#4673,1.40000000000001);
#1338=CIRCLE('',#4674,1.40000000000001);
#1339=CIRCLE('',#4675,1.40000000000001);
#1340=CIRCLE('',#4676,1.40000000000001);
#1341=CIRCLE('',#4677,1.4);
#1342=CIRCLE('',#4678,1.4);
#1343=CIRCLE('',#4679,1.40000000000001);
#1344=CIRCLE('',#4680,1.40000000000001);
#1345=CIRCLE('',#4681,1.40000000000001);
#1346=CIRCLE('',#4682,1.40000000000001);
#1347=CIRCLE('',#4683,1.40000000000001);
#1348=CIRCLE('',#4684,1.4);
#1349=CIRCLE('',#4685,1.4);
#1350=CIRCLE('',#4686,1.4);
#1351=CIRCLE('',#4687,1.40000000000001);
#1352=CIRCLE('',#4688,1.40000000000001);
#1353=CIRCLE('',#4689,1.40000000000001);
#1354=CIRCLE('',#4690,1.40000000000001);
#1355=CIRCLE('',#4691,1.40000000000001);
#1356=CIRCLE('',#4692,1.40000000000001);
#1357=CIRCLE('',#4693,1.4);
#1358=CIRCLE('',#4694,1.4);
#1359=CIRCLE('',#4695,1.4);
#1360=CIRCLE('',#4696,1.4);
#1361=CIRCLE('',#4697,1.40000000000001);
#1362=CIRCLE('',#4698,0.749998499999998);
#1363=CIRCLE('',#4699,0.675);
#1364=CIRCLE('',#4700,0.674999999999999);
#1365=CIRCLE('',#4701,0.674999999999999);
#1366=CIRCLE('',#4702,0.674999999999999);
#1367=CIRCLE('',#4703,0.675000000000001);
#1368=CIRCLE('',#4704,0.675000000000001);
#1369=CIRCLE('',#4705,0.675);
#1370=CIRCLE('',#4706,0.675);
#1371=CIRCLE('',#4707,0.675);
#1372=CIRCLE('',#4708,0.675);
#1373=CIRCLE('',#4709,0.675000000000001);
#1374=CIRCLE('',#4710,0.675);
#1375=CIRCLE('',#4711,0.675);
#1376=CIRCLE('',#4712,0.675);
#1377=CIRCLE('',#4713,0.674999999999999);
#1378=CIRCLE('',#4714,0.675);
#1379=CIRCLE('',#4715,0.674999999999999);
#1380=CIRCLE('',#4716,0.675);
#1381=CIRCLE('',#4717,0.674999999999999);
#1382=CIRCLE('',#4718,0.675000000000001);
#1383=CIRCLE('',#4719,0.675000000000001);
#1384=CIRCLE('',#4720,0.675000000000001);
#1385=CIRCLE('',#4721,0.674999999999999);
#1386=CIRCLE('',#4722,0.674999999999999);
#1387=CIRCLE('',#4723,0.675);
#1388=CIRCLE('',#4724,0.674999999999999);
#1389=CIRCLE('',#4725,0.675);
#1390=CIRCLE('',#4726,0.675);
#1391=CIRCLE('',#4727,0.675);
#1392=CIRCLE('',#4728,0.675);
#1393=CIRCLE('',#4729,0.675);
#1394=CIRCLE('',#4730,0.675);
#1395=CIRCLE('',#4731,0.675000000000001);
#1396=CIRCLE('',#4732,0.675);
#1397=CIRCLE('',#4733,0.675);
#1398=CIRCLE('',#4734,0.675);
#1399=CIRCLE('',#4735,0.675);
#1400=CIRCLE('',#4736,0.674999999999999);
#1401=CIRCLE('',#4737,0.675000000000001);
#1402=CIRCLE('',#4738,0.674999999999999);
#1403=CIRCLE('',#4739,0.675000000000001);
#1404=CIRCLE('',#4740,0.675);
#1405=CIRCLE('',#4741,0.749998499999998);
#1406=CIRCLE('',#4742,0.2);
#1407=CIRCLE('',#4743,0.2);
#1408=CIRCLE('',#4744,0.2);
#1409=CIRCLE('',#4746,0.2);
#1410=CIRCLE('',#4748,0.2);
#1411=CIRCLE('',#4750,0.2);
#1412=CIRCLE('',#4775,1.40000000000001);
#1413=CIRCLE('',#4777,1.4);
#1414=CIRCLE('',#4779,1.40000000000001);
#1415=CIRCLE('',#4781,1.4);
#1416=CIRCLE('',#4783,1.40000000000001);
#1417=CIRCLE('',#4785,1.40000000000001);
#1418=CIRCLE('',#4787,1.40000000000001);
#1419=CIRCLE('',#4789,1.40000000000001);
#1420=CIRCLE('',#4791,1.40000000000001);
#1421=CIRCLE('',#4793,1.40000000000001);
#1422=CIRCLE('',#4795,1.4);
#1423=CIRCLE('',#4797,1.4);
#1424=CIRCLE('',#4799,1.40000000000001);
#1425=CIRCLE('',#4801,1.4);
#1426=CIRCLE('',#4803,1.40000000000001);
#1427=CIRCLE('',#4805,1.40000000000001);
#1428=CIRCLE('',#4807,1.40000000000001);
#1429=CIRCLE('',#4809,1.40000000000001);
#1430=CIRCLE('',#4811,1.40000000000001);
#1431=CIRCLE('',#4813,1.4);
#1432=CIRCLE('',#4815,1.4);
#1433=CIRCLE('',#4817,1.40000000000001);
#1434=CIRCLE('',#4819,1.40000000000001);
#1435=CIRCLE('',#4821,1.40000000000001);
#1436=CIRCLE('',#4823,1.4);
#1437=CIRCLE('',#4825,1.40000000000001);
#1438=CIRCLE('',#4827,1.40000000000001);
#1439=CIRCLE('',#4829,1.40000000000001);
#1440=CIRCLE('',#4831,1.40000000000001);
#1441=CIRCLE('',#4833,1.4);
#1442=CIRCLE('',#4835,1.4);
#1443=CIRCLE('',#4837,1.40000000000001);
#1444=CIRCLE('',#4839,1.40000000000001);
#1445=CIRCLE('',#4841,1.40000000000001);
#1446=CIRCLE('',#4843,1.40000000000001);
#1447=CIRCLE('',#4845,1.40000000000001);
#1448=CIRCLE('',#4847,1.4);
#1449=CIRCLE('',#4849,1.4);
#1450=CIRCLE('',#4851,1.4);
#1451=CIRCLE('',#4853,1.40000000000001);
#1452=CIRCLE('',#4855,1.40000000000001);
#1453=CIRCLE('',#4857,1.40000000000001);
#1454=CIRCLE('',#4859,1.40000000000001);
#1455=CIRCLE('',#4861,1.40000000000001);
#1456=CIRCLE('',#4863,1.40000000000001);
#1457=CIRCLE('',#4865,1.4);
#1458=CIRCLE('',#4867,1.4);
#1459=CIRCLE('',#4869,1.4);
#1460=CIRCLE('',#4871,1.4);
#1461=CIRCLE('',#4873,1.40000000000001);
#1462=CIRCLE('',#4875,0.749998499999998);
#1463=CIRCLE('',#4876,0.675);
#1464=CIRCLE('',#4877,0.675000000000001);
#1465=CIRCLE('',#4878,0.674999999999999);
#1466=CIRCLE('',#4879,0.675000000000001);
#1467=CIRCLE('',#4880,0.674999999999999);
#1468=CIRCLE('',#4881,0.675);
#1469=CIRCLE('',#4882,0.675);
#1470=CIRCLE('',#4883,0.675);
#1471=CIRCLE('',#4884,0.675);
#1472=CIRCLE('',#4885,0.675000000000001);
#1473=CIRCLE('',#4886,0.675);
#1474=CIRCLE('',#4887,0.675);
#1475=CIRCLE('',#4888,0.675);
#1476=CIRCLE('',#4889,0.675);
#1477=CIRCLE('',#4890,0.675);
#1478=CIRCLE('',#4891,0.675);
#1479=CIRCLE('',#4892,0.674999999999999);
#1480=CIRCLE('',#4893,0.675);
#1481=CIRCLE('',#4894,0.674999999999999);
#1482=CIRCLE('',#4895,0.674999999999999);
#1483=CIRCLE('',#4896,0.675000000000001);
#1484=CIRCLE('',#4897,0.675000000000001);
#1485=CIRCLE('',#4898,0.675000000000001);
#1486=CIRCLE('',#4899,0.674999999999999);
#1487=CIRCLE('',#4900,0.675);
#1488=CIRCLE('',#4901,0.674999999999999);
#1489=CIRCLE('',#4902,0.675);
#1490=CIRCLE('',#4903,0.674999999999999);
#1491=CIRCLE('',#4904,0.675);
#1492=CIRCLE('',#4905,0.675);
#1493=CIRCLE('',#4906,0.675);
#1494=CIRCLE('',#4907,0.675000000000001);
#1495=CIRCLE('',#4908,0.675);
#1496=CIRCLE('',#4909,0.675);
#1497=CIRCLE('',#4910,0.675);
#1498=CIRCLE('',#4911,0.675);
#1499=CIRCLE('',#4912,0.675000000000001);
#1500=CIRCLE('',#4913,0.675000000000001);
#1501=CIRCLE('',#4914,0.674999999999999);
#1502=CIRCLE('',#4915,0.674999999999999);
#1503=CIRCLE('',#4916,0.674999999999999);
#1504=CIRCLE('',#4917,0.675);
#1505=CIRCLE('',#4918,0.749998499999998);
#1506=EDGE_CURVE('',#840,#841,#1310,.T.);
#1507=EDGE_CURVE('',#841,#842,#663,.T.);
#1508=EDGE_CURVE('',#842,#843,#1311,.F.);
#1509=EDGE_CURVE('',#843,#840,#664,.T.);
#1510=EDGE_CURVE('',#844,#844,#1312,.T.);
#1511=EDGE_CURVE('',#845,#845,#1313,.T.);
#1512=EDGE_CURVE('',#846,#846,#1314,.T.);
#1513=EDGE_CURVE('',#847,#847,#1315,.T.);
#1514=EDGE_CURVE('',#848,#848,#1316,.T.);
#1515=EDGE_CURVE('',#849,#849,#1317,.T.);
#1516=EDGE_CURVE('',#850,#850,#1318,.T.);
#1517=EDGE_CURVE('',#851,#851,#1319,.T.);
#1518=EDGE_CURVE('',#852,#852,#1320,.T.);
#1519=EDGE_CURVE('',#853,#853,#1321,.T.);
#1520=EDGE_CURVE('',#854,#854,#1322,.T.);
#1521=EDGE_CURVE('',#855,#855,#1323,.T.);
#1522=EDGE_CURVE('',#856,#856,#1324,.T.);
#1523=EDGE_CURVE('',#857,#857,#1325,.T.);
#1524=EDGE_CURVE('',#858,#858,#1326,.T.);
#1525=EDGE_CURVE('',#859,#859,#1327,.T.);
#1526=EDGE_CURVE('',#860,#860,#1328,.T.);
#1527=EDGE_CURVE('',#861,#861,#1329,.T.);
#1528=EDGE_CURVE('',#862,#862,#1330,.T.);
#1529=EDGE_CURVE('',#863,#863,#1331,.T.);
#1530=EDGE_CURVE('',#864,#864,#1332,.T.);
#1531=EDGE_CURVE('',#865,#865,#1333,.T.);
#1532=EDGE_CURVE('',#866,#866,#1334,.T.);
#1533=EDGE_CURVE('',#867,#867,#1335,.T.);
#1534=EDGE_CURVE('',#868,#868,#1336,.T.);
#1535=EDGE_CURVE('',#869,#869,#1337,.T.);
#1536=EDGE_CURVE('',#870,#870,#1338,.T.);
#1537=EDGE_CURVE('',#871,#871,#1339,.T.);
#1538=EDGE_CURVE('',#872,#872,#1340,.T.);
#1539=EDGE_CURVE('',#873,#873,#1341,.T.);
#1540=EDGE_CURVE('',#874,#874,#1342,.T.);
#1541=EDGE_CURVE('',#875,#875,#1343,.T.);
#1542=EDGE_CURVE('',#876,#876,#1344,.T.);
#1543=EDGE_CURVE('',#877,#877,#1345,.T.);
#1544=EDGE_CURVE('',#878,#878,#1346,.T.);
#1545=EDGE_CURVE('',#879,#879,#1347,.T.);
#1546=EDGE_CURVE('',#880,#880,#1348,.T.);
#1547=EDGE_CURVE('',#881,#881,#1349,.T.);
#1548=EDGE_CURVE('',#882,#882,#1350,.T.);
#1549=EDGE_CURVE('',#883,#883,#1351,.T.);
#1550=EDGE_CURVE('',#884,#884,#1352,.T.);
#1551=EDGE_CURVE('',#885,#885,#1353,.T.);
#1552=EDGE_CURVE('',#886,#886,#1354,.T.);
#1553=EDGE_CURVE('',#887,#887,#1355,.T.);
#1554=EDGE_CURVE('',#888,#888,#1356,.T.);
#1555=EDGE_CURVE('',#889,#889,#1357,.T.);
#1556=EDGE_CURVE('',#890,#890,#1358,.T.);
#1557=EDGE_CURVE('',#891,#891,#1359,.T.);
#1558=EDGE_CURVE('',#892,#892,#1360,.T.);
#1559=EDGE_CURVE('',#893,#893,#1361,.T.);
#1560=EDGE_CURVE('',#894,#895,#665,.T.);
#1561=EDGE_CURVE('',#896,#894,#666,.T.);
#1562=EDGE_CURVE('',#897,#896,#667,.T.);
#1563=EDGE_CURVE('',#895,#897,#668,.T.);
#1564=EDGE_CURVE('',#898,#898,#1362,.T.);
#1565=EDGE_CURVE('',#899,#899,#1363,.T.);
#1566=EDGE_CURVE('',#900,#900,#1364,.T.);
#1567=EDGE_CURVE('',#901,#901,#1365,.T.);
#1568=EDGE_CURVE('',#902,#902,#1366,.T.);
#1569=EDGE_CURVE('',#903,#903,#1367,.T.);
#1570=EDGE_CURVE('',#904,#904,#1368,.T.);
#1571=EDGE_CURVE('',#905,#905,#1369,.T.);
#1572=EDGE_CURVE('',#906,#906,#1370,.T.);
#1573=EDGE_CURVE('',#907,#907,#1371,.T.);
#1574=EDGE_CURVE('',#908,#908,#1372,.T.);
#1575=EDGE_CURVE('',#909,#909,#1373,.T.);
#1576=EDGE_CURVE('',#910,#910,#1374,.T.);
#1577=EDGE_CURVE('',#911,#911,#1375,.T.);
#1578=EDGE_CURVE('',#912,#912,#1376,.T.);
#1579=EDGE_CURVE('',#913,#913,#1377,.T.);
#1580=EDGE_CURVE('',#914,#914,#1378,.T.);
#1581=EDGE_CURVE('',#915,#915,#1379,.T.);
#1582=EDGE_CURVE('',#916,#916,#1380,.T.);
#1583=EDGE_CURVE('',#917,#917,#1381,.T.);
#1584=EDGE_CURVE('',#918,#918,#1382,.T.);
#1585=EDGE_CURVE('',#919,#919,#1383,.T.);
#1586=EDGE_CURVE('',#920,#920,#1384,.T.);
#1587=EDGE_CURVE('',#921,#921,#1385,.T.);
#1588=EDGE_CURVE('',#922,#922,#1386,.T.);
#1589=EDGE_CURVE('',#923,#923,#1387,.T.);
#1590=EDGE_CURVE('',#924,#924,#1388,.T.);
#1591=EDGE_CURVE('',#925,#925,#1389,.T.);
#1592=EDGE_CURVE('',#926,#926,#1390,.T.);
#1593=EDGE_CURVE('',#927,#927,#1391,.T.);
#1594=EDGE_CURVE('',#928,#928,#1392,.T.);
#1595=EDGE_CURVE('',#929,#929,#1393,.T.);
#1596=EDGE_CURVE('',#930,#930,#1394,.T.);
#1597=EDGE_CURVE('',#931,#931,#1395,.T.);
#1598=EDGE_CURVE('',#932,#932,#1396,.T.);
#1599=EDGE_CURVE('',#933,#933,#1397,.T.);
#1600=EDGE_CURVE('',#934,#934,#1398,.T.);
#1601=EDGE_CURVE('',#935,#935,#1399,.T.);
#1602=EDGE_CURVE('',#936,#936,#1400,.T.);
#1603=EDGE_CURVE('',#937,#937,#1401,.T.);
#1604=EDGE_CURVE('',#938,#938,#1402,.T.);
#1605=EDGE_CURVE('',#939,#939,#1403,.T.);
#1606=EDGE_CURVE('',#940,#940,#1404,.T.);
#1607=EDGE_CURVE('',#941,#941,#1405,.T.);
#1608=EDGE_CURVE('',#942,#943,#1406,.T.);
#1609=EDGE_CURVE('',#942,#944,#669,.T.);
#1610=EDGE_CURVE('',#945,#944,#1407,.T.);
#1611=EDGE_CURVE('',#945,#946,#670,.T.);
#1612=EDGE_CURVE('',#946,#947,#219,.T.);
#1613=EDGE_CURVE('',#947,#948,#220,.T.);
#1614=EDGE_CURVE('',#948,#949,#221,.T.);
#1615=EDGE_CURVE('',#949,#950,#222,.T.);
#1616=EDGE_CURVE('',#950,#951,#671,.T.);
#1617=EDGE_CURVE('',#951,#952,#672,.T.);
#1618=EDGE_CURVE('',#952,#953,#223,.T.);
#1619=EDGE_CURVE('',#953,#954,#224,.T.);
#1620=EDGE_CURVE('',#954,#955,#225,.T.);
#1621=EDGE_CURVE('',#955,#956,#226,.T.);
#1622=EDGE_CURVE('',#956,#957,#673,.T.);
#1623=EDGE_CURVE('',#957,#958,#227,.T.);
#1624=EDGE_CURVE('',#958,#959,#228,.T.);
#1625=EDGE_CURVE('',#959,#960,#229,.T.);
#1626=EDGE_CURVE('',#960,#961,#674,.T.);
#1627=EDGE_CURVE('',#961,#962,#230,.T.);
#1628=EDGE_CURVE('',#962,#963,#231,.T.);
#1629=EDGE_CURVE('',#963,#964,#232,.T.);
#1630=EDGE_CURVE('',#964,#965,#233,.T.);
#1631=EDGE_CURVE('',#965,#943,#675,.T.);
#1632=EDGE_CURVE('',#966,#967,#234,.F.);
#1633=EDGE_CURVE('',#966,#968,#235,.T.);
#1634=EDGE_CURVE('',#968,#969,#236,.T.);
#1635=EDGE_CURVE('',#969,#970,#237,.T.);
#1636=EDGE_CURVE('',#970,#971,#238,.T.);
#1637=EDGE_CURVE('',#971,#972,#239,.T.);
#1638=EDGE_CURVE('',#972,#973,#240,.T.);
#1639=EDGE_CURVE('',#973,#974,#241,.T.);
#1640=EDGE_CURVE('',#974,#975,#242,.T.);
#1641=EDGE_CURVE('',#975,#976,#243,.T.);
#1642=EDGE_CURVE('',#976,#977,#244,.T.);
#1643=EDGE_CURVE('',#977,#978,#245,.T.);
#1644=EDGE_CURVE('',#978,#979,#246,.T.);
#1645=EDGE_CURVE('',#979,#980,#676,.T.);
#1646=EDGE_CURVE('',#980,#981,#247,.T.);
#1647=EDGE_CURVE('',#981,#982,#248,.T.);
#1648=EDGE_CURVE('',#982,#983,#249,.T.);
#1649=EDGE_CURVE('',#983,#984,#250,.T.);
#1650=EDGE_CURVE('',#984,#985,#677,.T.);
#1651=EDGE_CURVE('',#985,#986,#251,.T.);
#1652=EDGE_CURVE('',#986,#987,#252,.T.);
#1653=EDGE_CURVE('',#987,#967,#253,.T.);
#1654=EDGE_CURVE('',#988,#989,#254,.T.);
#1655=EDGE_CURVE('',#989,#990,#255,.T.);
#1656=EDGE_CURVE('',#990,#991,#256,.T.);
#1657=EDGE_CURVE('',#991,#992,#257,.T.);
#1658=EDGE_CURVE('',#992,#993,#258,.T.);
#1659=EDGE_CURVE('',#993,#994,#259,.T.);
#1660=EDGE_CURVE('',#994,#995,#260,.T.);
#1661=EDGE_CURVE('',#995,#996,#261,.T.);
#1662=EDGE_CURVE('',#996,#997,#262,.T.);
#1663=EDGE_CURVE('',#997,#998,#263,.T.);
#1664=EDGE_CURVE('',#998,#999,#264,.T.);
#1665=EDGE_CURVE('',#999,#1000,#265,.T.);
#1666=EDGE_CURVE('',#1000,#1001,#266,.T.);
#1667=EDGE_CURVE('',#1001,#1002,#267,.T.);
#1668=EDGE_CURVE('',#1002,#1003,#268,.T.);
#1669=EDGE_CURVE('',#1003,#988,#269,.T.);
#1670=EDGE_CURVE('',#840,#1004,#678,.T.);
#1671=EDGE_CURVE('',#1004,#1005,#270,.T.);
#1672=EDGE_CURVE('',#1005,#1006,#271,.T.);
#1673=EDGE_CURVE('',#1006,#1007,#272,.T.);
#1674=EDGE_CURVE('',#1007,#1008,#273,.T.);
#1675=EDGE_CURVE('',#1008,#1009,#274,.T.);
#1676=EDGE_CURVE('',#1009,#1010,#275,.T.);
#1677=EDGE_CURVE('',#1010,#1011,#276,.T.);
#1678=EDGE_CURVE('',#1011,#1012,#277,.T.);
#1679=EDGE_CURVE('',#1012,#1013,#278,.T.);
#1680=EDGE_CURVE('',#1013,#1014,#279,.T.);
#1681=EDGE_CURVE('',#1014,#1015,#280,.T.);
#1682=EDGE_CURVE('',#1015,#1016,#281,.T.);
#1683=EDGE_CURVE('',#1016,#1017,#679,.T.);
#1684=EDGE_CURVE('',#1018,#1017,#282,.F.);
#1685=EDGE_CURVE('',#1018,#1019,#283,.T.);
#1686=EDGE_CURVE('',#1019,#1020,#284,.T.);
#1687=EDGE_CURVE('',#1020,#1021,#285,.T.);
#1688=EDGE_CURVE('',#1021,#1022,#286,.T.);
#1689=EDGE_CURVE('',#1023,#1022,#287,.F.);
#1690=EDGE_CURVE('',#1023,#1024,#680,.T.);
#1691=EDGE_CURVE('',#1024,#1025,#288,.T.);
#1692=EDGE_CURVE('',#1025,#1026,#289,.T.);
#1693=EDGE_CURVE('',#1026,#1027,#290,.T.);
#1694=EDGE_CURVE('',#1027,#1028,#291,.T.);
#1695=EDGE_CURVE('',#1028,#1029,#292,.T.);
#1696=EDGE_CURVE('',#1029,#1030,#293,.T.);
#1697=EDGE_CURVE('',#1030,#1031,#294,.T.);
#1698=EDGE_CURVE('',#1031,#1032,#681,.T.);
#1699=EDGE_CURVE('',#1033,#1032,#1408,.T.);
#1700=EDGE_CURVE('',#1033,#1034,#682,.T.);
#1701=EDGE_CURVE('',#1034,#1035,#295,.T.);
#1702=EDGE_CURVE('',#1035,#1036,#296,.T.);
#1703=EDGE_CURVE('',#1036,#1037,#297,.T.);
#1704=EDGE_CURVE('',#1037,#841,#298,.T.);
#1705=EDGE_CURVE('',#1038,#1039,#299,.F.);
#1706=EDGE_CURVE('',#1038,#1040,#300,.T.);
#1707=EDGE_CURVE('',#1040,#1041,#301,.T.);
#1708=EDGE_CURVE('',#1041,#1042,#302,.T.);
#1709=EDGE_CURVE('',#1042,#1043,#303,.T.);
#1710=EDGE_CURVE('',#1043,#1044,#304,.T.);
#1711=EDGE_CURVE('',#1044,#1045,#305,.T.);
#1712=EDGE_CURVE('',#1045,#1046,#683,.T.);
#1713=EDGE_CURVE('',#1046,#1047,#306,.T.);
#1714=EDGE_CURVE('',#1047,#1048,#307,.T.);
#1715=EDGE_CURVE('',#1048,#1049,#308,.T.);
#1716=EDGE_CURVE('',#1049,#1050,#309,.T.);
#1717=EDGE_CURVE('',#1050,#1051,#684,.T.);
#1718=EDGE_CURVE('',#1051,#1052,#310,.T.);
#1719=EDGE_CURVE('',#1052,#1053,#311,.T.);
#1720=EDGE_CURVE('',#1053,#1054,#312,.T.);
#1721=EDGE_CURVE('',#1054,#1055,#313,.T.);
#1722=EDGE_CURVE('',#1055,#1056,#314,.T.);
#1723=EDGE_CURVE('',#1056,#1057,#685,.T.);
#1724=EDGE_CURVE('',#1057,#1058,#315,.T.);
#1725=EDGE_CURVE('',#1058,#1059,#316,.T.);
#1726=EDGE_CURVE('',#1059,#1060,#317,.T.);
#1727=EDGE_CURVE('',#1060,#1061,#318,.T.);
#1728=EDGE_CURVE('',#1061,#1062,#686,.T.);
#1729=EDGE_CURVE('',#1062,#1063,#319,.T.);
#1730=EDGE_CURVE('',#1063,#1064,#320,.T.);
#1731=EDGE_CURVE('',#1064,#1065,#321,.T.);
#1732=EDGE_CURVE('',#1065,#1066,#322,.T.);
#1733=EDGE_CURVE('',#1066,#1039,#323,.T.);
#1734=EDGE_CURVE('',#943,#1067,#687,.T.);
#1735=EDGE_CURVE('',#1067,#1068,#1409,.F.);
#1736=EDGE_CURVE('',#1068,#942,#688,.T.);
#1737=EDGE_CURVE('',#944,#1069,#689,.T.);
#1738=EDGE_CURVE('',#1069,#1070,#1410,.F.);
#1739=EDGE_CURVE('',#1070,#945,#690,.T.);
#1740=EDGE_CURVE('',#967,#1071,#324,.T.);
#1741=EDGE_CURVE('',#1071,#1072,#325,.T.);
#1742=EDGE_CURVE('',#1072,#966,#326,.F.);
#1743=EDGE_CURVE('',#1073,#1074,#327,.T.);
#1744=EDGE_CURVE('',#1074,#1038,#328,.F.);
#1745=EDGE_CURVE('',#1039,#1073,#329,.T.);
#1746=EDGE_CURVE('',#1032,#1075,#691,.T.);
#1747=EDGE_CURVE('',#1075,#1076,#1411,.F.);
#1748=EDGE_CURVE('',#1076,#1033,#692,.T.);
#1749=EDGE_CURVE('',#1077,#1078,#330,.T.);
#1750=EDGE_CURVE('',#1078,#1023,#331,.F.);
#1751=EDGE_CURVE('',#1022,#1077,#332,.T.);
#1752=EDGE_CURVE('',#1079,#1080,#333,.T.);
#1753=EDGE_CURVE('',#1080,#1018,#334,.F.);
#1754=EDGE_CURVE('',#1017,#1079,#335,.T.);
#1755=EDGE_CURVE('',#1069,#1068,#693,.T.);
#1756=EDGE_CURVE('',#1081,#1070,#694,.T.);
#1757=EDGE_CURVE('',#946,#1081,#695,.T.);
#1758=EDGE_CURVE('',#1082,#1072,#336,.F.);
#1759=EDGE_CURVE('',#968,#1082,#696,.T.);
#1760=EDGE_CURVE('',#1083,#1074,#337,.F.);
#1761=EDGE_CURVE('',#1040,#1083,#697,.T.);
#1762=EDGE_CURVE('',#1084,#1076,#698,.T.);
#1763=EDGE_CURVE('',#1034,#1084,#699,.T.);
#1764=EDGE_CURVE('',#1085,#1078,#700,.T.);
#1765=EDGE_CURVE('',#1024,#1085,#701,.T.);
#1766=EDGE_CURVE('',#1086,#1080,#338,.F.);
#1767=EDGE_CURVE('',#1019,#1086,#702,.T.);
#1768=EDGE_CURVE('',#1021,#1087,#703,.T.);
#1769=EDGE_CURVE('',#1077,#1087,#339,.F.);
#1770=EDGE_CURVE('',#1087,#1088,#340,.F.);
#1771=EDGE_CURVE('',#1020,#1088,#704,.T.);
#1772=EDGE_CURVE('',#1088,#1086,#341,.F.);
#1773=EDGE_CURVE('',#1016,#1089,#705,.T.);
#1774=EDGE_CURVE('',#1079,#1089,#706,.T.);
#1775=EDGE_CURVE('',#1089,#1090,#342,.F.);
#1776=EDGE_CURVE('',#1015,#1090,#707,.T.);
#1777=EDGE_CURVE('',#1090,#1091,#343,.F.);
#1778=EDGE_CURVE('',#1014,#1091,#708,.T.);
#1779=EDGE_CURVE('',#1091,#1092,#344,.F.);
#1780=EDGE_CURVE('',#1013,#1092,#709,.T.);
#1781=EDGE_CURVE('',#1092,#1093,#345,.F.);
#1782=EDGE_CURVE('',#1012,#1093,#710,.T.);
#1783=EDGE_CURVE('',#1093,#1094,#346,.F.);
#1784=EDGE_CURVE('',#1011,#1094,#711,.T.);
#1785=EDGE_CURVE('',#1094,#1095,#347,.F.);
#1786=EDGE_CURVE('',#1010,#1095,#712,.T.);
#1787=EDGE_CURVE('',#1095,#1096,#348,.F.);
#1788=EDGE_CURVE('',#1009,#1096,#713,.T.);
#1789=EDGE_CURVE('',#1096,#1097,#349,.F.);
#1790=EDGE_CURVE('',#1008,#1097,#714,.T.);
#1791=EDGE_CURVE('',#1097,#1098,#350,.F.);
#1792=EDGE_CURVE('',#1007,#1098,#715,.T.);
#1793=EDGE_CURVE('',#1098,#1099,#351,.F.);
#1794=EDGE_CURVE('',#1006,#1099,#716,.T.);
#1795=EDGE_CURVE('',#1099,#1100,#352,.F.);
#1796=EDGE_CURVE('',#1005,#1100,#717,.T.);
#1797=EDGE_CURVE('',#1100,#1101,#353,.F.);
#1798=EDGE_CURVE('',#1004,#1101,#718,.T.);
#1799=EDGE_CURVE('',#1101,#843,#719,.T.);
#1800=EDGE_CURVE('',#842,#1102,#354,.F.);
#1801=EDGE_CURVE('',#1037,#1102,#720,.T.);
#1802=EDGE_CURVE('',#1102,#1103,#355,.F.);
#1803=EDGE_CURVE('',#1036,#1103,#721,.T.);
#1804=EDGE_CURVE('',#1103,#1104,#356,.F.);
#1805=EDGE_CURVE('',#1035,#1104,#722,.T.);
#1806=EDGE_CURVE('',#1104,#1084,#357,.F.);
#1807=EDGE_CURVE('',#1031,#1105,#723,.T.);
#1808=EDGE_CURVE('',#1075,#1105,#724,.T.);
#1809=EDGE_CURVE('',#1105,#1106,#358,.F.);
#1810=EDGE_CURVE('',#1030,#1106,#725,.T.);
#1811=EDGE_CURVE('',#1106,#1107,#359,.F.);
#1812=EDGE_CURVE('',#1029,#1107,#726,.T.);
#1813=EDGE_CURVE('',#1107,#1108,#360,.F.);
#1814=EDGE_CURVE('',#1028,#1108,#727,.T.);
#1815=EDGE_CURVE('',#1108,#1109,#361,.F.);
#1816=EDGE_CURVE('',#1027,#1109,#728,.T.);
#1817=EDGE_CURVE('',#1109,#1110,#362,.F.);
#1818=EDGE_CURVE('',#1026,#1110,#729,.T.);
#1819=EDGE_CURVE('',#1110,#1111,#363,.F.);
#1820=EDGE_CURVE('',#1025,#1111,#730,.T.);
#1821=EDGE_CURVE('',#1111,#1085,#364,.F.);
#1822=EDGE_CURVE('',#1066,#1112,#731,.T.);
#1823=EDGE_CURVE('',#1073,#1112,#365,.F.);
#1824=EDGE_CURVE('',#1112,#1113,#366,.F.);
#1825=EDGE_CURVE('',#1065,#1113,#732,.T.);
#1826=EDGE_CURVE('',#1113,#1114,#367,.F.);
#1827=EDGE_CURVE('',#1064,#1114,#733,.T.);
#1828=EDGE_CURVE('',#1114,#1115,#368,.F.);
#1829=EDGE_CURVE('',#1063,#1115,#734,.T.);
#1830=EDGE_CURVE('',#1115,#1116,#369,.F.);
#1831=EDGE_CURVE('',#1062,#1116,#735,.T.);
#1832=EDGE_CURVE('',#1116,#1117,#736,.T.);
#1833=EDGE_CURVE('',#1061,#1117,#737,.T.);
#1834=EDGE_CURVE('',#1117,#1118,#370,.F.);
#1835=EDGE_CURVE('',#1060,#1118,#738,.T.);
#1836=EDGE_CURVE('',#1118,#1119,#371,.F.);
#1837=EDGE_CURVE('',#1059,#1119,#739,.T.);
#1838=EDGE_CURVE('',#1119,#1120,#372,.F.);
#1839=EDGE_CURVE('',#1058,#1120,#740,.T.);
#1840=EDGE_CURVE('',#1120,#1121,#373,.F.);
#1841=EDGE_CURVE('',#1057,#1121,#741,.T.);
#1842=EDGE_CURVE('',#1121,#1122,#742,.T.);
#1843=EDGE_CURVE('',#1056,#1122,#743,.T.);
#1844=EDGE_CURVE('',#1122,#1123,#374,.F.);
#1845=EDGE_CURVE('',#1055,#1123,#744,.T.);
#1846=EDGE_CURVE('',#1123,#1124,#375,.F.);
#1847=EDGE_CURVE('',#1054,#1124,#745,.T.);
#1848=EDGE_CURVE('',#1124,#1125,#376,.F.);
#1849=EDGE_CURVE('',#1053,#1125,#746,.T.);
#1850=EDGE_CURVE('',#1125,#1126,#377,.F.);
#1851=EDGE_CURVE('',#1052,#1126,#747,.T.);
#1852=EDGE_CURVE('',#1126,#1127,#378,.F.);
#1853=EDGE_CURVE('',#1051,#1127,#748,.T.);
#1854=EDGE_CURVE('',#1127,#1128,#749,.T.);
#1855=EDGE_CURVE('',#1050,#1128,#750,.T.);
#1856=EDGE_CURVE('',#1128,#1129,#379,.F.);
#1857=EDGE_CURVE('',#1049,#1129,#751,.T.);
#1858=EDGE_CURVE('',#1129,#1130,#380,.F.);
#1859=EDGE_CURVE('',#1048,#1130,#752,.T.);
#1860=EDGE_CURVE('',#1130,#1131,#381,.F.);
#1861=EDGE_CURVE('',#1047,#1131,#753,.T.);
#1862=EDGE_CURVE('',#1131,#1132,#382,.F.);
#1863=EDGE_CURVE('',#1046,#1132,#754,.T.);
#1864=EDGE_CURVE('',#1132,#1133,#755,.T.);
#1865=EDGE_CURVE('',#1045,#1133,#756,.T.);
#1866=EDGE_CURVE('',#1133,#1134,#383,.F.);
#1867=EDGE_CURVE('',#1044,#1134,#757,.T.);
#1868=EDGE_CURVE('',#1134,#1135,#384,.F.);
#1869=EDGE_CURVE('',#1043,#1135,#758,.T.);
#1870=EDGE_CURVE('',#1135,#1136,#385,.F.);
#1871=EDGE_CURVE('',#1042,#1136,#759,.T.);
#1872=EDGE_CURVE('',#1136,#1137,#386,.F.);
#1873=EDGE_CURVE('',#1041,#1137,#760,.T.);
#1874=EDGE_CURVE('',#1137,#1083,#387,.F.);
#1875=EDGE_CURVE('',#1138,#1139,#388,.F.);
#1876=EDGE_CURVE('',#989,#1138,#761,.T.);
#1877=EDGE_CURVE('',#988,#1139,#762,.T.);
#1878=EDGE_CURVE('',#1139,#1140,#389,.F.);
#1879=EDGE_CURVE('',#1003,#1140,#763,.T.);
#1880=EDGE_CURVE('',#1140,#1141,#390,.F.);
#1881=EDGE_CURVE('',#1002,#1141,#764,.T.);
#1882=EDGE_CURVE('',#1141,#1142,#391,.F.);
#1883=EDGE_CURVE('',#1001,#1142,#765,.T.);
#1884=EDGE_CURVE('',#1142,#1143,#392,.F.);
#1885=EDGE_CURVE('',#1000,#1143,#766,.T.);
#1886=EDGE_CURVE('',#1143,#1144,#393,.F.);
#1887=EDGE_CURVE('',#999,#1144,#767,.T.);
#1888=EDGE_CURVE('',#1144,#1145,#394,.F.);
#1889=EDGE_CURVE('',#998,#1145,#768,.T.);
#1890=EDGE_CURVE('',#1145,#1146,#395,.F.);
#1891=EDGE_CURVE('',#997,#1146,#769,.T.);
#1892=EDGE_CURVE('',#1146,#1147,#396,.F.);
#1893=EDGE_CURVE('',#996,#1147,#770,.T.);
#1894=EDGE_CURVE('',#1147,#1148,#397,.F.);
#1895=EDGE_CURVE('',#995,#1148,#771,.T.);
#1896=EDGE_CURVE('',#1148,#1149,#398,.F.);
#1897=EDGE_CURVE('',#994,#1149,#772,.T.);
#1898=EDGE_CURVE('',#1149,#1150,#399,.F.);
#1899=EDGE_CURVE('',#993,#1150,#773,.T.);
#1900=EDGE_CURVE('',#1150,#1151,#400,.F.);
#1901=EDGE_CURVE('',#992,#1151,#774,.T.);
#1902=EDGE_CURVE('',#1151,#1152,#401,.F.);
#1903=EDGE_CURVE('',#991,#1152,#775,.T.);
#1904=EDGE_CURVE('',#1152,#1153,#402,.F.);
#1905=EDGE_CURVE('',#990,#1153,#776,.T.);
#1906=EDGE_CURVE('',#1153,#1138,#403,.F.);
#1907=EDGE_CURVE('',#1154,#1155,#404,.F.);
#1908=EDGE_CURVE('',#1156,#1154,#777,.T.);
#1909=EDGE_CURVE('',#1157,#1156,#405,.T.);
#1910=EDGE_CURVE('',#1157,#1155,#778,.T.);
#1911=EDGE_CURVE('',#1155,#1158,#406,.F.);
#1912=EDGE_CURVE('',#1159,#1157,#407,.T.);
#1913=EDGE_CURVE('',#1159,#1158,#779,.T.);
#1914=EDGE_CURVE('',#1158,#1160,#408,.F.);
#1915=EDGE_CURVE('',#1161,#1159,#409,.T.);
#1916=EDGE_CURVE('',#1161,#1160,#780,.T.);
#1917=EDGE_CURVE('',#1160,#1162,#410,.F.);
#1918=EDGE_CURVE('',#1163,#1161,#411,.T.);
#1919=EDGE_CURVE('',#1163,#1162,#781,.T.);
#1920=EDGE_CURVE('',#1162,#1164,#412,.F.);
#1921=EDGE_CURVE('',#1165,#1163,#413,.T.);
#1922=EDGE_CURVE('',#1165,#1164,#782,.T.);
#1923=EDGE_CURVE('',#1164,#1166,#414,.F.);
#1924=EDGE_CURVE('',#1167,#1165,#415,.T.);
#1925=EDGE_CURVE('',#1167,#1166,#783,.T.);
#1926=EDGE_CURVE('',#1166,#1168,#416,.F.);
#1927=EDGE_CURVE('',#1169,#1167,#417,.T.);
#1928=EDGE_CURVE('',#1169,#1168,#784,.T.);
#1929=EDGE_CURVE('',#1168,#1170,#418,.F.);
#1930=EDGE_CURVE('',#1171,#1169,#419,.T.);
#1931=EDGE_CURVE('',#1171,#1170,#785,.T.);
#1932=EDGE_CURVE('',#1170,#1172,#420,.F.);
#1933=EDGE_CURVE('',#1173,#1171,#421,.T.);
#1934=EDGE_CURVE('',#1173,#1172,#786,.T.);
#1935=EDGE_CURVE('',#1172,#1154,#422,.F.);
#1936=EDGE_CURVE('',#1156,#1173,#423,.T.);
#1937=EDGE_CURVE('',#1174,#1175,#787,.T.);
#1938=EDGE_CURVE('',#980,#1174,#788,.T.);
#1939=EDGE_CURVE('',#979,#1175,#789,.T.);
#1940=EDGE_CURVE('',#1175,#1176,#424,.F.);
#1941=EDGE_CURVE('',#978,#1176,#790,.T.);
#1942=EDGE_CURVE('',#1176,#1177,#425,.F.);
#1943=EDGE_CURVE('',#977,#1177,#791,.T.);
#1944=EDGE_CURVE('',#1177,#1178,#426,.F.);
#1945=EDGE_CURVE('',#976,#1178,#792,.T.);
#1946=EDGE_CURVE('',#1178,#1179,#427,.F.);
#1947=EDGE_CURVE('',#975,#1179,#793,.T.);
#1948=EDGE_CURVE('',#1179,#1180,#428,.F.);
#1949=EDGE_CURVE('',#974,#1180,#794,.T.);
#1950=EDGE_CURVE('',#1180,#1181,#429,.F.);
#1951=EDGE_CURVE('',#973,#1181,#795,.T.);
#1952=EDGE_CURVE('',#1181,#1182,#430,.F.);
#1953=EDGE_CURVE('',#972,#1182,#796,.T.);
#1954=EDGE_CURVE('',#1182,#1183,#431,.F.);
#1955=EDGE_CURVE('',#971,#1183,#797,.T.);
#1956=EDGE_CURVE('',#1183,#1184,#432,.F.);
#1957=EDGE_CURVE('',#970,#1184,#798,.T.);
#1958=EDGE_CURVE('',#1184,#1185,#433,.F.);
#1959=EDGE_CURVE('',#969,#1185,#799,.T.);
#1960=EDGE_CURVE('',#1185,#1082,#434,.F.);
#1961=EDGE_CURVE('',#987,#1186,#800,.T.);
#1962=EDGE_CURVE('',#1071,#1186,#435,.F.);
#1963=EDGE_CURVE('',#1186,#1187,#436,.F.);
#1964=EDGE_CURVE('',#986,#1187,#801,.T.);
#1965=EDGE_CURVE('',#1187,#1188,#437,.F.);
#1966=EDGE_CURVE('',#985,#1188,#802,.T.);
#1967=EDGE_CURVE('',#1188,#1189,#803,.T.);
#1968=EDGE_CURVE('',#984,#1189,#804,.T.);
#1969=EDGE_CURVE('',#1189,#1190,#438,.F.);
#1970=EDGE_CURVE('',#983,#1190,#805,.T.);
#1971=EDGE_CURVE('',#1190,#1191,#439,.F.);
#1972=EDGE_CURVE('',#982,#1191,#806,.T.);
#1973=EDGE_CURVE('',#1191,#1192,#440,.F.);
#1974=EDGE_CURVE('',#981,#1192,#807,.T.);
#1975=EDGE_CURVE('',#1192,#1174,#441,.F.);
#1976=EDGE_CURVE('',#1193,#1194,#442,.F.);
#1977=EDGE_CURVE('',#965,#1193,#808,.T.);
#1978=EDGE_CURVE('',#964,#1194,#809,.T.);
#1979=EDGE_CURVE('',#1194,#1195,#443,.F.);
#1980=EDGE_CURVE('',#963,#1195,#810,.T.);
#1981=EDGE_CURVE('',#1195,#1196,#444,.F.);
#1982=EDGE_CURVE('',#962,#1196,#811,.T.);
#1983=EDGE_CURVE('',#1196,#1197,#445,.F.);
#1984=EDGE_CURVE('',#961,#1197,#812,.T.);
#1985=EDGE_CURVE('',#1197,#1198,#813,.T.);
#1986=EDGE_CURVE('',#960,#1198,#814,.T.);
#1987=EDGE_CURVE('',#1198,#1199,#446,.F.);
#1988=EDGE_CURVE('',#959,#1199,#815,.T.);
#1989=EDGE_CURVE('',#1199,#1200,#447,.F.);
#1990=EDGE_CURVE('',#958,#1200,#816,.T.);
#1991=EDGE_CURVE('',#1200,#1201,#448,.F.);
#1992=EDGE_CURVE('',#957,#1201,#817,.T.);
#1993=EDGE_CURVE('',#1201,#1202,#818,.T.);
#1994=EDGE_CURVE('',#956,#1202,#819,.T.);
#1995=EDGE_CURVE('',#1202,#1203,#449,.F.);
#1996=EDGE_CURVE('',#955,#1203,#820,.T.);
#1997=EDGE_CURVE('',#1203,#1204,#450,.F.);
#1998=EDGE_CURVE('',#954,#1204,#821,.T.);
#1999=EDGE_CURVE('',#1204,#1205,#451,.F.);
#2000=EDGE_CURVE('',#953,#1205,#822,.T.);
#2001=EDGE_CURVE('',#1205,#1206,#452,.F.);
#2002=EDGE_CURVE('',#952,#1206,#823,.T.);
#2003=EDGE_CURVE('',#1206,#1207,#824,.T.);
#2004=EDGE_CURVE('',#951,#1207,#825,.T.);
#2005=EDGE_CURVE('',#1207,#1208,#826,.T.);
#2006=EDGE_CURVE('',#950,#1208,#827,.T.);
#2007=EDGE_CURVE('',#1208,#1209,#453,.F.);
#2008=EDGE_CURVE('',#949,#1209,#828,.T.);
#2009=EDGE_CURVE('',#1209,#1210,#454,.F.);
#2010=EDGE_CURVE('',#948,#1210,#829,.T.);
#2011=EDGE_CURVE('',#1210,#1211,#455,.F.);
#2012=EDGE_CURVE('',#947,#1211,#830,.T.);
#2013=EDGE_CURVE('',#1211,#1081,#456,.F.);
#2014=EDGE_CURVE('',#1067,#1193,#831,.T.);
#2015=EDGE_CURVE('',#1212,#1212,#1412,.T.);
#2016=EDGE_CURVE('',#1213,#1213,#1413,.T.);
#2017=EDGE_CURVE('',#1214,#1214,#1414,.T.);
#2018=EDGE_CURVE('',#1215,#1215,#1415,.T.);
#2019=EDGE_CURVE('',#1216,#1216,#1416,.T.);
#2020=EDGE_CURVE('',#1217,#1217,#1417,.T.);
#2021=EDGE_CURVE('',#1218,#1218,#1418,.T.);
#2022=EDGE_CURVE('',#1219,#1219,#1419,.T.);
#2023=EDGE_CURVE('',#1220,#1220,#1420,.T.);
#2024=EDGE_CURVE('',#1221,#1221,#1421,.T.);
#2025=EDGE_CURVE('',#1222,#1222,#1422,.T.);
#2026=EDGE_CURVE('',#1223,#1223,#1423,.T.);
#2027=EDGE_CURVE('',#1224,#1224,#1424,.T.);
#2028=EDGE_CURVE('',#1225,#1225,#1425,.T.);
#2029=EDGE_CURVE('',#1226,#1226,#1426,.T.);
#2030=EDGE_CURVE('',#1227,#1227,#1427,.T.);
#2031=EDGE_CURVE('',#1228,#1228,#1428,.T.);
#2032=EDGE_CURVE('',#1229,#1229,#1429,.T.);
#2033=EDGE_CURVE('',#1230,#1230,#1430,.T.);
#2034=EDGE_CURVE('',#1231,#1231,#1431,.T.);
#2035=EDGE_CURVE('',#1232,#1232,#1432,.T.);
#2036=EDGE_CURVE('',#1233,#1233,#1433,.T.);
#2037=EDGE_CURVE('',#1234,#1234,#1434,.T.);
#2038=EDGE_CURVE('',#1235,#1235,#1435,.T.);
#2039=EDGE_CURVE('',#1236,#1236,#1436,.T.);
#2040=EDGE_CURVE('',#1237,#1237,#1437,.T.);
#2041=EDGE_CURVE('',#1238,#1238,#1438,.T.);
#2042=EDGE_CURVE('',#1239,#1239,#1439,.T.);
#2043=EDGE_CURVE('',#1240,#1240,#1440,.T.);
#2044=EDGE_CURVE('',#1241,#1241,#1441,.T.);
#2045=EDGE_CURVE('',#1242,#1242,#1442,.T.);
#2046=EDGE_CURVE('',#1243,#1243,#1443,.T.);
#2047=EDGE_CURVE('',#1244,#1244,#1444,.T.);
#2048=EDGE_CURVE('',#1245,#1245,#1445,.T.);
#2049=EDGE_CURVE('',#1246,#1246,#1446,.T.);
#2050=EDGE_CURVE('',#1247,#1247,#1447,.T.);
#2051=EDGE_CURVE('',#1248,#1248,#1448,.T.);
#2052=EDGE_CURVE('',#1249,#1249,#1449,.T.);
#2053=EDGE_CURVE('',#1250,#1250,#1450,.T.);
#2054=EDGE_CURVE('',#1251,#1251,#1451,.T.);
#2055=EDGE_CURVE('',#1252,#1252,#1452,.T.);
#2056=EDGE_CURVE('',#1253,#1253,#1453,.T.);
#2057=EDGE_CURVE('',#1254,#1254,#1454,.T.);
#2058=EDGE_CURVE('',#1255,#1255,#1455,.T.);
#2059=EDGE_CURVE('',#1256,#1256,#1456,.T.);
#2060=EDGE_CURVE('',#1257,#1257,#1457,.T.);
#2061=EDGE_CURVE('',#1258,#1258,#1458,.T.);
#2062=EDGE_CURVE('',#1259,#1259,#1459,.T.);
#2063=EDGE_CURVE('',#1260,#1260,#1460,.T.);
#2064=EDGE_CURVE('',#1261,#1261,#1461,.T.);
#2065=EDGE_CURVE('',#1262,#1262,#1462,.T.);
#2066=EDGE_CURVE('',#1263,#1263,#1463,.T.);
#2067=EDGE_CURVE('',#1264,#1264,#1464,.T.);
#2068=EDGE_CURVE('',#1265,#1265,#1465,.T.);
#2069=EDGE_CURVE('',#1266,#1266,#1466,.T.);
#2070=EDGE_CURVE('',#1267,#1267,#1467,.T.);
#2071=EDGE_CURVE('',#1268,#1268,#1468,.T.);
#2072=EDGE_CURVE('',#1269,#1269,#1469,.T.);
#2073=EDGE_CURVE('',#1270,#1270,#1470,.T.);
#2074=EDGE_CURVE('',#1271,#1271,#1471,.T.);
#2075=EDGE_CURVE('',#1272,#1272,#1472,.T.);
#2076=EDGE_CURVE('',#1273,#1273,#1473,.T.);
#2077=EDGE_CURVE('',#1274,#1274,#1474,.T.);
#2078=EDGE_CURVE('',#1275,#1275,#1475,.T.);
#2079=EDGE_CURVE('',#1276,#1276,#1476,.T.);
#2080=EDGE_CURVE('',#1277,#1277,#1477,.T.);
#2081=EDGE_CURVE('',#1278,#1278,#1478,.T.);
#2082=EDGE_CURVE('',#1279,#1279,#1479,.T.);
#2083=EDGE_CURVE('',#1280,#1280,#1480,.T.);
#2084=EDGE_CURVE('',#1281,#1281,#1481,.T.);
#2085=EDGE_CURVE('',#1282,#1282,#1482,.T.);
#2086=EDGE_CURVE('',#1283,#1283,#1483,.T.);
#2087=EDGE_CURVE('',#1284,#1284,#1484,.T.);
#2088=EDGE_CURVE('',#1285,#1285,#1485,.T.);
#2089=EDGE_CURVE('',#1286,#1286,#1486,.T.);
#2090=EDGE_CURVE('',#1287,#1287,#1487,.T.);
#2091=EDGE_CURVE('',#1288,#1288,#1488,.T.);
#2092=EDGE_CURVE('',#1289,#1289,#1489,.T.);
#2093=EDGE_CURVE('',#1290,#1290,#1490,.T.);
#2094=EDGE_CURVE('',#1291,#1291,#1491,.T.);
#2095=EDGE_CURVE('',#1292,#1292,#1492,.T.);
#2096=EDGE_CURVE('',#1293,#1293,#1493,.T.);
#2097=EDGE_CURVE('',#1294,#1294,#1494,.T.);
#2098=EDGE_CURVE('',#1295,#1295,#1495,.T.);
#2099=EDGE_CURVE('',#1296,#1296,#1496,.T.);
#2100=EDGE_CURVE('',#1297,#1297,#1497,.T.);
#2101=EDGE_CURVE('',#1298,#1298,#1498,.T.);
#2102=EDGE_CURVE('',#1299,#1299,#1499,.T.);
#2103=EDGE_CURVE('',#1300,#1300,#1500,.T.);
#2104=EDGE_CURVE('',#1301,#1301,#1501,.T.);
#2105=EDGE_CURVE('',#1302,#1302,#1502,.T.);
#2106=EDGE_CURVE('',#1303,#1303,#1503,.T.);
#2107=EDGE_CURVE('',#1304,#1304,#1504,.T.);
#2108=EDGE_CURVE('',#1305,#1305,#1505,.T.);
#2109=EDGE_CURVE('',#1306,#1307,#832,.T.);
#2110=EDGE_CURVE('',#1308,#1306,#833,.T.);
#2111=EDGE_CURVE('',#1309,#1308,#834,.T.);
#2112=EDGE_CURVE('',#1307,#1309,#835,.T.);
#2113=EDGE_CURVE('',#896,#1307,#836,.T.);
#2114=EDGE_CURVE('',#894,#1306,#837,.T.);
#2115=EDGE_CURVE('',#897,#1309,#838,.T.);
#2116=EDGE_CURVE('',#895,#1308,#839,.T.);
#2117=ORIENTED_EDGE('',*,*,#1506,.T.);
#2118=ORIENTED_EDGE('',*,*,#1507,.T.);
#2119=ORIENTED_EDGE('',*,*,#1508,.T.);
#2120=ORIENTED_EDGE('',*,*,#1509,.T.);
#2121=ORIENTED_EDGE('',*,*,#1510,.T.);
#2122=ORIENTED_EDGE('',*,*,#1511,.T.);
#2123=ORIENTED_EDGE('',*,*,#1512,.T.);
#2124=ORIENTED_EDGE('',*,*,#1513,.T.);
#2125=ORIENTED_EDGE('',*,*,#1514,.T.);
#2126=ORIENTED_EDGE('',*,*,#1515,.T.);
#2127=ORIENTED_EDGE('',*,*,#1516,.T.);
#2128=ORIENTED_EDGE('',*,*,#1517,.T.);
#2129=ORIENTED_EDGE('',*,*,#1518,.T.);
#2130=ORIENTED_EDGE('',*,*,#1519,.T.);
#2131=ORIENTED_EDGE('',*,*,#1520,.T.);
#2132=ORIENTED_EDGE('',*,*,#1521,.T.);
#2133=ORIENTED_EDGE('',*,*,#1522,.T.);
#2134=ORIENTED_EDGE('',*,*,#1523,.T.);
#2135=ORIENTED_EDGE('',*,*,#1524,.T.);
#2136=ORIENTED_EDGE('',*,*,#1525,.T.);
#2137=ORIENTED_EDGE('',*,*,#1526,.T.);
#2138=ORIENTED_EDGE('',*,*,#1527,.T.);
#2139=ORIENTED_EDGE('',*,*,#1528,.T.);
#2140=ORIENTED_EDGE('',*,*,#1529,.T.);
#2141=ORIENTED_EDGE('',*,*,#1530,.T.);
#2142=ORIENTED_EDGE('',*,*,#1531,.T.);
#2143=ORIENTED_EDGE('',*,*,#1532,.T.);
#2144=ORIENTED_EDGE('',*,*,#1533,.T.);
#2145=ORIENTED_EDGE('',*,*,#1534,.T.);
#2146=ORIENTED_EDGE('',*,*,#1535,.T.);
#2147=ORIENTED_EDGE('',*,*,#1536,.T.);
#2148=ORIENTED_EDGE('',*,*,#1537,.T.);
#2149=ORIENTED_EDGE('',*,*,#1538,.T.);
#2150=ORIENTED_EDGE('',*,*,#1539,.T.);
#2151=ORIENTED_EDGE('',*,*,#1540,.T.);
#2152=ORIENTED_EDGE('',*,*,#1541,.T.);
#2153=ORIENTED_EDGE('',*,*,#1542,.T.);
#2154=ORIENTED_EDGE('',*,*,#1543,.T.);
#2155=ORIENTED_EDGE('',*,*,#1544,.T.);
#2156=ORIENTED_EDGE('',*,*,#1545,.T.);
#2157=ORIENTED_EDGE('',*,*,#1546,.T.);
#2158=ORIENTED_EDGE('',*,*,#1547,.T.);
#2159=ORIENTED_EDGE('',*,*,#1548,.T.);
#2160=ORIENTED_EDGE('',*,*,#1549,.T.);
#2161=ORIENTED_EDGE('',*,*,#1550,.T.);
#2162=ORIENTED_EDGE('',*,*,#1551,.T.);
#2163=ORIENTED_EDGE('',*,*,#1552,.T.);
#2164=ORIENTED_EDGE('',*,*,#1553,.T.);
#2165=ORIENTED_EDGE('',*,*,#1554,.T.);
#2166=ORIENTED_EDGE('',*,*,#1555,.T.);
#2167=ORIENTED_EDGE('',*,*,#1556,.T.);
#2168=ORIENTED_EDGE('',*,*,#1557,.T.);
#2169=ORIENTED_EDGE('',*,*,#1558,.T.);
#2170=ORIENTED_EDGE('',*,*,#1559,.T.);
#2171=ORIENTED_EDGE('',*,*,#1560,.F.);
#2172=ORIENTED_EDGE('',*,*,#1561,.F.);
#2173=ORIENTED_EDGE('',*,*,#1562,.F.);
#2174=ORIENTED_EDGE('',*,*,#1563,.F.);
#2175=ORIENTED_EDGE('',*,*,#1564,.T.);
#2176=ORIENTED_EDGE('',*,*,#1565,.T.);
#2177=ORIENTED_EDGE('',*,*,#1566,.T.);
#2178=ORIENTED_EDGE('',*,*,#1567,.T.);
#2179=ORIENTED_EDGE('',*,*,#1568,.T.);
#2180=ORIENTED_EDGE('',*,*,#1569,.T.);
#2181=ORIENTED_EDGE('',*,*,#1570,.T.);
#2182=ORIENTED_EDGE('',*,*,#1571,.T.);
#2183=ORIENTED_EDGE('',*,*,#1572,.T.);
#2184=ORIENTED_EDGE('',*,*,#1573,.T.);
#2185=ORIENTED_EDGE('',*,*,#1574,.T.);
#2186=ORIENTED_EDGE('',*,*,#1575,.T.);
#2187=ORIENTED_EDGE('',*,*,#1576,.T.);
#2188=ORIENTED_EDGE('',*,*,#1577,.T.);
#2189=ORIENTED_EDGE('',*,*,#1578,.T.);
#2190=ORIENTED_EDGE('',*,*,#1579,.T.);
#2191=ORIENTED_EDGE('',*,*,#1580,.T.);
#2192=ORIENTED_EDGE('',*,*,#1581,.T.);
#2193=ORIENTED_EDGE('',*,*,#1582,.T.);
#2194=ORIENTED_EDGE('',*,*,#1583,.T.);
#2195=ORIENTED_EDGE('',*,*,#1584,.T.);
#2196=ORIENTED_EDGE('',*,*,#1585,.T.);
#2197=ORIENTED_EDGE('',*,*,#1586,.T.);
#2198=ORIENTED_EDGE('',*,*,#1587,.T.);
#2199=ORIENTED_EDGE('',*,*,#1588,.T.);
#2200=ORIENTED_EDGE('',*,*,#1589,.T.);
#2201=ORIENTED_EDGE('',*,*,#1590,.T.);
#2202=ORIENTED_EDGE('',*,*,#1591,.T.);
#2203=ORIENTED_EDGE('',*,*,#1592,.T.);
#2204=ORIENTED_EDGE('',*,*,#1593,.T.);
#2205=ORIENTED_EDGE('',*,*,#1594,.T.);
#2206=ORIENTED_EDGE('',*,*,#1595,.T.);
#2207=ORIENTED_EDGE('',*,*,#1596,.T.);
#2208=ORIENTED_EDGE('',*,*,#1597,.T.);
#2209=ORIENTED_EDGE('',*,*,#1598,.T.);
#2210=ORIENTED_EDGE('',*,*,#1599,.T.);
#2211=ORIENTED_EDGE('',*,*,#1600,.T.);
#2212=ORIENTED_EDGE('',*,*,#1601,.T.);
#2213=ORIENTED_EDGE('',*,*,#1602,.T.);
#2214=ORIENTED_EDGE('',*,*,#1603,.T.);
#2215=ORIENTED_EDGE('',*,*,#1604,.T.);
#2216=ORIENTED_EDGE('',*,*,#1605,.T.);
#2217=ORIENTED_EDGE('',*,*,#1606,.T.);
#2218=ORIENTED_EDGE('',*,*,#1607,.T.);
#2219=ORIENTED_EDGE('',*,*,#1608,.F.);
#2220=ORIENTED_EDGE('',*,*,#1609,.T.);
#2221=ORIENTED_EDGE('',*,*,#1610,.F.);
#2222=ORIENTED_EDGE('',*,*,#1611,.T.);
#2223=ORIENTED_EDGE('',*,*,#1612,.T.);
#2224=ORIENTED_EDGE('',*,*,#1613,.T.);
#2225=ORIENTED_EDGE('',*,*,#1614,.T.);
#2226=ORIENTED_EDGE('',*,*,#1615,.T.);
#2227=ORIENTED_EDGE('',*,*,#1616,.T.);
#2228=ORIENTED_EDGE('',*,*,#1617,.T.);
#2229=ORIENTED_EDGE('',*,*,#1618,.T.);
#2230=ORIENTED_EDGE('',*,*,#1619,.T.);
#2231=ORIENTED_EDGE('',*,*,#1620,.T.);
#2232=ORIENTED_EDGE('',*,*,#1621,.T.);
#2233=ORIENTED_EDGE('',*,*,#1622,.T.);
#2234=ORIENTED_EDGE('',*,*,#1623,.T.);
#2235=ORIENTED_EDGE('',*,*,#1624,.T.);
#2236=ORIENTED_EDGE('',*,*,#1625,.T.);
#2237=ORIENTED_EDGE('',*,*,#1626,.T.);
#2238=ORIENTED_EDGE('',*,*,#1627,.T.);
#2239=ORIENTED_EDGE('',*,*,#1628,.T.);
#2240=ORIENTED_EDGE('',*,*,#1629,.T.);
#2241=ORIENTED_EDGE('',*,*,#1630,.T.);
#2242=ORIENTED_EDGE('',*,*,#1631,.T.);
#2243=ORIENTED_EDGE('',*,*,#1632,.F.);
#2244=ORIENTED_EDGE('',*,*,#1633,.T.);
#2245=ORIENTED_EDGE('',*,*,#1634,.T.);
#2246=ORIENTED_EDGE('',*,*,#1635,.T.);
#2247=ORIENTED_EDGE('',*,*,#1636,.T.);
#2248=ORIENTED_EDGE('',*,*,#1637,.T.);
#2249=ORIENTED_EDGE('',*,*,#1638,.T.);
#2250=ORIENTED_EDGE('',*,*,#1639,.T.);
#2251=ORIENTED_EDGE('',*,*,#1640,.T.);
#2252=ORIENTED_EDGE('',*,*,#1641,.T.);
#2253=ORIENTED_EDGE('',*,*,#1642,.T.);
#2254=ORIENTED_EDGE('',*,*,#1643,.T.);
#2255=ORIENTED_EDGE('',*,*,#1644,.T.);
#2256=ORIENTED_EDGE('',*,*,#1645,.T.);
#2257=ORIENTED_EDGE('',*,*,#1646,.T.);
#2258=ORIENTED_EDGE('',*,*,#1647,.T.);
#2259=ORIENTED_EDGE('',*,*,#1648,.T.);
#2260=ORIENTED_EDGE('',*,*,#1649,.T.);
#2261=ORIENTED_EDGE('',*,*,#1650,.T.);
#2262=ORIENTED_EDGE('',*,*,#1651,.T.);
#2263=ORIENTED_EDGE('',*,*,#1652,.T.);
#2264=ORIENTED_EDGE('',*,*,#1653,.T.);
#2265=ORIENTED_EDGE('',*,*,#1654,.T.);
#2266=ORIENTED_EDGE('',*,*,#1655,.T.);
#2267=ORIENTED_EDGE('',*,*,#1656,.T.);
#2268=ORIENTED_EDGE('',*,*,#1657,.T.);
#2269=ORIENTED_EDGE('',*,*,#1658,.T.);
#2270=ORIENTED_EDGE('',*,*,#1659,.T.);
#2271=ORIENTED_EDGE('',*,*,#1660,.T.);
#2272=ORIENTED_EDGE('',*,*,#1661,.T.);
#2273=ORIENTED_EDGE('',*,*,#1662,.T.);
#2274=ORIENTED_EDGE('',*,*,#1663,.T.);
#2275=ORIENTED_EDGE('',*,*,#1664,.T.);
#2276=ORIENTED_EDGE('',*,*,#1665,.T.);
#2277=ORIENTED_EDGE('',*,*,#1666,.T.);
#2278=ORIENTED_EDGE('',*,*,#1667,.T.);
#2279=ORIENTED_EDGE('',*,*,#1668,.T.);
#2280=ORIENTED_EDGE('',*,*,#1669,.T.);
#2281=ORIENTED_EDGE('',*,*,#1506,.F.);
#2282=ORIENTED_EDGE('',*,*,#1670,.T.);
#2283=ORIENTED_EDGE('',*,*,#1671,.T.);
#2284=ORIENTED_EDGE('',*,*,#1672,.T.);
#2285=ORIENTED_EDGE('',*,*,#1673,.T.);
#2286=ORIENTED_EDGE('',*,*,#1674,.T.);
#2287=ORIENTED_EDGE('',*,*,#1675,.T.);
#2288=ORIENTED_EDGE('',*,*,#1676,.T.);
#2289=ORIENTED_EDGE('',*,*,#1677,.T.);
#2290=ORIENTED_EDGE('',*,*,#1678,.T.);
#2291=ORIENTED_EDGE('',*,*,#1679,.T.);
#2292=ORIENTED_EDGE('',*,*,#1680,.T.);
#2293=ORIENTED_EDGE('',*,*,#1681,.T.);
#2294=ORIENTED_EDGE('',*,*,#1682,.T.);
#2295=ORIENTED_EDGE('',*,*,#1683,.T.);
#2296=ORIENTED_EDGE('',*,*,#1684,.F.);
#2297=ORIENTED_EDGE('',*,*,#1685,.T.);
#2298=ORIENTED_EDGE('',*,*,#1686,.T.);
#2299=ORIENTED_EDGE('',*,*,#1687,.T.);
#2300=ORIENTED_EDGE('',*,*,#1688,.T.);
#2301=ORIENTED_EDGE('',*,*,#1689,.F.);
#2302=ORIENTED_EDGE('',*,*,#1690,.T.);
#2303=ORIENTED_EDGE('',*,*,#1691,.T.);
#2304=ORIENTED_EDGE('',*,*,#1692,.T.);
#2305=ORIENTED_EDGE('',*,*,#1693,.T.);
#2306=ORIENTED_EDGE('',*,*,#1694,.T.);
#2307=ORIENTED_EDGE('',*,*,#1695,.T.);
#2308=ORIENTED_EDGE('',*,*,#1696,.T.);
#2309=ORIENTED_EDGE('',*,*,#1697,.T.);
#2310=ORIENTED_EDGE('',*,*,#1698,.T.);
#2311=ORIENTED_EDGE('',*,*,#1699,.F.);
#2312=ORIENTED_EDGE('',*,*,#1700,.T.);
#2313=ORIENTED_EDGE('',*,*,#1701,.T.);
#2314=ORIENTED_EDGE('',*,*,#1702,.T.);
#2315=ORIENTED_EDGE('',*,*,#1703,.T.);
#2316=ORIENTED_EDGE('',*,*,#1704,.T.);
#2317=ORIENTED_EDGE('',*,*,#1705,.F.);
#2318=ORIENTED_EDGE('',*,*,#1706,.T.);
#2319=ORIENTED_EDGE('',*,*,#1707,.T.);
#2320=ORIENTED_EDGE('',*,*,#1708,.T.);
#2321=ORIENTED_EDGE('',*,*,#1709,.T.);
#2322=ORIENTED_EDGE('',*,*,#1710,.T.);
#2323=ORIENTED_EDGE('',*,*,#1711,.T.);
#2324=ORIENTED_EDGE('',*,*,#1712,.T.);
#2325=ORIENTED_EDGE('',*,*,#1713,.T.);
#2326=ORIENTED_EDGE('',*,*,#1714,.T.);
#2327=ORIENTED_EDGE('',*,*,#1715,.T.);
#2328=ORIENTED_EDGE('',*,*,#1716,.T.);
#2329=ORIENTED_EDGE('',*,*,#1717,.T.);
#2330=ORIENTED_EDGE('',*,*,#1718,.T.);
#2331=ORIENTED_EDGE('',*,*,#1719,.T.);
#2332=ORIENTED_EDGE('',*,*,#1720,.T.);
#2333=ORIENTED_EDGE('',*,*,#1721,.T.);
#2334=ORIENTED_EDGE('',*,*,#1722,.T.);
#2335=ORIENTED_EDGE('',*,*,#1723,.T.);
#2336=ORIENTED_EDGE('',*,*,#1724,.T.);
#2337=ORIENTED_EDGE('',*,*,#1725,.T.);
#2338=ORIENTED_EDGE('',*,*,#1726,.T.);
#2339=ORIENTED_EDGE('',*,*,#1727,.T.);
#2340=ORIENTED_EDGE('',*,*,#1728,.T.);
#2341=ORIENTED_EDGE('',*,*,#1729,.T.);
#2342=ORIENTED_EDGE('',*,*,#1730,.T.);
#2343=ORIENTED_EDGE('',*,*,#1731,.T.);
#2344=ORIENTED_EDGE('',*,*,#1732,.T.);
#2345=ORIENTED_EDGE('',*,*,#1733,.T.);
#2346=ORIENTED_EDGE('',*,*,#1608,.T.);
#2347=ORIENTED_EDGE('',*,*,#1734,.T.);
#2348=ORIENTED_EDGE('',*,*,#1735,.T.);
#2349=ORIENTED_EDGE('',*,*,#1736,.T.);
#2350=ORIENTED_EDGE('',*,*,#1610,.T.);
#2351=ORIENTED_EDGE('',*,*,#1737,.T.);
#2352=ORIENTED_EDGE('',*,*,#1738,.T.);
#2353=ORIENTED_EDGE('',*,*,#1739,.T.);
#2354=ORIENTED_EDGE('',*,*,#1632,.T.);
#2355=ORIENTED_EDGE('',*,*,#1740,.T.);
#2356=ORIENTED_EDGE('',*,*,#1741,.T.);
#2357=ORIENTED_EDGE('',*,*,#1742,.T.);
#2358=ORIENTED_EDGE('',*,*,#1743,.T.);
#2359=ORIENTED_EDGE('',*,*,#1744,.T.);
#2360=ORIENTED_EDGE('',*,*,#1705,.T.);
#2361=ORIENTED_EDGE('',*,*,#1745,.T.);
#2362=ORIENTED_EDGE('',*,*,#1699,.T.);
#2363=ORIENTED_EDGE('',*,*,#1746,.T.);
#2364=ORIENTED_EDGE('',*,*,#1747,.T.);
#2365=ORIENTED_EDGE('',*,*,#1748,.T.);
#2366=ORIENTED_EDGE('',*,*,#1749,.T.);
#2367=ORIENTED_EDGE('',*,*,#1750,.T.);
#2368=ORIENTED_EDGE('',*,*,#1689,.T.);
#2369=ORIENTED_EDGE('',*,*,#1751,.T.);
#2370=ORIENTED_EDGE('',*,*,#1752,.T.);
#2371=ORIENTED_EDGE('',*,*,#1753,.T.);
#2372=ORIENTED_EDGE('',*,*,#1684,.T.);
#2373=ORIENTED_EDGE('',*,*,#1754,.T.);
#2374=ORIENTED_EDGE('',*,*,#1736,.F.);
#2375=ORIENTED_EDGE('',*,*,#1755,.F.);
#2376=ORIENTED_EDGE('',*,*,#1737,.F.);
#2377=ORIENTED_EDGE('',*,*,#1609,.F.);
#2378=ORIENTED_EDGE('',*,*,#1739,.F.);
#2379=ORIENTED_EDGE('',*,*,#1756,.F.);
#2380=ORIENTED_EDGE('',*,*,#1757,.F.);
#2381=ORIENTED_EDGE('',*,*,#1611,.F.);
#2382=ORIENTED_EDGE('',*,*,#1742,.F.);
#2383=ORIENTED_EDGE('',*,*,#1758,.F.);
#2384=ORIENTED_EDGE('',*,*,#1759,.F.);
#2385=ORIENTED_EDGE('',*,*,#1633,.F.);
#2386=ORIENTED_EDGE('',*,*,#1744,.F.);
#2387=ORIENTED_EDGE('',*,*,#1760,.F.);
#2388=ORIENTED_EDGE('',*,*,#1761,.F.);
#2389=ORIENTED_EDGE('',*,*,#1706,.F.);
#2390=ORIENTED_EDGE('',*,*,#1748,.F.);
#2391=ORIENTED_EDGE('',*,*,#1762,.F.);
#2392=ORIENTED_EDGE('',*,*,#1763,.F.);
#2393=ORIENTED_EDGE('',*,*,#1700,.F.);
#2394=ORIENTED_EDGE('',*,*,#1750,.F.);
#2395=ORIENTED_EDGE('',*,*,#1764,.F.);
#2396=ORIENTED_EDGE('',*,*,#1765,.F.);
#2397=ORIENTED_EDGE('',*,*,#1690,.F.);
#2398=ORIENTED_EDGE('',*,*,#1753,.F.);
#2399=ORIENTED_EDGE('',*,*,#1766,.F.);
#2400=ORIENTED_EDGE('',*,*,#1767,.F.);
#2401=ORIENTED_EDGE('',*,*,#1685,.F.);
#2402=ORIENTED_EDGE('',*,*,#1751,.F.);
#2403=ORIENTED_EDGE('',*,*,#1688,.F.);
#2404=ORIENTED_EDGE('',*,*,#1768,.T.);
#2405=ORIENTED_EDGE('',*,*,#1769,.F.);
#2406=ORIENTED_EDGE('',*,*,#1770,.F.);
#2407=ORIENTED_EDGE('',*,*,#1768,.F.);
#2408=ORIENTED_EDGE('',*,*,#1687,.F.);
#2409=ORIENTED_EDGE('',*,*,#1771,.T.);
#2410=ORIENTED_EDGE('',*,*,#1772,.F.);
#2411=ORIENTED_EDGE('',*,*,#1771,.F.);
#2412=ORIENTED_EDGE('',*,*,#1686,.F.);
#2413=ORIENTED_EDGE('',*,*,#1767,.T.);
#2414=ORIENTED_EDGE('',*,*,#1754,.F.);
#2415=ORIENTED_EDGE('',*,*,#1683,.F.);
#2416=ORIENTED_EDGE('',*,*,#1773,.T.);
#2417=ORIENTED_EDGE('',*,*,#1774,.F.);
#2418=ORIENTED_EDGE('',*,*,#1775,.F.);
#2419=ORIENTED_EDGE('',*,*,#1773,.F.);
#2420=ORIENTED_EDGE('',*,*,#1682,.F.);
#2421=ORIENTED_EDGE('',*,*,#1776,.T.);
#2422=ORIENTED_EDGE('',*,*,#1777,.F.);
#2423=ORIENTED_EDGE('',*,*,#1776,.F.);
#2424=ORIENTED_EDGE('',*,*,#1681,.F.);
#2425=ORIENTED_EDGE('',*,*,#1778,.T.);
#2426=ORIENTED_EDGE('',*,*,#1779,.F.);
#2427=ORIENTED_EDGE('',*,*,#1778,.F.);
#2428=ORIENTED_EDGE('',*,*,#1680,.F.);
#2429=ORIENTED_EDGE('',*,*,#1780,.T.);
#2430=ORIENTED_EDGE('',*,*,#1781,.F.);
#2431=ORIENTED_EDGE('',*,*,#1780,.F.);
#2432=ORIENTED_EDGE('',*,*,#1679,.F.);
#2433=ORIENTED_EDGE('',*,*,#1782,.T.);
#2434=ORIENTED_EDGE('',*,*,#1783,.F.);
#2435=ORIENTED_EDGE('',*,*,#1782,.F.);
#2436=ORIENTED_EDGE('',*,*,#1678,.F.);
#2437=ORIENTED_EDGE('',*,*,#1784,.T.);
#2438=ORIENTED_EDGE('',*,*,#1785,.F.);
#2439=ORIENTED_EDGE('',*,*,#1784,.F.);
#2440=ORIENTED_EDGE('',*,*,#1677,.F.);
#2441=ORIENTED_EDGE('',*,*,#1786,.T.);
#2442=ORIENTED_EDGE('',*,*,#1787,.F.);
#2443=ORIENTED_EDGE('',*,*,#1786,.F.);
#2444=ORIENTED_EDGE('',*,*,#1676,.F.);
#2445=ORIENTED_EDGE('',*,*,#1788,.T.);
#2446=ORIENTED_EDGE('',*,*,#1789,.F.);
#2447=ORIENTED_EDGE('',*,*,#1788,.F.);
#2448=ORIENTED_EDGE('',*,*,#1675,.F.);
#2449=ORIENTED_EDGE('',*,*,#1790,.T.);
#2450=ORIENTED_EDGE('',*,*,#1791,.F.);
#2451=ORIENTED_EDGE('',*,*,#1790,.F.);
#2452=ORIENTED_EDGE('',*,*,#1674,.F.);
#2453=ORIENTED_EDGE('',*,*,#1792,.T.);
#2454=ORIENTED_EDGE('',*,*,#1793,.F.);
#2455=ORIENTED_EDGE('',*,*,#1792,.F.);
#2456=ORIENTED_EDGE('',*,*,#1673,.F.);
#2457=ORIENTED_EDGE('',*,*,#1794,.T.);
#2458=ORIENTED_EDGE('',*,*,#1795,.F.);
#2459=ORIENTED_EDGE('',*,*,#1794,.F.);
#2460=ORIENTED_EDGE('',*,*,#1672,.F.);
#2461=ORIENTED_EDGE('',*,*,#1796,.T.);
#2462=ORIENTED_EDGE('',*,*,#1797,.F.);
#2463=ORIENTED_EDGE('',*,*,#1796,.F.);
#2464=ORIENTED_EDGE('',*,*,#1671,.F.);
#2465=ORIENTED_EDGE('',*,*,#1798,.T.);
#2466=ORIENTED_EDGE('',*,*,#1509,.F.);
#2467=ORIENTED_EDGE('',*,*,#1799,.F.);
#2468=ORIENTED_EDGE('',*,*,#1798,.F.);
#2469=ORIENTED_EDGE('',*,*,#1670,.F.);
#2470=ORIENTED_EDGE('',*,*,#1800,.F.);
#2471=ORIENTED_EDGE('',*,*,#1507,.F.);
#2472=ORIENTED_EDGE('',*,*,#1704,.F.);
#2473=ORIENTED_EDGE('',*,*,#1801,.T.);
#2474=ORIENTED_EDGE('',*,*,#1802,.F.);
#2475=ORIENTED_EDGE('',*,*,#1801,.F.);
#2476=ORIENTED_EDGE('',*,*,#1703,.F.);
#2477=ORIENTED_EDGE('',*,*,#1803,.T.);
#2478=ORIENTED_EDGE('',*,*,#1804,.F.);
#2479=ORIENTED_EDGE('',*,*,#1803,.F.);
#2480=ORIENTED_EDGE('',*,*,#1702,.F.);
#2481=ORIENTED_EDGE('',*,*,#1805,.T.);
#2482=ORIENTED_EDGE('',*,*,#1806,.F.);
#2483=ORIENTED_EDGE('',*,*,#1805,.F.);
#2484=ORIENTED_EDGE('',*,*,#1701,.F.);
#2485=ORIENTED_EDGE('',*,*,#1763,.T.);
#2486=ORIENTED_EDGE('',*,*,#1746,.F.);
#2487=ORIENTED_EDGE('',*,*,#1698,.F.);
#2488=ORIENTED_EDGE('',*,*,#1807,.T.);
#2489=ORIENTED_EDGE('',*,*,#1808,.F.);
#2490=ORIENTED_EDGE('',*,*,#1809,.F.);
#2491=ORIENTED_EDGE('',*,*,#1807,.F.);
#2492=ORIENTED_EDGE('',*,*,#1697,.F.);
#2493=ORIENTED_EDGE('',*,*,#1810,.T.);
#2494=ORIENTED_EDGE('',*,*,#1811,.F.);
#2495=ORIENTED_EDGE('',*,*,#1810,.F.);
#2496=ORIENTED_EDGE('',*,*,#1696,.F.);
#2497=ORIENTED_EDGE('',*,*,#1812,.T.);
#2498=ORIENTED_EDGE('',*,*,#1813,.F.);
#2499=ORIENTED_EDGE('',*,*,#1812,.F.);
#2500=ORIENTED_EDGE('',*,*,#1695,.F.);
#2501=ORIENTED_EDGE('',*,*,#1814,.T.);
#2502=ORIENTED_EDGE('',*,*,#1815,.F.);
#2503=ORIENTED_EDGE('',*,*,#1814,.F.);
#2504=ORIENTED_EDGE('',*,*,#1694,.F.);
#2505=ORIENTED_EDGE('',*,*,#1816,.T.);
#2506=ORIENTED_EDGE('',*,*,#1817,.F.);
#2507=ORIENTED_EDGE('',*,*,#1816,.F.);
#2508=ORIENTED_EDGE('',*,*,#1693,.F.);
#2509=ORIENTED_EDGE('',*,*,#1818,.T.);
#2510=ORIENTED_EDGE('',*,*,#1819,.F.);
#2511=ORIENTED_EDGE('',*,*,#1818,.F.);
#2512=ORIENTED_EDGE('',*,*,#1692,.F.);
#2513=ORIENTED_EDGE('',*,*,#1820,.T.);
#2514=ORIENTED_EDGE('',*,*,#1821,.F.);
#2515=ORIENTED_EDGE('',*,*,#1820,.F.);
#2516=ORIENTED_EDGE('',*,*,#1691,.F.);
#2517=ORIENTED_EDGE('',*,*,#1765,.T.);
#2518=ORIENTED_EDGE('',*,*,#1764,.T.);
#2519=ORIENTED_EDGE('',*,*,#1749,.F.);
#2520=ORIENTED_EDGE('',*,*,#1769,.T.);
#2521=ORIENTED_EDGE('',*,*,#1770,.T.);
#2522=ORIENTED_EDGE('',*,*,#1772,.T.);
#2523=ORIENTED_EDGE('',*,*,#1766,.T.);
#2524=ORIENTED_EDGE('',*,*,#1752,.F.);
#2525=ORIENTED_EDGE('',*,*,#1774,.T.);
#2526=ORIENTED_EDGE('',*,*,#1775,.T.);
#2527=ORIENTED_EDGE('',*,*,#1777,.T.);
#2528=ORIENTED_EDGE('',*,*,#1779,.T.);
#2529=ORIENTED_EDGE('',*,*,#1781,.T.);
#2530=ORIENTED_EDGE('',*,*,#1783,.T.);
#2531=ORIENTED_EDGE('',*,*,#1785,.T.);
#2532=ORIENTED_EDGE('',*,*,#1787,.T.);
#2533=ORIENTED_EDGE('',*,*,#1789,.T.);
#2534=ORIENTED_EDGE('',*,*,#1791,.T.);
#2535=ORIENTED_EDGE('',*,*,#1793,.T.);
#2536=ORIENTED_EDGE('',*,*,#1795,.T.);
#2537=ORIENTED_EDGE('',*,*,#1797,.T.);
#2538=ORIENTED_EDGE('',*,*,#1799,.T.);
#2539=ORIENTED_EDGE('',*,*,#1508,.F.);
#2540=ORIENTED_EDGE('',*,*,#1800,.T.);
#2541=ORIENTED_EDGE('',*,*,#1802,.T.);
#2542=ORIENTED_EDGE('',*,*,#1804,.T.);
#2543=ORIENTED_EDGE('',*,*,#1806,.T.);
#2544=ORIENTED_EDGE('',*,*,#1762,.T.);
#2545=ORIENTED_EDGE('',*,*,#1747,.F.);
#2546=ORIENTED_EDGE('',*,*,#1808,.T.);
#2547=ORIENTED_EDGE('',*,*,#1809,.T.);
#2548=ORIENTED_EDGE('',*,*,#1811,.T.);
#2549=ORIENTED_EDGE('',*,*,#1813,.T.);
#2550=ORIENTED_EDGE('',*,*,#1815,.T.);
#2551=ORIENTED_EDGE('',*,*,#1817,.T.);
#2552=ORIENTED_EDGE('',*,*,#1819,.T.);
#2553=ORIENTED_EDGE('',*,*,#1821,.T.);
#2554=ORIENTED_EDGE('',*,*,#1745,.F.);
#2555=ORIENTED_EDGE('',*,*,#1733,.F.);
#2556=ORIENTED_EDGE('',*,*,#1822,.T.);
#2557=ORIENTED_EDGE('',*,*,#1823,.F.);
#2558=ORIENTED_EDGE('',*,*,#1824,.F.);
#2559=ORIENTED_EDGE('',*,*,#1822,.F.);
#2560=ORIENTED_EDGE('',*,*,#1732,.F.);
#2561=ORIENTED_EDGE('',*,*,#1825,.T.);
#2562=ORIENTED_EDGE('',*,*,#1826,.F.);
#2563=ORIENTED_EDGE('',*,*,#1825,.F.);
#2564=ORIENTED_EDGE('',*,*,#1731,.F.);
#2565=ORIENTED_EDGE('',*,*,#1827,.T.);
#2566=ORIENTED_EDGE('',*,*,#1828,.F.);
#2567=ORIENTED_EDGE('',*,*,#1827,.F.);
#2568=ORIENTED_EDGE('',*,*,#1730,.F.);
#2569=ORIENTED_EDGE('',*,*,#1829,.T.);
#2570=ORIENTED_EDGE('',*,*,#1830,.F.);
#2571=ORIENTED_EDGE('',*,*,#1829,.F.);
#2572=ORIENTED_EDGE('',*,*,#1729,.F.);
#2573=ORIENTED_EDGE('',*,*,#1831,.T.);
#2574=ORIENTED_EDGE('',*,*,#1832,.F.);
#2575=ORIENTED_EDGE('',*,*,#1831,.F.);
#2576=ORIENTED_EDGE('',*,*,#1728,.F.);
#2577=ORIENTED_EDGE('',*,*,#1833,.T.);
#2578=ORIENTED_EDGE('',*,*,#1834,.F.);
#2579=ORIENTED_EDGE('',*,*,#1833,.F.);
#2580=ORIENTED_EDGE('',*,*,#1727,.F.);
#2581=ORIENTED_EDGE('',*,*,#1835,.T.);
#2582=ORIENTED_EDGE('',*,*,#1836,.F.);
#2583=ORIENTED_EDGE('',*,*,#1835,.F.);
#2584=ORIENTED_EDGE('',*,*,#1726,.F.);
#2585=ORIENTED_EDGE('',*,*,#1837,.T.);
#2586=ORIENTED_EDGE('',*,*,#1838,.F.);
#2587=ORIENTED_EDGE('',*,*,#1837,.F.);
#2588=ORIENTED_EDGE('',*,*,#1725,.F.);
#2589=ORIENTED_EDGE('',*,*,#1839,.T.);
#2590=ORIENTED_EDGE('',*,*,#1840,.F.);
#2591=ORIENTED_EDGE('',*,*,#1839,.F.);
#2592=ORIENTED_EDGE('',*,*,#1724,.F.);
#2593=ORIENTED_EDGE('',*,*,#1841,.T.);
#2594=ORIENTED_EDGE('',*,*,#1842,.F.);
#2595=ORIENTED_EDGE('',*,*,#1841,.F.);
#2596=ORIENTED_EDGE('',*,*,#1723,.F.);
#2597=ORIENTED_EDGE('',*,*,#1843,.T.);
#2598=ORIENTED_EDGE('',*,*,#1844,.F.);
#2599=ORIENTED_EDGE('',*,*,#1843,.F.);
#2600=ORIENTED_EDGE('',*,*,#1722,.F.);
#2601=ORIENTED_EDGE('',*,*,#1845,.T.);
#2602=ORIENTED_EDGE('',*,*,#1846,.F.);
#2603=ORIENTED_EDGE('',*,*,#1845,.F.);
#2604=ORIENTED_EDGE('',*,*,#1721,.F.);
#2605=ORIENTED_EDGE('',*,*,#1847,.T.);
#2606=ORIENTED_EDGE('',*,*,#1848,.F.);
#2607=ORIENTED_EDGE('',*,*,#1847,.F.);
#2608=ORIENTED_EDGE('',*,*,#1720,.F.);
#2609=ORIENTED_EDGE('',*,*,#1849,.T.);
#2610=ORIENTED_EDGE('',*,*,#1850,.F.);
#2611=ORIENTED_EDGE('',*,*,#1849,.F.);
#2612=ORIENTED_EDGE('',*,*,#1719,.F.);
#2613=ORIENTED_EDGE('',*,*,#1851,.T.);
#2614=ORIENTED_EDGE('',*,*,#1852,.F.);
#2615=ORIENTED_EDGE('',*,*,#1851,.F.);
#2616=ORIENTED_EDGE('',*,*,#1718,.F.);
#2617=ORIENTED_EDGE('',*,*,#1853,.T.);
#2618=ORIENTED_EDGE('',*,*,#1854,.F.);
#2619=ORIENTED_EDGE('',*,*,#1853,.F.);
#2620=ORIENTED_EDGE('',*,*,#1717,.F.);
#2621=ORIENTED_EDGE('',*,*,#1855,.T.);
#2622=ORIENTED_EDGE('',*,*,#1856,.F.);
#2623=ORIENTED_EDGE('',*,*,#1855,.F.);
#2624=ORIENTED_EDGE('',*,*,#1716,.F.);
#2625=ORIENTED_EDGE('',*,*,#1857,.T.);
#2626=ORIENTED_EDGE('',*,*,#1858,.F.);
#2627=ORIENTED_EDGE('',*,*,#1857,.F.);
#2628=ORIENTED_EDGE('',*,*,#1715,.F.);
#2629=ORIENTED_EDGE('',*,*,#1859,.T.);
#2630=ORIENTED_EDGE('',*,*,#1860,.F.);
#2631=ORIENTED_EDGE('',*,*,#1859,.F.);
#2632=ORIENTED_EDGE('',*,*,#1714,.F.);
#2633=ORIENTED_EDGE('',*,*,#1861,.T.);
#2634=ORIENTED_EDGE('',*,*,#1862,.F.);
#2635=ORIENTED_EDGE('',*,*,#1861,.F.);
#2636=ORIENTED_EDGE('',*,*,#1713,.F.);
#2637=ORIENTED_EDGE('',*,*,#1863,.T.);
#2638=ORIENTED_EDGE('',*,*,#1864,.F.);
#2639=ORIENTED_EDGE('',*,*,#1863,.F.);
#2640=ORIENTED_EDGE('',*,*,#1712,.F.);
#2641=ORIENTED_EDGE('',*,*,#1865,.T.);
#2642=ORIENTED_EDGE('',*,*,#1866,.F.);
#2643=ORIENTED_EDGE('',*,*,#1865,.F.);
#2644=ORIENTED_EDGE('',*,*,#1711,.F.);
#2645=ORIENTED_EDGE('',*,*,#1867,.T.);
#2646=ORIENTED_EDGE('',*,*,#1868,.F.);
#2647=ORIENTED_EDGE('',*,*,#1867,.F.);
#2648=ORIENTED_EDGE('',*,*,#1710,.F.);
#2649=ORIENTED_EDGE('',*,*,#1869,.T.);
#2650=ORIENTED_EDGE('',*,*,#1870,.F.);
#2651=ORIENTED_EDGE('',*,*,#1869,.F.);
#2652=ORIENTED_EDGE('',*,*,#1709,.F.);
#2653=ORIENTED_EDGE('',*,*,#1871,.T.);
#2654=ORIENTED_EDGE('',*,*,#1872,.F.);
#2655=ORIENTED_EDGE('',*,*,#1871,.F.);
#2656=ORIENTED_EDGE('',*,*,#1708,.F.);
#2657=ORIENTED_EDGE('',*,*,#1873,.T.);
#2658=ORIENTED_EDGE('',*,*,#1874,.F.);
#2659=ORIENTED_EDGE('',*,*,#1873,.F.);
#2660=ORIENTED_EDGE('',*,*,#1707,.F.);
#2661=ORIENTED_EDGE('',*,*,#1761,.T.);
#2662=ORIENTED_EDGE('',*,*,#1760,.T.);
#2663=ORIENTED_EDGE('',*,*,#1743,.F.);
#2664=ORIENTED_EDGE('',*,*,#1823,.T.);
#2665=ORIENTED_EDGE('',*,*,#1824,.T.);
#2666=ORIENTED_EDGE('',*,*,#1826,.T.);
#2667=ORIENTED_EDGE('',*,*,#1828,.T.);
#2668=ORIENTED_EDGE('',*,*,#1830,.T.);
#2669=ORIENTED_EDGE('',*,*,#1832,.T.);
#2670=ORIENTED_EDGE('',*,*,#1834,.T.);
#2671=ORIENTED_EDGE('',*,*,#1836,.T.);
#2672=ORIENTED_EDGE('',*,*,#1838,.T.);
#2673=ORIENTED_EDGE('',*,*,#1840,.T.);
#2674=ORIENTED_EDGE('',*,*,#1842,.T.);
#2675=ORIENTED_EDGE('',*,*,#1844,.T.);
#2676=ORIENTED_EDGE('',*,*,#1846,.T.);
#2677=ORIENTED_EDGE('',*,*,#1848,.T.);
#2678=ORIENTED_EDGE('',*,*,#1850,.T.);
#2679=ORIENTED_EDGE('',*,*,#1852,.T.);
#2680=ORIENTED_EDGE('',*,*,#1854,.T.);
#2681=ORIENTED_EDGE('',*,*,#1856,.T.);
#2682=ORIENTED_EDGE('',*,*,#1858,.T.);
#2683=ORIENTED_EDGE('',*,*,#1860,.T.);
#2684=ORIENTED_EDGE('',*,*,#1862,.T.);
#2685=ORIENTED_EDGE('',*,*,#1864,.T.);
#2686=ORIENTED_EDGE('',*,*,#1866,.T.);
#2687=ORIENTED_EDGE('',*,*,#1868,.T.);
#2688=ORIENTED_EDGE('',*,*,#1870,.T.);
#2689=ORIENTED_EDGE('',*,*,#1872,.T.);
#2690=ORIENTED_EDGE('',*,*,#1874,.T.);
#2691=ORIENTED_EDGE('',*,*,#1875,.F.);
#2692=ORIENTED_EDGE('',*,*,#1876,.F.);
#2693=ORIENTED_EDGE('',*,*,#1654,.F.);
#2694=ORIENTED_EDGE('',*,*,#1877,.T.);
#2695=ORIENTED_EDGE('',*,*,#1878,.F.);
#2696=ORIENTED_EDGE('',*,*,#1877,.F.);
#2697=ORIENTED_EDGE('',*,*,#1669,.F.);
#2698=ORIENTED_EDGE('',*,*,#1879,.T.);
#2699=ORIENTED_EDGE('',*,*,#1880,.F.);
#2700=ORIENTED_EDGE('',*,*,#1879,.F.);
#2701=ORIENTED_EDGE('',*,*,#1668,.F.);
#2702=ORIENTED_EDGE('',*,*,#1881,.T.);
#2703=ORIENTED_EDGE('',*,*,#1882,.F.);
#2704=ORIENTED_EDGE('',*,*,#1881,.F.);
#2705=ORIENTED_EDGE('',*,*,#1667,.F.);
#2706=ORIENTED_EDGE('',*,*,#1883,.T.);
#2707=ORIENTED_EDGE('',*,*,#1884,.F.);
#2708=ORIENTED_EDGE('',*,*,#1883,.F.);
#2709=ORIENTED_EDGE('',*,*,#1666,.F.);
#2710=ORIENTED_EDGE('',*,*,#1885,.T.);
#2711=ORIENTED_EDGE('',*,*,#1886,.F.);
#2712=ORIENTED_EDGE('',*,*,#1885,.F.);
#2713=ORIENTED_EDGE('',*,*,#1665,.F.);
#2714=ORIENTED_EDGE('',*,*,#1887,.T.);
#2715=ORIENTED_EDGE('',*,*,#1888,.F.);
#2716=ORIENTED_EDGE('',*,*,#1887,.F.);
#2717=ORIENTED_EDGE('',*,*,#1664,.F.);
#2718=ORIENTED_EDGE('',*,*,#1889,.T.);
#2719=ORIENTED_EDGE('',*,*,#1890,.F.);
#2720=ORIENTED_EDGE('',*,*,#1889,.F.);
#2721=ORIENTED_EDGE('',*,*,#1663,.F.);
#2722=ORIENTED_EDGE('',*,*,#1891,.T.);
#2723=ORIENTED_EDGE('',*,*,#1892,.F.);
#2724=ORIENTED_EDGE('',*,*,#1891,.F.);
#2725=ORIENTED_EDGE('',*,*,#1662,.F.);
#2726=ORIENTED_EDGE('',*,*,#1893,.T.);
#2727=ORIENTED_EDGE('',*,*,#1894,.F.);
#2728=ORIENTED_EDGE('',*,*,#1893,.F.);
#2729=ORIENTED_EDGE('',*,*,#1661,.F.);
#2730=ORIENTED_EDGE('',*,*,#1895,.T.);
#2731=ORIENTED_EDGE('',*,*,#1896,.F.);
#2732=ORIENTED_EDGE('',*,*,#1895,.F.);
#2733=ORIENTED_EDGE('',*,*,#1660,.F.);
#2734=ORIENTED_EDGE('',*,*,#1897,.T.);
#2735=ORIENTED_EDGE('',*,*,#1898,.F.);
#2736=ORIENTED_EDGE('',*,*,#1897,.F.);
#2737=ORIENTED_EDGE('',*,*,#1659,.F.);
#2738=ORIENTED_EDGE('',*,*,#1899,.T.);
#2739=ORIENTED_EDGE('',*,*,#1900,.F.);
#2740=ORIENTED_EDGE('',*,*,#1899,.F.);
#2741=ORIENTED_EDGE('',*,*,#1658,.F.);
#2742=ORIENTED_EDGE('',*,*,#1901,.T.);
#2743=ORIENTED_EDGE('',*,*,#1902,.F.);
#2744=ORIENTED_EDGE('',*,*,#1901,.F.);
#2745=ORIENTED_EDGE('',*,*,#1657,.F.);
#2746=ORIENTED_EDGE('',*,*,#1903,.T.);
#2747=ORIENTED_EDGE('',*,*,#1904,.F.);
#2748=ORIENTED_EDGE('',*,*,#1903,.F.);
#2749=ORIENTED_EDGE('',*,*,#1656,.F.);
#2750=ORIENTED_EDGE('',*,*,#1905,.T.);
#2751=ORIENTED_EDGE('',*,*,#1906,.F.);
#2752=ORIENTED_EDGE('',*,*,#1905,.F.);
#2753=ORIENTED_EDGE('',*,*,#1655,.F.);
#2754=ORIENTED_EDGE('',*,*,#1876,.T.);
#2755=ORIENTED_EDGE('',*,*,#1907,.F.);
#2756=ORIENTED_EDGE('',*,*,#1908,.F.);
#2757=ORIENTED_EDGE('',*,*,#1909,.F.);
#2758=ORIENTED_EDGE('',*,*,#1910,.T.);
#2759=ORIENTED_EDGE('',*,*,#1911,.F.);
#2760=ORIENTED_EDGE('',*,*,#1910,.F.);
#2761=ORIENTED_EDGE('',*,*,#1912,.F.);
#2762=ORIENTED_EDGE('',*,*,#1913,.T.);
#2763=ORIENTED_EDGE('',*,*,#1914,.F.);
#2764=ORIENTED_EDGE('',*,*,#1913,.F.);
#2765=ORIENTED_EDGE('',*,*,#1915,.F.);
#2766=ORIENTED_EDGE('',*,*,#1916,.T.);
#2767=ORIENTED_EDGE('',*,*,#1917,.F.);
#2768=ORIENTED_EDGE('',*,*,#1916,.F.);
#2769=ORIENTED_EDGE('',*,*,#1918,.F.);
#2770=ORIENTED_EDGE('',*,*,#1919,.T.);
#2771=ORIENTED_EDGE('',*,*,#1920,.F.);
#2772=ORIENTED_EDGE('',*,*,#1919,.F.);
#2773=ORIENTED_EDGE('',*,*,#1921,.F.);
#2774=ORIENTED_EDGE('',*,*,#1922,.T.);
#2775=ORIENTED_EDGE('',*,*,#1923,.F.);
#2776=ORIENTED_EDGE('',*,*,#1922,.F.);
#2777=ORIENTED_EDGE('',*,*,#1924,.F.);
#2778=ORIENTED_EDGE('',*,*,#1925,.T.);
#2779=ORIENTED_EDGE('',*,*,#1926,.F.);
#2780=ORIENTED_EDGE('',*,*,#1925,.F.);
#2781=ORIENTED_EDGE('',*,*,#1927,.F.);
#2782=ORIENTED_EDGE('',*,*,#1928,.T.);
#2783=ORIENTED_EDGE('',*,*,#1929,.F.);
#2784=ORIENTED_EDGE('',*,*,#1928,.F.);
#2785=ORIENTED_EDGE('',*,*,#1930,.F.);
#2786=ORIENTED_EDGE('',*,*,#1931,.T.);
#2787=ORIENTED_EDGE('',*,*,#1932,.F.);
#2788=ORIENTED_EDGE('',*,*,#1931,.F.);
#2789=ORIENTED_EDGE('',*,*,#1933,.F.);
#2790=ORIENTED_EDGE('',*,*,#1934,.T.);
#2791=ORIENTED_EDGE('',*,*,#1935,.F.);
#2792=ORIENTED_EDGE('',*,*,#1934,.F.);
#2793=ORIENTED_EDGE('',*,*,#1936,.F.);
#2794=ORIENTED_EDGE('',*,*,#1908,.T.);
#2795=ORIENTED_EDGE('',*,*,#1907,.T.);
#2796=ORIENTED_EDGE('',*,*,#1911,.T.);
#2797=ORIENTED_EDGE('',*,*,#1914,.T.);
#2798=ORIENTED_EDGE('',*,*,#1917,.T.);
#2799=ORIENTED_EDGE('',*,*,#1920,.T.);
#2800=ORIENTED_EDGE('',*,*,#1923,.T.);
#2801=ORIENTED_EDGE('',*,*,#1926,.T.);
#2802=ORIENTED_EDGE('',*,*,#1929,.T.);
#2803=ORIENTED_EDGE('',*,*,#1932,.T.);
#2804=ORIENTED_EDGE('',*,*,#1935,.T.);
#2805=ORIENTED_EDGE('',*,*,#1875,.T.);
#2806=ORIENTED_EDGE('',*,*,#1878,.T.);
#2807=ORIENTED_EDGE('',*,*,#1880,.T.);
#2808=ORIENTED_EDGE('',*,*,#1882,.T.);
#2809=ORIENTED_EDGE('',*,*,#1884,.T.);
#2810=ORIENTED_EDGE('',*,*,#1886,.T.);
#2811=ORIENTED_EDGE('',*,*,#1888,.T.);
#2812=ORIENTED_EDGE('',*,*,#1890,.T.);
#2813=ORIENTED_EDGE('',*,*,#1892,.T.);
#2814=ORIENTED_EDGE('',*,*,#1894,.T.);
#2815=ORIENTED_EDGE('',*,*,#1896,.T.);
#2816=ORIENTED_EDGE('',*,*,#1898,.T.);
#2817=ORIENTED_EDGE('',*,*,#1900,.T.);
#2818=ORIENTED_EDGE('',*,*,#1902,.T.);
#2819=ORIENTED_EDGE('',*,*,#1904,.T.);
#2820=ORIENTED_EDGE('',*,*,#1906,.T.);
#2821=ORIENTED_EDGE('',*,*,#1909,.T.);
#2822=ORIENTED_EDGE('',*,*,#1936,.T.);
#2823=ORIENTED_EDGE('',*,*,#1933,.T.);
#2824=ORIENTED_EDGE('',*,*,#1930,.T.);
#2825=ORIENTED_EDGE('',*,*,#1927,.T.);
#2826=ORIENTED_EDGE('',*,*,#1924,.T.);
#2827=ORIENTED_EDGE('',*,*,#1921,.T.);
#2828=ORIENTED_EDGE('',*,*,#1918,.T.);
#2829=ORIENTED_EDGE('',*,*,#1915,.T.);
#2830=ORIENTED_EDGE('',*,*,#1912,.T.);
#2831=ORIENTED_EDGE('',*,*,#1937,.F.);
#2832=ORIENTED_EDGE('',*,*,#1938,.F.);
#2833=ORIENTED_EDGE('',*,*,#1645,.F.);
#2834=ORIENTED_EDGE('',*,*,#1939,.T.);
#2835=ORIENTED_EDGE('',*,*,#1940,.F.);
#2836=ORIENTED_EDGE('',*,*,#1939,.F.);
#2837=ORIENTED_EDGE('',*,*,#1644,.F.);
#2838=ORIENTED_EDGE('',*,*,#1941,.T.);
#2839=ORIENTED_EDGE('',*,*,#1942,.F.);
#2840=ORIENTED_EDGE('',*,*,#1941,.F.);
#2841=ORIENTED_EDGE('',*,*,#1643,.F.);
#2842=ORIENTED_EDGE('',*,*,#1943,.T.);
#2843=ORIENTED_EDGE('',*,*,#1944,.F.);
#2844=ORIENTED_EDGE('',*,*,#1943,.F.);
#2845=ORIENTED_EDGE('',*,*,#1642,.F.);
#2846=ORIENTED_EDGE('',*,*,#1945,.T.);
#2847=ORIENTED_EDGE('',*,*,#1946,.F.);
#2848=ORIENTED_EDGE('',*,*,#1945,.F.);
#2849=ORIENTED_EDGE('',*,*,#1641,.F.);
#2850=ORIENTED_EDGE('',*,*,#1947,.T.);
#2851=ORIENTED_EDGE('',*,*,#1948,.F.);
#2852=ORIENTED_EDGE('',*,*,#1947,.F.);
#2853=ORIENTED_EDGE('',*,*,#1640,.F.);
#2854=ORIENTED_EDGE('',*,*,#1949,.T.);
#2855=ORIENTED_EDGE('',*,*,#1950,.F.);
#2856=ORIENTED_EDGE('',*,*,#1949,.F.);
#2857=ORIENTED_EDGE('',*,*,#1639,.F.);
#2858=ORIENTED_EDGE('',*,*,#1951,.T.);
#2859=ORIENTED_EDGE('',*,*,#1952,.F.);
#2860=ORIENTED_EDGE('',*,*,#1951,.F.);
#2861=ORIENTED_EDGE('',*,*,#1638,.F.);
#2862=ORIENTED_EDGE('',*,*,#1953,.T.);
#2863=ORIENTED_EDGE('',*,*,#1954,.F.);
#2864=ORIENTED_EDGE('',*,*,#1953,.F.);
#2865=ORIENTED_EDGE('',*,*,#1637,.F.);
#2866=ORIENTED_EDGE('',*,*,#1955,.T.);
#2867=ORIENTED_EDGE('',*,*,#1956,.F.);
#2868=ORIENTED_EDGE('',*,*,#1955,.F.);
#2869=ORIENTED_EDGE('',*,*,#1636,.F.);
#2870=ORIENTED_EDGE('',*,*,#1957,.T.);
#2871=ORIENTED_EDGE('',*,*,#1958,.F.);
#2872=ORIENTED_EDGE('',*,*,#1957,.F.);
#2873=ORIENTED_EDGE('',*,*,#1635,.F.);
#2874=ORIENTED_EDGE('',*,*,#1959,.T.);
#2875=ORIENTED_EDGE('',*,*,#1960,.F.);
#2876=ORIENTED_EDGE('',*,*,#1959,.F.);
#2877=ORIENTED_EDGE('',*,*,#1634,.F.);
#2878=ORIENTED_EDGE('',*,*,#1759,.T.);
#2879=ORIENTED_EDGE('',*,*,#1740,.F.);
#2880=ORIENTED_EDGE('',*,*,#1653,.F.);
#2881=ORIENTED_EDGE('',*,*,#1961,.T.);
#2882=ORIENTED_EDGE('',*,*,#1962,.F.);
#2883=ORIENTED_EDGE('',*,*,#1963,.F.);
#2884=ORIENTED_EDGE('',*,*,#1961,.F.);
#2885=ORIENTED_EDGE('',*,*,#1652,.F.);
#2886=ORIENTED_EDGE('',*,*,#1964,.T.);
#2887=ORIENTED_EDGE('',*,*,#1965,.F.);
#2888=ORIENTED_EDGE('',*,*,#1964,.F.);
#2889=ORIENTED_EDGE('',*,*,#1651,.F.);
#2890=ORIENTED_EDGE('',*,*,#1966,.T.);
#2891=ORIENTED_EDGE('',*,*,#1967,.F.);
#2892=ORIENTED_EDGE('',*,*,#1966,.F.);
#2893=ORIENTED_EDGE('',*,*,#1650,.F.);
#2894=ORIENTED_EDGE('',*,*,#1968,.T.);
#2895=ORIENTED_EDGE('',*,*,#1969,.F.);
#2896=ORIENTED_EDGE('',*,*,#1968,.F.);
#2897=ORIENTED_EDGE('',*,*,#1649,.F.);
#2898=ORIENTED_EDGE('',*,*,#1970,.T.);
#2899=ORIENTED_EDGE('',*,*,#1971,.F.);
#2900=ORIENTED_EDGE('',*,*,#1970,.F.);
#2901=ORIENTED_EDGE('',*,*,#1648,.F.);
#2902=ORIENTED_EDGE('',*,*,#1972,.T.);
#2903=ORIENTED_EDGE('',*,*,#1973,.F.);
#2904=ORIENTED_EDGE('',*,*,#1972,.F.);
#2905=ORIENTED_EDGE('',*,*,#1647,.F.);
#2906=ORIENTED_EDGE('',*,*,#1974,.T.);
#2907=ORIENTED_EDGE('',*,*,#1975,.F.);
#2908=ORIENTED_EDGE('',*,*,#1974,.F.);
#2909=ORIENTED_EDGE('',*,*,#1646,.F.);
#2910=ORIENTED_EDGE('',*,*,#1938,.T.);
#2911=ORIENTED_EDGE('',*,*,#1937,.T.);
#2912=ORIENTED_EDGE('',*,*,#1940,.T.);
#2913=ORIENTED_EDGE('',*,*,#1942,.T.);
#2914=ORIENTED_EDGE('',*,*,#1944,.T.);
#2915=ORIENTED_EDGE('',*,*,#1946,.T.);
#2916=ORIENTED_EDGE('',*,*,#1948,.T.);
#2917=ORIENTED_EDGE('',*,*,#1950,.T.);
#2918=ORIENTED_EDGE('',*,*,#1952,.T.);
#2919=ORIENTED_EDGE('',*,*,#1954,.T.);
#2920=ORIENTED_EDGE('',*,*,#1956,.T.);
#2921=ORIENTED_EDGE('',*,*,#1958,.T.);
#2922=ORIENTED_EDGE('',*,*,#1960,.T.);
#2923=ORIENTED_EDGE('',*,*,#1758,.T.);
#2924=ORIENTED_EDGE('',*,*,#1741,.F.);
#2925=ORIENTED_EDGE('',*,*,#1962,.T.);
#2926=ORIENTED_EDGE('',*,*,#1963,.T.);
#2927=ORIENTED_EDGE('',*,*,#1965,.T.);
#2928=ORIENTED_EDGE('',*,*,#1967,.T.);
#2929=ORIENTED_EDGE('',*,*,#1969,.T.);
#2930=ORIENTED_EDGE('',*,*,#1971,.T.);
#2931=ORIENTED_EDGE('',*,*,#1973,.T.);
#2932=ORIENTED_EDGE('',*,*,#1975,.T.);
#2933=ORIENTED_EDGE('',*,*,#1976,.F.);
#2934=ORIENTED_EDGE('',*,*,#1977,.F.);
#2935=ORIENTED_EDGE('',*,*,#1630,.F.);
#2936=ORIENTED_EDGE('',*,*,#1978,.T.);
#2937=ORIENTED_EDGE('',*,*,#1979,.F.);
#2938=ORIENTED_EDGE('',*,*,#1978,.F.);
#2939=ORIENTED_EDGE('',*,*,#1629,.F.);
#2940=ORIENTED_EDGE('',*,*,#1980,.T.);
#2941=ORIENTED_EDGE('',*,*,#1981,.F.);
#2942=ORIENTED_EDGE('',*,*,#1980,.F.);
#2943=ORIENTED_EDGE('',*,*,#1628,.F.);
#2944=ORIENTED_EDGE('',*,*,#1982,.T.);
#2945=ORIENTED_EDGE('',*,*,#1983,.F.);
#2946=ORIENTED_EDGE('',*,*,#1982,.F.);
#2947=ORIENTED_EDGE('',*,*,#1627,.F.);
#2948=ORIENTED_EDGE('',*,*,#1984,.T.);
#2949=ORIENTED_EDGE('',*,*,#1985,.F.);
#2950=ORIENTED_EDGE('',*,*,#1984,.F.);
#2951=ORIENTED_EDGE('',*,*,#1626,.F.);
#2952=ORIENTED_EDGE('',*,*,#1986,.T.);
#2953=ORIENTED_EDGE('',*,*,#1987,.F.);
#2954=ORIENTED_EDGE('',*,*,#1986,.F.);
#2955=ORIENTED_EDGE('',*,*,#1625,.F.);
#2956=ORIENTED_EDGE('',*,*,#1988,.T.);
#2957=ORIENTED_EDGE('',*,*,#1989,.F.);
#2958=ORIENTED_EDGE('',*,*,#1988,.F.);
#2959=ORIENTED_EDGE('',*,*,#1624,.F.);
#2960=ORIENTED_EDGE('',*,*,#1990,.T.);
#2961=ORIENTED_EDGE('',*,*,#1991,.F.);
#2962=ORIENTED_EDGE('',*,*,#1990,.F.);
#2963=ORIENTED_EDGE('',*,*,#1623,.F.);
#2964=ORIENTED_EDGE('',*,*,#1992,.T.);
#2965=ORIENTED_EDGE('',*,*,#1993,.F.);
#2966=ORIENTED_EDGE('',*,*,#1992,.F.);
#2967=ORIENTED_EDGE('',*,*,#1622,.F.);
#2968=ORIENTED_EDGE('',*,*,#1994,.T.);
#2969=ORIENTED_EDGE('',*,*,#1995,.F.);
#2970=ORIENTED_EDGE('',*,*,#1994,.F.);
#2971=ORIENTED_EDGE('',*,*,#1621,.F.);
#2972=ORIENTED_EDGE('',*,*,#1996,.T.);
#2973=ORIENTED_EDGE('',*,*,#1997,.F.);
#2974=ORIENTED_EDGE('',*,*,#1996,.F.);
#2975=ORIENTED_EDGE('',*,*,#1620,.F.);
#2976=ORIENTED_EDGE('',*,*,#1998,.T.);
#2977=ORIENTED_EDGE('',*,*,#1999,.F.);
#2978=ORIENTED_EDGE('',*,*,#1998,.F.);
#2979=ORIENTED_EDGE('',*,*,#1619,.F.);
#2980=ORIENTED_EDGE('',*,*,#2000,.T.);
#2981=ORIENTED_EDGE('',*,*,#2001,.F.);
#2982=ORIENTED_EDGE('',*,*,#2000,.F.);
#2983=ORIENTED_EDGE('',*,*,#1618,.F.);
#2984=ORIENTED_EDGE('',*,*,#2002,.T.);
#2985=ORIENTED_EDGE('',*,*,#2003,.F.);
#2986=ORIENTED_EDGE('',*,*,#2002,.F.);
#2987=ORIENTED_EDGE('',*,*,#1617,.F.);
#2988=ORIENTED_EDGE('',*,*,#2004,.T.);
#2989=ORIENTED_EDGE('',*,*,#2005,.F.);
#2990=ORIENTED_EDGE('',*,*,#2004,.F.);
#2991=ORIENTED_EDGE('',*,*,#1616,.F.);
#2992=ORIENTED_EDGE('',*,*,#2006,.T.);
#2993=ORIENTED_EDGE('',*,*,#2007,.F.);
#2994=ORIENTED_EDGE('',*,*,#2006,.F.);
#2995=ORIENTED_EDGE('',*,*,#1615,.F.);
#2996=ORIENTED_EDGE('',*,*,#2008,.T.);
#2997=ORIENTED_EDGE('',*,*,#2009,.F.);
#2998=ORIENTED_EDGE('',*,*,#2008,.F.);
#2999=ORIENTED_EDGE('',*,*,#1614,.F.);
#3000=ORIENTED_EDGE('',*,*,#2010,.T.);
#3001=ORIENTED_EDGE('',*,*,#2011,.F.);
#3002=ORIENTED_EDGE('',*,*,#2010,.F.);
#3003=ORIENTED_EDGE('',*,*,#1613,.F.);
#3004=ORIENTED_EDGE('',*,*,#2012,.T.);
#3005=ORIENTED_EDGE('',*,*,#2013,.F.);
#3006=ORIENTED_EDGE('',*,*,#2012,.F.);
#3007=ORIENTED_EDGE('',*,*,#1612,.F.);
#3008=ORIENTED_EDGE('',*,*,#1757,.T.);
#3009=ORIENTED_EDGE('',*,*,#1734,.F.);
#3010=ORIENTED_EDGE('',*,*,#1631,.F.);
#3011=ORIENTED_EDGE('',*,*,#1977,.T.);
#3012=ORIENTED_EDGE('',*,*,#2014,.F.);
#3013=ORIENTED_EDGE('',*,*,#1976,.T.);
#3014=ORIENTED_EDGE('',*,*,#1979,.T.);
#3015=ORIENTED_EDGE('',*,*,#1981,.T.);
#3016=ORIENTED_EDGE('',*,*,#1983,.T.);
#3017=ORIENTED_EDGE('',*,*,#1985,.T.);
#3018=ORIENTED_EDGE('',*,*,#1987,.T.);
#3019=ORIENTED_EDGE('',*,*,#1989,.T.);
#3020=ORIENTED_EDGE('',*,*,#1991,.T.);
#3021=ORIENTED_EDGE('',*,*,#1993,.T.);
#3022=ORIENTED_EDGE('',*,*,#1995,.T.);
#3023=ORIENTED_EDGE('',*,*,#1997,.T.);
#3024=ORIENTED_EDGE('',*,*,#1999,.T.);
#3025=ORIENTED_EDGE('',*,*,#2001,.T.);
#3026=ORIENTED_EDGE('',*,*,#2003,.T.);
#3027=ORIENTED_EDGE('',*,*,#2005,.T.);
#3028=ORIENTED_EDGE('',*,*,#2007,.T.);
#3029=ORIENTED_EDGE('',*,*,#2009,.T.);
#3030=ORIENTED_EDGE('',*,*,#2011,.T.);
#3031=ORIENTED_EDGE('',*,*,#2013,.T.);
#3032=ORIENTED_EDGE('',*,*,#1756,.T.);
#3033=ORIENTED_EDGE('',*,*,#1738,.F.);
#3034=ORIENTED_EDGE('',*,*,#1755,.T.);
#3035=ORIENTED_EDGE('',*,*,#1735,.F.);
#3036=ORIENTED_EDGE('',*,*,#2014,.T.);
#3037=ORIENTED_EDGE('',*,*,#1510,.F.);
#3038=ORIENTED_EDGE('',*,*,#2015,.F.);
#3039=ORIENTED_EDGE('',*,*,#1511,.F.);
#3040=ORIENTED_EDGE('',*,*,#2016,.F.);
#3041=ORIENTED_EDGE('',*,*,#1512,.F.);
#3042=ORIENTED_EDGE('',*,*,#2017,.F.);
#3043=ORIENTED_EDGE('',*,*,#1513,.F.);
#3044=ORIENTED_EDGE('',*,*,#2018,.F.);
#3045=ORIENTED_EDGE('',*,*,#1514,.F.);
#3046=ORIENTED_EDGE('',*,*,#2019,.F.);
#3047=ORIENTED_EDGE('',*,*,#1515,.F.);
#3048=ORIENTED_EDGE('',*,*,#2020,.F.);
#3049=ORIENTED_EDGE('',*,*,#1516,.F.);
#3050=ORIENTED_EDGE('',*,*,#2021,.F.);
#3051=ORIENTED_EDGE('',*,*,#1517,.F.);
#3052=ORIENTED_EDGE('',*,*,#2022,.F.);
#3053=ORIENTED_EDGE('',*,*,#1518,.F.);
#3054=ORIENTED_EDGE('',*,*,#2023,.F.);
#3055=ORIENTED_EDGE('',*,*,#1519,.F.);
#3056=ORIENTED_EDGE('',*,*,#2024,.F.);
#3057=ORIENTED_EDGE('',*,*,#1520,.F.);
#3058=ORIENTED_EDGE('',*,*,#2025,.F.);
#3059=ORIENTED_EDGE('',*,*,#1521,.F.);
#3060=ORIENTED_EDGE('',*,*,#2026,.F.);
#3061=ORIENTED_EDGE('',*,*,#1522,.F.);
#3062=ORIENTED_EDGE('',*,*,#2027,.F.);
#3063=ORIENTED_EDGE('',*,*,#1523,.F.);
#3064=ORIENTED_EDGE('',*,*,#2028,.F.);
#3065=ORIENTED_EDGE('',*,*,#1524,.F.);
#3066=ORIENTED_EDGE('',*,*,#2029,.F.);
#3067=ORIENTED_EDGE('',*,*,#1525,.F.);
#3068=ORIENTED_EDGE('',*,*,#2030,.F.);
#3069=ORIENTED_EDGE('',*,*,#1526,.F.);
#3070=ORIENTED_EDGE('',*,*,#2031,.F.);
#3071=ORIENTED_EDGE('',*,*,#1527,.F.);
#3072=ORIENTED_EDGE('',*,*,#2032,.F.);
#3073=ORIENTED_EDGE('',*,*,#1528,.F.);
#3074=ORIENTED_EDGE('',*,*,#2033,.F.);
#3075=ORIENTED_EDGE('',*,*,#1529,.F.);
#3076=ORIENTED_EDGE('',*,*,#2034,.F.);
#3077=ORIENTED_EDGE('',*,*,#1530,.F.);
#3078=ORIENTED_EDGE('',*,*,#2035,.F.);
#3079=ORIENTED_EDGE('',*,*,#1531,.F.);
#3080=ORIENTED_EDGE('',*,*,#2036,.F.);
#3081=ORIENTED_EDGE('',*,*,#1532,.F.);
#3082=ORIENTED_EDGE('',*,*,#2037,.F.);
#3083=ORIENTED_EDGE('',*,*,#1533,.F.);
#3084=ORIENTED_EDGE('',*,*,#2038,.F.);
#3085=ORIENTED_EDGE('',*,*,#1534,.F.);
#3086=ORIENTED_EDGE('',*,*,#2039,.F.);
#3087=ORIENTED_EDGE('',*,*,#1535,.F.);
#3088=ORIENTED_EDGE('',*,*,#2040,.F.);
#3089=ORIENTED_EDGE('',*,*,#1536,.F.);
#3090=ORIENTED_EDGE('',*,*,#2041,.F.);
#3091=ORIENTED_EDGE('',*,*,#1537,.F.);
#3092=ORIENTED_EDGE('',*,*,#2042,.F.);
#3093=ORIENTED_EDGE('',*,*,#1538,.F.);
#3094=ORIENTED_EDGE('',*,*,#2043,.F.);
#3095=ORIENTED_EDGE('',*,*,#1539,.F.);
#3096=ORIENTED_EDGE('',*,*,#2044,.F.);
#3097=ORIENTED_EDGE('',*,*,#1540,.F.);
#3098=ORIENTED_EDGE('',*,*,#2045,.F.);
#3099=ORIENTED_EDGE('',*,*,#1541,.F.);
#3100=ORIENTED_EDGE('',*,*,#2046,.F.);
#3101=ORIENTED_EDGE('',*,*,#1542,.F.);
#3102=ORIENTED_EDGE('',*,*,#2047,.F.);
#3103=ORIENTED_EDGE('',*,*,#1543,.F.);
#3104=ORIENTED_EDGE('',*,*,#2048,.F.);
#3105=ORIENTED_EDGE('',*,*,#1544,.F.);
#3106=ORIENTED_EDGE('',*,*,#2049,.F.);
#3107=ORIENTED_EDGE('',*,*,#1545,.F.);
#3108=ORIENTED_EDGE('',*,*,#2050,.F.);
#3109=ORIENTED_EDGE('',*,*,#1546,.F.);
#3110=ORIENTED_EDGE('',*,*,#2051,.F.);
#3111=ORIENTED_EDGE('',*,*,#1547,.F.);
#3112=ORIENTED_EDGE('',*,*,#2052,.F.);
#3113=ORIENTED_EDGE('',*,*,#1548,.F.);
#3114=ORIENTED_EDGE('',*,*,#2053,.F.);
#3115=ORIENTED_EDGE('',*,*,#1549,.F.);
#3116=ORIENTED_EDGE('',*,*,#2054,.F.);
#3117=ORIENTED_EDGE('',*,*,#1550,.F.);
#3118=ORIENTED_EDGE('',*,*,#2055,.F.);
#3119=ORIENTED_EDGE('',*,*,#1551,.F.);
#3120=ORIENTED_EDGE('',*,*,#2056,.F.);
#3121=ORIENTED_EDGE('',*,*,#1552,.F.);
#3122=ORIENTED_EDGE('',*,*,#2057,.F.);
#3123=ORIENTED_EDGE('',*,*,#1553,.F.);
#3124=ORIENTED_EDGE('',*,*,#2058,.F.);
#3125=ORIENTED_EDGE('',*,*,#1554,.F.);
#3126=ORIENTED_EDGE('',*,*,#2059,.F.);
#3127=ORIENTED_EDGE('',*,*,#1555,.F.);
#3128=ORIENTED_EDGE('',*,*,#2060,.F.);
#3129=ORIENTED_EDGE('',*,*,#1556,.F.);
#3130=ORIENTED_EDGE('',*,*,#2061,.F.);
#3131=ORIENTED_EDGE('',*,*,#1557,.F.);
#3132=ORIENTED_EDGE('',*,*,#2062,.F.);
#3133=ORIENTED_EDGE('',*,*,#1558,.F.);
#3134=ORIENTED_EDGE('',*,*,#2063,.F.);
#3135=ORIENTED_EDGE('',*,*,#1559,.F.);
#3136=ORIENTED_EDGE('',*,*,#2064,.F.);
#3137=ORIENTED_EDGE('',*,*,#2065,.T.);
#3138=ORIENTED_EDGE('',*,*,#2066,.T.);
#3139=ORIENTED_EDGE('',*,*,#2067,.T.);
#3140=ORIENTED_EDGE('',*,*,#2068,.T.);
#3141=ORIENTED_EDGE('',*,*,#2069,.T.);
#3142=ORIENTED_EDGE('',*,*,#2070,.T.);
#3143=ORIENTED_EDGE('',*,*,#2071,.T.);
#3144=ORIENTED_EDGE('',*,*,#2072,.T.);
#3145=ORIENTED_EDGE('',*,*,#2073,.T.);
#3146=ORIENTED_EDGE('',*,*,#2074,.T.);
#3147=ORIENTED_EDGE('',*,*,#2075,.T.);
#3148=ORIENTED_EDGE('',*,*,#2076,.T.);
#3149=ORIENTED_EDGE('',*,*,#2077,.T.);
#3150=ORIENTED_EDGE('',*,*,#2078,.T.);
#3151=ORIENTED_EDGE('',*,*,#2079,.T.);
#3152=ORIENTED_EDGE('',*,*,#2080,.T.);
#3153=ORIENTED_EDGE('',*,*,#2081,.T.);
#3154=ORIENTED_EDGE('',*,*,#2082,.T.);
#3155=ORIENTED_EDGE('',*,*,#2083,.T.);
#3156=ORIENTED_EDGE('',*,*,#2084,.T.);
#3157=ORIENTED_EDGE('',*,*,#2085,.T.);
#3158=ORIENTED_EDGE('',*,*,#2086,.T.);
#3159=ORIENTED_EDGE('',*,*,#2087,.T.);
#3160=ORIENTED_EDGE('',*,*,#2088,.T.);
#3161=ORIENTED_EDGE('',*,*,#2089,.T.);
#3162=ORIENTED_EDGE('',*,*,#2090,.T.);
#3163=ORIENTED_EDGE('',*,*,#2091,.T.);
#3164=ORIENTED_EDGE('',*,*,#2092,.T.);
#3165=ORIENTED_EDGE('',*,*,#2093,.T.);
#3166=ORIENTED_EDGE('',*,*,#2094,.T.);
#3167=ORIENTED_EDGE('',*,*,#2095,.T.);
#3168=ORIENTED_EDGE('',*,*,#2096,.T.);
#3169=ORIENTED_EDGE('',*,*,#2097,.T.);
#3170=ORIENTED_EDGE('',*,*,#2098,.T.);
#3171=ORIENTED_EDGE('',*,*,#2099,.T.);
#3172=ORIENTED_EDGE('',*,*,#2100,.T.);
#3173=ORIENTED_EDGE('',*,*,#2101,.T.);
#3174=ORIENTED_EDGE('',*,*,#2102,.T.);
#3175=ORIENTED_EDGE('',*,*,#2103,.T.);
#3176=ORIENTED_EDGE('',*,*,#2104,.T.);
#3177=ORIENTED_EDGE('',*,*,#2105,.T.);
#3178=ORIENTED_EDGE('',*,*,#2106,.T.);
#3179=ORIENTED_EDGE('',*,*,#2107,.T.);
#3180=ORIENTED_EDGE('',*,*,#2108,.T.);
#3181=ORIENTED_EDGE('',*,*,#2109,.F.);
#3182=ORIENTED_EDGE('',*,*,#2110,.F.);
#3183=ORIENTED_EDGE('',*,*,#2111,.F.);
#3184=ORIENTED_EDGE('',*,*,#2112,.F.);
#3185=ORIENTED_EDGE('',*,*,#2064,.T.);
#3186=ORIENTED_EDGE('',*,*,#2063,.T.);
#3187=ORIENTED_EDGE('',*,*,#2062,.T.);
#3188=ORIENTED_EDGE('',*,*,#2061,.T.);
#3189=ORIENTED_EDGE('',*,*,#2060,.T.);
#3190=ORIENTED_EDGE('',*,*,#2059,.T.);
#3191=ORIENTED_EDGE('',*,*,#2058,.T.);
#3192=ORIENTED_EDGE('',*,*,#2057,.T.);
#3193=ORIENTED_EDGE('',*,*,#2056,.T.);
#3194=ORIENTED_EDGE('',*,*,#2055,.T.);
#3195=ORIENTED_EDGE('',*,*,#2054,.T.);
#3196=ORIENTED_EDGE('',*,*,#2053,.T.);
#3197=ORIENTED_EDGE('',*,*,#2052,.T.);
#3198=ORIENTED_EDGE('',*,*,#2051,.T.);
#3199=ORIENTED_EDGE('',*,*,#2050,.T.);
#3200=ORIENTED_EDGE('',*,*,#2049,.T.);
#3201=ORIENTED_EDGE('',*,*,#2048,.T.);
#3202=ORIENTED_EDGE('',*,*,#2047,.T.);
#3203=ORIENTED_EDGE('',*,*,#2046,.T.);
#3204=ORIENTED_EDGE('',*,*,#2045,.T.);
#3205=ORIENTED_EDGE('',*,*,#2044,.T.);
#3206=ORIENTED_EDGE('',*,*,#2043,.T.);
#3207=ORIENTED_EDGE('',*,*,#2042,.T.);
#3208=ORIENTED_EDGE('',*,*,#2041,.T.);
#3209=ORIENTED_EDGE('',*,*,#2040,.T.);
#3210=ORIENTED_EDGE('',*,*,#2039,.T.);
#3211=ORIENTED_EDGE('',*,*,#2038,.T.);
#3212=ORIENTED_EDGE('',*,*,#2037,.T.);
#3213=ORIENTED_EDGE('',*,*,#2036,.T.);
#3214=ORIENTED_EDGE('',*,*,#2035,.T.);
#3215=ORIENTED_EDGE('',*,*,#2034,.T.);
#3216=ORIENTED_EDGE('',*,*,#2033,.T.);
#3217=ORIENTED_EDGE('',*,*,#2032,.T.);
#3218=ORIENTED_EDGE('',*,*,#2031,.T.);
#3219=ORIENTED_EDGE('',*,*,#2030,.T.);
#3220=ORIENTED_EDGE('',*,*,#2029,.T.);
#3221=ORIENTED_EDGE('',*,*,#2028,.T.);
#3222=ORIENTED_EDGE('',*,*,#2027,.T.);
#3223=ORIENTED_EDGE('',*,*,#2026,.T.);
#3224=ORIENTED_EDGE('',*,*,#2025,.T.);
#3225=ORIENTED_EDGE('',*,*,#2024,.T.);
#3226=ORIENTED_EDGE('',*,*,#2023,.T.);
#3227=ORIENTED_EDGE('',*,*,#2022,.T.);
#3228=ORIENTED_EDGE('',*,*,#2021,.T.);
#3229=ORIENTED_EDGE('',*,*,#2020,.T.);
#3230=ORIENTED_EDGE('',*,*,#2019,.T.);
#3231=ORIENTED_EDGE('',*,*,#2018,.T.);
#3232=ORIENTED_EDGE('',*,*,#2017,.T.);
#3233=ORIENTED_EDGE('',*,*,#2016,.T.);
#3234=ORIENTED_EDGE('',*,*,#2015,.T.);
#3235=ORIENTED_EDGE('',*,*,#1607,.F.);
#3236=ORIENTED_EDGE('',*,*,#2065,.F.);
#3237=ORIENTED_EDGE('',*,*,#1606,.F.);
#3238=ORIENTED_EDGE('',*,*,#2066,.F.);
#3239=ORIENTED_EDGE('',*,*,#1605,.F.);
#3240=ORIENTED_EDGE('',*,*,#2067,.F.);
#3241=ORIENTED_EDGE('',*,*,#1604,.F.);
#3242=ORIENTED_EDGE('',*,*,#2068,.F.);
#3243=ORIENTED_EDGE('',*,*,#1603,.F.);
#3244=ORIENTED_EDGE('',*,*,#2069,.F.);
#3245=ORIENTED_EDGE('',*,*,#1602,.F.);
#3246=ORIENTED_EDGE('',*,*,#2070,.F.);
#3247=ORIENTED_EDGE('',*,*,#1601,.F.);
#3248=ORIENTED_EDGE('',*,*,#2071,.F.);
#3249=ORIENTED_EDGE('',*,*,#1600,.F.);
#3250=ORIENTED_EDGE('',*,*,#2072,.F.);
#3251=ORIENTED_EDGE('',*,*,#1599,.F.);
#3252=ORIENTED_EDGE('',*,*,#2073,.F.);
#3253=ORIENTED_EDGE('',*,*,#1598,.F.);
#3254=ORIENTED_EDGE('',*,*,#2074,.F.);
#3255=ORIENTED_EDGE('',*,*,#1597,.F.);
#3256=ORIENTED_EDGE('',*,*,#2075,.F.);
#3257=ORIENTED_EDGE('',*,*,#1596,.F.);
#3258=ORIENTED_EDGE('',*,*,#2076,.F.);
#3259=ORIENTED_EDGE('',*,*,#1595,.F.);
#3260=ORIENTED_EDGE('',*,*,#2077,.F.);
#3261=ORIENTED_EDGE('',*,*,#1594,.F.);
#3262=ORIENTED_EDGE('',*,*,#2078,.F.);
#3263=ORIENTED_EDGE('',*,*,#1593,.F.);
#3264=ORIENTED_EDGE('',*,*,#2079,.F.);
#3265=ORIENTED_EDGE('',*,*,#1592,.F.);
#3266=ORIENTED_EDGE('',*,*,#2080,.F.);
#3267=ORIENTED_EDGE('',*,*,#1591,.F.);
#3268=ORIENTED_EDGE('',*,*,#2081,.F.);
#3269=ORIENTED_EDGE('',*,*,#1590,.F.);
#3270=ORIENTED_EDGE('',*,*,#2082,.F.);
#3271=ORIENTED_EDGE('',*,*,#1589,.F.);
#3272=ORIENTED_EDGE('',*,*,#2083,.F.);
#3273=ORIENTED_EDGE('',*,*,#1588,.F.);
#3274=ORIENTED_EDGE('',*,*,#2084,.F.);
#3275=ORIENTED_EDGE('',*,*,#1587,.F.);
#3276=ORIENTED_EDGE('',*,*,#2085,.F.);
#3277=ORIENTED_EDGE('',*,*,#1586,.F.);
#3278=ORIENTED_EDGE('',*,*,#2086,.F.);
#3279=ORIENTED_EDGE('',*,*,#1585,.F.);
#3280=ORIENTED_EDGE('',*,*,#2087,.F.);
#3281=ORIENTED_EDGE('',*,*,#1584,.F.);
#3282=ORIENTED_EDGE('',*,*,#2088,.F.);
#3283=ORIENTED_EDGE('',*,*,#1583,.F.);
#3284=ORIENTED_EDGE('',*,*,#2089,.F.);
#3285=ORIENTED_EDGE('',*,*,#1582,.F.);
#3286=ORIENTED_EDGE('',*,*,#2090,.F.);
#3287=ORIENTED_EDGE('',*,*,#1581,.F.);
#3288=ORIENTED_EDGE('',*,*,#2091,.F.);
#3289=ORIENTED_EDGE('',*,*,#1580,.F.);
#3290=ORIENTED_EDGE('',*,*,#2092,.F.);
#3291=ORIENTED_EDGE('',*,*,#1579,.F.);
#3292=ORIENTED_EDGE('',*,*,#2093,.F.);
#3293=ORIENTED_EDGE('',*,*,#1578,.F.);
#3294=ORIENTED_EDGE('',*,*,#2094,.F.);
#3295=ORIENTED_EDGE('',*,*,#1577,.F.);
#3296=ORIENTED_EDGE('',*,*,#2095,.F.);
#3297=ORIENTED_EDGE('',*,*,#1576,.F.);
#3298=ORIENTED_EDGE('',*,*,#2096,.F.);
#3299=ORIENTED_EDGE('',*,*,#1575,.F.);
#3300=ORIENTED_EDGE('',*,*,#2097,.F.);
#3301=ORIENTED_EDGE('',*,*,#1574,.F.);
#3302=ORIENTED_EDGE('',*,*,#2098,.F.);
#3303=ORIENTED_EDGE('',*,*,#1573,.F.);
#3304=ORIENTED_EDGE('',*,*,#2099,.F.);
#3305=ORIENTED_EDGE('',*,*,#1572,.F.);
#3306=ORIENTED_EDGE('',*,*,#2100,.F.);
#3307=ORIENTED_EDGE('',*,*,#1571,.F.);
#3308=ORIENTED_EDGE('',*,*,#2101,.F.);
#3309=ORIENTED_EDGE('',*,*,#1570,.F.);
#3310=ORIENTED_EDGE('',*,*,#2102,.F.);
#3311=ORIENTED_EDGE('',*,*,#1569,.F.);
#3312=ORIENTED_EDGE('',*,*,#2103,.F.);
#3313=ORIENTED_EDGE('',*,*,#1568,.F.);
#3314=ORIENTED_EDGE('',*,*,#2104,.F.);
#3315=ORIENTED_EDGE('',*,*,#1567,.F.);
#3316=ORIENTED_EDGE('',*,*,#2105,.F.);
#3317=ORIENTED_EDGE('',*,*,#1566,.F.);
#3318=ORIENTED_EDGE('',*,*,#2106,.F.);
#3319=ORIENTED_EDGE('',*,*,#1565,.F.);
#3320=ORIENTED_EDGE('',*,*,#2107,.F.);
#3321=ORIENTED_EDGE('',*,*,#1564,.F.);
#3322=ORIENTED_EDGE('',*,*,#2108,.F.);
#3323=ORIENTED_EDGE('',*,*,#2109,.T.);
#3324=ORIENTED_EDGE('',*,*,#2113,.F.);
#3325=ORIENTED_EDGE('',*,*,#1561,.T.);
#3326=ORIENTED_EDGE('',*,*,#2114,.T.);
#3327=ORIENTED_EDGE('',*,*,#2112,.T.);
#3328=ORIENTED_EDGE('',*,*,#2115,.F.);
#3329=ORIENTED_EDGE('',*,*,#1562,.T.);
#3330=ORIENTED_EDGE('',*,*,#2113,.T.);
#3331=ORIENTED_EDGE('',*,*,#2111,.T.);
#3332=ORIENTED_EDGE('',*,*,#2116,.F.);
#3333=ORIENTED_EDGE('',*,*,#1563,.T.);
#3334=ORIENTED_EDGE('',*,*,#2115,.T.);
#3335=ORIENTED_EDGE('',*,*,#2110,.T.);
#3336=ORIENTED_EDGE('',*,*,#2114,.F.);
#3337=ORIENTED_EDGE('',*,*,#1560,.T.);
#3338=ORIENTED_EDGE('',*,*,#2116,.T.);
#3339=EDGE_LOOP('',(#2117,#2118,#2119,#2120));
#3340=EDGE_LOOP('',(#2121));
#3341=EDGE_LOOP('',(#2122));
#3342=EDGE_LOOP('',(#2123));
#3343=EDGE_LOOP('',(#2124));
#3344=EDGE_LOOP('',(#2125));
#3345=EDGE_LOOP('',(#2126));
#3346=EDGE_LOOP('',(#2127));
#3347=EDGE_LOOP('',(#2128));
#3348=EDGE_LOOP('',(#2129));
#3349=EDGE_LOOP('',(#2130));
#3350=EDGE_LOOP('',(#2131));
#3351=EDGE_LOOP('',(#2132));
#3352=EDGE_LOOP('',(#2133));
#3353=EDGE_LOOP('',(#2134));
#3354=EDGE_LOOP('',(#2135));
#3355=EDGE_LOOP('',(#2136));
#3356=EDGE_LOOP('',(#2137));
#3357=EDGE_LOOP('',(#2138));
#3358=EDGE_LOOP('',(#2139));
#3359=EDGE_LOOP('',(#2140));
#3360=EDGE_LOOP('',(#2141));
#3361=EDGE_LOOP('',(#2142));
#3362=EDGE_LOOP('',(#2143));
#3363=EDGE_LOOP('',(#2144));
#3364=EDGE_LOOP('',(#2145));
#3365=EDGE_LOOP('',(#2146));
#3366=EDGE_LOOP('',(#2147));
#3367=EDGE_LOOP('',(#2148));
#3368=EDGE_LOOP('',(#2149));
#3369=EDGE_LOOP('',(#2150));
#3370=EDGE_LOOP('',(#2151));
#3371=EDGE_LOOP('',(#2152));
#3372=EDGE_LOOP('',(#2153));
#3373=EDGE_LOOP('',(#2154));
#3374=EDGE_LOOP('',(#2155));
#3375=EDGE_LOOP('',(#2156));
#3376=EDGE_LOOP('',(#2157));
#3377=EDGE_LOOP('',(#2158));
#3378=EDGE_LOOP('',(#2159));
#3379=EDGE_LOOP('',(#2160));
#3380=EDGE_LOOP('',(#2161));
#3381=EDGE_LOOP('',(#2162));
#3382=EDGE_LOOP('',(#2163));
#3383=EDGE_LOOP('',(#2164));
#3384=EDGE_LOOP('',(#2165));
#3385=EDGE_LOOP('',(#2166));
#3386=EDGE_LOOP('',(#2167));
#3387=EDGE_LOOP('',(#2168));
#3388=EDGE_LOOP('',(#2169));
#3389=EDGE_LOOP('',(#2170));
#3390=EDGE_LOOP('',(#2171,#2172,#2173,#2174));
#3391=EDGE_LOOP('',(#2175));
#3392=EDGE_LOOP('',(#2176));
#3393=EDGE_LOOP('',(#2177));
#3394=EDGE_LOOP('',(#2178));
#3395=EDGE_LOOP('',(#2179));
#3396=EDGE_LOOP('',(#2180));
#3397=EDGE_LOOP('',(#2181));
#3398=EDGE_LOOP('',(#2182));
#3399=EDGE_LOOP('',(#2183));
#3400=EDGE_LOOP('',(#2184));
#3401=EDGE_LOOP('',(#2185));
#3402=EDGE_LOOP('',(#2186));
#3403=EDGE_LOOP('',(#2187));
#3404=EDGE_LOOP('',(#2188));
#3405=EDGE_LOOP('',(#2189));
#3406=EDGE_LOOP('',(#2190));
#3407=EDGE_LOOP('',(#2191));
#3408=EDGE_LOOP('',(#2192));
#3409=EDGE_LOOP('',(#2193));
#3410=EDGE_LOOP('',(#2194));
#3411=EDGE_LOOP('',(#2195));
#3412=EDGE_LOOP('',(#2196));
#3413=EDGE_LOOP('',(#2197));
#3414=EDGE_LOOP('',(#2198));
#3415=EDGE_LOOP('',(#2199));
#3416=EDGE_LOOP('',(#2200));
#3417=EDGE_LOOP('',(#2201));
#3418=EDGE_LOOP('',(#2202));
#3419=EDGE_LOOP('',(#2203));
#3420=EDGE_LOOP('',(#2204));
#3421=EDGE_LOOP('',(#2205));
#3422=EDGE_LOOP('',(#2206));
#3423=EDGE_LOOP('',(#2207));
#3424=EDGE_LOOP('',(#2208));
#3425=EDGE_LOOP('',(#2209));
#3426=EDGE_LOOP('',(#2210));
#3427=EDGE_LOOP('',(#2211));
#3428=EDGE_LOOP('',(#2212));
#3429=EDGE_LOOP('',(#2213));
#3430=EDGE_LOOP('',(#2214));
#3431=EDGE_LOOP('',(#2215));
#3432=EDGE_LOOP('',(#2216));
#3433=EDGE_LOOP('',(#2217));
#3434=EDGE_LOOP('',(#2218));
#3435=EDGE_LOOP('',(#2219,#2220,#2221,#2222,#2223,#2224,#2225,#2226,#2227,
#2228,#2229,#2230,#2231,#2232,#2233,#2234,#2235,#2236,#2237,#2238,#2239,
#2240,#2241,#2242));
#3436=EDGE_LOOP('',(#2243,#2244,#2245,#2246,#2247,#2248,#2249,#2250,#2251,
#2252,#2253,#2254,#2255,#2256,#2257,#2258,#2259,#2260,#2261,#2262,#2263,
#2264));
#3437=EDGE_LOOP('',(#2265,#2266,#2267,#2268,#2269,#2270,#2271,#2272,#2273,
#2274,#2275,#2276,#2277,#2278,#2279,#2280));
#3438=EDGE_LOOP('',(#2281,#2282,#2283,#2284,#2285,#2286,#2287,#2288,#2289,
#2290,#2291,#2292,#2293,#2294,#2295,#2296,#2297,#2298,#2299,#2300,#2301,
#2302,#2303,#2304,#2305,#2306,#2307,#2308,#2309,#2310,#2311,#2312,#2313,
#2314,#2315,#2316));
#3439=EDGE_LOOP('',(#2317,#2318,#2319,#2320,#2321,#2322,#2323,#2324,#2325,
#2326,#2327,#2328,#2329,#2330,#2331,#2332,#2333,#2334,#2335,#2336,#2337,
#2338,#2339,#2340,#2341,#2342,#2343,#2344,#2345));
#3440=EDGE_LOOP('',(#2346,#2347,#2348,#2349));
#3441=EDGE_LOOP('',(#2350,#2351,#2352,#2353));
#3442=EDGE_LOOP('',(#2354,#2355,#2356,#2357));
#3443=EDGE_LOOP('',(#2358,#2359,#2360,#2361));
#3444=EDGE_LOOP('',(#2362,#2363,#2364,#2365));
#3445=EDGE_LOOP('',(#2366,#2367,#2368,#2369));
#3446=EDGE_LOOP('',(#2370,#2371,#2372,#2373));
#3447=EDGE_LOOP('',(#2374,#2375,#2376,#2377));
#3448=EDGE_LOOP('',(#2378,#2379,#2380,#2381));
#3449=EDGE_LOOP('',(#2382,#2383,#2384,#2385));
#3450=EDGE_LOOP('',(#2386,#2387,#2388,#2389));
#3451=EDGE_LOOP('',(#2390,#2391,#2392,#2393));
#3452=EDGE_LOOP('',(#2394,#2395,#2396,#2397));
#3453=EDGE_LOOP('',(#2398,#2399,#2400,#2401));
#3454=EDGE_LOOP('',(#2402,#2403,#2404,#2405));
#3455=EDGE_LOOP('',(#2406,#2407,#2408,#2409));
#3456=EDGE_LOOP('',(#2410,#2411,#2412,#2413));
#3457=EDGE_LOOP('',(#2414,#2415,#2416,#2417));
#3458=EDGE_LOOP('',(#2418,#2419,#2420,#2421));
#3459=EDGE_LOOP('',(#2422,#2423,#2424,#2425));
#3460=EDGE_LOOP('',(#2426,#2427,#2428,#2429));
#3461=EDGE_LOOP('',(#2430,#2431,#2432,#2433));
#3462=EDGE_LOOP('',(#2434,#2435,#2436,#2437));
#3463=EDGE_LOOP('',(#2438,#2439,#2440,#2441));
#3464=EDGE_LOOP('',(#2442,#2443,#2444,#2445));
#3465=EDGE_LOOP('',(#2446,#2447,#2448,#2449));
#3466=EDGE_LOOP('',(#2450,#2451,#2452,#2453));
#3467=EDGE_LOOP('',(#2454,#2455,#2456,#2457));
#3468=EDGE_LOOP('',(#2458,#2459,#2460,#2461));
#3469=EDGE_LOOP('',(#2462,#2463,#2464,#2465));
#3470=EDGE_LOOP('',(#2466,#2467,#2468,#2469));
#3471=EDGE_LOOP('',(#2470,#2471,#2472,#2473));
#3472=EDGE_LOOP('',(#2474,#2475,#2476,#2477));
#3473=EDGE_LOOP('',(#2478,#2479,#2480,#2481));
#3474=EDGE_LOOP('',(#2482,#2483,#2484,#2485));
#3475=EDGE_LOOP('',(#2486,#2487,#2488,#2489));
#3476=EDGE_LOOP('',(#2490,#2491,#2492,#2493));
#3477=EDGE_LOOP('',(#2494,#2495,#2496,#2497));
#3478=EDGE_LOOP('',(#2498,#2499,#2500,#2501));
#3479=EDGE_LOOP('',(#2502,#2503,#2504,#2505));
#3480=EDGE_LOOP('',(#2506,#2507,#2508,#2509));
#3481=EDGE_LOOP('',(#2510,#2511,#2512,#2513));
#3482=EDGE_LOOP('',(#2514,#2515,#2516,#2517));
#3483=EDGE_LOOP('',(#2518,#2519,#2520,#2521,#2522,#2523,#2524,#2525,#2526,
#2527,#2528,#2529,#2530,#2531,#2532,#2533,#2534,#2535,#2536,#2537,#2538,
#2539,#2540,#2541,#2542,#2543,#2544,#2545,#2546,#2547,#2548,#2549,#2550,
#2551,#2552,#2553));
#3484=EDGE_LOOP('',(#2554,#2555,#2556,#2557));
#3485=EDGE_LOOP('',(#2558,#2559,#2560,#2561));
#3486=EDGE_LOOP('',(#2562,#2563,#2564,#2565));
#3487=EDGE_LOOP('',(#2566,#2567,#2568,#2569));
#3488=EDGE_LOOP('',(#2570,#2571,#2572,#2573));
#3489=EDGE_LOOP('',(#2574,#2575,#2576,#2577));
#3490=EDGE_LOOP('',(#2578,#2579,#2580,#2581));
#3491=EDGE_LOOP('',(#2582,#2583,#2584,#2585));
#3492=EDGE_LOOP('',(#2586,#2587,#2588,#2589));
#3493=EDGE_LOOP('',(#2590,#2591,#2592,#2593));
#3494=EDGE_LOOP('',(#2594,#2595,#2596,#2597));
#3495=EDGE_LOOP('',(#2598,#2599,#2600,#2601));
#3496=EDGE_LOOP('',(#2602,#2603,#2604,#2605));
#3497=EDGE_LOOP('',(#2606,#2607,#2608,#2609));
#3498=EDGE_LOOP('',(#2610,#2611,#2612,#2613));
#3499=EDGE_LOOP('',(#2614,#2615,#2616,#2617));
#3500=EDGE_LOOP('',(#2618,#2619,#2620,#2621));
#3501=EDGE_LOOP('',(#2622,#2623,#2624,#2625));
#3502=EDGE_LOOP('',(#2626,#2627,#2628,#2629));
#3503=EDGE_LOOP('',(#2630,#2631,#2632,#2633));
#3504=EDGE_LOOP('',(#2634,#2635,#2636,#2637));
#3505=EDGE_LOOP('',(#2638,#2639,#2640,#2641));
#3506=EDGE_LOOP('',(#2642,#2643,#2644,#2645));
#3507=EDGE_LOOP('',(#2646,#2647,#2648,#2649));
#3508=EDGE_LOOP('',(#2650,#2651,#2652,#2653));
#3509=EDGE_LOOP('',(#2654,#2655,#2656,#2657));
#3510=EDGE_LOOP('',(#2658,#2659,#2660,#2661));
#3511=EDGE_LOOP('',(#2662,#2663,#2664,#2665,#2666,#2667,#2668,#2669,#2670,
#2671,#2672,#2673,#2674,#2675,#2676,#2677,#2678,#2679,#2680,#2681,#2682,
#2683,#2684,#2685,#2686,#2687,#2688,#2689,#2690));
#3512=EDGE_LOOP('',(#2691,#2692,#2693,#2694));
#3513=EDGE_LOOP('',(#2695,#2696,#2697,#2698));
#3514=EDGE_LOOP('',(#2699,#2700,#2701,#2702));
#3515=EDGE_LOOP('',(#2703,#2704,#2705,#2706));
#3516=EDGE_LOOP('',(#2707,#2708,#2709,#2710));
#3517=EDGE_LOOP('',(#2711,#2712,#2713,#2714));
#3518=EDGE_LOOP('',(#2715,#2716,#2717,#2718));
#3519=EDGE_LOOP('',(#2719,#2720,#2721,#2722));
#3520=EDGE_LOOP('',(#2723,#2724,#2725,#2726));
#3521=EDGE_LOOP('',(#2727,#2728,#2729,#2730));
#3522=EDGE_LOOP('',(#2731,#2732,#2733,#2734));
#3523=EDGE_LOOP('',(#2735,#2736,#2737,#2738));
#3524=EDGE_LOOP('',(#2739,#2740,#2741,#2742));
#3525=EDGE_LOOP('',(#2743,#2744,#2745,#2746));
#3526=EDGE_LOOP('',(#2747,#2748,#2749,#2750));
#3527=EDGE_LOOP('',(#2751,#2752,#2753,#2754));
#3528=EDGE_LOOP('',(#2755,#2756,#2757,#2758));
#3529=EDGE_LOOP('',(#2759,#2760,#2761,#2762));
#3530=EDGE_LOOP('',(#2763,#2764,#2765,#2766));
#3531=EDGE_LOOP('',(#2767,#2768,#2769,#2770));
#3532=EDGE_LOOP('',(#2771,#2772,#2773,#2774));
#3533=EDGE_LOOP('',(#2775,#2776,#2777,#2778));
#3534=EDGE_LOOP('',(#2779,#2780,#2781,#2782));
#3535=EDGE_LOOP('',(#2783,#2784,#2785,#2786));
#3536=EDGE_LOOP('',(#2787,#2788,#2789,#2790));
#3537=EDGE_LOOP('',(#2791,#2792,#2793,#2794));
#3538=EDGE_LOOP('',(#2795,#2796,#2797,#2798,#2799,#2800,#2801,#2802,#2803,
#2804));
#3539=EDGE_LOOP('',(#2805,#2806,#2807,#2808,#2809,#2810,#2811,#2812,#2813,
#2814,#2815,#2816,#2817,#2818,#2819,#2820));
#3540=EDGE_LOOP('',(#2821,#2822,#2823,#2824,#2825,#2826,#2827,#2828,#2829,
#2830));
#3541=EDGE_LOOP('',(#2831,#2832,#2833,#2834));
#3542=EDGE_LOOP('',(#2835,#2836,#2837,#2838));
#3543=EDGE_LOOP('',(#2839,#2840,#2841,#2842));
#3544=EDGE_LOOP('',(#2843,#2844,#2845,#2846));
#3545=EDGE_LOOP('',(#2847,#2848,#2849,#2850));
#3546=EDGE_LOOP('',(#2851,#2852,#2853,#2854));
#3547=EDGE_LOOP('',(#2855,#2856,#2857,#2858));
#3548=EDGE_LOOP('',(#2859,#2860,#2861,#2862));
#3549=EDGE_LOOP('',(#2863,#2864,#2865,#2866));
#3550=EDGE_LOOP('',(#2867,#2868,#2869,#2870));
#3551=EDGE_LOOP('',(#2871,#2872,#2873,#2874));
#3552=EDGE_LOOP('',(#2875,#2876,#2877,#2878));
#3553=EDGE_LOOP('',(#2879,#2880,#2881,#2882));
#3554=EDGE_LOOP('',(#2883,#2884,#2885,#2886));
#3555=EDGE_LOOP('',(#2887,#2888,#2889,#2890));
#3556=EDGE_LOOP('',(#2891,#2892,#2893,#2894));
#3557=EDGE_LOOP('',(#2895,#2896,#2897,#2898));
#3558=EDGE_LOOP('',(#2899,#2900,#2901,#2902));
#3559=EDGE_LOOP('',(#2903,#2904,#2905,#2906));
#3560=EDGE_LOOP('',(#2907,#2908,#2909,#2910));
#3561=EDGE_LOOP('',(#2911,#2912,#2913,#2914,#2915,#2916,#2917,#2918,#2919,
#2920,#2921,#2922,#2923,#2924,#2925,#2926,#2927,#2928,#2929,#2930,#2931,
#2932));
#3562=EDGE_LOOP('',(#2933,#2934,#2935,#2936));
#3563=EDGE_LOOP('',(#2937,#2938,#2939,#2940));
#3564=EDGE_LOOP('',(#2941,#2942,#2943,#2944));
#3565=EDGE_LOOP('',(#2945,#2946,#2947,#2948));
#3566=EDGE_LOOP('',(#2949,#2950,#2951,#2952));
#3567=EDGE_LOOP('',(#2953,#2954,#2955,#2956));
#3568=EDGE_LOOP('',(#2957,#2958,#2959,#2960));
#3569=EDGE_LOOP('',(#2961,#2962,#2963,#2964));
#3570=EDGE_LOOP('',(#2965,#2966,#2967,#2968));
#3571=EDGE_LOOP('',(#2969,#2970,#2971,#2972));
#3572=EDGE_LOOP('',(#2973,#2974,#2975,#2976));
#3573=EDGE_LOOP('',(#2977,#2978,#2979,#2980));
#3574=EDGE_LOOP('',(#2981,#2982,#2983,#2984));
#3575=EDGE_LOOP('',(#2985,#2986,#2987,#2988));
#3576=EDGE_LOOP('',(#2989,#2990,#2991,#2992));
#3577=EDGE_LOOP('',(#2993,#2994,#2995,#2996));
#3578=EDGE_LOOP('',(#2997,#2998,#2999,#3000));
#3579=EDGE_LOOP('',(#3001,#3002,#3003,#3004));
#3580=EDGE_LOOP('',(#3005,#3006,#3007,#3008));
#3581=EDGE_LOOP('',(#3009,#3010,#3011,#3012));
#3582=EDGE_LOOP('',(#3013,#3014,#3015,#3016,#3017,#3018,#3019,#3020,#3021,
#3022,#3023,#3024,#3025,#3026,#3027,#3028,#3029,#3030,#3031,#3032,#3033,
#3034,#3035,#3036));
#3583=EDGE_LOOP('',(#3037));
#3584=EDGE_LOOP('',(#3038));
#3585=EDGE_LOOP('',(#3039));
#3586=EDGE_LOOP('',(#3040));
#3587=EDGE_LOOP('',(#3041));
#3588=EDGE_LOOP('',(#3042));
#3589=EDGE_LOOP('',(#3043));
#3590=EDGE_LOOP('',(#3044));
#3591=EDGE_LOOP('',(#3045));
#3592=EDGE_LOOP('',(#3046));
#3593=EDGE_LOOP('',(#3047));
#3594=EDGE_LOOP('',(#3048));
#3595=EDGE_LOOP('',(#3049));
#3596=EDGE_LOOP('',(#3050));
#3597=EDGE_LOOP('',(#3051));
#3598=EDGE_LOOP('',(#3052));
#3599=EDGE_LOOP('',(#3053));
#3600=EDGE_LOOP('',(#3054));
#3601=EDGE_LOOP('',(#3055));
#3602=EDGE_LOOP('',(#3056));
#3603=EDGE_LOOP('',(#3057));
#3604=EDGE_LOOP('',(#3058));
#3605=EDGE_LOOP('',(#3059));
#3606=EDGE_LOOP('',(#3060));
#3607=EDGE_LOOP('',(#3061));
#3608=EDGE_LOOP('',(#3062));
#3609=EDGE_LOOP('',(#3063));
#3610=EDGE_LOOP('',(#3064));
#3611=EDGE_LOOP('',(#3065));
#3612=EDGE_LOOP('',(#3066));
#3613=EDGE_LOOP('',(#3067));
#3614=EDGE_LOOP('',(#3068));
#3615=EDGE_LOOP('',(#3069));
#3616=EDGE_LOOP('',(#3070));
#3617=EDGE_LOOP('',(#3071));
#3618=EDGE_LOOP('',(#3072));
#3619=EDGE_LOOP('',(#3073));
#3620=EDGE_LOOP('',(#3074));
#3621=EDGE_LOOP('',(#3075));
#3622=EDGE_LOOP('',(#3076));
#3623=EDGE_LOOP('',(#3077));
#3624=EDGE_LOOP('',(#3078));
#3625=EDGE_LOOP('',(#3079));
#3626=EDGE_LOOP('',(#3080));
#3627=EDGE_LOOP('',(#3081));
#3628=EDGE_LOOP('',(#3082));
#3629=EDGE_LOOP('',(#3083));
#3630=EDGE_LOOP('',(#3084));
#3631=EDGE_LOOP('',(#3085));
#3632=EDGE_LOOP('',(#3086));
#3633=EDGE_LOOP('',(#3087));
#3634=EDGE_LOOP('',(#3088));
#3635=EDGE_LOOP('',(#3089));
#3636=EDGE_LOOP('',(#3090));
#3637=EDGE_LOOP('',(#3091));
#3638=EDGE_LOOP('',(#3092));
#3639=EDGE_LOOP('',(#3093));
#3640=EDGE_LOOP('',(#3094));
#3641=EDGE_LOOP('',(#3095));
#3642=EDGE_LOOP('',(#3096));
#3643=EDGE_LOOP('',(#3097));
#3644=EDGE_LOOP('',(#3098));
#3645=EDGE_LOOP('',(#3099));
#3646=EDGE_LOOP('',(#3100));
#3647=EDGE_LOOP('',(#3101));
#3648=EDGE_LOOP('',(#3102));
#3649=EDGE_LOOP('',(#3103));
#3650=EDGE_LOOP('',(#3104));
#3651=EDGE_LOOP('',(#3105));
#3652=EDGE_LOOP('',(#3106));
#3653=EDGE_LOOP('',(#3107));
#3654=EDGE_LOOP('',(#3108));
#3655=EDGE_LOOP('',(#3109));
#3656=EDGE_LOOP('',(#3110));
#3657=EDGE_LOOP('',(#3111));
#3658=EDGE_LOOP('',(#3112));
#3659=EDGE_LOOP('',(#3113));
#3660=EDGE_LOOP('',(#3114));
#3661=EDGE_LOOP('',(#3115));
#3662=EDGE_LOOP('',(#3116));
#3663=EDGE_LOOP('',(#3117));
#3664=EDGE_LOOP('',(#3118));
#3665=EDGE_LOOP('',(#3119));
#3666=EDGE_LOOP('',(#3120));
#3667=EDGE_LOOP('',(#3121));
#3668=EDGE_LOOP('',(#3122));
#3669=EDGE_LOOP('',(#3123));
#3670=EDGE_LOOP('',(#3124));
#3671=EDGE_LOOP('',(#3125));
#3672=EDGE_LOOP('',(#3126));
#3673=EDGE_LOOP('',(#3127));
#3674=EDGE_LOOP('',(#3128));
#3675=EDGE_LOOP('',(#3129));
#3676=EDGE_LOOP('',(#3130));
#3677=EDGE_LOOP('',(#3131));
#3678=EDGE_LOOP('',(#3132));
#3679=EDGE_LOOP('',(#3133));
#3680=EDGE_LOOP('',(#3134));
#3681=EDGE_LOOP('',(#3135));
#3682=EDGE_LOOP('',(#3136));
#3683=EDGE_LOOP('',(#3137));
#3684=EDGE_LOOP('',(#3138));
#3685=EDGE_LOOP('',(#3139));
#3686=EDGE_LOOP('',(#3140));
#3687=EDGE_LOOP('',(#3141));
#3688=EDGE_LOOP('',(#3142));
#3689=EDGE_LOOP('',(#3143));
#3690=EDGE_LOOP('',(#3144));
#3691=EDGE_LOOP('',(#3145));
#3692=EDGE_LOOP('',(#3146));
#3693=EDGE_LOOP('',(#3147));
#3694=EDGE_LOOP('',(#3148));
#3695=EDGE_LOOP('',(#3149));
#3696=EDGE_LOOP('',(#3150));
#3697=EDGE_LOOP('',(#3151));
#3698=EDGE_LOOP('',(#3152));
#3699=EDGE_LOOP('',(#3153));
#3700=EDGE_LOOP('',(#3154));
#3701=EDGE_LOOP('',(#3155));
#3702=EDGE_LOOP('',(#3156));
#3703=EDGE_LOOP('',(#3157));
#3704=EDGE_LOOP('',(#3158));
#3705=EDGE_LOOP('',(#3159));
#3706=EDGE_LOOP('',(#3160));
#3707=EDGE_LOOP('',(#3161));
#3708=EDGE_LOOP('',(#3162));
#3709=EDGE_LOOP('',(#3163));
#3710=EDGE_LOOP('',(#3164));
#3711=EDGE_LOOP('',(#3165));
#3712=EDGE_LOOP('',(#3166));
#3713=EDGE_LOOP('',(#3167));
#3714=EDGE_LOOP('',(#3168));
#3715=EDGE_LOOP('',(#3169));
#3716=EDGE_LOOP('',(#3170));
#3717=EDGE_LOOP('',(#3171));
#3718=EDGE_LOOP('',(#3172));
#3719=EDGE_LOOP('',(#3173));
#3720=EDGE_LOOP('',(#3174));
#3721=EDGE_LOOP('',(#3175));
#3722=EDGE_LOOP('',(#3176));
#3723=EDGE_LOOP('',(#3177));
#3724=EDGE_LOOP('',(#3178));
#3725=EDGE_LOOP('',(#3179));
#3726=EDGE_LOOP('',(#3180));
#3727=EDGE_LOOP('',(#3181,#3182,#3183,#3184));
#3728=EDGE_LOOP('',(#3185));
#3729=EDGE_LOOP('',(#3186));
#3730=EDGE_LOOP('',(#3187));
#3731=EDGE_LOOP('',(#3188));
#3732=EDGE_LOOP('',(#3189));
#3733=EDGE_LOOP('',(#3190));
#3734=EDGE_LOOP('',(#3191));
#3735=EDGE_LOOP('',(#3192));
#3736=EDGE_LOOP('',(#3193));
#3737=EDGE_LOOP('',(#3194));
#3738=EDGE_LOOP('',(#3195));
#3739=EDGE_LOOP('',(#3196));
#3740=EDGE_LOOP('',(#3197));
#3741=EDGE_LOOP('',(#3198));
#3742=EDGE_LOOP('',(#3199));
#3743=EDGE_LOOP('',(#3200));
#3744=EDGE_LOOP('',(#3201));
#3745=EDGE_LOOP('',(#3202));
#3746=EDGE_LOOP('',(#3203));
#3747=EDGE_LOOP('',(#3204));
#3748=EDGE_LOOP('',(#3205));
#3749=EDGE_LOOP('',(#3206));
#3750=EDGE_LOOP('',(#3207));
#3751=EDGE_LOOP('',(#3208));
#3752=EDGE_LOOP('',(#3209));
#3753=EDGE_LOOP('',(#3210));
#3754=EDGE_LOOP('',(#3211));
#3755=EDGE_LOOP('',(#3212));
#3756=EDGE_LOOP('',(#3213));
#3757=EDGE_LOOP('',(#3214));
#3758=EDGE_LOOP('',(#3215));
#3759=EDGE_LOOP('',(#3216));
#3760=EDGE_LOOP('',(#3217));
#3761=EDGE_LOOP('',(#3218));
#3762=EDGE_LOOP('',(#3219));
#3763=EDGE_LOOP('',(#3220));
#3764=EDGE_LOOP('',(#3221));
#3765=EDGE_LOOP('',(#3222));
#3766=EDGE_LOOP('',(#3223));
#3767=EDGE_LOOP('',(#3224));
#3768=EDGE_LOOP('',(#3225));
#3769=EDGE_LOOP('',(#3226));
#3770=EDGE_LOOP('',(#3227));
#3771=EDGE_LOOP('',(#3228));
#3772=EDGE_LOOP('',(#3229));
#3773=EDGE_LOOP('',(#3230));
#3774=EDGE_LOOP('',(#3231));
#3775=EDGE_LOOP('',(#3232));
#3776=EDGE_LOOP('',(#3233));
#3777=EDGE_LOOP('',(#3234));
#3778=EDGE_LOOP('',(#3235));
#3779=EDGE_LOOP('',(#3236));
#3780=EDGE_LOOP('',(#3237));
#3781=EDGE_LOOP('',(#3238));
#3782=EDGE_LOOP('',(#3239));
#3783=EDGE_LOOP('',(#3240));
#3784=EDGE_LOOP('',(#3241));
#3785=EDGE_LOOP('',(#3242));
#3786=EDGE_LOOP('',(#3243));
#3787=EDGE_LOOP('',(#3244));
#3788=EDGE_LOOP('',(#3245));
#3789=EDGE_LOOP('',(#3246));
#3790=EDGE_LOOP('',(#3247));
#3791=EDGE_LOOP('',(#3248));
#3792=EDGE_LOOP('',(#3249));
#3793=EDGE_LOOP('',(#3250));
#3794=EDGE_LOOP('',(#3251));
#3795=EDGE_LOOP('',(#3252));
#3796=EDGE_LOOP('',(#3253));
#3797=EDGE_LOOP('',(#3254));
#3798=EDGE_LOOP('',(#3255));
#3799=EDGE_LOOP('',(#3256));
#3800=EDGE_LOOP('',(#3257));
#3801=EDGE_LOOP('',(#3258));
#3802=EDGE_LOOP('',(#3259));
#3803=EDGE_LOOP('',(#3260));
#3804=EDGE_LOOP('',(#3261));
#3805=EDGE_LOOP('',(#3262));
#3806=EDGE_LOOP('',(#3263));
#3807=EDGE_LOOP('',(#3264));
#3808=EDGE_LOOP('',(#3265));
#3809=EDGE_LOOP('',(#3266));
#3810=EDGE_LOOP('',(#3267));
#3811=EDGE_LOOP('',(#3268));
#3812=EDGE_LOOP('',(#3269));
#3813=EDGE_LOOP('',(#3270));
#3814=EDGE_LOOP('',(#3271));
#3815=EDGE_LOOP('',(#3272));
#3816=EDGE_LOOP('',(#3273));
#3817=EDGE_LOOP('',(#3274));
#3818=EDGE_LOOP('',(#3275));
#3819=EDGE_LOOP('',(#3276));
#3820=EDGE_LOOP('',(#3277));
#3821=EDGE_LOOP('',(#3278));
#3822=EDGE_LOOP('',(#3279));
#3823=EDGE_LOOP('',(#3280));
#3824=EDGE_LOOP('',(#3281));
#3825=EDGE_LOOP('',(#3282));
#3826=EDGE_LOOP('',(#3283));
#3827=EDGE_LOOP('',(#3284));
#3828=EDGE_LOOP('',(#3285));
#3829=EDGE_LOOP('',(#3286));
#3830=EDGE_LOOP('',(#3287));
#3831=EDGE_LOOP('',(#3288));
#3832=EDGE_LOOP('',(#3289));
#3833=EDGE_LOOP('',(#3290));
#3834=EDGE_LOOP('',(#3291));
#3835=EDGE_LOOP('',(#3292));
#3836=EDGE_LOOP('',(#3293));
#3837=EDGE_LOOP('',(#3294));
#3838=EDGE_LOOP('',(#3295));
#3839=EDGE_LOOP('',(#3296));
#3840=EDGE_LOOP('',(#3297));
#3841=EDGE_LOOP('',(#3298));
#3842=EDGE_LOOP('',(#3299));
#3843=EDGE_LOOP('',(#3300));
#3844=EDGE_LOOP('',(#3301));
#3845=EDGE_LOOP('',(#3302));
#3846=EDGE_LOOP('',(#3303));
#3847=EDGE_LOOP('',(#3304));
#3848=EDGE_LOOP('',(#3305));
#3849=EDGE_LOOP('',(#3306));
#3850=EDGE_LOOP('',(#3307));
#3851=EDGE_LOOP('',(#3308));
#3852=EDGE_LOOP('',(#3309));
#3853=EDGE_LOOP('',(#3310));
#3854=EDGE_LOOP('',(#3311));
#3855=EDGE_LOOP('',(#3312));
#3856=EDGE_LOOP('',(#3313));
#3857=EDGE_LOOP('',(#3314));
#3858=EDGE_LOOP('',(#3315));
#3859=EDGE_LOOP('',(#3316));
#3860=EDGE_LOOP('',(#3317));
#3861=EDGE_LOOP('',(#3318));
#3862=EDGE_LOOP('',(#3319));
#3863=EDGE_LOOP('',(#3320));
#3864=EDGE_LOOP('',(#3321));
#3865=EDGE_LOOP('',(#3322));
#3866=EDGE_LOOP('',(#3323,#3324,#3325,#3326));
#3867=EDGE_LOOP('',(#3327,#3328,#3329,#3330));
#3868=EDGE_LOOP('',(#3331,#3332,#3333,#3334));
#3869=EDGE_LOOP('',(#3335,#3336,#3337,#3338));
#3870=FACE_BOUND('',#3339,.T.);
#3871=FACE_BOUND('',#3340,.T.);
#3872=FACE_BOUND('',#3341,.T.);
#3873=FACE_BOUND('',#3342,.T.);
#3874=FACE_BOUND('',#3343,.T.);
#3875=FACE_BOUND('',#3344,.T.);
#3876=FACE_BOUND('',#3345,.T.);
#3877=FACE_BOUND('',#3346,.T.);
#3878=FACE_BOUND('',#3347,.T.);
#3879=FACE_BOUND('',#3348,.T.);
#3880=FACE_BOUND('',#3349,.T.);
#3881=FACE_BOUND('',#3350,.T.);
#3882=FACE_BOUND('',#3351,.T.);
#3883=FACE_BOUND('',#3352,.T.);
#3884=FACE_BOUND('',#3353,.T.);
#3885=FACE_BOUND('',#3354,.T.);
#3886=FACE_BOUND('',#3355,.T.);
#3887=FACE_BOUND('',#3356,.T.);
#3888=FACE_BOUND('',#3357,.T.);
#3889=FACE_BOUND('',#3358,.T.);
#3890=FACE_BOUND('',#3359,.T.);
#3891=FACE_BOUND('',#3360,.T.);
#3892=FACE_BOUND('',#3361,.T.);
#3893=FACE_BOUND('',#3362,.T.);
#3894=FACE_BOUND('',#3363,.T.);
#3895=FACE_BOUND('',#3364,.T.);
#3896=FACE_BOUND('',#3365,.T.);
#3897=FACE_BOUND('',#3366,.T.);
#3898=FACE_BOUND('',#3367,.T.);
#3899=FACE_BOUND('',#3368,.T.);
#3900=FACE_BOUND('',#3369,.T.);
#3901=FACE_BOUND('',#3370,.T.);
#3902=FACE_BOUND('',#3371,.T.);
#3903=FACE_BOUND('',#3372,.T.);
#3904=FACE_BOUND('',#3373,.T.);
#3905=FACE_BOUND('',#3374,.T.);
#3906=FACE_BOUND('',#3375,.T.);
#3907=FACE_BOUND('',#3376,.T.);
#3908=FACE_BOUND('',#3377,.T.);
#3909=FACE_BOUND('',#3378,.T.);
#3910=FACE_BOUND('',#3379,.T.);
#3911=FACE_BOUND('',#3380,.T.);
#3912=FACE_BOUND('',#3381,.T.);
#3913=FACE_BOUND('',#3382,.T.);
#3914=FACE_BOUND('',#3383,.T.);
#3915=FACE_BOUND('',#3384,.T.);
#3916=FACE_BOUND('',#3385,.T.);
#3917=FACE_BOUND('',#3386,.T.);
#3918=FACE_BOUND('',#3387,.T.);
#3919=FACE_BOUND('',#3388,.T.);
#3920=FACE_BOUND('',#3389,.T.);
#3921=FACE_BOUND('',#3390,.T.);
#3922=FACE_BOUND('',#3391,.T.);
#3923=FACE_BOUND('',#3392,.T.);
#3924=FACE_BOUND('',#3393,.T.);
#3925=FACE_BOUND('',#3394,.T.);
#3926=FACE_BOUND('',#3395,.T.);
#3927=FACE_BOUND('',#3396,.T.);
#3928=FACE_BOUND('',#3397,.T.);
#3929=FACE_BOUND('',#3398,.T.);
#3930=FACE_BOUND('',#3399,.T.);
#3931=FACE_BOUND('',#3400,.T.);
#3932=FACE_BOUND('',#3401,.T.);
#3933=FACE_BOUND('',#3402,.T.);
#3934=FACE_BOUND('',#3403,.T.);
#3935=FACE_BOUND('',#3404,.T.);
#3936=FACE_BOUND('',#3405,.T.);
#3937=FACE_BOUND('',#3406,.T.);
#3938=FACE_BOUND('',#3407,.T.);
#3939=FACE_BOUND('',#3408,.T.);
#3940=FACE_BOUND('',#3409,.T.);
#3941=FACE_BOUND('',#3410,.T.);
#3942=FACE_BOUND('',#3411,.T.);
#3943=FACE_BOUND('',#3412,.T.);
#3944=FACE_BOUND('',#3413,.T.);
#3945=FACE_BOUND('',#3414,.T.);
#3946=FACE_BOUND('',#3415,.T.);
#3947=FACE_BOUND('',#3416,.T.);
#3948=FACE_BOUND('',#3417,.T.);
#3949=FACE_BOUND('',#3418,.T.);
#3950=FACE_BOUND('',#3419,.T.);
#3951=FACE_BOUND('',#3420,.T.);
#3952=FACE_BOUND('',#3421,.T.);
#3953=FACE_BOUND('',#3422,.T.);
#3954=FACE_BOUND('',#3423,.T.);
#3955=FACE_BOUND('',#3424,.T.);
#3956=FACE_BOUND('',#3425,.T.);
#3957=FACE_BOUND('',#3426,.T.);
#3958=FACE_BOUND('',#3427,.T.);
#3959=FACE_BOUND('',#3428,.T.);
#3960=FACE_BOUND('',#3429,.T.);
#3961=FACE_BOUND('',#3430,.T.);
#3962=FACE_BOUND('',#3431,.T.);
#3963=FACE_BOUND('',#3432,.T.);
#3964=FACE_BOUND('',#3433,.T.);
#3965=FACE_BOUND('',#3434,.T.);
#3966=FACE_BOUND('',#3435,.T.);
#3967=FACE_BOUND('',#3436,.T.);
#3968=FACE_BOUND('',#3437,.T.);
#3969=FACE_BOUND('',#3438,.T.);
#3970=FACE_BOUND('',#3439,.T.);
#3971=FACE_BOUND('',#3440,.T.);
#3972=FACE_BOUND('',#3441,.T.);
#3973=FACE_BOUND('',#3442,.T.);
#3974=FACE_BOUND('',#3443,.T.);
#3975=FACE_BOUND('',#3444,.T.);
#3976=FACE_BOUND('',#3445,.T.);
#3977=FACE_BOUND('',#3446,.T.);
#3978=FACE_BOUND('',#3447,.T.);
#3979=FACE_BOUND('',#3448,.T.);
#3980=FACE_BOUND('',#3449,.T.);
#3981=FACE_BOUND('',#3450,.T.);
#3982=FACE_BOUND('',#3451,.T.);
#3983=FACE_BOUND('',#3452,.T.);
#3984=FACE_BOUND('',#3453,.T.);
#3985=FACE_BOUND('',#3454,.T.);
#3986=FACE_BOUND('',#3455,.T.);
#3987=FACE_BOUND('',#3456,.T.);
#3988=FACE_BOUND('',#3457,.T.);
#3989=FACE_BOUND('',#3458,.T.);
#3990=FACE_BOUND('',#3459,.T.);
#3991=FACE_BOUND('',#3460,.T.);
#3992=FACE_BOUND('',#3461,.T.);
#3993=FACE_BOUND('',#3462,.T.);
#3994=FACE_BOUND('',#3463,.T.);
#3995=FACE_BOUND('',#3464,.T.);
#3996=FACE_BOUND('',#3465,.T.);
#3997=FACE_BOUND('',#3466,.T.);
#3998=FACE_BOUND('',#3467,.T.);
#3999=FACE_BOUND('',#3468,.T.);
#4000=FACE_BOUND('',#3469,.T.);
#4001=FACE_BOUND('',#3470,.T.);
#4002=FACE_BOUND('',#3471,.T.);
#4003=FACE_BOUND('',#3472,.T.);
#4004=FACE_BOUND('',#3473,.T.);
#4005=FACE_BOUND('',#3474,.T.);
#4006=FACE_BOUND('',#3475,.T.);
#4007=FACE_BOUND('',#3476,.T.);
#4008=FACE_BOUND('',#3477,.T.);
#4009=FACE_BOUND('',#3478,.T.);
#4010=FACE_BOUND('',#3479,.T.);
#4011=FACE_BOUND('',#3480,.T.);
#4012=FACE_BOUND('',#3481,.T.);
#4013=FACE_BOUND('',#3482,.T.);
#4014=FACE_BOUND('',#3483,.T.);
#4015=FACE_BOUND('',#3484,.T.);
#4016=FACE_BOUND('',#3485,.T.);
#4017=FACE_BOUND('',#3486,.T.);
#4018=FACE_BOUND('',#3487,.T.);
#4019=FACE_BOUND('',#3488,.T.);
#4020=FACE_BOUND('',#3489,.T.);
#4021=FACE_BOUND('',#3490,.T.);
#4022=FACE_BOUND('',#3491,.T.);
#4023=FACE_BOUND('',#3492,.T.);
#4024=FACE_BOUND('',#3493,.T.);
#4025=FACE_BOUND('',#3494,.T.);
#4026=FACE_BOUND('',#3495,.T.);
#4027=FACE_BOUND('',#3496,.T.);
#4028=FACE_BOUND('',#3497,.T.);
#4029=FACE_BOUND('',#3498,.T.);
#4030=FACE_BOUND('',#3499,.T.);
#4031=FACE_BOUND('',#3500,.T.);
#4032=FACE_BOUND('',#3501,.T.);
#4033=FACE_BOUND('',#3502,.T.);
#4034=FACE_BOUND('',#3503,.T.);
#4035=FACE_BOUND('',#3504,.T.);
#4036=FACE_BOUND('',#3505,.T.);
#4037=FACE_BOUND('',#3506,.T.);
#4038=FACE_BOUND('',#3507,.T.);
#4039=FACE_BOUND('',#3508,.T.);
#4040=FACE_BOUND('',#3509,.T.);
#4041=FACE_BOUND('',#3510,.T.);
#4042=FACE_BOUND('',#3511,.T.);
#4043=FACE_BOUND('',#3512,.T.);
#4044=FACE_BOUND('',#3513,.T.);
#4045=FACE_BOUND('',#3514,.T.);
#4046=FACE_BOUND('',#3515,.T.);
#4047=FACE_BOUND('',#3516,.T.);
#4048=FACE_BOUND('',#3517,.T.);
#4049=FACE_BOUND('',#3518,.T.);
#4050=FACE_BOUND('',#3519,.T.);
#4051=FACE_BOUND('',#3520,.T.);
#4052=FACE_BOUND('',#3521,.T.);
#4053=FACE_BOUND('',#3522,.T.);
#4054=FACE_BOUND('',#3523,.T.);
#4055=FACE_BOUND('',#3524,.T.);
#4056=FACE_BOUND('',#3525,.T.);
#4057=FACE_BOUND('',#3526,.T.);
#4058=FACE_BOUND('',#3527,.T.);
#4059=FACE_BOUND('',#3528,.T.);
#4060=FACE_BOUND('',#3529,.T.);
#4061=FACE_BOUND('',#3530,.T.);
#4062=FACE_BOUND('',#3531,.T.);
#4063=FACE_BOUND('',#3532,.T.);
#4064=FACE_BOUND('',#3533,.T.);
#4065=FACE_BOUND('',#3534,.T.);
#4066=FACE_BOUND('',#3535,.T.);
#4067=FACE_BOUND('',#3536,.T.);
#4068=FACE_BOUND('',#3537,.T.);
#4069=FACE_BOUND('',#3538,.T.);
#4070=FACE_BOUND('',#3539,.T.);
#4071=FACE_BOUND('',#3540,.T.);
#4072=FACE_BOUND('',#3541,.T.);
#4073=FACE_BOUND('',#3542,.T.);
#4074=FACE_BOUND('',#3543,.T.);
#4075=FACE_BOUND('',#3544,.T.);
#4076=FACE_BOUND('',#3545,.T.);
#4077=FACE_BOUND('',#3546,.T.);
#4078=FACE_BOUND('',#3547,.T.);
#4079=FACE_BOUND('',#3548,.T.);
#4080=FACE_BOUND('',#3549,.T.);
#4081=FACE_BOUND('',#3550,.T.);
#4082=FACE_BOUND('',#3551,.T.);
#4083=FACE_BOUND('',#3552,.T.);
#4084=FACE_BOUND('',#3553,.T.);
#4085=FACE_BOUND('',#3554,.T.);
#4086=FACE_BOUND('',#3555,.T.);
#4087=FACE_BOUND('',#3556,.T.);
#4088=FACE_BOUND('',#3557,.T.);
#4089=FACE_BOUND('',#3558,.T.);
#4090=FACE_BOUND('',#3559,.T.);
#4091=FACE_BOUND('',#3560,.T.);
#4092=FACE_BOUND('',#3561,.T.);
#4093=FACE_BOUND('',#3562,.T.);
#4094=FACE_BOUND('',#3563,.T.);
#4095=FACE_BOUND('',#3564,.T.);
#4096=FACE_BOUND('',#3565,.T.);
#4097=FACE_BOUND('',#3566,.T.);
#4098=FACE_BOUND('',#3567,.T.);
#4099=FACE_BOUND('',#3568,.T.);
#4100=FACE_BOUND('',#3569,.T.);
#4101=FACE_BOUND('',#3570,.T.);
#4102=FACE_BOUND('',#3571,.T.);
#4103=FACE_BOUND('',#3572,.T.);
#4104=FACE_BOUND('',#3573,.T.);
#4105=FACE_BOUND('',#3574,.T.);
#4106=FACE_BOUND('',#3575,.T.);
#4107=FACE_BOUND('',#3576,.T.);
#4108=FACE_BOUND('',#3577,.T.);
#4109=FACE_BOUND('',#3578,.T.);
#4110=FACE_BOUND('',#3579,.T.);
#4111=FACE_BOUND('',#3580,.T.);
#4112=FACE_BOUND('',#3581,.T.);
#4113=FACE_BOUND('',#3582,.T.);
#4114=FACE_BOUND('',#3583,.T.);
#4115=FACE_BOUND('',#3584,.T.);
#4116=FACE_BOUND('',#3585,.T.);
#4117=FACE_BOUND('',#3586,.T.);
#4118=FACE_BOUND('',#3587,.T.);
#4119=FACE_BOUND('',#3588,.T.);
#4120=FACE_BOUND('',#3589,.T.);
#4121=FACE_BOUND('',#3590,.T.);
#4122=FACE_BOUND('',#3591,.T.);
#4123=FACE_BOUND('',#3592,.T.);
#4124=FACE_BOUND('',#3593,.T.);
#4125=FACE_BOUND('',#3594,.T.);
#4126=FACE_BOUND('',#3595,.T.);
#4127=FACE_BOUND('',#3596,.T.);
#4128=FACE_BOUND('',#3597,.T.);
#4129=FACE_BOUND('',#3598,.T.);
#4130=FACE_BOUND('',#3599,.T.);
#4131=FACE_BOUND('',#3600,.T.);
#4132=FACE_BOUND('',#3601,.T.);
#4133=FACE_BOUND('',#3602,.T.);
#4134=FACE_BOUND('',#3603,.T.);
#4135=FACE_BOUND('',#3604,.T.);
#4136=FACE_BOUND('',#3605,.T.);
#4137=FACE_BOUND('',#3606,.T.);
#4138=FACE_BOUND('',#3607,.T.);
#4139=FACE_BOUND('',#3608,.T.);
#4140=FACE_BOUND('',#3609,.T.);
#4141=FACE_BOUND('',#3610,.T.);
#4142=FACE_BOUND('',#3611,.T.);
#4143=FACE_BOUND('',#3612,.T.);
#4144=FACE_BOUND('',#3613,.T.);
#4145=FACE_BOUND('',#3614,.T.);
#4146=FACE_BOUND('',#3615,.T.);
#4147=FACE_BOUND('',#3616,.T.);
#4148=FACE_BOUND('',#3617,.T.);
#4149=FACE_BOUND('',#3618,.T.);
#4150=FACE_BOUND('',#3619,.T.);
#4151=FACE_BOUND('',#3620,.T.);
#4152=FACE_BOUND('',#3621,.T.);
#4153=FACE_BOUND('',#3622,.T.);
#4154=FACE_BOUND('',#3623,.T.);
#4155=FACE_BOUND('',#3624,.T.);
#4156=FACE_BOUND('',#3625,.T.);
#4157=FACE_BOUND('',#3626,.T.);
#4158=FACE_BOUND('',#3627,.T.);
#4159=FACE_BOUND('',#3628,.T.);
#4160=FACE_BOUND('',#3629,.T.);
#4161=FACE_BOUND('',#3630,.T.);
#4162=FACE_BOUND('',#3631,.T.);
#4163=FACE_BOUND('',#3632,.T.);
#4164=FACE_BOUND('',#3633,.T.);
#4165=FACE_BOUND('',#3634,.T.);
#4166=FACE_BOUND('',#3635,.T.);
#4167=FACE_BOUND('',#3636,.T.);
#4168=FACE_BOUND('',#3637,.T.);
#4169=FACE_BOUND('',#3638,.T.);
#4170=FACE_BOUND('',#3639,.T.);
#4171=FACE_BOUND('',#3640,.T.);
#4172=FACE_BOUND('',#3641,.T.);
#4173=FACE_BOUND('',#3642,.T.);
#4174=FACE_BOUND('',#3643,.T.);
#4175=FACE_BOUND('',#3644,.T.);
#4176=FACE_BOUND('',#3645,.T.);
#4177=FACE_BOUND('',#3646,.T.);
#4178=FACE_BOUND('',#3647,.T.);
#4179=FACE_BOUND('',#3648,.T.);
#4180=FACE_BOUND('',#3649,.T.);
#4181=FACE_BOUND('',#3650,.T.);
#4182=FACE_BOUND('',#3651,.T.);
#4183=FACE_BOUND('',#3652,.T.);
#4184=FACE_BOUND('',#3653,.T.);
#4185=FACE_BOUND('',#3654,.T.);
#4186=FACE_BOUND('',#3655,.T.);
#4187=FACE_BOUND('',#3656,.T.);
#4188=FACE_BOUND('',#3657,.T.);
#4189=FACE_BOUND('',#3658,.T.);
#4190=FACE_BOUND('',#3659,.T.);
#4191=FACE_BOUND('',#3660,.T.);
#4192=FACE_BOUND('',#3661,.T.);
#4193=FACE_BOUND('',#3662,.T.);
#4194=FACE_BOUND('',#3663,.T.);
#4195=FACE_BOUND('',#3664,.T.);
#4196=FACE_BOUND('',#3665,.T.);
#4197=FACE_BOUND('',#3666,.T.);
#4198=FACE_BOUND('',#3667,.T.);
#4199=FACE_BOUND('',#3668,.T.);
#4200=FACE_BOUND('',#3669,.T.);
#4201=FACE_BOUND('',#3670,.T.);
#4202=FACE_BOUND('',#3671,.T.);
#4203=FACE_BOUND('',#3672,.T.);
#4204=FACE_BOUND('',#3673,.T.);
#4205=FACE_BOUND('',#3674,.T.);
#4206=FACE_BOUND('',#3675,.T.);
#4207=FACE_BOUND('',#3676,.T.);
#4208=FACE_BOUND('',#3677,.T.);
#4209=FACE_BOUND('',#3678,.T.);
#4210=FACE_BOUND('',#3679,.T.);
#4211=FACE_BOUND('',#3680,.T.);
#4212=FACE_BOUND('',#3681,.T.);
#4213=FACE_BOUND('',#3682,.T.);
#4214=FACE_BOUND('',#3683,.T.);
#4215=FACE_BOUND('',#3684,.T.);
#4216=FACE_BOUND('',#3685,.T.);
#4217=FACE_BOUND('',#3686,.T.);
#4218=FACE_BOUND('',#3687,.T.);
#4219=FACE_BOUND('',#3688,.T.);
#4220=FACE_BOUND('',#3689,.T.);
#4221=FACE_BOUND('',#3690,.T.);
#4222=FACE_BOUND('',#3691,.T.);
#4223=FACE_BOUND('',#3692,.T.);
#4224=FACE_BOUND('',#3693,.T.);
#4225=FACE_BOUND('',#3694,.T.);
#4226=FACE_BOUND('',#3695,.T.);
#4227=FACE_BOUND('',#3696,.T.);
#4228=FACE_BOUND('',#3697,.T.);
#4229=FACE_BOUND('',#3698,.T.);
#4230=FACE_BOUND('',#3699,.T.);
#4231=FACE_BOUND('',#3700,.T.);
#4232=FACE_BOUND('',#3701,.T.);
#4233=FACE_BOUND('',#3702,.T.);
#4234=FACE_BOUND('',#3703,.T.);
#4235=FACE_BOUND('',#3704,.T.);
#4236=FACE_BOUND('',#3705,.T.);
#4237=FACE_BOUND('',#3706,.T.);
#4238=FACE_BOUND('',#3707,.T.);
#4239=FACE_BOUND('',#3708,.T.);
#4240=FACE_BOUND('',#3709,.T.);
#4241=FACE_BOUND('',#3710,.T.);
#4242=FACE_BOUND('',#3711,.T.);
#4243=FACE_BOUND('',#3712,.T.);
#4244=FACE_BOUND('',#3713,.T.);
#4245=FACE_BOUND('',#3714,.T.);
#4246=FACE_BOUND('',#3715,.T.);
#4247=FACE_BOUND('',#3716,.T.);
#4248=FACE_BOUND('',#3717,.T.);
#4249=FACE_BOUND('',#3718,.T.);
#4250=FACE_BOUND('',#3719,.T.);
#4251=FACE_BOUND('',#3720,.T.);
#4252=FACE_BOUND('',#3721,.T.);
#4253=FACE_BOUND('',#3722,.T.);
#4254=FACE_BOUND('',#3723,.T.);
#4255=FACE_BOUND('',#3724,.T.);
#4256=FACE_BOUND('',#3725,.T.);
#4257=FACE_BOUND('',#3726,.T.);
#4258=FACE_BOUND('',#3727,.T.);
#4259=FACE_BOUND('',#3728,.T.);
#4260=FACE_BOUND('',#3729,.T.);
#4261=FACE_BOUND('',#3730,.T.);
#4262=FACE_BOUND('',#3731,.T.);
#4263=FACE_BOUND('',#3732,.T.);
#4264=FACE_BOUND('',#3733,.T.);
#4265=FACE_BOUND('',#3734,.T.);
#4266=FACE_BOUND('',#3735,.T.);
#4267=FACE_BOUND('',#3736,.T.);
#4268=FACE_BOUND('',#3737,.T.);
#4269=FACE_BOUND('',#3738,.T.);
#4270=FACE_BOUND('',#3739,.T.);
#4271=FACE_BOUND('',#3740,.T.);
#4272=FACE_BOUND('',#3741,.T.);
#4273=FACE_BOUND('',#3742,.T.);
#4274=FACE_BOUND('',#3743,.T.);
#4275=FACE_BOUND('',#3744,.T.);
#4276=FACE_BOUND('',#3745,.T.);
#4277=FACE_BOUND('',#3746,.T.);
#4278=FACE_BOUND('',#3747,.T.);
#4279=FACE_BOUND('',#3748,.T.);
#4280=FACE_BOUND('',#3749,.T.);
#4281=FACE_BOUND('',#3750,.T.);
#4282=FACE_BOUND('',#3751,.T.);
#4283=FACE_BOUND('',#3752,.T.);
#4284=FACE_BOUND('',#3753,.T.);
#4285=FACE_BOUND('',#3754,.T.);
#4286=FACE_BOUND('',#3755,.T.);
#4287=FACE_BOUND('',#3756,.T.);
#4288=FACE_BOUND('',#3757,.T.);
#4289=FACE_BOUND('',#3758,.T.);
#4290=FACE_BOUND('',#3759,.T.);
#4291=FACE_BOUND('',#3760,.T.);
#4292=FACE_BOUND('',#3761,.T.);
#4293=FACE_BOUND('',#3762,.T.);
#4294=FACE_BOUND('',#3763,.T.);
#4295=FACE_BOUND('',#3764,.T.);
#4296=FACE_BOUND('',#3765,.T.);
#4297=FACE_BOUND('',#3766,.T.);
#4298=FACE_BOUND('',#3767,.T.);
#4299=FACE_BOUND('',#3768,.T.);
#4300=FACE_BOUND('',#3769,.T.);
#4301=FACE_BOUND('',#3770,.T.);
#4302=FACE_BOUND('',#3771,.T.);
#4303=FACE_BOUND('',#3772,.T.);
#4304=FACE_BOUND('',#3773,.T.);
#4305=FACE_BOUND('',#3774,.T.);
#4306=FACE_BOUND('',#3775,.T.);
#4307=FACE_BOUND('',#3776,.T.);
#4308=FACE_BOUND('',#3777,.T.);
#4309=FACE_BOUND('',#3778,.T.);
#4310=FACE_BOUND('',#3779,.T.);
#4311=FACE_BOUND('',#3780,.T.);
#4312=FACE_BOUND('',#3781,.T.);
#4313=FACE_BOUND('',#3782,.T.);
#4314=FACE_BOUND('',#3783,.T.);
#4315=FACE_BOUND('',#3784,.T.);
#4316=FACE_BOUND('',#3785,.T.);
#4317=FACE_BOUND('',#3786,.T.);
#4318=FACE_BOUND('',#3787,.T.);
#4319=FACE_BOUND('',#3788,.T.);
#4320=FACE_BOUND('',#3789,.T.);
#4321=FACE_BOUND('',#3790,.T.);
#4322=FACE_BOUND('',#3791,.T.);
#4323=FACE_BOUND('',#3792,.T.);
#4324=FACE_BOUND('',#3793,.T.);
#4325=FACE_BOUND('',#3794,.T.);
#4326=FACE_BOUND('',#3795,.T.);
#4327=FACE_BOUND('',#3796,.T.);
#4328=FACE_BOUND('',#3797,.T.);
#4329=FACE_BOUND('',#3798,.T.);
#4330=FACE_BOUND('',#3799,.T.);
#4331=FACE_BOUND('',#3800,.T.);
#4332=FACE_BOUND('',#3801,.T.);
#4333=FACE_BOUND('',#3802,.T.);
#4334=FACE_BOUND('',#3803,.T.);
#4335=FACE_BOUND('',#3804,.T.);
#4336=FACE_BOUND('',#3805,.T.);
#4337=FACE_BOUND('',#3806,.T.);
#4338=FACE_BOUND('',#3807,.T.);
#4339=FACE_BOUND('',#3808,.T.);
#4340=FACE_BOUND('',#3809,.T.);
#4341=FACE_BOUND('',#3810,.T.);
#4342=FACE_BOUND('',#3811,.T.);
#4343=FACE_BOUND('',#3812,.T.);
#4344=FACE_BOUND('',#3813,.T.);
#4345=FACE_BOUND('',#3814,.T.);
#4346=FACE_BOUND('',#3815,.T.);
#4347=FACE_BOUND('',#3816,.T.);
#4348=FACE_BOUND('',#3817,.T.);
#4349=FACE_BOUND('',#3818,.T.);
#4350=FACE_BOUND('',#3819,.T.);
#4351=FACE_BOUND('',#3820,.T.);
#4352=FACE_BOUND('',#3821,.T.);
#4353=FACE_BOUND('',#3822,.T.);
#4354=FACE_BOUND('',#3823,.T.);
#4355=FACE_BOUND('',#3824,.T.);
#4356=FACE_BOUND('',#3825,.T.);
#4357=FACE_BOUND('',#3826,.T.);
#4358=FACE_BOUND('',#3827,.T.);
#4359=FACE_BOUND('',#3828,.T.);
#4360=FACE_BOUND('',#3829,.T.);
#4361=FACE_BOUND('',#3830,.T.);
#4362=FACE_BOUND('',#3831,.T.);
#4363=FACE_BOUND('',#3832,.T.);
#4364=FACE_BOUND('',#3833,.T.);
#4365=FACE_BOUND('',#3834,.T.);
#4366=FACE_BOUND('',#3835,.T.);
#4367=FACE_BOUND('',#3836,.T.);
#4368=FACE_BOUND('',#3837,.T.);
#4369=FACE_BOUND('',#3838,.T.);
#4370=FACE_BOUND('',#3839,.T.);
#4371=FACE_BOUND('',#3840,.T.);
#4372=FACE_BOUND('',#3841,.T.);
#4373=FACE_BOUND('',#3842,.T.);
#4374=FACE_BOUND('',#3843,.T.);
#4375=FACE_BOUND('',#3844,.T.);
#4376=FACE_BOUND('',#3845,.T.);
#4377=FACE_BOUND('',#3846,.T.);
#4378=FACE_BOUND('',#3847,.T.);
#4379=FACE_BOUND('',#3848,.T.);
#4380=FACE_BOUND('',#3849,.T.);
#4381=FACE_BOUND('',#3850,.T.);
#4382=FACE_BOUND('',#3851,.T.);
#4383=FACE_BOUND('',#3852,.T.);
#4384=FACE_BOUND('',#3853,.T.);
#4385=FACE_BOUND('',#3854,.T.);
#4386=FACE_BOUND('',#3855,.T.);
#4387=FACE_BOUND('',#3856,.T.);
#4388=FACE_BOUND('',#3857,.T.);
#4389=FACE_BOUND('',#3858,.T.);
#4390=FACE_BOUND('',#3859,.T.);
#4391=FACE_BOUND('',#3860,.T.);
#4392=FACE_BOUND('',#3861,.T.);
#4393=FACE_BOUND('',#3862,.T.);
#4394=FACE_BOUND('',#3863,.T.);
#4395=FACE_BOUND('',#3864,.T.);
#4396=FACE_BOUND('',#3865,.T.);
#4397=FACE_BOUND('',#3866,.T.);
#4398=FACE_BOUND('',#3867,.T.);
#4399=FACE_BOUND('',#3868,.T.);
#4400=FACE_BOUND('',#3869,.T.);
#4401=ADVANCED_FACE('',(#3870),#8787,.T.);
#4402=ADVANCED_FACE('',(#3871,#3872,#3873,#3874,#3875,#3876,#3877,#3878,
#3879,#3880,#3881,#3882,#3883,#3884,#3885,#3886,#3887,#3888,#3889,#3890,
#3891,#3892,#3893,#3894,#3895,#3896,#3897,#3898,#3899,#3900,#3901,#3902,
#3903,#3904,#3905,#3906,#3907,#3908,#3909,#3910,#3911,#3912,#3913,#3914,
#3915,#3916,#3917,#3918,#3919,#3920,#3921,#3922,#3923,#3924,#3925,#3926,
#3927,#3928,#3929,#3930,#3931,#3932,#3933,#3934,#3935,#3936,#3937,#3938,
#3939,#3940,#3941,#3942,#3943,#3944,#3945,#3946,#3947,#3948,#3949,#3950,
#3951,#3952,#3953,#3954,#3955,#3956,#3957,#3958,#3959,#3960,#3961,#3962,
#3963,#3964,#3965,#3966,#3967,#3968,#3969,#3970),#457,.F.);
#4403=ADVANCED_FACE('',(#3971),#8788,.T.);
#4404=ADVANCED_FACE('',(#3972),#8789,.T.);
#4405=ADVANCED_FACE('',(#3973),#104,.F.);
#4406=ADVANCED_FACE('',(#3974),#105,.F.);
#4407=ADVANCED_FACE('',(#3975),#8790,.T.);
#4408=ADVANCED_FACE('',(#3976),#106,.F.);
#4409=ADVANCED_FACE('',(#3977),#107,.F.);
#4410=ADVANCED_FACE('',(#3978),#458,.F.);
#4411=ADVANCED_FACE('',(#3979),#459,.F.);
#4412=ADVANCED_FACE('',(#3980),#108,.F.);
#4413=ADVANCED_FACE('',(#3981),#109,.F.);
#4414=ADVANCED_FACE('',(#3982),#460,.F.);
#4415=ADVANCED_FACE('',(#3983),#461,.F.);
#4416=ADVANCED_FACE('',(#3984),#110,.F.);
#4417=ADVANCED_FACE('',(#3985),#111,.F.);
#4418=ADVANCED_FACE('',(#3986),#112,.F.);
#4419=ADVANCED_FACE('',(#3987),#113,.F.);
#4420=ADVANCED_FACE('',(#3988),#462,.F.);
#4421=ADVANCED_FACE('',(#3989),#114,.F.);
#4422=ADVANCED_FACE('',(#3990),#115,.F.);
#4423=ADVANCED_FACE('',(#3991),#116,.F.);
#4424=ADVANCED_FACE('',(#3992),#117,.F.);
#4425=ADVANCED_FACE('',(#3993),#118,.F.);
#4426=ADVANCED_FACE('',(#3994),#119,.F.);
#4427=ADVANCED_FACE('',(#3995),#120,.F.);
#4428=ADVANCED_FACE('',(#3996),#121,.F.);
#4429=ADVANCED_FACE('',(#3997),#122,.F.);
#4430=ADVANCED_FACE('',(#3998),#123,.F.);
#4431=ADVANCED_FACE('',(#3999),#124,.F.);
#4432=ADVANCED_FACE('',(#4000),#125,.F.);
#4433=ADVANCED_FACE('',(#4001),#463,.F.);
#4434=ADVANCED_FACE('',(#4002),#126,.F.);
#4435=ADVANCED_FACE('',(#4003),#127,.F.);
#4436=ADVANCED_FACE('',(#4004),#128,.F.);
#4437=ADVANCED_FACE('',(#4005),#129,.F.);
#4438=ADVANCED_FACE('',(#4006),#464,.F.);
#4439=ADVANCED_FACE('',(#4007),#130,.F.);
#4440=ADVANCED_FACE('',(#4008),#131,.F.);
#4441=ADVANCED_FACE('',(#4009),#132,.F.);
#4442=ADVANCED_FACE('',(#4010),#133,.F.);
#4443=ADVANCED_FACE('',(#4011),#134,.F.);
#4444=ADVANCED_FACE('',(#4012),#135,.F.);
#4445=ADVANCED_FACE('',(#4013),#136,.F.);
#4446=ADVANCED_FACE('',(#4014),#465,.F.);
#4447=ADVANCED_FACE('',(#4015),#137,.F.);
#4448=ADVANCED_FACE('',(#4016),#138,.F.);
#4449=ADVANCED_FACE('',(#4017),#139,.F.);
#4450=ADVANCED_FACE('',(#4018),#140,.F.);
#4451=ADVANCED_FACE('',(#4019),#141,.F.);
#4452=ADVANCED_FACE('',(#4020),#466,.F.);
#4453=ADVANCED_FACE('',(#4021),#142,.F.);
#4454=ADVANCED_FACE('',(#4022),#143,.F.);
#4455=ADVANCED_FACE('',(#4023),#144,.F.);
#4456=ADVANCED_FACE('',(#4024),#145,.F.);
#4457=ADVANCED_FACE('',(#4025),#467,.F.);
#4458=ADVANCED_FACE('',(#4026),#146,.F.);
#4459=ADVANCED_FACE('',(#4027),#147,.F.);
#4460=ADVANCED_FACE('',(#4028),#148,.F.);
#4461=ADVANCED_FACE('',(#4029),#149,.F.);
#4462=ADVANCED_FACE('',(#4030),#150,.F.);
#4463=ADVANCED_FACE('',(#4031),#468,.F.);
#4464=ADVANCED_FACE('',(#4032),#151,.F.);
#4465=ADVANCED_FACE('',(#4033),#152,.F.);
#4466=ADVANCED_FACE('',(#4034),#153,.F.);
#4467=ADVANCED_FACE('',(#4035),#154,.F.);
#4468=ADVANCED_FACE('',(#4036),#469,.F.);
#4469=ADVANCED_FACE('',(#4037),#155,.F.);
#4470=ADVANCED_FACE('',(#4038),#156,.F.);
#4471=ADVANCED_FACE('',(#4039),#157,.F.);
#4472=ADVANCED_FACE('',(#4040),#158,.F.);
#4473=ADVANCED_FACE('',(#4041),#159,.F.);
#4474=ADVANCED_FACE('',(#4042),#470,.F.);
#4475=ADVANCED_FACE('',(#4043),#160,.F.);
#4476=ADVANCED_FACE('',(#4044),#161,.F.);
#4477=ADVANCED_FACE('',(#4045),#162,.F.);
#4478=ADVANCED_FACE('',(#4046),#163,.F.);
#4479=ADVANCED_FACE('',(#4047),#164,.F.);
#4480=ADVANCED_FACE('',(#4048),#165,.F.);
#4481=ADVANCED_FACE('',(#4049),#166,.F.);
#4482=ADVANCED_FACE('',(#4050),#167,.F.);
#4483=ADVANCED_FACE('',(#4051),#168,.F.);
#4484=ADVANCED_FACE('',(#4052),#169,.F.);
#4485=ADVANCED_FACE('',(#4053),#170,.F.);
#4486=ADVANCED_FACE('',(#4054),#171,.F.);
#4487=ADVANCED_FACE('',(#4055),#172,.F.);
#4488=ADVANCED_FACE('',(#4056),#173,.F.);
#4489=ADVANCED_FACE('',(#4057),#174,.F.);
#4490=ADVANCED_FACE('',(#4058),#175,.F.);
#4491=ADVANCED_FACE('',(#4059),#176,.F.);
#4492=ADVANCED_FACE('',(#4060),#177,.F.);
#4493=ADVANCED_FACE('',(#4061),#178,.F.);
#4494=ADVANCED_FACE('',(#4062),#179,.F.);
#4495=ADVANCED_FACE('',(#4063),#180,.F.);
#4496=ADVANCED_FACE('',(#4064),#181,.F.);
#4497=ADVANCED_FACE('',(#4065),#182,.F.);
#4498=ADVANCED_FACE('',(#4066),#183,.F.);
#4499=ADVANCED_FACE('',(#4067),#184,.F.);
#4500=ADVANCED_FACE('',(#4068),#185,.F.);
#4501=ADVANCED_FACE('',(#4069,#4070),#471,.F.);
#4502=ADVANCED_FACE('',(#4071),#457,.F.);
#4503=ADVANCED_FACE('',(#4072),#472,.F.);
#4504=ADVANCED_FACE('',(#4073),#186,.F.);
#4505=ADVANCED_FACE('',(#4074),#187,.F.);
#4506=ADVANCED_FACE('',(#4075),#188,.F.);
#4507=ADVANCED_FACE('',(#4076),#189,.F.);
#4508=ADVANCED_FACE('',(#4077),#190,.F.);
#4509=ADVANCED_FACE('',(#4078),#191,.F.);
#4510=ADVANCED_FACE('',(#4079),#192,.F.);
#4511=ADVANCED_FACE('',(#4080),#193,.F.);
#4512=ADVANCED_FACE('',(#4081),#194,.F.);
#4513=ADVANCED_FACE('',(#4082),#195,.F.);
#4514=ADVANCED_FACE('',(#4083),#196,.F.);
#4515=ADVANCED_FACE('',(#4084),#197,.F.);
#4516=ADVANCED_FACE('',(#4085),#198,.F.);
#4517=ADVANCED_FACE('',(#4086),#199,.F.);
#4518=ADVANCED_FACE('',(#4087),#473,.F.);
#4519=ADVANCED_FACE('',(#4088),#200,.F.);
#4520=ADVANCED_FACE('',(#4089),#201,.F.);
#4521=ADVANCED_FACE('',(#4090),#202,.F.);
#4522=ADVANCED_FACE('',(#4091),#203,.F.);
#4523=ADVANCED_FACE('',(#4092),#474,.F.);
#4524=ADVANCED_FACE('',(#4093),#204,.F.);
#4525=ADVANCED_FACE('',(#4094),#205,.F.);
#4526=ADVANCED_FACE('',(#4095),#206,.F.);
#4527=ADVANCED_FACE('',(#4096),#207,.F.);
#4528=ADVANCED_FACE('',(#4097),#475,.F.);
#4529=ADVANCED_FACE('',(#4098),#208,.F.);
#4530=ADVANCED_FACE('',(#4099),#209,.F.);
#4531=ADVANCED_FACE('',(#4100),#210,.F.);
#4532=ADVANCED_FACE('',(#4101),#476,.F.);
#4533=ADVANCED_FACE('',(#4102),#211,.F.);
#4534=ADVANCED_FACE('',(#4103),#212,.F.);
#4535=ADVANCED_FACE('',(#4104),#213,.F.);
#4536=ADVANCED_FACE('',(#4105),#214,.F.);
#4537=ADVANCED_FACE('',(#4106),#477,.F.);
#4538=ADVANCED_FACE('',(#4107),#478,.F.);
#4539=ADVANCED_FACE('',(#4108),#215,.F.);
#4540=ADVANCED_FACE('',(#4109),#216,.F.);
#4541=ADVANCED_FACE('',(#4110),#217,.F.);
#4542=ADVANCED_FACE('',(#4111),#218,.F.);
#4543=ADVANCED_FACE('',(#4112),#479,.F.);
#4544=ADVANCED_FACE('',(#4113),#480,.F.);
#4545=ADVANCED_FACE('',(#4114,#4115),#8791,.F.);
#4546=ADVANCED_FACE('',(#4116,#4117),#8792,.F.);
#4547=ADVANCED_FACE('',(#4118,#4119),#8793,.F.);
#4548=ADVANCED_FACE('',(#4120,#4121),#8794,.F.);
#4549=ADVANCED_FACE('',(#4122,#4123),#8795,.F.);
#4550=ADVANCED_FACE('',(#4124,#4125),#8796,.F.);
#4551=ADVANCED_FACE('',(#4126,#4127),#8797,.F.);
#4552=ADVANCED_FACE('',(#4128,#4129),#8798,.F.);
#4553=ADVANCED_FACE('',(#4130,#4131),#8799,.F.);
#4554=ADVANCED_FACE('',(#4132,#4133),#8800,.F.);
#4555=ADVANCED_FACE('',(#4134,#4135),#8801,.F.);
#4556=ADVANCED_FACE('',(#4136,#4137),#8802,.F.);
#4557=ADVANCED_FACE('',(#4138,#4139),#8803,.F.);
#4558=ADVANCED_FACE('',(#4140,#4141),#8804,.F.);
#4559=ADVANCED_FACE('',(#4142,#4143),#8805,.F.);
#4560=ADVANCED_FACE('',(#4144,#4145),#8806,.F.);
#4561=ADVANCED_FACE('',(#4146,#4147),#8807,.F.);
#4562=ADVANCED_FACE('',(#4148,#4149),#8808,.F.);
#4563=ADVANCED_FACE('',(#4150,#4151),#8809,.F.);
#4564=ADVANCED_FACE('',(#4152,#4153),#8810,.F.);
#4565=ADVANCED_FACE('',(#4154,#4155),#8811,.F.);
#4566=ADVANCED_FACE('',(#4156,#4157),#8812,.F.);
#4567=ADVANCED_FACE('',(#4158,#4159),#8813,.F.);
#4568=ADVANCED_FACE('',(#4160,#4161),#8814,.F.);
#4569=ADVANCED_FACE('',(#4162,#4163),#8815,.F.);
#4570=ADVANCED_FACE('',(#4164,#4165),#8816,.F.);
#4571=ADVANCED_FACE('',(#4166,#4167),#8817,.F.);
#4572=ADVANCED_FACE('',(#4168,#4169),#8818,.F.);
#4573=ADVANCED_FACE('',(#4170,#4171),#8819,.F.);
#4574=ADVANCED_FACE('',(#4172,#4173),#8820,.F.);
#4575=ADVANCED_FACE('',(#4174,#4175),#8821,.F.);
#4576=ADVANCED_FACE('',(#4176,#4177),#8822,.F.);
#4577=ADVANCED_FACE('',(#4178,#4179),#8823,.F.);
#4578=ADVANCED_FACE('',(#4180,#4181),#8824,.F.);
#4579=ADVANCED_FACE('',(#4182,#4183),#8825,.F.);
#4580=ADVANCED_FACE('',(#4184,#4185),#8826,.F.);
#4581=ADVANCED_FACE('',(#4186,#4187),#8827,.F.);
#4582=ADVANCED_FACE('',(#4188,#4189),#8828,.F.);
#4583=ADVANCED_FACE('',(#4190,#4191),#8829,.F.);
#4584=ADVANCED_FACE('',(#4192,#4193),#8830,.F.);
#4585=ADVANCED_FACE('',(#4194,#4195),#8831,.F.);
#4586=ADVANCED_FACE('',(#4196,#4197),#8832,.F.);
#4587=ADVANCED_FACE('',(#4198,#4199),#8833,.F.);
#4588=ADVANCED_FACE('',(#4200,#4201),#8834,.F.);
#4589=ADVANCED_FACE('',(#4202,#4203),#8835,.F.);
#4590=ADVANCED_FACE('',(#4204,#4205),#8836,.F.);
#4591=ADVANCED_FACE('',(#4206,#4207),#8837,.F.);
#4592=ADVANCED_FACE('',(#4208,#4209),#8838,.F.);
#4593=ADVANCED_FACE('',(#4210,#4211),#8839,.F.);
#4594=ADVANCED_FACE('',(#4212,#4213),#8840,.F.);
#4595=ADVANCED_FACE('',(#4214,#4215,#4216,#4217,#4218,#4219,#4220,#4221,
#4222,#4223,#4224,#4225,#4226,#4227,#4228,#4229,#4230,#4231,#4232,#4233,
#4234,#4235,#4236,#4237,#4238,#4239,#4240,#4241,#4242,#4243,#4244,#4245,
#4246,#4247,#4248,#4249,#4250,#4251,#4252,#4253,#4254,#4255,#4256,#4257,
#4258,#4259,#4260,#4261,#4262,#4263,#4264,#4265,#4266,#4267,#4268,#4269,
#4270,#4271,#4272,#4273,#4274,#4275,#4276,#4277,#4278,#4279,#4280,#4281,
#4282,#4283,#4284,#4285,#4286,#4287,#4288,#4289,#4290,#4291,#4292,#4293,
#4294,#4295,#4296,#4297,#4298,#4299,#4300,#4301,#4302,#4303,#4304,#4305,
#4306,#4307,#4308),#481,.T.);
#4596=ADVANCED_FACE('',(#4309,#4310),#8841,.F.);
#4597=ADVANCED_FACE('',(#4311,#4312),#8842,.F.);
#4598=ADVANCED_FACE('',(#4313,#4314),#8843,.F.);
#4599=ADVANCED_FACE('',(#4315,#4316),#8844,.F.);
#4600=ADVANCED_FACE('',(#4317,#4318),#8845,.F.);
#4601=ADVANCED_FACE('',(#4319,#4320),#8846,.F.);
#4602=ADVANCED_FACE('',(#4321,#4322),#8847,.F.);
#4603=ADVANCED_FACE('',(#4323,#4324),#8848,.F.);
#4604=ADVANCED_FACE('',(#4325,#4326),#8849,.F.);
#4605=ADVANCED_FACE('',(#4327,#4328),#8850,.F.);
#4606=ADVANCED_FACE('',(#4329,#4330),#8851,.F.);
#4607=ADVANCED_FACE('',(#4331,#4332),#8852,.F.);
#4608=ADVANCED_FACE('',(#4333,#4334),#8853,.F.);
#4609=ADVANCED_FACE('',(#4335,#4336),#8854,.F.);
#4610=ADVANCED_FACE('',(#4337,#4338),#8855,.F.);
#4611=ADVANCED_FACE('',(#4339,#4340),#8856,.F.);
#4612=ADVANCED_FACE('',(#4341,#4342),#8857,.F.);
#4613=ADVANCED_FACE('',(#4343,#4344),#8858,.F.);
#4614=ADVANCED_FACE('',(#4345,#4346),#8859,.F.);
#4615=ADVANCED_FACE('',(#4347,#4348),#8860,.F.);
#4616=ADVANCED_FACE('',(#4349,#4350),#8861,.F.);
#4617=ADVANCED_FACE('',(#4351,#4352),#8862,.F.);
#4618=ADVANCED_FACE('',(#4353,#4354),#8863,.F.);
#4619=ADVANCED_FACE('',(#4355,#4356),#8864,.F.);
#4620=ADVANCED_FACE('',(#4357,#4358),#8865,.F.);
#4621=ADVANCED_FACE('',(#4359,#4360),#8866,.F.);
#4622=ADVANCED_FACE('',(#4361,#4362),#8867,.F.);
#4623=ADVANCED_FACE('',(#4363,#4364),#8868,.F.);
#4624=ADVANCED_FACE('',(#4365,#4366),#8869,.F.);
#4625=ADVANCED_FACE('',(#4367,#4368),#8870,.F.);
#4626=ADVANCED_FACE('',(#4369,#4370),#8871,.F.);
#4627=ADVANCED_FACE('',(#4371,#4372),#8872,.F.);
#4628=ADVANCED_FACE('',(#4373,#4374),#8873,.F.);
#4629=ADVANCED_FACE('',(#4375,#4376),#8874,.F.);
#4630=ADVANCED_FACE('',(#4377,#4378),#8875,.F.);
#4631=ADVANCED_FACE('',(#4379,#4380),#8876,.F.);
#4632=ADVANCED_FACE('',(#4381,#4382),#8877,.F.);
#4633=ADVANCED_FACE('',(#4383,#4384),#8878,.F.);
#4634=ADVANCED_FACE('',(#4385,#4386),#8879,.F.);
#4635=ADVANCED_FACE('',(#4387,#4388),#8880,.F.);
#4636=ADVANCED_FACE('',(#4389,#4390),#8881,.F.);
#4637=ADVANCED_FACE('',(#4391,#4392),#8882,.F.);
#4638=ADVANCED_FACE('',(#4393,#4394),#8883,.F.);
#4639=ADVANCED_FACE('',(#4395,#4396),#8884,.F.);
#4640=ADVANCED_FACE('',(#4397),#482,.T.);
#4641=ADVANCED_FACE('',(#4398),#483,.T.);
#4642=ADVANCED_FACE('',(#4399),#484,.T.);
#4643=ADVANCED_FACE('',(#4400),#485,.T.);
#4644=AXIS2_PLACEMENT_3D('',#5761,#4967,#4968);
#4645=AXIS2_PLACEMENT_3D('',#5762,#4969,#4970);
#4646=AXIS2_PLACEMENT_3D('',#5767,#4972,#4973);
#4647=AXIS2_PLACEMENT_3D('',#5770,#4975,$);
#4648=AXIS2_PLACEMENT_3D('',#5771,#4976,#4977);
#4649=AXIS2_PLACEMENT_3D('',#5773,#4978,#4979);
#4650=AXIS2_PLACEMENT_3D('',#5775,#4980,#4981);
#4651=AXIS2_PLACEMENT_3D('',#5777,#4982,#4983);
#4652=AXIS2_PLACEMENT_3D('',#5779,#4984,#4985);
#4653=AXIS2_PLACEMENT_3D('',#5781,#4986,#4987);
#4654=AXIS2_PLACEMENT_3D('',#5783,#4988,#4989);
#4655=AXIS2_PLACEMENT_3D('',#5785,#4990,#4991);
#4656=AXIS2_PLACEMENT_3D('',#5787,#4992,#4993);
#4657=AXIS2_PLACEMENT_3D('',#5789,#4994,#4995);
#4658=AXIS2_PLACEMENT_3D('',#5791,#4996,#4997);
#4659=AXIS2_PLACEMENT_3D('',#5793,#4998,#4999);
#4660=AXIS2_PLACEMENT_3D('',#5795,#5000,#5001);
#4661=AXIS2_PLACEMENT_3D('',#5797,#5002,#5003);
#4662=AXIS2_PLACEMENT_3D('',#5799,#5004,#5005);
#4663=AXIS2_PLACEMENT_3D('',#5801,#5006,#5007);
#4664=AXIS2_PLACEMENT_3D('',#5803,#5008,#5009);
#4665=AXIS2_PLACEMENT_3D('',#5805,#5010,#5011);
#4666=AXIS2_PLACEMENT_3D('',#5807,#5012,#5013);
#4667=AXIS2_PLACEMENT_3D('',#5809,#5014,#5015);
#4668=AXIS2_PLACEMENT_3D('',#5811,#5016,#5017);
#4669=AXIS2_PLACEMENT_3D('',#5813,#5018,#5019);
#4670=AXIS2_PLACEMENT_3D('',#5815,#5020,#5021);
#4671=AXIS2_PLACEMENT_3D('',#5817,#5022,#5023);
#4672=AXIS2_PLACEMENT_3D('',#5819,#5024,#5025);
#4673=AXIS2_PLACEMENT_3D('',#5821,#5026,#5027);
#4674=AXIS2_PLACEMENT_3D('',#5823,#5028,#5029);
#4675=AXIS2_PLACEMENT_3D('',#5825,#5030,#5031);
#4676=AXIS2_PLACEMENT_3D('',#5827,#5032,#5033);
#4677=AXIS2_PLACEMENT_3D('',#5829,#5034,#5035);
#4678=AXIS2_PLACEMENT_3D('',#5831,#5036,#5037);
#4679=AXIS2_PLACEMENT_3D('',#5833,#5038,#5039);
#4680=AXIS2_PLACEMENT_3D('',#5835,#5040,#5041);
#4681=AXIS2_PLACEMENT_3D('',#5837,#5042,#5043);
#4682=AXIS2_PLACEMENT_3D('',#5839,#5044,#5045);
#4683=AXIS2_PLACEMENT_3D('',#5841,#5046,#5047);
#4684=AXIS2_PLACEMENT_3D('',#5843,#5048,#5049);
#4685=AXIS2_PLACEMENT_3D('',#5845,#5050,#5051);
#4686=AXIS2_PLACEMENT_3D('',#5847,#5052,#5053);
#4687=AXIS2_PLACEMENT_3D('',#5849,#5054,#5055);
#4688=AXIS2_PLACEMENT_3D('',#5851,#5056,#5057);
#4689=AXIS2_PLACEMENT_3D('',#5853,#5058,#5059);
#4690=AXIS2_PLACEMENT_3D('',#5855,#5060,#5061);
#4691=AXIS2_PLACEMENT_3D('',#5857,#5062,#5063);
#4692=AXIS2_PLACEMENT_3D('',#5859,#5064,#5065);
#4693=AXIS2_PLACEMENT_3D('',#5861,#5066,#5067);
#4694=AXIS2_PLACEMENT_3D('',#5863,#5068,#5069);
#4695=AXIS2_PLACEMENT_3D('',#5865,#5070,#5071);
#4696=AXIS2_PLACEMENT_3D('',#5867,#5072,#5073);
#4697=AXIS2_PLACEMENT_3D('',#5869,#5074,#5075);
#4698=AXIS2_PLACEMENT_3D('',#5879,#5080,#5081);
#4699=AXIS2_PLACEMENT_3D('',#5881,#5082,#5083);
#4700=AXIS2_PLACEMENT_3D('',#5883,#5084,#5085);
#4701=AXIS2_PLACEMENT_3D('',#5885,#5086,#5087);
#4702=AXIS2_PLACEMENT_3D('',#5887,#5088,#5089);
#4703=AXIS2_PLACEMENT_3D('',#5889,#5090,#5091);
#4704=AXIS2_PLACEMENT_3D('',#5891,#5092,#5093);
#4705=AXIS2_PLACEMENT_3D('',#5893,#5094,#5095);
#4706=AXIS2_PLACEMENT_3D('',#5895,#5096,#5097);
#4707=AXIS2_PLACEMENT_3D('',#5897,#5098,#5099);
#4708=AXIS2_PLACEMENT_3D('',#5899,#5100,#5101);
#4709=AXIS2_PLACEMENT_3D('',#5901,#5102,#5103);
#4710=AXIS2_PLACEMENT_3D('',#5903,#5104,#5105);
#4711=AXIS2_PLACEMENT_3D('',#5905,#5106,#5107);
#4712=AXIS2_PLACEMENT_3D('',#5907,#5108,#5109);
#4713=AXIS2_PLACEMENT_3D('',#5909,#5110,#5111);
#4714=AXIS2_PLACEMENT_3D('',#5911,#5112,#5113);
#4715=AXIS2_PLACEMENT_3D('',#5913,#5114,#5115);
#4716=AXIS2_PLACEMENT_3D('',#5915,#5116,#5117);
#4717=AXIS2_PLACEMENT_3D('',#5917,#5118,#5119);
#4718=AXIS2_PLACEMENT_3D('',#5919,#5120,#5121);
#4719=AXIS2_PLACEMENT_3D('',#5921,#5122,#5123);
#4720=AXIS2_PLACEMENT_3D('',#5923,#5124,#5125);
#4721=AXIS2_PLACEMENT_3D('',#5925,#5126,#5127);
#4722=AXIS2_PLACEMENT_3D('',#5927,#5128,#5129);
#4723=AXIS2_PLACEMENT_3D('',#5929,#5130,#5131);
#4724=AXIS2_PLACEMENT_3D('',#5931,#5132,#5133);
#4725=AXIS2_PLACEMENT_3D('',#5933,#5134,#5135);
#4726=AXIS2_PLACEMENT_3D('',#5935,#5136,#5137);
#4727=AXIS2_PLACEMENT_3D('',#5937,#5138,#5139);
#4728=AXIS2_PLACEMENT_3D('',#5939,#5140,#5141);
#4729=AXIS2_PLACEMENT_3D('',#5941,#5142,#5143);
#4730=AXIS2_PLACEMENT_3D('',#5943,#5144,#5145);
#4731=AXIS2_PLACEMENT_3D('',#5945,#5146,#5147);
#4732=AXIS2_PLACEMENT_3D('',#5947,#5148,#5149);
#4733=AXIS2_PLACEMENT_3D('',#5949,#5150,#5151);
#4734=AXIS2_PLACEMENT_3D('',#5951,#5152,#5153);
#4735=AXIS2_PLACEMENT_3D('',#5953,#5154,#5155);
#4736=AXIS2_PLACEMENT_3D('',#5955,#5156,#5157);
#4737=AXIS2_PLACEMENT_3D('',#5957,#5158,#5159);
#4738=AXIS2_PLACEMENT_3D('',#5959,#5160,#5161);
#4739=AXIS2_PLACEMENT_3D('',#5961,#5162,#5163);
#4740=AXIS2_PLACEMENT_3D('',#5963,#5164,#5165);
#4741=AXIS2_PLACEMENT_3D('',#5965,#5166,#5167);
#4742=AXIS2_PLACEMENT_3D('',#5967,#5168,#5169);
#4743=AXIS2_PLACEMENT_3D('',#5972,#5171,#5172);
#4744=AXIS2_PLACEMENT_3D('',#6313,#5185,#5186);
#4745=AXIS2_PLACEMENT_3D('',#6444,#5192,#5193);
#4746=AXIS2_PLACEMENT_3D('',#6447,#5195,#5196);
#4747=AXIS2_PLACEMENT_3D('',#6450,#5198,#5199);
#4748=AXIS2_PLACEMENT_3D('',#6453,#5201,#5202);
#4749=AXIS2_PLACEMENT_3D('',#6856,#5204,#5205);
#4750=AXIS2_PLACEMENT_3D('',#6859,#5207,#5208);
#4751=AXIS2_PLACEMENT_3D('',#7166,#5210,$);
#4752=AXIS2_PLACEMENT_3D('',#7168,#5212,$);
#4753=AXIS2_PLACEMENT_3D('',#7194,#5217,$);
#4754=AXIS2_PLACEMENT_3D('',#7198,#5220,$);
#4755=AXIS2_PLACEMENT_3D('',#7244,#5226,$);
#4756=AXIS2_PLACEMENT_3D('',#7380,#5241,$);
#4757=AXIS2_PLACEMENT_3D('',#7424,#5246,$);
#4758=AXIS2_PLACEMENT_3D('',#7503,#5255,$);
#4759=AXIS2_PLACEMENT_3D('',#7559,#5261,$);
#4760=AXIS2_PLACEMENT_3D('',#7607,#5268,$);
#4761=AXIS2_PLACEMENT_3D('',#7666,#5276,$);
#4762=AXIS2_PLACEMENT_3D('',#7714,#5283,$);
#4763=AXIS2_PLACEMENT_3D('',#7771,#5290,$);
#4764=AXIS2_PLACEMENT_3D('',#8098,#5317,$);
#4765=AXIS2_PLACEMENT_3D('',#8099,#5318,$);
#4766=AXIS2_PLACEMENT_3D('',#8257,#5335,$);
#4767=AXIS2_PLACEMENT_3D('',#8303,#5341,$);
#4768=AXIS2_PLACEMENT_3D('',#8350,#5347,$);
#4769=AXIS2_PLACEMENT_3D('',#8387,#5353,$);
#4770=AXIS2_PLACEMENT_3D('',#8435,#5360,$);
#4771=AXIS2_PLACEMENT_3D('',#8439,#5363,$);
#4772=AXIS2_PLACEMENT_3D('',#8485,#5369,$);
#4773=AXIS2_PLACEMENT_3D('',#8487,#5371,$);
#4774=AXIS2_PLACEMENT_3D('',#8488,#5372,#5373);
#4775=AXIS2_PLACEMENT_3D('',#8489,#5374,#5375);
#4776=AXIS2_PLACEMENT_3D('',#8491,#5376,#5377);
#4777=AXIS2_PLACEMENT_3D('',#8492,#5378,#5379);
#4778=AXIS2_PLACEMENT_3D('',#8494,#5380,#5381);
#4779=AXIS2_PLACEMENT_3D('',#8495,#5382,#5383);
#4780=AXIS2_PLACEMENT_3D('',#8497,#5384,#5385);
#4781=AXIS2_PLACEMENT_3D('',#8498,#5386,#5387);
#4782=AXIS2_PLACEMENT_3D('',#8500,#5388,#5389);
#4783=AXIS2_PLACEMENT_3D('',#8501,#5390,#5391);
#4784=AXIS2_PLACEMENT_3D('',#8503,#5392,#5393);
#4785=AXIS2_PLACEMENT_3D('',#8504,#5394,#5395);
#4786=AXIS2_PLACEMENT_3D('',#8506,#5396,#5397);
#4787=AXIS2_PLACEMENT_3D('',#8507,#5398,#5399);
#4788=AXIS2_PLACEMENT_3D('',#8509,#5400,#5401);
#4789=AXIS2_PLACEMENT_3D('',#8510,#5402,#5403);
#4790=AXIS2_PLACEMENT_3D('',#8512,#5404,#5405);
#4791=AXIS2_PLACEMENT_3D('',#8513,#5406,#5407);
#4792=AXIS2_PLACEMENT_3D('',#8515,#5408,#5409);
#4793=AXIS2_PLACEMENT_3D('',#8516,#5410,#5411);
#4794=AXIS2_PLACEMENT_3D('',#8518,#5412,#5413);
#4795=AXIS2_PLACEMENT_3D('',#8519,#5414,#5415);
#4796=AXIS2_PLACEMENT_3D('',#8521,#5416,#5417);
#4797=AXIS2_PLACEMENT_3D('',#8522,#5418,#5419);
#4798=AXIS2_PLACEMENT_3D('',#8524,#5420,#5421);
#4799=AXIS2_PLACEMENT_3D('',#8525,#5422,#5423);
#4800=AXIS2_PLACEMENT_3D('',#8527,#5424,#5425);
#4801=AXIS2_PLACEMENT_3D('',#8528,#5426,#5427);
#4802=AXIS2_PLACEMENT_3D('',#8530,#5428,#5429);
#4803=AXIS2_PLACEMENT_3D('',#8531,#5430,#5431);
#4804=AXIS2_PLACEMENT_3D('',#8533,#5432,#5433);
#4805=AXIS2_PLACEMENT_3D('',#8534,#5434,#5435);
#4806=AXIS2_PLACEMENT_3D('',#8536,#5436,#5437);
#4807=AXIS2_PLACEMENT_3D('',#8537,#5438,#5439);
#4808=AXIS2_PLACEMENT_3D('',#8539,#5440,#5441);
#4809=AXIS2_PLACEMENT_3D('',#8540,#5442,#5443);
#4810=AXIS2_PLACEMENT_3D('',#8542,#5444,#5445);
#4811=AXIS2_PLACEMENT_3D('',#8543,#5446,#5447);
#4812=AXIS2_PLACEMENT_3D('',#8545,#5448,#5449);
#4813=AXIS2_PLACEMENT_3D('',#8546,#5450,#5451);
#4814=AXIS2_PLACEMENT_3D('',#8548,#5452,#5453);
#4815=AXIS2_PLACEMENT_3D('',#8549,#5454,#5455);
#4816=AXIS2_PLACEMENT_3D('',#8551,#5456,#5457);
#4817=AXIS2_PLACEMENT_3D('',#8552,#5458,#5459);
#4818=AXIS2_PLACEMENT_3D('',#8554,#5460,#5461);
#4819=AXIS2_PLACEMENT_3D('',#8555,#5462,#5463);
#4820=AXIS2_PLACEMENT_3D('',#8557,#5464,#5465);
#4821=AXIS2_PLACEMENT_3D('',#8558,#5466,#5467);
#4822=AXIS2_PLACEMENT_3D('',#8560,#5468,#5469);
#4823=AXIS2_PLACEMENT_3D('',#8561,#5470,#5471);
#4824=AXIS2_PLACEMENT_3D('',#8563,#5472,#5473);
#4825=AXIS2_PLACEMENT_3D('',#8564,#5474,#5475);
#4826=AXIS2_PLACEMENT_3D('',#8566,#5476,#5477);
#4827=AXIS2_PLACEMENT_3D('',#8567,#5478,#5479);
#4828=AXIS2_PLACEMENT_3D('',#8569,#5480,#5481);
#4829=AXIS2_PLACEMENT_3D('',#8570,#5482,#5483);
#4830=AXIS2_PLACEMENT_3D('',#8572,#5484,#5485);
#4831=AXIS2_PLACEMENT_3D('',#8573,#5486,#5487);
#4832=AXIS2_PLACEMENT_3D('',#8575,#5488,#5489);
#4833=AXIS2_PLACEMENT_3D('',#8576,#5490,#5491);
#4834=AXIS2_PLACEMENT_3D('',#8578,#5492,#5493);
#4835=AXIS2_PLACEMENT_3D('',#8579,#5494,#5495);
#4836=AXIS2_PLACEMENT_3D('',#8581,#5496,#5497);
#4837=AXIS2_PLACEMENT_3D('',#8582,#5498,#5499);
#4838=AXIS2_PLACEMENT_3D('',#8584,#5500,#5501);
#4839=AXIS2_PLACEMENT_3D('',#8585,#5502,#5503);
#4840=AXIS2_PLACEMENT_3D('',#8587,#5504,#5505);
#4841=AXIS2_PLACEMENT_3D('',#8588,#5506,#5507);
#4842=AXIS2_PLACEMENT_3D('',#8590,#5508,#5509);
#4843=AXIS2_PLACEMENT_3D('',#8591,#5510,#5511);
#4844=AXIS2_PLACEMENT_3D('',#8593,#5512,#5513);
#4845=AXIS2_PLACEMENT_3D('',#8594,#5514,#5515);
#4846=AXIS2_PLACEMENT_3D('',#8596,#5516,#5517);
#4847=AXIS2_PLACEMENT_3D('',#8597,#5518,#5519);
#4848=AXIS2_PLACEMENT_3D('',#8599,#5520,#5521);
#4849=AXIS2_PLACEMENT_3D('',#8600,#5522,#5523);
#4850=AXIS2_PLACEMENT_3D('',#8602,#5524,#5525);
#4851=AXIS2_PLACEMENT_3D('',#8603,#5526,#5527);
#4852=AXIS2_PLACEMENT_3D('',#8605,#5528,#5529);
#4853=AXIS2_PLACEMENT_3D('',#8606,#5530,#5531);
#4854=AXIS2_PLACEMENT_3D('',#8608,#5532,#5533);
#4855=AXIS2_PLACEMENT_3D('',#8609,#5534,#5535);
#4856=AXIS2_PLACEMENT_3D('',#8611,#5536,#5537);
#4857=AXIS2_PLACEMENT_3D('',#8612,#5538,#5539);
#4858=AXIS2_PLACEMENT_3D('',#8614,#5540,#5541);
#4859=AXIS2_PLACEMENT_3D('',#8615,#5542,#5543);
#4860=AXIS2_PLACEMENT_3D('',#8617,#5544,#5545);
#4861=AXIS2_PLACEMENT_3D('',#8618,#5546,#5547);
#4862=AXIS2_PLACEMENT_3D('',#8620,#5548,#5549);
#4863=AXIS2_PLACEMENT_3D('',#8621,#5550,#5551);
#4864=AXIS2_PLACEMENT_3D('',#8623,#5552,#5553);
#4865=AXIS2_PLACEMENT_3D('',#8624,#5554,#5555);
#4866=AXIS2_PLACEMENT_3D('',#8626,#5556,#5557);
#4867=AXIS2_PLACEMENT_3D('',#8627,#5558,#5559);
#4868=AXIS2_PLACEMENT_3D('',#8629,#5560,#5561);
#4869=AXIS2_PLACEMENT_3D('',#8630,#5562,#5563);
#4870=AXIS2_PLACEMENT_3D('',#8632,#5564,#5565);
#4871=AXIS2_PLACEMENT_3D('',#8633,#5566,#5567);
#4872=AXIS2_PLACEMENT_3D('',#8635,#5568,#5569);
#4873=AXIS2_PLACEMENT_3D('',#8636,#5570,#5571);
#4874=AXIS2_PLACEMENT_3D('',#8638,#5572,$);
#4875=AXIS2_PLACEMENT_3D('',#8639,#5573,#5574);
#4876=AXIS2_PLACEMENT_3D('',#8641,#5575,#5576);
#4877=AXIS2_PLACEMENT_3D('',#8643,#5577,#5578);
#4878=AXIS2_PLACEMENT_3D('',#8645,#5579,#5580);
#4879=AXIS2_PLACEMENT_3D('',#8647,#5581,#5582);
#4880=AXIS2_PLACEMENT_3D('',#8649,#5583,#5584);
#4881=AXIS2_PLACEMENT_3D('',#8651,#5585,#5586);
#4882=AXIS2_PLACEMENT_3D('',#8653,#5587,#5588);
#4883=AXIS2_PLACEMENT_3D('',#8655,#5589,#5590);
#4884=AXIS2_PLACEMENT_3D('',#8657,#5591,#5592);
#4885=AXIS2_PLACEMENT_3D('',#8659,#5593,#5594);
#4886=AXIS2_PLACEMENT_3D('',#8661,#5595,#5596);
#4887=AXIS2_PLACEMENT_3D('',#8663,#5597,#5598);
#4888=AXIS2_PLACEMENT_3D('',#8665,#5599,#5600);
#4889=AXIS2_PLACEMENT_3D('',#8667,#5601,#5602);
#4890=AXIS2_PLACEMENT_3D('',#8669,#5603,#5604);
#4891=AXIS2_PLACEMENT_3D('',#8671,#5605,#5606);
#4892=AXIS2_PLACEMENT_3D('',#8673,#5607,#5608);
#4893=AXIS2_PLACEMENT_3D('',#8675,#5609,#5610);
#4894=AXIS2_PLACEMENT_3D('',#8677,#5611,#5612);
#4895=AXIS2_PLACEMENT_3D('',#8679,#5613,#5614);
#4896=AXIS2_PLACEMENT_3D('',#8681,#5615,#5616);
#4897=AXIS2_PLACEMENT_3D('',#8683,#5617,#5618);
#4898=AXIS2_PLACEMENT_3D('',#8685,#5619,#5620);
#4899=AXIS2_PLACEMENT_3D('',#8687,#5621,#5622);
#4900=AXIS2_PLACEMENT_3D('',#8689,#5623,#5624);
#4901=AXIS2_PLACEMENT_3D('',#8691,#5625,#5626);
#4902=AXIS2_PLACEMENT_3D('',#8693,#5627,#5628);
#4903=AXIS2_PLACEMENT_3D('',#8695,#5629,#5630);
#4904=AXIS2_PLACEMENT_3D('',#8697,#5631,#5632);
#4905=AXIS2_PLACEMENT_3D('',#8699,#5633,#5634);
#4906=AXIS2_PLACEMENT_3D('',#8701,#5635,#5636);
#4907=AXIS2_PLACEMENT_3D('',#8703,#5637,#5638);
#4908=AXIS2_PLACEMENT_3D('',#8705,#5639,#5640);
#4909=AXIS2_PLACEMENT_3D('',#8707,#5641,#5642);
#4910=AXIS2_PLACEMENT_3D('',#8709,#5643,#5644);
#4911=AXIS2_PLACEMENT_3D('',#8711,#5645,#5646);
#4912=AXIS2_PLACEMENT_3D('',#8713,#5647,#5648);
#4913=AXIS2_PLACEMENT_3D('',#8715,#5649,#5650);
#4914=AXIS2_PLACEMENT_3D('',#8717,#5651,#5652);
#4915=AXIS2_PLACEMENT_3D('',#8719,#5653,#5654);
#4916=AXIS2_PLACEMENT_3D('',#8721,#5655,#5656);
#4917=AXIS2_PLACEMENT_3D('',#8723,#5657,#5658);
#4918=AXIS2_PLACEMENT_3D('',#8725,#5659,#5660);
#4919=AXIS2_PLACEMENT_3D('',#8735,#5665,#5666);
#4920=AXIS2_PLACEMENT_3D('',#8736,#5667,#5668);
#4921=AXIS2_PLACEMENT_3D('',#8737,#5669,#5670);
#4922=AXIS2_PLACEMENT_3D('',#8738,#5671,#5672);
#4923=AXIS2_PLACEMENT_3D('',#8739,#5673,#5674);
#4924=AXIS2_PLACEMENT_3D('',#8740,#5675,#5676);
#4925=AXIS2_PLACEMENT_3D('',#8741,#5677,#5678);
#4926=AXIS2_PLACEMENT_3D('',#8742,#5679,#5680);
#4927=AXIS2_PLACEMENT_3D('',#8743,#5681,#5682);
#4928=AXIS2_PLACEMENT_3D('',#8744,#5683,#5684);
#4929=AXIS2_PLACEMENT_3D('',#8745,#5685,#5686);
#4930=AXIS2_PLACEMENT_3D('',#8746,#5687,#5688);
#4931=AXIS2_PLACEMENT_3D('',#8747,#5689,#5690);
#4932=AXIS2_PLACEMENT_3D('',#8748,#5691,#5692);
#4933=AXIS2_PLACEMENT_3D('',#8749,#5693,#5694);
#4934=AXIS2_PLACEMENT_3D('',#8750,#5695,#5696);
#4935=AXIS2_PLACEMENT_3D('',#8751,#5697,#5698);
#4936=AXIS2_PLACEMENT_3D('',#8752,#5699,#5700);
#4937=AXIS2_PLACEMENT_3D('',#8753,#5701,#5702);
#4938=AXIS2_PLACEMENT_3D('',#8754,#5703,#5704);
#4939=AXIS2_PLACEMENT_3D('',#8755,#5705,#5706);
#4940=AXIS2_PLACEMENT_3D('',#8756,#5707,#5708);
#4941=AXIS2_PLACEMENT_3D('',#8757,#5709,#5710);
#4942=AXIS2_PLACEMENT_3D('',#8758,#5711,#5712);
#4943=AXIS2_PLACEMENT_3D('',#8759,#5713,#5714);
#4944=AXIS2_PLACEMENT_3D('',#8760,#5715,#5716);
#4945=AXIS2_PLACEMENT_3D('',#8761,#5717,#5718);
#4946=AXIS2_PLACEMENT_3D('',#8762,#5719,#5720);
#4947=AXIS2_PLACEMENT_3D('',#8763,#5721,#5722);
#4948=AXIS2_PLACEMENT_3D('',#8764,#5723,#5724);
#4949=AXIS2_PLACEMENT_3D('',#8765,#5725,#5726);
#4950=AXIS2_PLACEMENT_3D('',#8766,#5727,#5728);
#4951=AXIS2_PLACEMENT_3D('',#8767,#5729,#5730);
#4952=AXIS2_PLACEMENT_3D('',#8768,#5731,#5732);
#4953=AXIS2_PLACEMENT_3D('',#8769,#5733,#5734);
#4954=AXIS2_PLACEMENT_3D('',#8770,#5735,#5736);
#4955=AXIS2_PLACEMENT_3D('',#8771,#5737,#5738);
#4956=AXIS2_PLACEMENT_3D('',#8772,#5739,#5740);
#4957=AXIS2_PLACEMENT_3D('',#8773,#5741,#5742);
#4958=AXIS2_PLACEMENT_3D('',#8774,#5743,#5744);
#4959=AXIS2_PLACEMENT_3D('',#8775,#5745,#5746);
#4960=AXIS2_PLACEMENT_3D('',#8776,#5747,#5748);
#4961=AXIS2_PLACEMENT_3D('',#8777,#5749,#5750);
#4962=AXIS2_PLACEMENT_3D('',#8778,#5751,#5752);
#4963=AXIS2_PLACEMENT_3D('',#8779,#5753,$);
#4964=AXIS2_PLACEMENT_3D('',#8782,#5756,$);
#4965=AXIS2_PLACEMENT_3D('',#8784,#5758,$);
#4966=AXIS2_PLACEMENT_3D('',#8786,#5760,$);
#4967=DIRECTION('',(0.,0.,1.));
#4968=DIRECTION('',(-0.141421356237311,-0.141421356237308,0.));
#4969=DIRECTION('',(0.,0.,1.));
#4970=DIRECTION('',(-0.141421356237311,-0.141421356237308,0.));
#4971=DIRECTION('',(0.,0.,1.));
#4972=DIRECTION('',(0.,0.,1.));
#4973=DIRECTION('',(-0.141421356237311,-0.141421356237308,0.));
#4974=DIRECTION('',(0.,0.,-1.));
#4975=DIRECTION('',(0.,0.,1.));
#4976=DIRECTION('',(0.,0.,1.));
#4977=DIRECTION('',(1.40000000000001,0.,0.));
#4978=DIRECTION('',(0.,0.,1.));
#4979=DIRECTION('',(1.4,0.,0.));
#4980=DIRECTION('',(0.,0.,1.));
#4981=DIRECTION('',(1.40000000000001,0.,0.));
#4982=DIRECTION('',(0.,0.,1.));
#4983=DIRECTION('',(1.4,0.,0.));
#4984=DIRECTION('',(0.,0.,1.));
#4985=DIRECTION('',(1.40000000000001,0.,0.));
#4986=DIRECTION('',(0.,0.,1.));
#4987=DIRECTION('',(1.40000000000001,0.,0.));
#4988=DIRECTION('',(0.,0.,1.));
#4989=DIRECTION('',(1.40000000000001,0.,0.));
#4990=DIRECTION('',(0.,0.,1.));
#4991=DIRECTION('',(1.40000000000001,0.,0.));
#4992=DIRECTION('',(0.,0.,1.));
#4993=DIRECTION('',(1.40000000000001,0.,0.));
#4994=DIRECTION('',(0.,0.,1.));
#4995=DIRECTION('',(1.40000000000001,0.,0.));
#4996=DIRECTION('',(0.,0.,1.));
#4997=DIRECTION('',(1.4,0.,0.));
#4998=DIRECTION('',(0.,0.,1.));
#4999=DIRECTION('',(1.4,0.,0.));
#5000=DIRECTION('',(0.,0.,1.));
#5001=DIRECTION('',(1.40000000000001,0.,0.));
#5002=DIRECTION('',(0.,0.,1.));
#5003=DIRECTION('',(1.4,0.,0.));
#5004=DIRECTION('',(0.,0.,1.));
#5005=DIRECTION('',(1.40000000000001,0.,0.));
#5006=DIRECTION('',(0.,0.,1.));
#5007=DIRECTION('',(1.40000000000001,0.,0.));
#5008=DIRECTION('',(0.,0.,1.));
#5009=DIRECTION('',(1.40000000000001,0.,0.));
#5010=DIRECTION('',(0.,0.,1.));
#5011=DIRECTION('',(1.40000000000001,0.,0.));
#5012=DIRECTION('',(0.,0.,1.));
#5013=DIRECTION('',(1.40000000000001,0.,0.));
#5014=DIRECTION('',(0.,0.,1.));
#5015=DIRECTION('',(1.4,0.,0.));
#5016=DIRECTION('',(0.,0.,1.));
#5017=DIRECTION('',(1.4,0.,0.));
#5018=DIRECTION('',(0.,0.,1.));
#5019=DIRECTION('',(1.40000000000001,0.,0.));
#5020=DIRECTION('',(0.,0.,1.));
#5021=DIRECTION('',(1.40000000000001,0.,0.));
#5022=DIRECTION('',(0.,0.,1.));
#5023=DIRECTION('',(1.40000000000001,0.,0.));
#5024=DIRECTION('',(0.,0.,1.));
#5025=DIRECTION('',(1.4,0.,0.));
#5026=DIRECTION('',(0.,0.,1.));
#5027=DIRECTION('',(1.40000000000001,0.,0.));
#5028=DIRECTION('',(0.,0.,1.));
#5029=DIRECTION('',(1.40000000000001,0.,0.));
#5030=DIRECTION('',(0.,0.,1.));
#5031=DIRECTION('',(1.40000000000001,0.,0.));
#5032=DIRECTION('',(0.,0.,1.));
#5033=DIRECTION('',(1.40000000000001,0.,0.));
#5034=DIRECTION('',(0.,0.,1.));
#5035=DIRECTION('',(1.4,0.,0.));
#5036=DIRECTION('',(0.,0.,1.));
#5037=DIRECTION('',(1.4,0.,0.));
#5038=DIRECTION('',(0.,0.,1.));
#5039=DIRECTION('',(1.40000000000001,0.,0.));
#5040=DIRECTION('',(0.,0.,1.));
#5041=DIRECTION('',(1.40000000000001,0.,0.));
#5042=DIRECTION('',(0.,0.,1.));
#5043=DIRECTION('',(1.40000000000001,0.,0.));
#5044=DIRECTION('',(0.,0.,1.));
#5045=DIRECTION('',(1.40000000000001,0.,0.));
#5046=DIRECTION('',(0.,0.,1.));
#5047=DIRECTION('',(1.40000000000001,0.,0.));
#5048=DIRECTION('',(0.,0.,1.));
#5049=DIRECTION('',(1.4,0.,0.));
#5050=DIRECTION('',(0.,0.,1.));
#5051=DIRECTION('',(1.4,0.,0.));
#5052=DIRECTION('',(0.,0.,1.));
#5053=DIRECTION('',(1.4,0.,0.));
#5054=DIRECTION('',(0.,0.,1.));
#5055=DIRECTION('',(1.40000000000001,0.,0.));
#5056=DIRECTION('',(0.,0.,1.));
#5057=DIRECTION('',(1.40000000000001,0.,0.));
#5058=DIRECTION('',(0.,0.,1.));
#5059=DIRECTION('',(1.40000000000001,0.,0.));
#5060=DIRECTION('',(0.,0.,1.));
#5061=DIRECTION('',(1.40000000000001,0.,0.));
#5062=DIRECTION('',(0.,0.,1.));
#5063=DIRECTION('',(1.40000000000001,0.,0.));
#5064=DIRECTION('',(0.,0.,1.));
#5065=DIRECTION('',(1.40000000000001,0.,0.));
#5066=DIRECTION('',(0.,0.,1.));
#5067=DIRECTION('',(1.4,0.,0.));
#5068=DIRECTION('',(0.,0.,1.));
#5069=DIRECTION('',(1.4,0.,0.));
#5070=DIRECTION('',(0.,0.,1.));
#5071=DIRECTION('',(1.4,0.,0.));
#5072=DIRECTION('',(0.,0.,1.));
#5073=DIRECTION('',(1.4,0.,0.));
#5074=DIRECTION('',(0.,0.,1.));
#5075=DIRECTION('',(1.40000000000001,0.,0.));
#5076=DIRECTION('',(0.,-1.,0.));
#5077=DIRECTION('',(-1.,0.,0.));
#5078=DIRECTION('',(0.,1.,0.));
#5079=DIRECTION('',(1.,0.,0.));
#5080=DIRECTION('',(0.,0.,1.));
#5081=DIRECTION('',(0.749998499999998,0.,0.));
#5082=DIRECTION('',(0.,0.,1.));
#5083=DIRECTION('',(0.675,0.,0.));
#5084=DIRECTION('',(0.,0.,1.));
#5085=DIRECTION('',(0.674999999999999,0.,0.));
#5086=DIRECTION('',(0.,0.,1.));
#5087=DIRECTION('',(0.674999999999999,0.,0.));
#5088=DIRECTION('',(0.,0.,1.));
#5089=DIRECTION('',(0.674999999999999,0.,0.));
#5090=DIRECTION('',(0.,0.,1.));
#5091=DIRECTION('',(0.675000000000001,0.,0.));
#5092=DIRECTION('',(0.,0.,1.));
#5093=DIRECTION('',(0.675000000000001,0.,0.));
#5094=DIRECTION('',(0.,0.,1.));
#5095=DIRECTION('',(0.675,0.,0.));
#5096=DIRECTION('',(0.,0.,1.));
#5097=DIRECTION('',(0.675,0.,0.));
#5098=DIRECTION('',(0.,0.,1.));
#5099=DIRECTION('',(0.675,0.,0.));
#5100=DIRECTION('',(0.,0.,1.));
#5101=DIRECTION('',(0.675,0.,0.));
#5102=DIRECTION('',(0.,0.,1.));
#5103=DIRECTION('',(0.675000000000001,0.,0.));
#5104=DIRECTION('',(0.,0.,1.));
#5105=DIRECTION('',(0.675,0.,0.));
#5106=DIRECTION('',(0.,0.,1.));
#5107=DIRECTION('',(0.675,0.,0.));
#5108=DIRECTION('',(0.,0.,1.));
#5109=DIRECTION('',(0.675,0.,0.));
#5110=DIRECTION('',(0.,0.,1.));
#5111=DIRECTION('',(0.674999999999999,0.,0.));
#5112=DIRECTION('',(0.,0.,1.));
#5113=DIRECTION('',(0.675,0.,0.));
#5114=DIRECTION('',(0.,0.,1.));
#5115=DIRECTION('',(0.674999999999999,0.,0.));
#5116=DIRECTION('',(0.,0.,1.));
#5117=DIRECTION('',(0.675,0.,0.));
#5118=DIRECTION('',(0.,0.,1.));
#5119=DIRECTION('',(0.674999999999999,0.,0.));
#5120=DIRECTION('',(0.,0.,1.));
#5121=DIRECTION('',(0.675000000000001,0.,0.));
#5122=DIRECTION('',(0.,0.,1.));
#5123=DIRECTION('',(0.675000000000001,0.,0.));
#5124=DIRECTION('',(0.,0.,1.));
#5125=DIRECTION('',(0.675000000000001,0.,0.));
#5126=DIRECTION('',(0.,0.,1.));
#5127=DIRECTION('',(0.674999999999999,0.,0.));
#5128=DIRECTION('',(0.,0.,1.));
#5129=DIRECTION('',(0.674999999999999,0.,0.));
#5130=DIRECTION('',(0.,0.,1.));
#5131=DIRECTION('',(0.675,0.,0.));
#5132=DIRECTION('',(0.,0.,1.));
#5133=DIRECTION('',(0.674999999999999,0.,0.));
#5134=DIRECTION('',(0.,0.,1.));
#5135=DIRECTION('',(0.675,0.,0.));
#5136=DIRECTION('',(0.,0.,1.));
#5137=DIRECTION('',(0.675,0.,0.));
#5138=DIRECTION('',(0.,0.,1.));
#5139=DIRECTION('',(0.675,0.,0.));
#5140=DIRECTION('',(0.,0.,1.));
#5141=DIRECTION('',(0.675,0.,0.));
#5142=DIRECTION('',(0.,0.,1.));
#5143=DIRECTION('',(0.675,0.,0.));
#5144=DIRECTION('',(0.,0.,1.));
#5145=DIRECTION('',(0.675,0.,0.));
#5146=DIRECTION('',(0.,0.,1.));
#5147=DIRECTION('',(0.675000000000001,0.,0.));
#5148=DIRECTION('',(0.,0.,1.));
#5149=DIRECTION('',(0.675,0.,0.));
#5150=DIRECTION('',(0.,0.,1.));
#5151=DIRECTION('',(0.675,0.,0.));
#5152=DIRECTION('',(0.,0.,1.));
#5153=DIRECTION('',(0.675,0.,0.));
#5154=DIRECTION('',(0.,0.,1.));
#5155=DIRECTION('',(0.675,0.,0.));
#5156=DIRECTION('',(0.,0.,1.));
#5157=DIRECTION('',(0.674999999999999,0.,0.));
#5158=DIRECTION('',(0.,0.,1.));
#5159=DIRECTION('',(0.675000000000001,0.,0.));
#5160=DIRECTION('',(0.,0.,1.));
#5161=DIRECTION('',(0.674999999999999,0.,0.));
#5162=DIRECTION('',(0.,0.,1.));
#5163=DIRECTION('',(0.675000000000001,0.,0.));
#5164=DIRECTION('',(0.,0.,1.));
#5165=DIRECTION('',(0.675,0.,0.));
#5166=DIRECTION('',(0.,0.,1.));
#5167=DIRECTION('',(0.749998499999998,0.,0.));
#5168=DIRECTION('',(0.,0.,1.));
#5169=DIRECTION('',(-0.141421356237311,-0.141421356237308,0.));
#5170=DIRECTION('',(0.,1.,0.));
#5171=DIRECTION('',(0.,0.,1.));
#5172=DIRECTION('',(-0.141421356237311,0.141421356237308,0.));
#5173=DIRECTION('',(1.,0.,0.));
#5174=DIRECTION('',(-1.,0.,0.));
#5175=DIRECTION('',(0.,1.,0.));
#5176=DIRECTION('',(2.51965509134787E-16,-1.,0.));
#5177=DIRECTION('',(1.,0.,0.));
#5178=DIRECTION('',(-1.,-3.8867294947561E-15,0.));
#5179=DIRECTION('',(0.,1.,0.));
#5180=DIRECTION('',(1.87046458903613E-16,-1.,0.));
#5181=DIRECTION('',(0.,1.,0.));
#5182=DIRECTION('',(5.42140380169841E-16,-1.,0.));
#5183=DIRECTION('',(0.,-1.,0.));
#5184=DIRECTION('',(0.,1.,0.));
#5185=DIRECTION('',(0.,0.,1.));
#5186=DIRECTION('',(-0.141421356237311,0.141421356237308,0.));
#5187=DIRECTION('',(1.,0.,0.));
#5188=DIRECTION('',(0.,1.,0.));
#5189=DIRECTION('',(6.24824609626906E-16,-1.,0.));
#5190=DIRECTION('',(-4.15522067695964E-16,1.,0.));
#5191=DIRECTION('',(1.80112227062129E-16,-1.,0.));
#5192=DIRECTION('',(0.,0.,1.));
#5193=DIRECTION('',(-0.141421356237311,-0.141421356237308,0.));
#5194=DIRECTION('',(0.,0.,1.));
#5195=DIRECTION('',(0.,0.,1.));
#5196=DIRECTION('',(-0.141421356237311,-0.141421356237308,0.));
#5197=DIRECTION('',(0.,0.,-1.));
#5198=DIRECTION('',(0.,0.,1.));
#5199=DIRECTION('',(-0.141421356237311,0.141421356237308,0.));
#5200=DIRECTION('',(0.,0.,1.));
#5201=DIRECTION('',(0.,0.,1.));
#5202=DIRECTION('',(-0.141421356237311,0.141421356237308,0.));
#5203=DIRECTION('',(0.,0.,-1.));
#5204=DIRECTION('',(0.,0.,1.));
#5205=DIRECTION('',(-0.141421356237311,0.141421356237308,0.));
#5206=DIRECTION('',(0.,0.,1.));
#5207=DIRECTION('',(0.,0.,1.));
#5208=DIRECTION('',(-0.141421356237311,0.141421356237308,0.));
#5209=DIRECTION('',(0.,0.,-1.));
#5210=DIRECTION('',(1.,0.,0.));
#5211=DIRECTION('',(0.,-1.,0.));
#5212=DIRECTION('',(0.,-1.,0.));
#5213=DIRECTION('',(-1.,0.,0.));
#5214=DIRECTION('',(0.,0.,1.));
#5215=DIRECTION('',(0.,0.,1.));
#5216=DIRECTION('',(0.,0.,1.));
#5217=DIRECTION('',(0.,-1.,0.));
#5218=DIRECTION('',(-1.,0.,0.));
#5219=DIRECTION('',(0.,0.,1.));
#5220=DIRECTION('',(-1.,0.,0.));
#5221=DIRECTION('',(0.,1.,0.));
#5222=DIRECTION('',(0.,0.,1.));
#5223=DIRECTION('',(0.,0.,1.));
#5224=DIRECTION('',(0.,0.,1.));
#5225=DIRECTION('',(0.,0.,1.));
#5226=DIRECTION('',(-1.,-5.42140380169841E-16,0.));
#5227=DIRECTION('',(0.,0.,1.));
#5228=DIRECTION('',(-5.42140380169841E-16,1.,0.));
#5229=DIRECTION('',(0.,0.,1.));
#5230=DIRECTION('',(0.,0.,1.));
#5231=DIRECTION('',(0.,0.,1.));
#5232=DIRECTION('',(0.,0.,1.));
#5233=DIRECTION('',(0.,0.,1.));
#5234=DIRECTION('',(0.,0.,1.));
#5235=DIRECTION('',(0.,0.,1.));
#5236=DIRECTION('',(0.,0.,1.));
#5237=DIRECTION('',(0.,0.,1.));
#5238=DIRECTION('',(0.,0.,1.));
#5239=DIRECTION('',(0.,0.,1.));
#5240=DIRECTION('',(0.,0.,1.));
#5241=DIRECTION('',(1.,0.,0.));
#5242=DIRECTION('',(0.,-1.,0.));
#5243=DIRECTION('',(0.,0.,1.));
#5244=DIRECTION('',(0.,0.,1.));
#5245=DIRECTION('',(0.,0.,1.));
#5246=DIRECTION('',(1.,0.,0.));
#5247=DIRECTION('',(0.,0.,1.));
#5248=DIRECTION('',(0.,-1.,0.));
#5249=DIRECTION('',(0.,0.,1.));
#5250=DIRECTION('',(0.,0.,1.));
#5251=DIRECTION('',(0.,0.,1.));
#5252=DIRECTION('',(0.,0.,1.));
#5253=DIRECTION('',(0.,0.,1.));
#5254=DIRECTION('',(0.,0.,1.));
#5255=DIRECTION('',(0.,0.,1.));
#5256=DIRECTION('',(0.,0.,1.));
#5257=DIRECTION('',(0.,0.,1.));
#5258=DIRECTION('',(0.,0.,1.));
#5259=DIRECTION('',(0.,0.,1.));
#5260=DIRECTION('',(0.,0.,1.));
#5261=DIRECTION('',(-1.,-1.80112227062129E-16,0.));
#5262=DIRECTION('',(-1.80112227062129E-16,1.,0.));
#5263=DIRECTION('',(0.,0.,1.));
#5264=DIRECTION('',(0.,0.,1.));
#5265=DIRECTION('',(0.,0.,1.));
#5266=DIRECTION('',(0.,0.,1.));
#5267=DIRECTION('',(0.,0.,1.));
#5268=DIRECTION('',(1.,4.15522067695964E-16,0.));
#5269=DIRECTION('',(4.15522067695964E-16,-1.,0.));
#5270=DIRECTION('',(0.,0.,1.));
#5271=DIRECTION('',(0.,0.,1.));
#5272=DIRECTION('',(0.,0.,1.));
#5273=DIRECTION('',(0.,0.,1.));
#5274=DIRECTION('',(0.,0.,1.));
#5275=DIRECTION('',(0.,0.,1.));
#5276=DIRECTION('',(-1.,-6.24824609626906E-16,0.));
#5277=DIRECTION('',(-6.24824609626906E-16,1.,0.));
#5278=DIRECTION('',(0.,0.,1.));
#5279=DIRECTION('',(0.,0.,1.));
#5280=DIRECTION('',(0.,0.,1.));
#5281=DIRECTION('',(0.,0.,1.));
#5282=DIRECTION('',(0.,0.,1.));
#5283=DIRECTION('',(1.,0.,0.));
#5284=DIRECTION('',(0.,-1.,0.));
#5285=DIRECTION('',(0.,0.,1.));
#5286=DIRECTION('',(0.,0.,1.));
#5287=DIRECTION('',(0.,0.,1.));
#5288=DIRECTION('',(0.,0.,1.));
#5289=DIRECTION('',(0.,0.,1.));
#5290=DIRECTION('',(0.,0.,1.));
#5291=DIRECTION('',(0.,0.,1.));
#5292=DIRECTION('',(0.,0.,1.));
#5293=DIRECTION('',(0.,0.,1.));
#5294=DIRECTION('',(0.,0.,1.));
#5295=DIRECTION('',(0.,0.,1.));
#5296=DIRECTION('',(0.,0.,1.));
#5297=DIRECTION('',(0.,0.,1.));
#5298=DIRECTION('',(0.,0.,1.));
#5299=DIRECTION('',(0.,0.,1.));
#5300=DIRECTION('',(0.,0.,1.));
#5301=DIRECTION('',(0.,0.,1.));
#5302=DIRECTION('',(0.,0.,1.));
#5303=DIRECTION('',(0.,0.,1.));
#5304=DIRECTION('',(0.,0.,1.));
#5305=DIRECTION('',(0.,0.,1.));
#5306=DIRECTION('',(0.,0.,1.));
#5307=DIRECTION('',(0.,0.,1.));
#5308=DIRECTION('',(0.,0.,1.));
#5309=DIRECTION('',(0.,0.,1.));
#5310=DIRECTION('',(0.,0.,1.));
#5311=DIRECTION('',(0.,0.,1.));
#5312=DIRECTION('',(0.,0.,1.));
#5313=DIRECTION('',(0.,0.,1.));
#5314=DIRECTION('',(0.,0.,1.));
#5315=DIRECTION('',(0.,0.,1.));
#5316=DIRECTION('',(0.,0.,1.));
#5317=DIRECTION('',(0.,0.,1.));
#5318=DIRECTION('',(1.,0.,0.));
#5319=DIRECTION('',(0.,-1.,0.));
#5320=DIRECTION('',(0.,0.,1.));
#5321=DIRECTION('',(0.,0.,1.));
#5322=DIRECTION('',(0.,0.,1.));
#5323=DIRECTION('',(0.,0.,1.));
#5324=DIRECTION('',(0.,0.,1.));
#5325=DIRECTION('',(0.,0.,1.));
#5326=DIRECTION('',(0.,0.,1.));
#5327=DIRECTION('',(0.,0.,1.));
#5328=DIRECTION('',(0.,0.,1.));
#5329=DIRECTION('',(0.,0.,1.));
#5330=DIRECTION('',(0.,0.,1.));
#5331=DIRECTION('',(0.,0.,1.));
#5332=DIRECTION('',(0.,0.,1.));
#5333=DIRECTION('',(0.,0.,1.));
#5334=DIRECTION('',(0.,0.,1.));
#5335=DIRECTION('',(-1.,-1.87046458903613E-16,0.));
#5336=DIRECTION('',(-1.87046458903613E-16,1.,0.));
#5337=DIRECTION('',(0.,0.,1.));
#5338=DIRECTION('',(0.,0.,1.));
#5339=DIRECTION('',(0.,0.,1.));
#5340=DIRECTION('',(0.,0.,1.));
#5341=DIRECTION('',(0.,0.,1.));
#5342=DIRECTION('',(0.,0.,1.));
#5343=DIRECTION('',(0.,0.,1.));
#5344=DIRECTION('',(0.,0.,1.));
#5345=DIRECTION('',(0.,0.,1.));
#5346=DIRECTION('',(0.,0.,1.));
#5347=DIRECTION('',(0.,-1.,0.));
#5348=DIRECTION('',(-1.,0.,0.));
#5349=DIRECTION('',(0.,0.,1.));
#5350=DIRECTION('',(0.,0.,1.));
#5351=DIRECTION('',(0.,0.,1.));
#5352=DIRECTION('',(0.,0.,1.));
#5353=DIRECTION('',(-1.,-2.51965509134787E-16,0.));
#5354=DIRECTION('',(-2.51965509134787E-16,1.,0.));
#5355=DIRECTION('',(0.,0.,1.));
#5356=DIRECTION('',(0.,0.,1.));
#5357=DIRECTION('',(0.,0.,1.));
#5358=DIRECTION('',(0.,0.,1.));
#5359=DIRECTION('',(0.,0.,1.));
#5360=DIRECTION('',(1.,0.,0.));
#5361=DIRECTION('',(0.,-1.,0.));
#5362=DIRECTION('',(0.,0.,1.));
#5363=DIRECTION('',(0.,1.,0.));
#5364=DIRECTION('',(1.,0.,0.));
#5365=DIRECTION('',(0.,0.,1.));
#5366=DIRECTION('',(0.,0.,1.));
#5367=DIRECTION('',(0.,0.,1.));
#5368=DIRECTION('',(0.,0.,1.));
#5369=DIRECTION('',(-3.8867294947561E-15,1.,0.));
#5370=DIRECTION('',(1.,3.8867294947561E-15,0.));
#5371=DIRECTION('',(0.,0.,1.));
#5372=DIRECTION('',(0.,0.,-1.));
#5373=DIRECTION('',(1.40000000000001,0.,0.));
#5374=DIRECTION('',(0.,0.,-1.));
#5375=DIRECTION('',(1.40000000000001,0.,0.));
#5376=DIRECTION('',(0.,0.,-1.));
#5377=DIRECTION('',(1.4,0.,0.));
#5378=DIRECTION('',(0.,0.,-1.));
#5379=DIRECTION('',(1.4,0.,0.));
#5380=DIRECTION('',(0.,0.,-1.));
#5381=DIRECTION('',(1.40000000000001,0.,0.));
#5382=DIRECTION('',(0.,0.,-1.));
#5383=DIRECTION('',(1.40000000000001,0.,0.));
#5384=DIRECTION('',(0.,0.,-1.));
#5385=DIRECTION('',(1.4,0.,0.));
#5386=DIRECTION('',(0.,0.,-1.));
#5387=DIRECTION('',(1.4,0.,0.));
#5388=DIRECTION('',(0.,0.,-1.));
#5389=DIRECTION('',(1.40000000000001,0.,0.));
#5390=DIRECTION('',(0.,0.,-1.));
#5391=DIRECTION('',(1.40000000000001,0.,0.));
#5392=DIRECTION('',(0.,0.,-1.));
#5393=DIRECTION('',(1.40000000000001,0.,0.));
#5394=DIRECTION('',(0.,0.,-1.));
#5395=DIRECTION('',(1.40000000000001,0.,0.));
#5396=DIRECTION('',(0.,0.,-1.));
#5397=DIRECTION('',(1.40000000000001,0.,0.));
#5398=DIRECTION('',(0.,0.,-1.));
#5399=DIRECTION('',(1.40000000000001,0.,0.));
#5400=DIRECTION('',(0.,0.,-1.));
#5401=DIRECTION('',(1.40000000000001,0.,0.));
#5402=DIRECTION('',(0.,0.,-1.));
#5403=DIRECTION('',(1.40000000000001,0.,0.));
#5404=DIRECTION('',(0.,0.,-1.));
#5405=DIRECTION('',(1.40000000000001,0.,0.));
#5406=DIRECTION('',(0.,0.,-1.));
#5407=DIRECTION('',(1.40000000000001,0.,0.));
#5408=DIRECTION('',(0.,0.,-1.));
#5409=DIRECTION('',(1.40000000000001,0.,0.));
#5410=DIRECTION('',(0.,0.,-1.));
#5411=DIRECTION('',(1.40000000000001,0.,0.));
#5412=DIRECTION('',(0.,0.,-1.));
#5413=DIRECTION('',(1.4,0.,0.));
#5414=DIRECTION('',(0.,0.,-1.));
#5415=DIRECTION('',(1.4,0.,0.));
#5416=DIRECTION('',(0.,0.,-1.));
#5417=DIRECTION('',(1.4,0.,0.));
#5418=DIRECTION('',(0.,0.,-1.));
#5419=DIRECTION('',(1.4,0.,0.));
#5420=DIRECTION('',(0.,0.,-1.));
#5421=DIRECTION('',(1.40000000000001,0.,0.));
#5422=DIRECTION('',(0.,0.,-1.));
#5423=DIRECTION('',(1.40000000000001,0.,0.));
#5424=DIRECTION('',(0.,0.,-1.));
#5425=DIRECTION('',(1.4,0.,0.));
#5426=DIRECTION('',(0.,0.,-1.));
#5427=DIRECTION('',(1.4,0.,0.));
#5428=DIRECTION('',(0.,0.,-1.));
#5429=DIRECTION('',(1.40000000000001,0.,0.));
#5430=DIRECTION('',(0.,0.,-1.));
#5431=DIRECTION('',(1.40000000000001,0.,0.));
#5432=DIRECTION('',(0.,0.,-1.));
#5433=DIRECTION('',(1.40000000000001,0.,0.));
#5434=DIRECTION('',(0.,0.,-1.));
#5435=DIRECTION('',(1.40000000000001,0.,0.));
#5436=DIRECTION('',(0.,0.,-1.));
#5437=DIRECTION('',(1.40000000000001,0.,0.));
#5438=DIRECTION('',(0.,0.,-1.));
#5439=DIRECTION('',(1.40000000000001,0.,0.));
#5440=DIRECTION('',(0.,0.,-1.));
#5441=DIRECTION('',(1.40000000000001,0.,0.));
#5442=DIRECTION('',(0.,0.,-1.));
#5443=DIRECTION('',(1.40000000000001,0.,0.));
#5444=DIRECTION('',(0.,0.,-1.));
#5445=DIRECTION('',(1.40000000000001,0.,0.));
#5446=DIRECTION('',(0.,0.,-1.));
#5447=DIRECTION('',(1.40000000000001,0.,0.));
#5448=DIRECTION('',(0.,0.,-1.));
#5449=DIRECTION('',(1.4,0.,0.));
#5450=DIRECTION('',(0.,0.,-1.));
#5451=DIRECTION('',(1.4,0.,0.));
#5452=DIRECTION('',(0.,0.,-1.));
#5453=DIRECTION('',(1.4,0.,0.));
#5454=DIRECTION('',(0.,0.,-1.));
#5455=DIRECTION('',(1.4,0.,0.));
#5456=DIRECTION('',(0.,0.,-1.));
#5457=DIRECTION('',(1.40000000000001,0.,0.));
#5458=DIRECTION('',(0.,0.,-1.));
#5459=DIRECTION('',(1.40000000000001,0.,0.));
#5460=DIRECTION('',(0.,0.,-1.));
#5461=DIRECTION('',(1.40000000000001,0.,0.));
#5462=DIRECTION('',(0.,0.,-1.));
#5463=DIRECTION('',(1.40000000000001,0.,0.));
#5464=DIRECTION('',(0.,0.,-1.));
#5465=DIRECTION('',(1.40000000000001,0.,0.));
#5466=DIRECTION('',(0.,0.,-1.));
#5467=DIRECTION('',(1.40000000000001,0.,0.));
#5468=DIRECTION('',(0.,0.,-1.));
#5469=DIRECTION('',(1.4,0.,0.));
#5470=DIRECTION('',(0.,0.,-1.));
#5471=DIRECTION('',(1.4,0.,0.));
#5472=DIRECTION('',(0.,0.,-1.));
#5473=DIRECTION('',(1.40000000000001,0.,0.));
#5474=DIRECTION('',(0.,0.,-1.));
#5475=DIRECTION('',(1.40000000000001,0.,0.));
#5476=DIRECTION('',(0.,0.,-1.));
#5477=DIRECTION('',(1.40000000000001,0.,0.));
#5478=DIRECTION('',(0.,0.,-1.));
#5479=DIRECTION('',(1.40000000000001,0.,0.));
#5480=DIRECTION('',(0.,0.,-1.));
#5481=DIRECTION('',(1.40000000000001,0.,0.));
#5482=DIRECTION('',(0.,0.,-1.));
#5483=DIRECTION('',(1.40000000000001,0.,0.));
#5484=DIRECTION('',(0.,0.,-1.));
#5485=DIRECTION('',(1.40000000000001,0.,0.));
#5486=DIRECTION('',(0.,0.,-1.));
#5487=DIRECTION('',(1.40000000000001,0.,0.));
#5488=DIRECTION('',(0.,0.,-1.));
#5489=DIRECTION('',(1.4,0.,0.));
#5490=DIRECTION('',(0.,0.,-1.));
#5491=DIRECTION('',(1.4,0.,0.));
#5492=DIRECTION('',(0.,0.,-1.));
#5493=DIRECTION('',(1.4,0.,0.));
#5494=DIRECTION('',(0.,0.,-1.));
#5495=DIRECTION('',(1.4,0.,0.));
#5496=DIRECTION('',(0.,0.,-1.));
#5497=DIRECTION('',(1.40000000000001,0.,0.));
#5498=DIRECTION('',(0.,0.,-1.));
#5499=DIRECTION('',(1.40000000000001,0.,0.));
#5500=DIRECTION('',(0.,0.,-1.));
#5501=DIRECTION('',(1.40000000000001,0.,0.));
#5502=DIRECTION('',(0.,0.,-1.));
#5503=DIRECTION('',(1.40000000000001,0.,0.));
#5504=DIRECTION('',(0.,0.,-1.));
#5505=DIRECTION('',(1.40000000000001,0.,0.));
#5506=DIRECTION('',(0.,0.,-1.));
#5507=DIRECTION('',(1.40000000000001,0.,0.));
#5508=DIRECTION('',(0.,0.,-1.));
#5509=DIRECTION('',(1.40000000000001,0.,0.));
#5510=DIRECTION('',(0.,0.,-1.));
#5511=DIRECTION('',(1.40000000000001,0.,0.));
#5512=DIRECTION('',(0.,0.,-1.));
#5513=DIRECTION('',(1.40000000000001,0.,0.));
#5514=DIRECTION('',(0.,0.,-1.));
#5515=DIRECTION('',(1.40000000000001,0.,0.));
#5516=DIRECTION('',(0.,0.,-1.));
#5517=DIRECTION('',(1.4,0.,0.));
#5518=DIRECTION('',(0.,0.,-1.));
#5519=DIRECTION('',(1.4,0.,0.));
#5520=DIRECTION('',(0.,0.,-1.));
#5521=DIRECTION('',(1.4,0.,0.));
#5522=DIRECTION('',(0.,0.,-1.));
#5523=DIRECTION('',(1.4,0.,0.));
#5524=DIRECTION('',(0.,0.,-1.));
#5525=DIRECTION('',(1.4,0.,0.));
#5526=DIRECTION('',(0.,0.,-1.));
#5527=DIRECTION('',(1.4,0.,0.));
#5528=DIRECTION('',(0.,0.,-1.));
#5529=DIRECTION('',(1.40000000000001,0.,0.));
#5530=DIRECTION('',(0.,0.,-1.));
#5531=DIRECTION('',(1.40000000000001,0.,0.));
#5532=DIRECTION('',(0.,0.,-1.));
#5533=DIRECTION('',(1.40000000000001,0.,0.));
#5534=DIRECTION('',(0.,0.,-1.));
#5535=DIRECTION('',(1.40000000000001,0.,0.));
#5536=DIRECTION('',(0.,0.,-1.));
#5537=DIRECTION('',(1.40000000000001,0.,0.));
#5538=DIRECTION('',(0.,0.,-1.));
#5539=DIRECTION('',(1.40000000000001,0.,0.));
#5540=DIRECTION('',(0.,0.,-1.));
#5541=DIRECTION('',(1.40000000000001,0.,0.));
#5542=DIRECTION('',(0.,0.,-1.));
#5543=DIRECTION('',(1.40000000000001,0.,0.));
#5544=DIRECTION('',(0.,0.,-1.));
#5545=DIRECTION('',(1.40000000000001,0.,0.));
#5546=DIRECTION('',(0.,0.,-1.));
#5547=DIRECTION('',(1.40000000000001,0.,0.));
#5548=DIRECTION('',(0.,0.,-1.));
#5549=DIRECTION('',(1.40000000000001,0.,0.));
#5550=DIRECTION('',(0.,0.,-1.));
#5551=DIRECTION('',(1.40000000000001,0.,0.));
#5552=DIRECTION('',(0.,0.,-1.));
#5553=DIRECTION('',(1.4,0.,0.));
#5554=DIRECTION('',(0.,0.,-1.));
#5555=DIRECTION('',(1.4,0.,0.));
#5556=DIRECTION('',(0.,0.,-1.));
#5557=DIRECTION('',(1.4,0.,0.));
#5558=DIRECTION('',(0.,0.,-1.));
#5559=DIRECTION('',(1.4,0.,0.));
#5560=DIRECTION('',(0.,0.,-1.));
#5561=DIRECTION('',(1.4,0.,0.));
#5562=DIRECTION('',(0.,0.,-1.));
#5563=DIRECTION('',(1.4,0.,0.));
#5564=DIRECTION('',(0.,0.,-1.));
#5565=DIRECTION('',(1.4,0.,0.));
#5566=DIRECTION('',(0.,0.,-1.));
#5567=DIRECTION('',(1.4,0.,0.));
#5568=DIRECTION('',(0.,0.,-1.));
#5569=DIRECTION('',(1.40000000000001,0.,0.));
#5570=DIRECTION('',(0.,0.,-1.));
#5571=DIRECTION('',(1.40000000000001,0.,0.));
#5572=DIRECTION('',(0.,0.,1.));
#5573=DIRECTION('',(0.,0.,-1.));
#5574=DIRECTION('',(0.749998499999998,0.,0.));
#5575=DIRECTION('',(0.,0.,-1.));
#5576=DIRECTION('',(0.675,0.,0.));
#5577=DIRECTION('',(0.,0.,-1.));
#5578=DIRECTION('',(0.675000000000001,0.,0.));
#5579=DIRECTION('',(0.,0.,-1.));
#5580=DIRECTION('',(0.674999999999999,0.,0.));
#5581=DIRECTION('',(0.,0.,-1.));
#5582=DIRECTION('',(0.675000000000001,0.,0.));
#5583=DIRECTION('',(0.,0.,-1.));
#5584=DIRECTION('',(0.674999999999999,0.,0.));
#5585=DIRECTION('',(0.,0.,-1.));
#5586=DIRECTION('',(0.675,0.,0.));
#5587=DIRECTION('',(0.,0.,-1.));
#5588=DIRECTION('',(0.675,0.,0.));
#5589=DIRECTION('',(0.,0.,-1.));
#5590=DIRECTION('',(0.675,0.,0.));
#5591=DIRECTION('',(0.,0.,-1.));
#5592=DIRECTION('',(0.675,0.,0.));
#5593=DIRECTION('',(0.,0.,-1.));
#5594=DIRECTION('',(0.675000000000001,0.,0.));
#5595=DIRECTION('',(0.,0.,-1.));
#5596=DIRECTION('',(0.675,0.,0.));
#5597=DIRECTION('',(0.,0.,-1.));
#5598=DIRECTION('',(0.675,0.,0.));
#5599=DIRECTION('',(0.,0.,-1.));
#5600=DIRECTION('',(0.675,0.,0.));
#5601=DIRECTION('',(0.,0.,-1.));
#5602=DIRECTION('',(0.675,0.,0.));
#5603=DIRECTION('',(0.,0.,-1.));
#5604=DIRECTION('',(0.675,0.,0.));
#5605=DIRECTION('',(0.,0.,-1.));
#5606=DIRECTION('',(0.675,0.,0.));
#5607=DIRECTION('',(0.,0.,-1.));
#5608=DIRECTION('',(0.674999999999999,0.,0.));
#5609=DIRECTION('',(0.,0.,-1.));
#5610=DIRECTION('',(0.675,0.,0.));
#5611=DIRECTION('',(0.,0.,-1.));
#5612=DIRECTION('',(0.674999999999999,0.,0.));
#5613=DIRECTION('',(0.,0.,-1.));
#5614=DIRECTION('',(0.674999999999999,0.,0.));
#5615=DIRECTION('',(0.,0.,-1.));
#5616=DIRECTION('',(0.675000000000001,0.,0.));
#5617=DIRECTION('',(0.,0.,-1.));
#5618=DIRECTION('',(0.675000000000001,0.,0.));
#5619=DIRECTION('',(0.,0.,-1.));
#5620=DIRECTION('',(0.675000000000001,0.,0.));
#5621=DIRECTION('',(0.,0.,-1.));
#5622=DIRECTION('',(0.674999999999999,0.,0.));
#5623=DIRECTION('',(0.,0.,-1.));
#5624=DIRECTION('',(0.675,0.,0.));
#5625=DIRECTION('',(0.,0.,-1.));
#5626=DIRECTION('',(0.674999999999999,0.,0.));
#5627=DIRECTION('',(0.,0.,-1.));
#5628=DIRECTION('',(0.675,0.,0.));
#5629=DIRECTION('',(0.,0.,-1.));
#5630=DIRECTION('',(0.674999999999999,0.,0.));
#5631=DIRECTION('',(0.,0.,-1.));
#5632=DIRECTION('',(0.675,0.,0.));
#5633=DIRECTION('',(0.,0.,-1.));
#5634=DIRECTION('',(0.675,0.,0.));
#5635=DIRECTION('',(0.,0.,-1.));
#5636=DIRECTION('',(0.675,0.,0.));
#5637=DIRECTION('',(0.,0.,-1.));
#5638=DIRECTION('',(0.675000000000001,0.,0.));
#5639=DIRECTION('',(0.,0.,-1.));
#5640=DIRECTION('',(0.675,0.,0.));
#5641=DIRECTION('',(0.,0.,-1.));
#5642=DIRECTION('',(0.675,0.,0.));
#5643=DIRECTION('',(0.,0.,-1.));
#5644=DIRECTION('',(0.675,0.,0.));
#5645=DIRECTION('',(0.,0.,-1.));
#5646=DIRECTION('',(0.675,0.,0.));
#5647=DIRECTION('',(0.,0.,-1.));
#5648=DIRECTION('',(0.675000000000001,0.,0.));
#5649=DIRECTION('',(0.,0.,-1.));
#5650=DIRECTION('',(0.675000000000001,0.,0.));
#5651=DIRECTION('',(0.,0.,-1.));
#5652=DIRECTION('',(0.674999999999999,0.,0.));
#5653=DIRECTION('',(0.,0.,-1.));
#5654=DIRECTION('',(0.674999999999999,0.,0.));
#5655=DIRECTION('',(0.,0.,-1.));
#5656=DIRECTION('',(0.674999999999999,0.,0.));
#5657=DIRECTION('',(0.,0.,-1.));
#5658=DIRECTION('',(0.675,0.,0.));
#5659=DIRECTION('',(0.,0.,-1.));
#5660=DIRECTION('',(0.749998499999998,0.,0.));
#5661=DIRECTION('',(1.,0.,0.));
#5662=DIRECTION('',(0.,1.,0.));
#5663=DIRECTION('',(-1.,0.,0.));
#5664=DIRECTION('',(0.,-1.,0.));
#5665=DIRECTION('',(0.,0.,-1.));
#5666=DIRECTION('',(0.749998499999998,0.,0.));
#5667=DIRECTION('',(0.,0.,-1.));
#5668=DIRECTION('',(0.675,0.,0.));
#5669=DIRECTION('',(0.,0.,-1.));
#5670=DIRECTION('',(0.675000000000001,0.,0.));
#5671=DIRECTION('',(0.,0.,-1.));
#5672=DIRECTION('',(0.674999999999999,0.,0.));
#5673=DIRECTION('',(0.,0.,-1.));
#5674=DIRECTION('',(0.675000000000001,0.,0.));
#5675=DIRECTION('',(0.,0.,-1.));
#5676=DIRECTION('',(0.674999999999999,0.,0.));
#5677=DIRECTION('',(0.,0.,-1.));
#5678=DIRECTION('',(0.675,0.,0.));
#5679=DIRECTION('',(0.,0.,-1.));
#5680=DIRECTION('',(0.675,0.,0.));
#5681=DIRECTION('',(0.,0.,-1.));
#5682=DIRECTION('',(0.675,0.,0.));
#5683=DIRECTION('',(0.,0.,-1.));
#5684=DIRECTION('',(0.675,0.,0.));
#5685=DIRECTION('',(0.,0.,-1.));
#5686=DIRECTION('',(0.675000000000001,0.,0.));
#5687=DIRECTION('',(0.,0.,-1.));
#5688=DIRECTION('',(0.675,0.,0.));
#5689=DIRECTION('',(0.,0.,-1.));
#5690=DIRECTION('',(0.675,0.,0.));
#5691=DIRECTION('',(0.,0.,-1.));
#5692=DIRECTION('',(0.675,0.,0.));
#5693=DIRECTION('',(0.,0.,-1.));
#5694=DIRECTION('',(0.675,0.,0.));
#5695=DIRECTION('',(0.,0.,-1.));
#5696=DIRECTION('',(0.675,0.,0.));
#5697=DIRECTION('',(0.,0.,-1.));
#5698=DIRECTION('',(0.675,0.,0.));
#5699=DIRECTION('',(0.,0.,-1.));
#5700=DIRECTION('',(0.674999999999999,0.,0.));
#5701=DIRECTION('',(0.,0.,-1.));
#5702=DIRECTION('',(0.675,0.,0.));
#5703=DIRECTION('',(0.,0.,-1.));
#5704=DIRECTION('',(0.674999999999999,0.,0.));
#5705=DIRECTION('',(0.,0.,-1.));
#5706=DIRECTION('',(0.674999999999999,0.,0.));
#5707=DIRECTION('',(0.,0.,-1.));
#5708=DIRECTION('',(0.675000000000001,0.,0.));
#5709=DIRECTION('',(0.,0.,-1.));
#5710=DIRECTION('',(0.675000000000001,0.,0.));
#5711=DIRECTION('',(0.,0.,-1.));
#5712=DIRECTION('',(0.675000000000001,0.,0.));
#5713=DIRECTION('',(0.,0.,-1.));
#5714=DIRECTION('',(0.674999999999999,0.,0.));
#5715=DIRECTION('',(0.,0.,-1.));
#5716=DIRECTION('',(0.675,0.,0.));
#5717=DIRECTION('',(0.,0.,-1.));
#5718=DIRECTION('',(0.674999999999999,0.,0.));
#5719=DIRECTION('',(0.,0.,-1.));
#5720=DIRECTION('',(0.675,0.,0.));
#5721=DIRECTION('',(0.,0.,-1.));
#5722=DIRECTION('',(0.674999999999999,0.,0.));
#5723=DIRECTION('',(0.,0.,-1.));
#5724=DIRECTION('',(0.675,0.,0.));
#5725=DIRECTION('',(0.,0.,-1.));
#5726=DIRECTION('',(0.675,0.,0.));
#5727=DIRECTION('',(0.,0.,-1.));
#5728=DIRECTION('',(0.675,0.,0.));
#5729=DIRECTION('',(0.,0.,-1.));
#5730=DIRECTION('',(0.675000000000001,0.,0.));
#5731=DIRECTION('',(0.,0.,-1.));
#5732=DIRECTION('',(0.675,0.,0.));
#5733=DIRECTION('',(0.,0.,-1.));
#5734=DIRECTION('',(0.675,0.,0.));
#5735=DIRECTION('',(0.,0.,-1.));
#5736=DIRECTION('',(0.675,0.,0.));
#5737=DIRECTION('',(0.,0.,-1.));
#5738=DIRECTION('',(0.675,0.,0.));
#5739=DIRECTION('',(0.,0.,-1.));
#5740=DIRECTION('',(0.675000000000001,0.,0.));
#5741=DIRECTION('',(0.,0.,-1.));
#5742=DIRECTION('',(0.675000000000001,0.,0.));
#5743=DIRECTION('',(0.,0.,-1.));
#5744=DIRECTION('',(0.674999999999999,0.,0.));
#5745=DIRECTION('',(0.,0.,-1.));
#5746=DIRECTION('',(0.674999999999999,0.,0.));
#5747=DIRECTION('',(0.,0.,-1.));
#5748=DIRECTION('',(0.674999999999999,0.,0.));
#5749=DIRECTION('',(0.,0.,-1.));
#5750=DIRECTION('',(0.675,0.,0.));
#5751=DIRECTION('',(0.,0.,-1.));
#5752=DIRECTION('',(0.749998499999998,0.,0.));
#5753=DIRECTION('',(0.,1.,0.));
#5754=DIRECTION('',(0.,0.,1.));
#5755=DIRECTION('',(0.,0.,1.));
#5756=DIRECTION('',(1.,0.,0.));
#5757=DIRECTION('',(0.,0.,1.));
#5758=DIRECTION('',(0.,-1.,0.));
#5759=DIRECTION('',(0.,0.,1.));
#5760=DIRECTION('',(-1.,0.,0.));
#5761=CARTESIAN_POINT('',(9.3223665438526,66.8680501781433,0.));
#5762=CARTESIAN_POINT('',(9.3223665438526,66.8680501781433,0.));
#5763=CARTESIAN_POINT('',(9.1223665438526,66.8680501781433,0.));
#5764=CARTESIAN_POINT('',(9.3215852938526,66.6680501781433,0.));
#5765=CARTESIAN_POINT('',(9.3215852938526,66.6680501781433,0.));
#5766=CARTESIAN_POINT('',(9.3215852938526,66.6680501781433,1.));
#5767=CARTESIAN_POINT('',(9.3223665438526,66.8680501781433,1.));
#5768=CARTESIAN_POINT('',(9.1223665438526,66.8680501781433,1.));
#5769=CARTESIAN_POINT('',(9.1223665438526,66.8680501781433,0.));
#5770=CARTESIAN_POINT('',(0.,0.,0.));
#5771=CARTESIAN_POINT('',(84.5000000000002,78.2499999999998,0.));
#5772=CARTESIAN_POINT('',(83.1000000000002,78.2499999999998,0.));
#5773=CARTESIAN_POINT('',(-58.4999999999998,78.2500000000001,0.));
#5774=CARTESIAN_POINT('',(-59.8999999999998,78.2500000000001,0.));
#5775=CARTESIAN_POINT('',(-84.5000000000002,-77.7499999999999,0.));
#5776=CARTESIAN_POINT('',(-85.9000000000002,-77.7499999999999,0.));
#5777=CARTESIAN_POINT('',(-19.5000000000001,-77.75,0.));
#5778=CARTESIAN_POINT('',(-20.9000000000001,-77.75,0.));
#5779=CARTESIAN_POINT('',(58.4999999999999,-77.7500000000002,0.));
#5780=CARTESIAN_POINT('',(57.0999999999999,-77.7500000000002,0.));
#5781=CARTESIAN_POINT('',(84.5,0.249999999999807,0.));
#5782=CARTESIAN_POINT('',(83.1,0.249999999999806,0.));
#5783=CARTESIAN_POINT('',(84.4999999999999,-51.7500000000002,0.));
#5784=CARTESIAN_POINT('',(83.0999999999999,-51.7500000000002,0.));
#5785=CARTESIAN_POINT('',(84.5000000000002,52.2499999999998,0.));
#5786=CARTESIAN_POINT('',(83.1000000000002,52.2499999999998,0.));
#5787=CARTESIAN_POINT('',(-84.5000000000001,-25.7499999999999,0.));
#5788=CARTESIAN_POINT('',(-85.9000000000001,-25.7499999999999,0.));
#5789=CARTESIAN_POINT('',(-84.5,26.2500000000002,0.));
#5790=CARTESIAN_POINT('',(-85.9,26.2500000000002,0.));
#5791=CARTESIAN_POINT('',(-6.50000000000014,-77.75,0.));
#5792=CARTESIAN_POINT('',(-7.90000000000014,-77.75,0.));
#5793=CARTESIAN_POINT('',(32.4999999999999,-77.7500000000001,0.));
#5794=CARTESIAN_POINT('',(31.0999999999999,-77.7500000000001,0.));
#5795=CARTESIAN_POINT('',(71.4999999999999,-77.7500000000002,0.));
#5796=CARTESIAN_POINT('',(70.0999999999999,-77.7500000000002,0.));
#5797=CARTESIAN_POINT('',(-45.5000000000002,-77.7499999999999,0.));
#5798=CARTESIAN_POINT('',(-46.9000000000002,-77.7499999999999,0.));
#5799=CARTESIAN_POINT('',(84.4999999999999,-64.7500000000002,0.));
#5800=CARTESIAN_POINT('',(83.0999999999999,-64.7500000000002,0.));
#5801=CARTESIAN_POINT('',(-84.5000000000001,-38.7499999999999,0.));
#5802=CARTESIAN_POINT('',(-85.9000000000001,-38.7499999999999,0.));
#5803=CARTESIAN_POINT('',(-84.5,13.2500000000002,0.));
#5804=CARTESIAN_POINT('',(-85.9,13.2500000000002,0.));
#5805=CARTESIAN_POINT('',(-84.4999999999999,65.2500000000002,0.));
#5806=CARTESIAN_POINT('',(-85.8999999999999,65.2500000000002,0.));
#5807=CARTESIAN_POINT('',(-45.4999999999998,78.2500000000001,0.));
#5808=CARTESIAN_POINT('',(-46.8999999999998,78.2500000000001,0.));
#5809=CARTESIAN_POINT('',(6.50000000000018,78.25,0.));
#5810=CARTESIAN_POINT('',(5.10000000000018,78.25,0.));
#5811=CARTESIAN_POINT('',(45.5000000000002,78.2499999999999,0.));
#5812=CARTESIAN_POINT('',(44.1000000000002,78.2499999999999,0.));
#5813=CARTESIAN_POINT('',(84.5000000000002,65.2499999999998,0.));
#5814=CARTESIAN_POINT('',(83.1000000000002,65.2499999999998,0.));
#5815=CARTESIAN_POINT('',(84.5000000000001,13.2499999999998,0.));
#5816=CARTESIAN_POINT('',(83.1000000000001,13.2499999999998,0.));
#5817=CARTESIAN_POINT('',(84.5,-38.7500000000002,0.));
#5818=CARTESIAN_POINT('',(83.1,-38.7500000000002,0.));
#5819=CARTESIAN_POINT('',(-19.4999999999998,78.2500000000001,0.));
#5820=CARTESIAN_POINT('',(-20.8999999999998,78.2500000000001,0.));
#5821=CARTESIAN_POINT('',(-32.4999999999998,78.2500000000001,0.));
#5822=CARTESIAN_POINT('',(-33.8999999999998,78.2500000000001,0.));
#5823=CARTESIAN_POINT('',(84.5,-12.7500000000002,0.));
#5824=CARTESIAN_POINT('',(83.1,-12.7500000000002,0.));
#5825=CARTESIAN_POINT('',(84.5000000000001,39.2499999999998,0.));
#5826=CARTESIAN_POINT('',(83.1000000000001,39.2499999999998,0.));
#5827=CARTESIAN_POINT('',(71.5000000000002,78.2499999999999,0.));
#5828=CARTESIAN_POINT('',(70.1000000000002,78.2499999999999,0.));
#5829=CARTESIAN_POINT('',(32.5000000000002,78.2499999999999,0.));
#5830=CARTESIAN_POINT('',(31.1000000000002,78.2499999999999,0.));
#5831=CARTESIAN_POINT('',(-6.49999999999982,78.25,0.));
#5832=CARTESIAN_POINT('',(-7.89999999999982,78.25,0.));
#5833=CARTESIAN_POINT('',(-71.4999999999999,78.2500000000002,0.));
#5834=CARTESIAN_POINT('',(-72.8999999999999,78.2500000000002,0.));
#5835=CARTESIAN_POINT('',(-84.4999999999999,39.2500000000002,0.));
#5836=CARTESIAN_POINT('',(-85.8999999999999,39.2500000000002,0.));
#5837=CARTESIAN_POINT('',(-84.5,-12.7499999999998,0.));
#5838=CARTESIAN_POINT('',(-85.9,-12.7499999999998,0.));
#5839=CARTESIAN_POINT('',(-84.5000000000001,-64.7499999999999,0.));
#5840=CARTESIAN_POINT('',(-85.9000000000001,-64.7499999999999,0.));
#5841=CARTESIAN_POINT('',(-71.5000000000002,-77.7499999999999,0.));
#5842=CARTESIAN_POINT('',(-72.9000000000002,-77.7499999999999,0.));
#5843=CARTESIAN_POINT('',(-32.5000000000001,-77.75,0.));
#5844=CARTESIAN_POINT('',(-33.9000000000001,-77.75,0.));
#5845=CARTESIAN_POINT('',(45.4999999999999,-77.7500000000001,0.));
#5846=CARTESIAN_POINT('',(44.0999999999999,-77.7500000000001,0.));
#5847=CARTESIAN_POINT('',(6.49999999999986,-77.7500000000001,0.));
#5848=CARTESIAN_POINT('',(5.09999999999987,-77.7500000000001,0.));
#5849=CARTESIAN_POINT('',(-84.4999999999999,52.2500000000002,0.));
#5850=CARTESIAN_POINT('',(-85.8999999999999,52.2500000000002,0.));
#5851=CARTESIAN_POINT('',(-84.5000000000001,-51.7499999999999,0.));
#5852=CARTESIAN_POINT('',(-85.9000000000001,-51.7499999999999,0.));
#5853=CARTESIAN_POINT('',(-84.5,0.250000000000152,0.));
#5854=CARTESIAN_POINT('',(-85.9,0.250000000000152,0.));
#5855=CARTESIAN_POINT('',(84.5000000000001,26.2499999999998,0.));
#5856=CARTESIAN_POINT('',(83.1000000000001,26.2499999999998,0.));
#5857=CARTESIAN_POINT('',(84.5,-25.7500000000002,0.));
#5858=CARTESIAN_POINT('',(83.1,-25.7500000000002,0.));
#5859=CARTESIAN_POINT('',(84.4999999999999,-77.7500000000002,0.));
#5860=CARTESIAN_POINT('',(83.0999999999999,-77.7500000000002,0.));
#5861=CARTESIAN_POINT('',(19.4999999999999,-77.7500000000001,0.));
#5862=CARTESIAN_POINT('',(18.0999999999999,-77.7500000000001,0.));
#5863=CARTESIAN_POINT('',(-58.5000000000002,-77.7499999999999,0.));
#5864=CARTESIAN_POINT('',(-59.9000000000002,-77.7499999999999,0.));
#5865=CARTESIAN_POINT('',(58.5000000000002,78.2499999999999,0.));
#5866=CARTESIAN_POINT('',(57.1000000000002,78.2499999999999,0.));
#5867=CARTESIAN_POINT('',(19.5000000000002,78.25,0.));
#5868=CARTESIAN_POINT('',(18.1000000000002,78.25,0.));
#5869=CARTESIAN_POINT('',(-84.4999999999999,78.2500000000002,0.));
#5870=CARTESIAN_POINT('',(-85.8999999999999,78.2500000000002,0.));
#5871=CARTESIAN_POINT('',(-87.5,81.25,0.));
#5872=CARTESIAN_POINT('',(-87.5,81.25,0.));
#5873=CARTESIAN_POINT('',(-87.5,-81.25,0.));
#5874=CARTESIAN_POINT('',(87.5,81.25,0.));
#5875=CARTESIAN_POINT('',(87.5,81.25,0.));
#5876=CARTESIAN_POINT('',(87.5,-81.25,0.));
#5877=CARTESIAN_POINT('',(87.5,-81.25,0.));
#5878=CARTESIAN_POINT('',(-87.5,-81.25,0.));
#5879=CARTESIAN_POINT('',(13.97499998,-6.39999912,0.));
#5880=CARTESIAN_POINT('',(14.72499848,-6.39999912,0.));
#5881=CARTESIAN_POINT('',(6.04999932,-5.4249998,0.));
#5882=CARTESIAN_POINT('',(6.72499932,-5.4249998,0.));
#5883=CARTESIAN_POINT('',(12.19999972,-6.77499964,0.));
#5884=CARTESIAN_POINT('',(12.87499972,-6.77499964,0.));
#5885=CARTESIAN_POINT('',(15.75000024,-3.59999964,0.));
#5886=CARTESIAN_POINT('',(16.42500024,-3.59999964,0.));
#5887=CARTESIAN_POINT('',(21.90000064,-3.64999954,0.));
#5888=CARTESIAN_POINT('',(22.57500064,-3.64999954,0.));
#5889=CARTESIAN_POINT('',(16.85000058,0.250000280000001,0.));
#5890=CARTESIAN_POINT('',(17.52500058,0.250000280000001,0.));
#5891=CARTESIAN_POINT('',(11.924999,-0.125000239999999,0.));
#5892=CARTESIAN_POINT('',(12.599999,-0.125000239999999,0.));
#5893=CARTESIAN_POINT('',(6.29999881999999,-2.67500022,0.));
#5894=CARTESIAN_POINT('',(6.97499881999999,-2.67500022,0.));
#5895=CARTESIAN_POINT('',(3.44999944,-5.35000122,0.));
#5896=CARTESIAN_POINT('',(4.12499944,-5.35000122,0.));
#5897=CARTESIAN_POINT('',(-2.84999812,-5.824999,0.));
#5898=CARTESIAN_POINT('',(-2.17499812,-5.824999,0.));
#5899=CARTESIAN_POINT('',(8.72500032,0.250000280000001,0.));
#5900=CARTESIAN_POINT('',(9.40000032,0.250000280000001,0.));
#5901=CARTESIAN_POINT('',(12.22500094,6.67499886,0.));
#5902=CARTESIAN_POINT('',(12.90000094,6.67499886,0.));
#5903=CARTESIAN_POINT('',(6.5375066,2.73750102,0.));
#5904=CARTESIAN_POINT('',(7.2125066,2.73750102,0.));
#5905=CARTESIAN_POINT('',(3.47500066,4.4999994,0.));
#5906=CARTESIAN_POINT('',(4.15000066,4.4999994,0.));
#5907=CARTESIAN_POINT('',(-1.3249999,2.97500118,0.));
#5908=CARTESIAN_POINT('',(-0.6499999,2.97500118,0.));
#5909=CARTESIAN_POINT('',(-4.97500022,5.77500066,0.));
#5910=CARTESIAN_POINT('',(-4.30000022,5.77500066,0.));
#5911=CARTESIAN_POINT('',(-7.0750011,0.9250002,0.));
#5912=CARTESIAN_POINT('',(-6.4000011,0.9250002,0.));
#5913=CARTESIAN_POINT('',(-10.8999998,-6.52500014,0.));
#5914=CARTESIAN_POINT('',(-10.2249998,-6.52500014,0.));
#5915=CARTESIAN_POINT('',(-9.50000006,2.75000036,0.));
#5916=CARTESIAN_POINT('',(-8.82500006,2.75000036,0.));
#5917=CARTESIAN_POINT('',(-11.55000104,6.40000068,0.));
#5918=CARTESIAN_POINT('',(-10.87500104,6.40000068,0.));
#5919=CARTESIAN_POINT('',(-18.69999944,4.3499997,0.));
#5920=CARTESIAN_POINT('',(-18.02499944,4.3499997,0.));
#5921=CARTESIAN_POINT('',(-18.42500126,-1.19999936,0.));
#5922=CARTESIAN_POINT('',(-17.75000126,-1.19999936,0.));
#5923=CARTESIAN_POINT('',(-15.7598199,-5.4008952,0.));
#5924=CARTESIAN_POINT('',(-15.0848199,-5.4008952,0.));
#5925=CARTESIAN_POINT('',(-21.47500024,-1.07500088,0.));
#5926=CARTESIAN_POINT('',(-20.80000024,-1.07500088,0.));
#5927=CARTESIAN_POINT('',(-15.35000106,5.10000074,0.));
#5928=CARTESIAN_POINT('',(-14.67500106,5.10000074,0.));
#5929=CARTESIAN_POINT('',(-8.34999982,5.25000044,0.));
#5930=CARTESIAN_POINT('',(-7.67499982,5.25000044,0.));
#5931=CARTESIAN_POINT('',(-12.62500016,1.74999982,0.));
#5932=CARTESIAN_POINT('',(-11.95000016,1.74999982,0.));
#5933=CARTESIAN_POINT('',(-2.85000066,0.9250002,0.));
#5934=CARTESIAN_POINT('',(-2.17500066,0.9250002,0.));
#5935=CARTESIAN_POINT('',(-6.37499996,3.6500011,0.));
#5936=CARTESIAN_POINT('',(-5.69999996,3.6500011,0.));
#5937=CARTESIAN_POINT('',(-2.42500024,5.42499882,0.));
#5938=CARTESIAN_POINT('',(-1.75000024,5.42499882,0.));
#5939=CARTESIAN_POINT('',(1.09999906,5.42499882,0.));
#5940=CARTESIAN_POINT('',(1.77499906,5.42499882,0.));
#5941=CARTESIAN_POINT('',(2.399999,2.17500024,0.));
#5942=CARTESIAN_POINT('',(3.074999,2.17500024,0.));
#5943=CARTESIAN_POINT('',(8.90000124,6.67499886,0.));
#5944=CARTESIAN_POINT('',(9.57500124,6.67499886,0.));
#5945=CARTESIAN_POINT('',(11.7749993,4.07499898,0.));
#5946=CARTESIAN_POINT('',(12.4499993,4.07499898,0.));
#5947=CARTESIAN_POINT('',(-5.67499882,-3.25000034,0.));
#5948=CARTESIAN_POINT('',(-4.99999882,-3.25000034,0.));
#5949=CARTESIAN_POINT('',(0.675001179999999,-4.55000028,0.));
#5950=CARTESIAN_POINT('',(1.35000118,-4.55000028,0.));
#5951=CARTESIAN_POINT('',(3.74999884,-2.67500022,0.));
#5952=CARTESIAN_POINT('',(4.42499884,-2.67500022,0.));
#5953=CARTESIAN_POINT('',(9.89999924,-2.3499996,0.));
#5954=CARTESIAN_POINT('',(10.57499924,-2.3499996,0.));
#5955=CARTESIAN_POINT('',(14.4500003,-1.27500048,0.));
#5956=CARTESIAN_POINT('',(15.1250003,-1.27500048,0.));
#5957=CARTESIAN_POINT('',(16.17500066,5.99999894,0.));
#5958=CARTESIAN_POINT('',(16.85000066,5.99999894,0.));
#5959=CARTESIAN_POINT('',(18.99999882,-2.47500062,0.));
#5960=CARTESIAN_POINT('',(19.67499882,-2.47500062,0.));
#5961=CARTESIAN_POINT('',(12.64999882,-4.02500006,0.));
#5962=CARTESIAN_POINT('',(13.32499882,-4.02500006,0.));
#5963=CARTESIAN_POINT('',(9.02499972,-5.65000062,0.));
#5964=CARTESIAN_POINT('',(9.69999972,-5.65000062,0.));
#5965=CARTESIAN_POINT('',(-3.72500018,4.0000004,0.));
#5966=CARTESIAN_POINT('',(-2.97500168,4.0000004,0.));
#5967=CARTESIAN_POINT('',(-8.0960904873974,65.4105306468933,0.));
#5968=CARTESIAN_POINT('',(-8.2960904873974,65.4105306468933,0.));
#5969=CARTESIAN_POINT('',(-8.0960904873974,65.2105306468933,0.));
#5970=CARTESIAN_POINT('',(-8.2960904873974,32.9718424718841,0.));
#5971=CARTESIAN_POINT('',(-8.2960904873974,66.4768392406433,0.));
#5972=CARTESIAN_POINT('',(-8.0960904873974,66.4768392406433,0.));
#5973=CARTESIAN_POINT('',(-8.0960904873974,66.6768392406433,0.));
#5974=CARTESIAN_POINT('',(-3.6705061811987,66.6768392406433,0.));
#5975=CARTESIAN_POINT('',(-6.3859342373974,66.6768392406433,0.));
#5976=CARTESIAN_POINT('',(-6.3859342373974,66.6768392406433,0.));
#5977=CARTESIAN_POINT('',(-6.1207975186474,66.6768392406433,0.));
#5978=CARTESIAN_POINT('',(-5.9896940030224,66.7954915843933,0.));
#5979=CARTESIAN_POINT('',(-5.9896940030224,66.7954915843933,0.));
#5980=CARTESIAN_POINT('',(-5.9896940030224,66.7954915843933,0.));
#5981=CARTESIAN_POINT('',(-5.8585904873974,66.9141439281433,0.));
#5982=CARTESIAN_POINT('',(-5.8585904873974,67.1133626781433,0.));
#5983=CARTESIAN_POINT('',(-5.8585904873974,67.1133626781433,0.));
#5984=CARTESIAN_POINT('',(-5.8585904873974,67.1133626781433,0.));
#5985=CARTESIAN_POINT('',(-5.8585904873974,67.3125814281433,0.));
#5986=CARTESIAN_POINT('',(-5.9911588467724,67.4297689281433,0.));
#5987=CARTESIAN_POINT('',(-5.9911588467724,67.4297689281433,0.));
#5988=CARTESIAN_POINT('',(-5.9911588467724,67.4297689281433,0.));
#5989=CARTESIAN_POINT('',(-6.1237272061474,67.5469564281433,0.));
#5990=CARTESIAN_POINT('',(-6.3859342373974,67.5469564281433,0.));
#5991=CARTESIAN_POINT('',(-6.3859342373974,67.5469564281433,0.));
#5992=CARTESIAN_POINT('',(-3.6705061811987,67.5469564281433,0.));
#5993=CARTESIAN_POINT('',(-8.2960904873974,67.5469564281433,0.));
#5994=CARTESIAN_POINT('',(-8.2960904873974,34.2451579015716,0.));
#5995=CARTESIAN_POINT('',(-8.2960904873974,69.4336751781433,0.));
#5996=CARTESIAN_POINT('',(-8.2960904873974,69.4336751781433,0.));
#5997=CARTESIAN_POINT('',(-8.2960904873974,69.7940267406433,0.));
#5998=CARTESIAN_POINT('',(-8.4579557217724,69.9676107250183,0.));
#5999=CARTESIAN_POINT('',(-8.4579557217724,69.9676107250183,0.));
#6000=CARTESIAN_POINT('',(-8.4579557217724,69.9676107250183,0.));
#6001=CARTESIAN_POINT('',(-8.6198209561474,70.1411947093933,0.));
#6002=CARTESIAN_POINT('',(-8.8747037686474,70.1411947093933,0.));
#6003=CARTESIAN_POINT('',(-8.8747037686474,70.1411947093933,0.));
#6004=CARTESIAN_POINT('',(-8.8747037686474,70.1411947093933,0.));
#6005=CARTESIAN_POINT('',(-9.1325162686474,70.1411947093933,0.));
#6006=CARTESIAN_POINT('',(-9.2943815030224,69.9654134593933,0.));
#6007=CARTESIAN_POINT('',(-9.2943815030224,69.9654134593933,0.));
#6008=CARTESIAN_POINT('',(-9.2943815030224,69.9654134593933,0.));
#6009=CARTESIAN_POINT('',(-9.4562467373974,69.7896322093933,0.));
#6010=CARTESIAN_POINT('',(-9.4562467373974,69.4336751781433,0.));
#6011=CARTESIAN_POINT('',(-9.4562467373974,69.4336751781433,0.));
#6012=CARTESIAN_POINT('',(-9.45624673739739,33.6152750890716,0.));
#6013=CARTESIAN_POINT('',(-9.4562467373974,65.0274251781433,0.));
#6014=CARTESIAN_POINT('',(-9.4562467373974,65.0274251781433,0.));
#6015=CARTESIAN_POINT('',(-9.4562467373974,64.7784017406433,0.));
#6016=CARTESIAN_POINT('',(-9.3822721280224,64.6201986156433,0.));
#6017=CARTESIAN_POINT('',(-9.3822721280224,64.6201986156433,0.));
#6018=CARTESIAN_POINT('',(-9.3822721280224,64.6201986156433,0.));
#6019=CARTESIAN_POINT('',(-9.3082975186474,64.4619954906433,0.));
#6020=CARTESIAN_POINT('',(-9.1500943936474,64.3894857250183,0.));
#6021=CARTESIAN_POINT('',(-9.1500943936474,64.3894857250183,0.));
#6022=CARTESIAN_POINT('',(-9.1500943936474,64.3894857250183,0.));
#6023=CARTESIAN_POINT('',(-8.9918912686474,64.3169759593933,0.));
#6024=CARTESIAN_POINT('',(-8.7457975186474,64.3169759593933,0.));
#6025=CARTESIAN_POINT('',(-8.7457975186474,64.3169759593933,0.));
#6026=CARTESIAN_POINT('',(-3.6891829390112,64.3169759593933,0.));
#6027=CARTESIAN_POINT('',(-6.0109342373974,64.3169759593933,0.));
#6028=CARTESIAN_POINT('',(-6.0109342373974,64.3169759593933,0.));
#6029=CARTESIAN_POINT('',(-5.7340787686474,64.3169759593933,0.));
#6030=CARTESIAN_POINT('',(-5.5993131436474,64.4400228343933,0.));
#6031=CARTESIAN_POINT('',(-5.5993131436474,64.4400228343933,0.));
#6032=CARTESIAN_POINT('',(-5.5993131436474,64.4400228343933,0.));
#6033=CARTESIAN_POINT('',(-5.4645475186474,64.5630697093933,0.));
#6034=CARTESIAN_POINT('',(-5.4645475186474,64.7622884593933,0.));
#6035=CARTESIAN_POINT('',(-5.4645475186474,64.7622884593933,0.));
#6036=CARTESIAN_POINT('',(-5.4645475186474,64.7622884593933,0.));
#6037=CARTESIAN_POINT('',(-5.4645475186474,64.9644368968933,0.));
#6038=CARTESIAN_POINT('',(-5.5993131436474,65.0874837718933,0.));
#6039=CARTESIAN_POINT('',(-5.5993131436474,65.0874837718933,0.));
#6040=CARTESIAN_POINT('',(-5.5993131436474,65.0874837718933,0.));
#6041=CARTESIAN_POINT('',(-5.7340787686474,65.2105306468933,0.));
#6042=CARTESIAN_POINT('',(-6.0109342373974,65.2105306468933,0.));
#6043=CARTESIAN_POINT('',(-6.0109342373974,65.2105306468933,0.));
#6044=CARTESIAN_POINT('',(-3.57675618119883,65.2105306468933,0.));
#6045=CARTESIAN_POINT('',(-4.03697881496768,66.0605224245376,-1.31188462870746E-16));
#6046=CARTESIAN_POINT('',(-4.00967887973836,66.1212491464252,-1.00126951268888E-16));
#6047=CARTESIAN_POINT('',(-3.95020975912267,66.1663599830548,-4.84670683157781E-17));
#6048=CARTESIAN_POINT('',(-3.88437247309954,66.1762833385277,-2.1636482480242E-17));
#6049=CARTESIAN_POINT('',(-3.81853518707642,66.1862066940006,-9.50105079333415E-18));
#6050=CARTESIAN_POINT('',(-3.74841147434019,66.1606287972865,1.53156275755704E-17));
#6051=CARTESIAN_POINT('',(-3.70442491093457,66.1106467659703,4.33680868994168E-18));
#6052=CARTESIAN_POINT('',(-3.70442491093457,66.1106467659703,2.16840434497101E-18));
#6053=CARTESIAN_POINT('',(-4.03697881496768,66.0605224245376,3.68628738645074E-18));
#6054=CARTESIAN_POINT('',(-3.9572232998974,66.4702962718933,0.));
#6055=CARTESIAN_POINT('',(-3.7653287686474,66.1407064281433,0.));
#6056=CARTESIAN_POINT('',(-3.5646451748974,65.9729818187683,0.));
#6057=CARTESIAN_POINT('',(-3.5646451748974,65.9729818187683,0.));
#6058=CARTESIAN_POINT('',(-3.5646451748974,65.9729818187683,0.));
#6059=CARTESIAN_POINT('',(-3.3639615811474,65.8052572093933,0.));
#6060=CARTESIAN_POINT('',(-3.0270475186474,65.8052572093933,0.));
#6061=CARTESIAN_POINT('',(-3.0270475186474,65.8052572093933,0.));
#6062=CARTESIAN_POINT('',(-3.0270475186474,65.8052572093933,0.));
#6063=CARTESIAN_POINT('',(-2.6915982998974,65.8052572093933,0.));
#6064=CARTESIAN_POINT('',(-2.3751920498974,65.9729818187683,0.));
#6065=CARTESIAN_POINT('',(-2.3751920498974,65.9729818187683,0.));
#6066=CARTESIAN_POINT('',(-2.3751920498974,65.9729818187683,0.));
#6067=CARTESIAN_POINT('',(-2.0587857998974,66.1407064281433,0.));
#6068=CARTESIAN_POINT('',(-2.0587857998974,66.4190267406433,0.));
#6069=CARTESIAN_POINT('',(-2.0587857998974,66.4190267406433,0.));
#6070=CARTESIAN_POINT('',(-2.0587857998974,66.4190267406433,0.));
#6071=CARTESIAN_POINT('',(-2.0587857998974,66.6138509593933,0.));
#6072=CARTESIAN_POINT('',(-2.1935514248974,66.7412923656433,0.));
#6073=CARTESIAN_POINT('',(-2.1935514248974,66.7412923656433,0.));
#6074=CARTESIAN_POINT('',(-2.1935514248974,66.7412923656433,0.));
#6075=CARTESIAN_POINT('',(-2.3283170498974,66.8687337718933,0.));
#6076=CARTESIAN_POINT('',(-2.4850553311474,66.8687337718933,0.));
#6077=CARTESIAN_POINT('',(-2.4850553311474,66.8687337718933,0.));
#6078=CARTESIAN_POINT('',(-2.4850553311474,66.8687337718933,0.));
#6079=CARTESIAN_POINT('',(-2.5436490811474,66.8687337718933,0.));
#6080=CARTESIAN_POINT('',(-2.7677701748974,66.7962240062683,0.));
#6081=CARTESIAN_POINT('',(-2.7677701748974,66.7962240062683,0.));
#6082=CARTESIAN_POINT('',(-2.7677701748974,66.7962240062683,0.));
#6083=CARTESIAN_POINT('',(-2.9918912686474,66.7237142406433,0.));
#6084=CARTESIAN_POINT('',(-3.1647428311474,66.7237142406433,0.));
#6085=CARTESIAN_POINT('',(-3.1647428311474,66.7237142406433,0.));
#6086=CARTESIAN_POINT('',(-3.1647428311474,66.7237142406433,0.));
#6087=CARTESIAN_POINT('',(-3.3991178311474,66.7237142406433,0.));
#6088=CARTESIAN_POINT('',(-3.5470670498974,66.8467611156433,0.));
#6089=CARTESIAN_POINT('',(-3.5470670498974,66.8467611156433,0.));
#6090=CARTESIAN_POINT('',(-3.5470670498974,66.8467611156433,0.));
#6091=CARTESIAN_POINT('',(-3.6950162686474,66.9698079906433,0.));
#6092=CARTESIAN_POINT('',(-3.7770475186474,67.2122396312683,0.));
#6093=CARTESIAN_POINT('',(-3.7770475186474,67.2122396312683,0.));
#6094=CARTESIAN_POINT('',(-3.7770475186474,67.2122396312683,0.));
#6095=CARTESIAN_POINT('',(-3.8590787686474,67.4546712718933,0.));
#6096=CARTESIAN_POINT('',(-3.8905729092724,67.7886556468933,0.));
#6097=CARTESIAN_POINT('',(-3.8905729092724,67.7886556468933,0.));
#6098=CARTESIAN_POINT('',(-3.8905729092724,67.7886556468933,0.));
#6099=CARTESIAN_POINT('',(-3.9220670498974,68.1226400218933,0.));
#6100=CARTESIAN_POINT('',(-3.9220670498974,68.6016439281433,0.));
#6101=CARTESIAN_POINT('',(-3.9220670498974,68.6016439281433,0.));
#6102=CARTESIAN_POINT('',(-3.9220670498974,34.5234782140716,0.));
#6103=CARTESIAN_POINT('',(-3.9220670498974,69.4922689281433,0.));
#6104=CARTESIAN_POINT('',(-3.9220670498974,69.4922689281433,0.));
#6105=CARTESIAN_POINT('',(-3.9220670498974,69.8174642406433,0.));
#6106=CARTESIAN_POINT('',(-4.0744107998974,69.9793294750183,0.));
#6107=CARTESIAN_POINT('',(-4.0744107998974,69.9793294750183,0.));
#6108=CARTESIAN_POINT('',(-4.0744107998974,69.9793294750183,0.));
#6109=CARTESIAN_POINT('',(-4.2267545498974,70.1411947093933,0.));
#6110=CARTESIAN_POINT('',(-4.4611295498974,70.1411947093933,0.));
#6111=CARTESIAN_POINT('',(-4.4611295498974,70.1411947093933,0.));
#6112=CARTESIAN_POINT('',(-4.4611295498974,70.1411947093933,0.));
#6113=CARTESIAN_POINT('',(-4.6911100186474,70.1411947093933,0.));
#6114=CARTESIAN_POINT('',(-4.8397916592724,69.9771322093933,0.));
#6115=CARTESIAN_POINT('',(-4.8397916592724,69.9771322093933,0.));
#6116=CARTESIAN_POINT('',(-4.8397916592724,69.9771322093933,0.));
#6117=CARTESIAN_POINT('',(-4.9884732998974,69.8130697093933,0.));
#6118=CARTESIAN_POINT('',(-4.9884732998974,69.4922689281433,0.));
#6119=CARTESIAN_POINT('',(-4.9884732998974,69.4922689281433,0.));
#6120=CARTESIAN_POINT('',(-4.98847329989739,34.0041911046966,0.));
#6121=CARTESIAN_POINT('',(-4.9884732998974,66.5244954906433,0.));
#6122=CARTESIAN_POINT('',(-4.9884732998974,66.5244954906433,0.));
#6123=CARTESIAN_POINT('',(-4.9884732998974,65.8052572093933,0.));
#6124=CARTESIAN_POINT('',(-4.4684537686474,65.8052572093933,0.));
#6125=CARTESIAN_POINT('',(-4.4684537686474,65.8052572093933,0.));
#6126=CARTESIAN_POINT('',(-4.4684537686474,65.8052572093933,0.));
#6127=CARTESIAN_POINT('',(-4.2033170498974,65.8052572093933,0.));
#6128=CARTESIAN_POINT('',(-4.0861295498974,65.9729818187683,0.));
#6129=CARTESIAN_POINT('',(-4.0861295498974,65.9729818187683,0.));
#6130=CARTESIAN_POINT('',(-4.0861295498974,65.9729818187683,0.));
#6131=CARTESIAN_POINT('',(-3.9689420498974,66.1407064281433,0.));
#6132=CARTESIAN_POINT('',(-3.9572232998974,66.4702962718933,0.));
#6133=CARTESIAN_POINT('',(2.0632845126026,67.0943197093933,0.));
#6134=CARTESIAN_POINT('',(2.2097688876026,67.4927572093933,0.));
#6135=CARTESIAN_POINT('',(2.2097688876026,67.9732259593933,0.));
#6136=CARTESIAN_POINT('',(2.0632845126026,67.0943197093933,0.));
#6137=CARTESIAN_POINT('',(2.2097688876026,67.9732259593933,0.));
#6138=CARTESIAN_POINT('',(2.2097688876026,67.9732259593933,0.));
#6139=CARTESIAN_POINT('',(2.2097688876026,68.4507650218933,0.));
#6140=CARTESIAN_POINT('',(2.0610872469776,68.8528646312683,0.));
#6141=CARTESIAN_POINT('',(2.0610872469776,68.8528646312683,0.));
#6142=CARTESIAN_POINT('',(2.0610872469776,68.8528646312683,0.));
#6143=CARTESIAN_POINT('',(1.9124056063526,69.2549642406433,0.));
#6144=CARTESIAN_POINT('',(1.6311556063526,69.5435384593933,0.));
#6145=CARTESIAN_POINT('',(1.6311556063526,69.5435384593933,0.));
#6146=CARTESIAN_POINT('',(1.6311556063526,69.5435384593933,0.));
#6147=CARTESIAN_POINT('',(1.3499056063526,69.8321126781433,0.));
#6148=CARTESIAN_POINT('',(0.959524746977599,69.9866536937683,0.));
#6149=CARTESIAN_POINT('',(0.959524746977599,69.9866536937683,0.));
#6150=CARTESIAN_POINT('',(0.959524746977599,69.9866536937683,0.));
#6151=CARTESIAN_POINT('',(0.569143887602599,70.1411947093933,0.));
#6152=CARTESIAN_POINT('',(0.081350918852599,70.1411947093933,0.));
#6153=CARTESIAN_POINT('',(0.081350918852599,70.1411947093933,0.));
#6154=CARTESIAN_POINT('',(0.081350918852599,70.1411947093933,0.));
#6155=CARTESIAN_POINT('',(-0.403512362397401,70.1411947093933,0.));
#6156=CARTESIAN_POINT('',(-0.790231112397401,69.9851888500183,0.));
#6157=CARTESIAN_POINT('',(-0.790231112397401,69.9851888500183,0.));
#6158=CARTESIAN_POINT('',(-0.790231112397401,69.9851888500183,0.));
#6159=CARTESIAN_POINT('',(-1.1769498623974,69.8291829906433,0.));
#6160=CARTESIAN_POINT('',(-1.4603971280224,69.5376790843933,0.));
#6161=CARTESIAN_POINT('',(-1.4603971280224,69.5376790843933,0.));
#6162=CARTESIAN_POINT('',(-1.4603971280224,69.5376790843933,0.));
#6163=CARTESIAN_POINT('',(-1.7438443936474,69.2461751781433,0.));
#6164=CARTESIAN_POINT('',(-1.8903287686474,68.8499349437683,0.));
#6165=CARTESIAN_POINT('',(-1.8903287686474,68.8499349437683,0.));
#6166=CARTESIAN_POINT('',(-1.8903287686474,68.8499349437683,0.));
#6167=CARTESIAN_POINT('',(-2.0368131436474,68.4536947093933,0.));
#6168=CARTESIAN_POINT('',(-2.0368131436474,67.9732259593933,0.));
#6169=CARTESIAN_POINT('',(-2.0368131436474,67.9732259593933,0.));
#6170=CARTESIAN_POINT('',(-2.0368131436474,67.9732259593933,0.));
#6171=CARTESIAN_POINT('',(-2.0368131436474,67.4883626781433,0.));
#6172=CARTESIAN_POINT('',(-1.8881315030224,67.0862630687683,0.));
#6173=CARTESIAN_POINT('',(-1.8881315030224,67.0862630687683,0.));
#6174=CARTESIAN_POINT('',(-1.8881315030224,67.0862630687683,0.));
#6175=CARTESIAN_POINT('',(-1.7394498623974,66.6841634593933,0.));
#6176=CARTESIAN_POINT('',(-1.4625943936474,66.3992513500183,0.));
#6177=CARTESIAN_POINT('',(-1.4625943936474,66.3992513500183,0.));
#6178=CARTESIAN_POINT('',(-1.4625943936474,66.3992513500183,0.));
#6179=CARTESIAN_POINT('',(-1.1857389248974,66.1143392406433,0.));
#6180=CARTESIAN_POINT('',(-0.7909635342724,65.9597982250183,0.));
#6181=CARTESIAN_POINT('',(-0.7909635342724,65.9597982250183,0.));
#6182=CARTESIAN_POINT('',(-0.7909635342724,65.9597982250183,0.));
#6183=CARTESIAN_POINT('',(-0.3961881436474,65.8052572093933,0.));
#6184=CARTESIAN_POINT('',(0.0813509188525996,65.8052572093933,0.));
#6185=CARTESIAN_POINT('',(0.0813509188525996,65.8052572093933,0.));
#6186=CARTESIAN_POINT('',(0.0813509188525996,65.8052572093933,0.));
#6187=CARTESIAN_POINT('',(0.5647493563526,65.8052572093933,0.));
#6188=CARTESIAN_POINT('',(0.9595247469776,65.9612630687683,0.));
#6189=CARTESIAN_POINT('',(0.9595247469776,65.9612630687683,0.));
#6190=CARTESIAN_POINT('',(0.9595247469776,65.9612630687683,0.));
#6191=CARTESIAN_POINT('',(1.3543001376026,66.1172689281433,0.));
#6192=CARTESIAN_POINT('',(1.6355501376026,66.4065755687683,0.));
#6193=CARTESIAN_POINT('',(1.6355501376026,66.4065755687683,0.));
#6194=CARTESIAN_POINT('',(1.6355501376026,66.4065755687683,0.));
#6195=CARTESIAN_POINT('',(1.9168001376026,66.6958822093933,0.));
#6196=CARTESIAN_POINT('',(2.0632845126026,67.0943197093933,0.));
#6197=CARTESIAN_POINT('',(9.1223665438526,33.8243815343841,0.));
#6198=CARTESIAN_POINT('',(9.1223665438526,68.6294759593933,0.));
#6199=CARTESIAN_POINT('',(9.1223665438526,68.6294759593933,0.));
#6200=CARTESIAN_POINT('',(9.1223665438526,68.8799642406433,0.));
#6201=CARTESIAN_POINT('',(9.1399446688526,69.0147298656433,0.));
#6202=CARTESIAN_POINT('',(9.1399446688526,69.0147298656433,0.));
#6203=CARTESIAN_POINT('',(9.1399446688526,69.0147298656433,0.));
#6204=CARTESIAN_POINT('',(9.1575227938526,69.1494954906433,0.));
#6205=CARTESIAN_POINT('',(9.2336946688526,69.2337240062683,0.));
#6206=CARTESIAN_POINT('',(9.2336946688526,69.2337240062683,0.));
#6207=CARTESIAN_POINT('',(9.2336946688526,69.2337240062683,0.));
#6208=CARTESIAN_POINT('',(9.3098665438526,69.3179525218933,0.));
#6209=CARTESIAN_POINT('',(9.4812532626026,69.3179525218933,0.));
#6210=CARTESIAN_POINT('',(9.4812532626026,69.3179525218933,0.));
#6211=CARTESIAN_POINT('',(9.4812532626026,69.3179525218933,0.));
#6212=CARTESIAN_POINT('',(9.5750032626026,69.3179525218933,0.));
#6213=CARTESIAN_POINT('',(9.7354036532276,69.2849935375183,0.));
#6214=CARTESIAN_POINT('',(9.7354036532276,69.2849935375183,0.));
#6215=CARTESIAN_POINT('',(9.7354036532276,69.2849935375183,0.));
#6216=CARTESIAN_POINT('',(9.8958040438526,69.2520345531433,0.));
#6217=CARTESIAN_POINT('',(9.9851595126026,69.2520345531433,0.));
#6218=CARTESIAN_POINT('',(9.9851595126026,69.2520345531433,0.));
#6219=CARTESIAN_POINT('',(9.9851595126026,69.2520345531433,0.));
#6220=CARTESIAN_POINT('',(10.1140657626026,69.2520345531433,0.));
#6221=CARTESIAN_POINT('',(10.2180696688526,69.3553060375183,0.));
#6222=CARTESIAN_POINT('',(10.2180696688526,69.3553060375183,0.));
#6223=CARTESIAN_POINT('',(10.2180696688526,69.3553060375183,0.));
#6224=CARTESIAN_POINT('',(10.3220735751026,69.4585775218933,0.));
#6225=CARTESIAN_POINT('',(10.3220735751026,69.6109212718933,0.));
#6226=CARTESIAN_POINT('',(10.3220735751026,69.6109212718933,0.));
#6227=CARTESIAN_POINT('',(10.3220735751026,69.6109212718933,0.));
#6228=CARTESIAN_POINT('',(10.3220735751026,69.8687337718933,0.));
#6229=CARTESIAN_POINT('',(10.0408235751026,70.0049642406433,0.));
#6230=CARTESIAN_POINT('',(10.0408235751026,70.0049642406433,0.));
#6231=CARTESIAN_POINT('',(10.0408235751026,70.0049642406433,0.));
#6232=CARTESIAN_POINT('',(9.7595735751026,70.1411947093933,0.));
#6233=CARTESIAN_POINT('',(9.2322298251026,70.1411947093933,0.));
#6234=CARTESIAN_POINT('',(9.2322298251026,70.1411947093933,0.));
#6235=CARTESIAN_POINT('',(9.2322298251026,70.1411947093933,0.));
#6236=CARTESIAN_POINT('',(8.7312532626026,70.1411947093933,0.));
#6237=CARTESIAN_POINT('',(8.4734407626026,69.9734701000183,0.));
#6238=CARTESIAN_POINT('',(8.4734407626026,69.9734701000183,0.));
#6239=CARTESIAN_POINT('',(8.4734407626026,69.9734701000183,0.));
#6240=CARTESIAN_POINT('',(8.2156282626026,69.8057454906433,0.));
#6241=CARTESIAN_POINT('',(8.1357942782276,69.5083822093933,0.));
#6242=CARTESIAN_POINT('',(8.1357942782276,69.5083822093933,0.));
#6243=CARTESIAN_POINT('',(8.1357942782276,69.5083822093933,0.));
#6244=CARTESIAN_POINT('',(8.0559602938526,69.2110189281433,0.));
#6245=CARTESIAN_POINT('',(8.0559602938526,68.7159017406433,0.));
#6246=CARTESIAN_POINT('',(8.0559602938526,68.7159017406433,0.));
#6247=CARTESIAN_POINT('',(8.05596029385262,33.8459879796966,0.));
#6248=CARTESIAN_POINT('',(8.0559602938526,66.866476615094,0.));
#6249=CARTESIAN_POINT('',(8.0559602938526,66.866476615094,0.));
#6250=CARTESIAN_POINT('',(8.0559602938526,66.8159207120808,0.));
#6251=CARTESIAN_POINT('',(8.03592433231957,66.7656359279279,0.));
#6252=CARTESIAN_POINT('',(8.00115621817814,66.7289333725873,0.));
#6253=CARTESIAN_POINT('',(7.96638810403671,66.6922308172468,0.));
#6254=CARTESIAN_POINT('',(7.91726074295828,66.6695041442537,0.));
#6255=CARTESIAN_POINT('',(7.86677885826008,66.6667694327891,0.));
#6256=CARTESIAN_POINT('',(7.86677885826008,66.6667694327891,0.));
#6257=CARTESIAN_POINT('',(7.9153352938526,66.6680501781433,0.));
#6258=CARTESIAN_POINT('',(7.6853548251026,66.6680501781433,0.));
#6259=CARTESIAN_POINT('',(7.5637727938526,66.5589193187683,0.));
#6260=CARTESIAN_POINT('',(7.5637727938526,66.5589193187683,0.));
#6261=CARTESIAN_POINT('',(7.5637727938526,66.5589193187683,0.));
#6262=CARTESIAN_POINT('',(7.4421907626026,66.4497884593933,0.));
#6263=CARTESIAN_POINT('',(7.4421907626026,66.2813314281433,0.));
#6264=CARTESIAN_POINT('',(7.4421907626026,66.2813314281433,0.));
#6265=CARTESIAN_POINT('',(7.4421907626026,66.2813314281433,0.));
#6266=CARTESIAN_POINT('',(7.4421907626026,66.1143392406433,0.));
#6267=CARTESIAN_POINT('',(7.5696321688526,66.0066732250183,0.));
#6268=CARTESIAN_POINT('',(7.5696321688526,66.0066732250183,0.));
#6269=CARTESIAN_POINT('',(7.5696321688526,66.0066732250183,0.));
#6270=CARTESIAN_POINT('',(7.6970735751026,65.8990072093933,0.));
#6271=CARTESIAN_POINT('',(7.9387727938526,65.8990072093933,0.));
#6272=CARTESIAN_POINT('',(7.87003370936087,65.9013442279791,6.93889390390723E-17));
#6273=CARTESIAN_POINT('',(7.87003370936087,65.9013442279791,0.));
#6274=CARTESIAN_POINT('',(7.91992210523787,65.8978250037815,0.));
#6275=CARTESIAN_POINT('',(7.96817561588198,65.8747820618447,0.));
#6276=CARTESIAN_POINT('',(8.00227277298827,65.8381948938838,0.));
#6277=CARTESIAN_POINT('',(8.03636993009456,65.8016077259228,0.));
#6278=CARTESIAN_POINT('',(8.0559602938526,65.7518523632932,0.));
#6279=CARTESIAN_POINT('',(8.0559602938526,65.7018399950016,0.));
#6280=CARTESIAN_POINT('',(8.0559602938526,65.7018399950016,0.));
#6281=CARTESIAN_POINT('',(8.0559602938526,32.7894694250091,0.));
#6282=CARTESIAN_POINT('',(8.0559602938526,65.2588704906433,0.));
#6283=CARTESIAN_POINT('',(8.0559602938526,65.2588704906433,0.));
#6284=CARTESIAN_POINT('',(8.0559602938526,65.0010579906433,0.));
#6285=CARTESIAN_POINT('',(8.0698763094776,64.8545736156433,0.));
#6286=CARTESIAN_POINT('',(8.0698763094776,64.8545736156433,0.));
#6287=CARTESIAN_POINT('',(8.0698763094776,64.8545736156433,0.));
#6288=CARTESIAN_POINT('',(8.0837923251026,64.7080892406433,0.));
#6289=CARTESIAN_POINT('',(8.1453157626026,64.6026204906433,0.));
#6290=CARTESIAN_POINT('',(8.1453157626026,64.6026204906433,0.));
#6291=CARTESIAN_POINT('',(8.1453157626026,64.6026204906433,0.));
#6292=CARTESIAN_POINT('',(8.2083040438526,64.4927572093933,0.));
#6293=CARTESIAN_POINT('',(8.3254915438526,64.4246419750183,0.));
#6294=CARTESIAN_POINT('',(8.3254915438526,64.4246419750183,0.));
#6295=CARTESIAN_POINT('',(8.3254915438526,64.4246419750183,0.));
#6296=CARTESIAN_POINT('',(8.4426790438526,64.3565267406433,0.));
#6297=CARTESIAN_POINT('',(8.5876985751026,64.3565267406433,0.));
#6298=CARTESIAN_POINT('',(8.5876985751026,64.3565267406433,0.));
#6299=CARTESIAN_POINT('',(8.5876985751026,64.3565267406433,0.));
#6300=CARTESIAN_POINT('',(8.7898470126026,64.3565267406433,0.));
#6301=CARTESIAN_POINT('',(8.9539095126026,64.5088704906433,0.));
#6302=CARTESIAN_POINT('',(8.9539095126026,64.5088704906433,0.));
#6303=CARTESIAN_POINT('',(8.9539095126026,64.5088704906433,0.));
#6304=CARTESIAN_POINT('',(9.0637727938526,64.6099447093933,0.));
#6305=CARTESIAN_POINT('',(9.0930696688526,64.7564290843933,0.));
#6306=CARTESIAN_POINT('',(9.0930696688526,64.7564290843933,0.));
#6307=CARTESIAN_POINT('',(9.0930696688526,64.7564290843933,0.));
#6308=CARTESIAN_POINT('',(9.1223665438526,64.9029134593933,0.));
#6309=CARTESIAN_POINT('',(9.1223665438526,65.1724447093933,0.));
#6310=CARTESIAN_POINT('',(9.1223665438526,65.1724447093933,0.));
#6311=CARTESIAN_POINT('',(9.1223665438526,32.7678629796966,0.));
#6312=CARTESIAN_POINT('',(9.1223665438526,65.6990072093933,0.));
#6313=CARTESIAN_POINT('',(9.3223665438526,65.6990072093933,0.));
#6314=CARTESIAN_POINT('',(9.3223665438526,65.8990072093933,0.));
#6315=CARTESIAN_POINT('',(4.6589615922388,65.8990072093933,0.));
#6316=CARTESIAN_POINT('',(9.5134798251026,65.8990072093933,0.));
#6317=CARTESIAN_POINT('',(9.5134798251026,65.8990072093933,0.));
#6318=CARTESIAN_POINT('',(9.7390657626026,65.8990072093933,0.));
#6319=CARTESIAN_POINT('',(9.8584505282276,66.0066732250183,0.));
#6320=CARTESIAN_POINT('',(9.8584505282276,66.0066732250183,0.));
#6321=CARTESIAN_POINT('',(9.8584505282276,66.0066732250183,0.));
#6322=CARTESIAN_POINT('',(9.9778352938526,66.1143392406433,0.));
#6323=CARTESIAN_POINT('',(9.9778352938526,66.2813314281433,0.));
#6324=CARTESIAN_POINT('',(9.9778352938526,66.2813314281433,0.));
#6325=CARTESIAN_POINT('',(9.9778352938526,66.2813314281433,0.));
#6326=CARTESIAN_POINT('',(9.9778352938526,66.4966634593933,0.));
#6327=CARTESIAN_POINT('',(9.8079134188526,66.5823568187683,0.));
#6328=CARTESIAN_POINT('',(9.8079134188526,66.5823568187683,0.));
#6329=CARTESIAN_POINT('',(9.8079134188526,66.5823568187683,0.));
#6330=CARTESIAN_POINT('',(9.6379915438526,66.6680501781433,0.));
#6331=CARTESIAN_POINT('',(9.3215852938526,66.6680501781433,0.));
#6332=CARTESIAN_POINT('',(3.97766806014357,66.1341724408509,0.));
#6333=CARTESIAN_POINT('',(4.00003407816708,66.1953626693291,0.));
#6334=CARTESIAN_POINT('',(4.05413280994386,66.2439466837215,0.));
#6335=CARTESIAN_POINT('',(4.11736654837038,66.2596303423524,0.));
#6336=CARTESIAN_POINT('',(4.18060028679691,66.2753140009833,0.));
#6337=CARTESIAN_POINT('',(4.25113234326558,66.2576417559466,0.));
#6338=CARTESIAN_POINT('',(4.29950060838601,66.2139955218286,0.));
#6339=CARTESIAN_POINT('',(4.29950060838601,66.2139955218286,6.93889390390723E-17));
#6340=CARTESIAN_POINT('',(3.97766806014357,66.1341724408509,6.93889390390723E-17));
#6341=CARTESIAN_POINT('',(4.0188509188526,66.5230306468933,0.));
#6342=CARTESIAN_POINT('',(4.3001009188526,66.1524251781433,0.));
#6343=CARTESIAN_POINT('',(4.6340852938526,65.9788411937683,0.));
#6344=CARTESIAN_POINT('',(4.6340852938526,65.9788411937683,0.));
#6345=CARTESIAN_POINT('',(4.6340852938526,65.9788411937683,0.));
#6346=CARTESIAN_POINT('',(4.9680696688526,65.8052572093933,0.));
#6347=CARTESIAN_POINT('',(5.4016634188526,65.8052572093933,0.));
#6348=CARTESIAN_POINT('',(5.4016634188526,65.8052572093933,0.));
#6349=CARTESIAN_POINT('',(5.4016634188526,65.8052572093933,0.));
#6350=CARTESIAN_POINT('',(5.8235384188526,65.8052572093933,0.));
#6351=CARTESIAN_POINT('',(6.1553255282276,65.9883626781433,0.));
#6352=CARTESIAN_POINT('',(6.1553255282276,65.9883626781433,0.));
#6353=CARTESIAN_POINT('',(6.1553255282276,65.9883626781433,0.));
#6354=CARTESIAN_POINT('',(6.4871126376026,66.1714681468933,0.));
#6355=CARTESIAN_POINT('',(6.6511751376026,66.5069173656433,0.));
#6356=CARTESIAN_POINT('',(6.6511751376026,66.5069173656433,0.));
#6357=CARTESIAN_POINT('',(6.6511751376026,66.5069173656433,0.));
#6358=CARTESIAN_POINT('',(6.7566438876026,66.7032064281433,0.));
#6359=CARTESIAN_POINT('',(6.7881380282276,66.9295247875183,0.));
#6360=CARTESIAN_POINT('',(6.7881380282276,66.9295247875183,0.));
#6361=CARTESIAN_POINT('',(6.7881380282276,66.9295247875183,0.));
#6362=CARTESIAN_POINT('',(6.8196321688526,67.1558431468933,0.));
#6363=CARTESIAN_POINT('',(6.8196321688526,67.5074056468933,0.));
#6364=CARTESIAN_POINT('',(6.8196321688526,67.5074056468933,0.));
#6365=CARTESIAN_POINT('',(6.8196321688526,34.2499186437591,0.));
#6366=CARTESIAN_POINT('',(6.8196321688526,69.4922689281433,0.));
#6367=CARTESIAN_POINT('',(6.8196321688526,69.4922689281433,0.));
#6368=CARTESIAN_POINT('',(6.8196321688526,69.8130697093933,0.));
#6369=CARTESIAN_POINT('',(6.6731477938526,69.9771322093933,0.));
#6370=CARTESIAN_POINT('',(6.6731477938526,69.9771322093933,0.));
#6371=CARTESIAN_POINT('',(6.6731477938526,69.9771322093933,0.));
#6372=CARTESIAN_POINT('',(6.5266634188526,70.1411947093933,0.));
#6373=CARTESIAN_POINT('',(6.2922884188526,70.1411947093933,0.));
#6374=CARTESIAN_POINT('',(6.2922884188526,70.1411947093933,0.));
#6375=CARTESIAN_POINT('',(6.2922884188526,70.1411947093933,0.));
#6376=CARTESIAN_POINT('',(6.0535188876026,70.1411947093933,0.));
#6377=CARTESIAN_POINT('',(5.9048372469776,69.9734701000183,0.));
#6378=CARTESIAN_POINT('',(5.9048372469776,69.9734701000183,0.));
#6379=CARTESIAN_POINT('',(5.9048372469776,69.9734701000183,0.));
#6380=CARTESIAN_POINT('',(5.7561556063526,69.8057454906433,0.));
#6381=CARTESIAN_POINT('',(5.7561556063526,69.4922689281433,0.));
#6382=CARTESIAN_POINT('',(5.7561556063526,69.4922689281433,0.));
#6383=CARTESIAN_POINT('',(5.75615560635262,34.3019205968841,0.));
#6384=CARTESIAN_POINT('',(5.7561556063526,67.7154134593933,0.));
#6385=CARTESIAN_POINT('',(5.7561556063526,67.7154134593933,0.));
#6386=CARTESIAN_POINT('',(5.7561556063526,67.1866048656433,0.));
#6387=CARTESIAN_POINT('',(5.6096712313526,66.9075521312683,0.));
#6388=CARTESIAN_POINT('',(5.6096712313526,66.9075521312683,0.));
#6389=CARTESIAN_POINT('',(5.6096712313526,66.9075521312683,0.));
#6390=CARTESIAN_POINT('',(5.4631868563526,66.6284993968933,0.));
#6391=CARTESIAN_POINT('',(5.0251985751026,66.6284993968933,0.));
#6392=CARTESIAN_POINT('',(5.0251985751026,66.6284993968933,0.));
#6393=CARTESIAN_POINT('',(5.0251985751026,66.6284993968933,0.));
#6394=CARTESIAN_POINT('',(4.7410188876026,66.6284993968933,0.));
#6395=CARTESIAN_POINT('',(4.5066438876026,66.7984212718933,0.));
#6396=CARTESIAN_POINT('',(4.5066438876026,66.7984212718933,0.));
#6397=CARTESIAN_POINT('',(4.5066438876026,66.7984212718933,0.));
#6398=CARTESIAN_POINT('',(4.2722688876026,66.9683431468933,0.));
#6399=CARTESIAN_POINT('',(4.1624056063526,67.2657064281433,0.));
#6400=CARTESIAN_POINT('',(4.1624056063526,67.2657064281433,0.));
#6401=CARTESIAN_POINT('',(4.1624056063526,67.2657064281433,0.));
#6402=CARTESIAN_POINT('',(4.0847688876026,67.5030111156433,0.));
#6403=CARTESIAN_POINT('',(4.0847688876026,68.1563314281433,0.));
#6404=CARTESIAN_POINT('',(4.0847688876026,68.1563314281433,0.));
#6405=CARTESIAN_POINT('',(4.08476888760261,34.4121500890716,0.));
#6406=CARTESIAN_POINT('',(4.0847688876026,69.4922689281433,0.));
#6407=CARTESIAN_POINT('',(4.0847688876026,69.4922689281433,0.));
#6408=CARTESIAN_POINT('',(4.0847688876026,69.8174642406433,0.));
#6409=CARTESIAN_POINT('',(3.9346224032276,69.9793294750183,0.));
#6410=CARTESIAN_POINT('',(3.9346224032276,69.9793294750183,0.));
#6411=CARTESIAN_POINT('',(3.9346224032276,69.9793294750183,0.));
#6412=CARTESIAN_POINT('',(3.7844759188526,70.1411947093933,0.));
#6413=CARTESIAN_POINT('',(3.5457063876026,70.1411947093933,0.));
#6414=CARTESIAN_POINT('',(3.5457063876026,70.1411947093933,0.));
#6415=CARTESIAN_POINT('',(3.5457063876026,70.1411947093933,0.));
#6416=CARTESIAN_POINT('',(3.3157259188526,70.1411947093933,0.));
#6417=CARTESIAN_POINT('',(3.1670442782276,69.9734701000183,0.));
#6418=CARTESIAN_POINT('',(3.1670442782276,69.9734701000183,0.));
#6419=CARTESIAN_POINT('',(3.1670442782276,69.9734701000183,0.));
#6420=CARTESIAN_POINT('',(3.0183626376026,69.8057454906433,0.));
#6421=CARTESIAN_POINT('',(3.0183626376026,69.4922689281433,0.));
#6422=CARTESIAN_POINT('',(3.0183626376026,69.4922689281433,0.));
#6423=CARTESIAN_POINT('',(3.01836263760261,33.9756266515716,0.));
#6424=CARTESIAN_POINT('',(3.0183626376026,66.4102376781433,0.));
#6425=CARTESIAN_POINT('',(3.0183626376026,66.4102376781433,0.));
#6426=CARTESIAN_POINT('',(3.0183626376026,66.1055501781433,0.));
#6427=CARTESIAN_POINT('',(3.1509309969776,65.9554036937683,0.));
#6428=CARTESIAN_POINT('',(3.1509309969776,65.9554036937683,0.));
#6429=CARTESIAN_POINT('',(3.1509309969776,65.9554036937683,0.));
#6430=CARTESIAN_POINT('',(3.2834993563526,65.8052572093933,0.));
#6431=CARTESIAN_POINT('',(3.5149446688526,65.8052572093933,0.));
#6432=CARTESIAN_POINT('',(3.5149446688526,65.8052572093933,0.));
#6433=CARTESIAN_POINT('',(3.5149446688526,65.8052572093933,0.));
#6434=CARTESIAN_POINT('',(3.6555696688526,65.8052572093933,0.));
#6435=CARTESIAN_POINT('',(3.7683626376026,65.8719076000183,0.));
#6436=CARTESIAN_POINT('',(3.7683626376026,65.8719076000183,0.));
#6437=CARTESIAN_POINT('',(3.7683626376026,65.8719076000183,0.));
#6438=CARTESIAN_POINT('',(3.8811556063526,65.9385579906433,0.));
#6439=CARTESIAN_POINT('',(3.9500032626026,66.0711263500183,0.));
#6440=CARTESIAN_POINT('',(3.9500032626026,66.0711263500183,0.));
#6441=CARTESIAN_POINT('',(3.9500032626026,66.0711263500183,0.));
#6442=CARTESIAN_POINT('',(4.0188509188526,66.2036947093933,0.));
#6443=CARTESIAN_POINT('',(4.0188509188526,66.3941243968933,0.));
#6444=CARTESIAN_POINT('',(-8.0960904873974,65.4105306468933,0.));
#6445=CARTESIAN_POINT('',(-8.0960904873974,65.2105306468933,0.));
#6446=CARTESIAN_POINT('',(-8.0960904873974,65.2105306468933,1.));
#6447=CARTESIAN_POINT('',(-8.0960904873974,65.4105306468933,1.));
#6448=CARTESIAN_POINT('',(-8.2960904873974,65.4105306468933,1.));
#6449=CARTESIAN_POINT('',(-8.2960904873974,65.4105306468933,0.));
#6450=CARTESIAN_POINT('',(-8.0960904873974,66.4768392406433,0.));
#6451=CARTESIAN_POINT('',(-8.2960904873974,66.4768392406433,0.));
#6452=CARTESIAN_POINT('',(-8.2960904873974,66.4768392406433,1.));
#6453=CARTESIAN_POINT('',(-8.0960904873974,66.4768392406433,1.));
#6454=CARTESIAN_POINT('',(-8.0960904873974,66.6768392406433,1.));
#6455=CARTESIAN_POINT('',(-8.0960904873974,66.6768392406433,0.));
#6456=CARTESIAN_POINT('',(-4.03697881496768,66.0605224245376,-0.44));
#6457=CARTESIAN_POINT('',(-4.03697881496768,66.0605224245376,-0.390358974358975));
#6458=CARTESIAN_POINT('',(-4.03697881496768,66.0605224245376,-0.340717948717949));
#6459=CARTESIAN_POINT('',(-4.03697881496768,66.0605224245376,-0.242940170940171));
#6460=CARTESIAN_POINT('',(-4.03697881496768,66.0605224245376,-0.194803418803419));
#6461=CARTESIAN_POINT('',(-4.03697881496768,66.0605224245376,-0.116581196581197));
#6462=CARTESIAN_POINT('',(-4.03697881496768,66.0605224245376,-0.0864957264957267));
#6463=CARTESIAN_POINT('',(-4.03697881496768,66.0605224245376,-0.0376068376068378));
#6464=CARTESIAN_POINT('',(-4.03697881496768,66.0605224245376,-0.018803418803419));
#6465=CARTESIAN_POINT('',(-4.03697881496768,66.0605224245376,0.0564102564102563));
#6466=CARTESIAN_POINT('',(-4.03697881496768,66.0605224245376,0.112820512820513));
#6467=CARTESIAN_POINT('',(-4.03697881496768,66.0605224245376,0.223931623931624));
#6468=CARTESIAN_POINT('',(-4.03697881496768,66.0605224245376,0.278632478632479));
#6469=CARTESIAN_POINT('',(-4.03697881496768,66.0605224245376,0.367521367521367));
#6470=CARTESIAN_POINT('',(-4.03697881496768,66.0605224245376,0.401709401709402));
#6471=CARTESIAN_POINT('',(-4.03697881496768,66.0605224245376,0.457264957264957));
#6472=CARTESIAN_POINT('',(-4.03697881496768,66.0605224245376,0.478632478632479));
#6473=CARTESIAN_POINT('',(-4.03697881496768,66.0605224245376,0.521367521367521));
#6474=CARTESIAN_POINT('',(-4.03697881496768,66.0605224245376,0.542735042735043));
#6475=CARTESIAN_POINT('',(-4.03697881496768,66.0605224245376,0.598290598290598));
#6476=CARTESIAN_POINT('',(-4.03697881496768,66.0605224245376,0.632478632478632));
#6477=CARTESIAN_POINT('',(-4.03697881496768,66.0605224245376,0.721367521367521));
#6478=CARTESIAN_POINT('',(-4.03697881496768,66.0605224245376,0.776068376068376));
#6479=CARTESIAN_POINT('',(-4.03697881496768,66.0605224245376,0.887179487179487));
#6480=CARTESIAN_POINT('',(-4.03697881496768,66.0605224245376,0.943589743589743));
#6481=CARTESIAN_POINT('',(-4.03697881496768,66.0605224245376,1.01880341880342));
#6482=CARTESIAN_POINT('',(-4.03697881496768,66.0605224245376,1.03760683760684));
#6483=CARTESIAN_POINT('',(-4.03697881496768,66.0605224245376,1.08649572649573));
#6484=CARTESIAN_POINT('',(-4.03697881496768,66.0605224245376,1.1165811965812));
#6485=CARTESIAN_POINT('',(-4.03697881496768,66.0605224245376,1.19480341880342));
#6486=CARTESIAN_POINT('',(-4.03697881496768,66.0605224245376,1.24294017094017));
#6487=CARTESIAN_POINT('',(-4.03697881496768,66.0605224245376,1.34071794871795));
#6488=CARTESIAN_POINT('',(-4.03697881496768,66.0605224245376,1.39035897435897));
#6489=CARTESIAN_POINT('',(-4.03697881496768,66.0605224245376,1.44));
#6490=CARTESIAN_POINT('',(-4.00967887973836,66.1212491464252,-0.44));
#6491=CARTESIAN_POINT('',(-4.00967887973836,66.1212491464252,-0.390358974358975));
#6492=CARTESIAN_POINT('',(-4.00967887973836,66.1212491464252,-0.340717948717949));
#6493=CARTESIAN_POINT('',(-4.00967887973836,66.1212491464252,-0.242940170940171));
#6494=CARTESIAN_POINT('',(-4.00967887973836,66.1212491464252,-0.194803418803419));
#6495=CARTESIAN_POINT('',(-4.00967887973836,66.1212491464252,-0.116581196581197));
#6496=CARTESIAN_POINT('',(-4.00967887973836,66.1212491464252,-0.0864957264957267));
#6497=CARTESIAN_POINT('',(-4.00967887973836,66.1212491464252,-0.0376068376068378));
#6498=CARTESIAN_POINT('',(-4.00967887973836,66.1212491464252,-0.018803418803419));
#6499=CARTESIAN_POINT('',(-4.00967887973836,66.1212491464252,0.0564102564102563));
#6500=CARTESIAN_POINT('',(-4.00967887973836,66.1212491464252,0.112820512820513));
#6501=CARTESIAN_POINT('',(-4.00967887973836,66.1212491464252,0.223931623931624));
#6502=CARTESIAN_POINT('',(-4.00967887973836,66.1212491464252,0.278632478632479));
#6503=CARTESIAN_POINT('',(-4.00967887973836,66.1212491464252,0.367521367521367));
#6504=CARTESIAN_POINT('',(-4.00967887973836,66.1212491464252,0.401709401709402));
#6505=CARTESIAN_POINT('',(-4.00967887973836,66.1212491464252,0.457264957264957));
#6506=CARTESIAN_POINT('',(-4.00967887973836,66.1212491464252,0.478632478632479));
#6507=CARTESIAN_POINT('',(-4.00967887973836,66.1212491464252,0.521367521367521));
#6508=CARTESIAN_POINT('',(-4.00967887973836,66.1212491464252,0.542735042735043));
#6509=CARTESIAN_POINT('',(-4.00967887973836,66.1212491464252,0.598290598290598));
#6510=CARTESIAN_POINT('',(-4.00967887973836,66.1212491464252,0.632478632478632));
#6511=CARTESIAN_POINT('',(-4.00967887973836,66.1212491464252,0.721367521367521));
#6512=CARTESIAN_POINT('',(-4.00967887973836,66.1212491464252,0.776068376068376));
#6513=CARTESIAN_POINT('',(-4.00967887973836,66.1212491464252,0.887179487179487));
#6514=CARTESIAN_POINT('',(-4.00967887973836,66.1212491464252,0.943589743589743));
#6515=CARTESIAN_POINT('',(-4.00967887973836,66.1212491464252,1.01880341880342));
#6516=CARTESIAN_POINT('',(-4.00967887973836,66.1212491464252,1.03760683760684));
#6517=CARTESIAN_POINT('',(-4.00967887973836,66.1212491464252,1.08649572649573));
#6518=CARTESIAN_POINT('',(-4.00967887973836,66.1212491464252,1.1165811965812));
#6519=CARTESIAN_POINT('',(-4.00967887973836,66.1212491464252,1.19480341880342));
#6520=CARTESIAN_POINT('',(-4.00967887973836,66.1212491464252,1.24294017094017));
#6521=CARTESIAN_POINT('',(-4.00967887973836,66.1212491464252,1.34071794871795));
#6522=CARTESIAN_POINT('',(-4.00967887973836,66.1212491464252,1.39035897435897));
#6523=CARTESIAN_POINT('',(-4.00967887973836,66.1212491464252,1.44));
#6524=CARTESIAN_POINT('',(-3.95020975912267,66.1663599830548,-0.44));
#6525=CARTESIAN_POINT('',(-3.95020975912267,66.1663599830548,-0.390358974358975));
#6526=CARTESIAN_POINT('',(-3.95020975912267,66.1663599830548,-0.340717948717949));
#6527=CARTESIAN_POINT('',(-3.95020975912267,66.1663599830548,-0.242940170940171));
#6528=CARTESIAN_POINT('',(-3.95020975912267,66.1663599830548,-0.194803418803419));
#6529=CARTESIAN_POINT('',(-3.95020975912267,66.1663599830548,-0.116581196581197));
#6530=CARTESIAN_POINT('',(-3.95020975912267,66.1663599830548,-0.0864957264957267));
#6531=CARTESIAN_POINT('',(-3.95020975912267,66.1663599830548,-0.0376068376068377));
#6532=CARTESIAN_POINT('',(-3.95020975912267,66.1663599830548,-0.0188034188034189));
#6533=CARTESIAN_POINT('',(-3.95020975912267,66.1663599830548,0.0564102564102563));
#6534=CARTESIAN_POINT('',(-3.95020975912267,66.1663599830548,0.112820512820513));
#6535=CARTESIAN_POINT('',(-3.95020975912267,66.1663599830548,0.223931623931624));
#6536=CARTESIAN_POINT('',(-3.95020975912267,66.1663599830548,0.278632478632479));
#6537=CARTESIAN_POINT('',(-3.95020975912267,66.1663599830548,0.367521367521367));
#6538=CARTESIAN_POINT('',(-3.95020975912267,66.1663599830548,0.401709401709402));
#6539=CARTESIAN_POINT('',(-3.95020975912267,66.1663599830548,0.457264957264957));
#6540=CARTESIAN_POINT('',(-3.95020975912267,66.1663599830548,0.478632478632479));
#6541=CARTESIAN_POINT('',(-3.95020975912267,66.1663599830548,0.521367521367521));
#6542=CARTESIAN_POINT('',(-3.95020975912267,66.1663599830548,0.542735042735043));
#6543=CARTESIAN_POINT('',(-3.95020975912267,66.1663599830548,0.598290598290598));
#6544=CARTESIAN_POINT('',(-3.95020975912267,66.1663599830548,0.632478632478632));
#6545=CARTESIAN_POINT('',(-3.95020975912267,66.1663599830548,0.721367521367521));
#6546=CARTESIAN_POINT('',(-3.95020975912267,66.1663599830548,0.776068376068376));
#6547=CARTESIAN_POINT('',(-3.95020975912267,66.1663599830548,0.887179487179487));
#6548=CARTESIAN_POINT('',(-3.95020975912267,66.1663599830548,0.943589743589743));
#6549=CARTESIAN_POINT('',(-3.95020975912267,66.1663599830548,1.01880341880342));
#6550=CARTESIAN_POINT('',(-3.95020975912267,66.1663599830548,1.03760683760684));
#6551=CARTESIAN_POINT('',(-3.95020975912267,66.1663599830548,1.08649572649573));
#6552=CARTESIAN_POINT('',(-3.95020975912267,66.1663599830548,1.1165811965812));
#6553=CARTESIAN_POINT('',(-3.95020975912267,66.1663599830548,1.19480341880342));
#6554=CARTESIAN_POINT('',(-3.95020975912267,66.1663599830548,1.24294017094017));
#6555=CARTESIAN_POINT('',(-3.95020975912267,66.1663599830548,1.34071794871795));
#6556=CARTESIAN_POINT('',(-3.95020975912267,66.1663599830548,1.39035897435897));
#6557=CARTESIAN_POINT('',(-3.95020975912267,66.1663599830548,1.44));
#6558=CARTESIAN_POINT('',(-3.81853518707642,66.1862066940006,-0.44));
#6559=CARTESIAN_POINT('',(-3.81853518707642,66.1862066940006,-0.390358974358975));
#6560=CARTESIAN_POINT('',(-3.81853518707642,66.1862066940006,-0.340717948717949));
#6561=CARTESIAN_POINT('',(-3.81853518707642,66.1862066940006,-0.242940170940171));
#6562=CARTESIAN_POINT('',(-3.81853518707642,66.1862066940006,-0.194803418803419));
#6563=CARTESIAN_POINT('',(-3.81853518707642,66.1862066940006,-0.116581196581197));
#6564=CARTESIAN_POINT('',(-3.81853518707642,66.1862066940006,-0.0864957264957266));
#6565=CARTESIAN_POINT('',(-3.81853518707642,66.1862066940006,-0.0376068376068377));
#6566=CARTESIAN_POINT('',(-3.81853518707642,66.1862066940006,-0.0188034188034189));
#6567=CARTESIAN_POINT('',(-3.81853518707642,66.1862066940006,0.0564102564102564));
#6568=CARTESIAN_POINT('',(-3.81853518707642,66.1862066940006,0.112820512820513));
#6569=CARTESIAN_POINT('',(-3.81853518707642,66.1862066940006,0.223931623931624));
#6570=CARTESIAN_POINT('',(-3.81853518707642,66.1862066940006,0.278632478632479));
#6571=CARTESIAN_POINT('',(-3.81853518707642,66.1862066940006,0.367521367521367));
#6572=CARTESIAN_POINT('',(-3.81853518707642,66.1862066940006,0.401709401709402));
#6573=CARTESIAN_POINT('',(-3.81853518707642,66.1862066940006,0.457264957264957));
#6574=CARTESIAN_POINT('',(-3.81853518707642,66.1862066940006,0.478632478632479));
#6575=CARTESIAN_POINT('',(-3.81853518707642,66.1862066940006,0.521367521367521));
#6576=CARTESIAN_POINT('',(-3.81853518707642,66.1862066940006,0.542735042735043));
#6577=CARTESIAN_POINT('',(-3.81853518707642,66.1862066940006,0.598290598290598));
#6578=CARTESIAN_POINT('',(-3.81853518707642,66.1862066940006,0.632478632478632));
#6579=CARTESIAN_POINT('',(-3.81853518707642,66.1862066940006,0.721367521367521));
#6580=CARTESIAN_POINT('',(-3.81853518707642,66.1862066940006,0.776068376068376));
#6581=CARTESIAN_POINT('',(-3.81853518707642,66.1862066940006,0.887179487179487));
#6582=CARTESIAN_POINT('',(-3.81853518707642,66.1862066940006,0.943589743589743));
#6583=CARTESIAN_POINT('',(-3.81853518707642,66.1862066940006,1.01880341880342));
#6584=CARTESIAN_POINT('',(-3.81853518707642,66.1862066940006,1.03760683760684));
#6585=CARTESIAN_POINT('',(-3.81853518707642,66.1862066940006,1.08649572649573));
#6586=CARTESIAN_POINT('',(-3.81853518707642,66.1862066940006,1.1165811965812));
#6587=CARTESIAN_POINT('',(-3.81853518707642,66.1862066940006,1.19480341880342));
#6588=CARTESIAN_POINT('',(-3.81853518707641,66.1862066940006,1.24294017094017));
#6589=CARTESIAN_POINT('',(-3.81853518707641,66.1862066940006,1.34071794871795));
#6590=CARTESIAN_POINT('',(-3.81853518707642,66.1862066940006,1.39035897435897));
#6591=CARTESIAN_POINT('',(-3.81853518707642,66.1862066940006,1.44));
#6592=CARTESIAN_POINT('',(-3.74841147434019,66.1606287972865,-0.44));
#6593=CARTESIAN_POINT('',(-3.74841147434019,66.1606287972865,-0.390358974358975));
#6594=CARTESIAN_POINT('',(-3.74841147434018,66.1606287972865,-0.340717948717949));
#6595=CARTESIAN_POINT('',(-3.74841147434018,66.1606287972865,-0.242940170940171));
#6596=CARTESIAN_POINT('',(-3.74841147434019,66.1606287972865,-0.194803418803419));
#6597=CARTESIAN_POINT('',(-3.74841147434019,66.1606287972865,-0.116581196581197));
#6598=CARTESIAN_POINT('',(-3.74841147434019,66.1606287972865,-0.0864957264957266));
#6599=CARTESIAN_POINT('',(-3.74841147434019,66.1606287972865,-0.0376068376068377));
#6600=CARTESIAN_POINT('',(-3.74841147434019,66.1606287972865,-0.0188034188034189));
#6601=CARTESIAN_POINT('',(-3.74841147434019,66.1606287972865,0.0564102564102564));
#6602=CARTESIAN_POINT('',(-3.74841147434018,66.1606287972865,0.112820512820513));
#6603=CARTESIAN_POINT('',(-3.74841147434018,66.1606287972865,0.223931623931624));
#6604=CARTESIAN_POINT('',(-3.74841147434019,66.1606287972865,0.278632478632479));
#6605=CARTESIAN_POINT('',(-3.74841147434019,66.1606287972865,0.367521367521368));
#6606=CARTESIAN_POINT('',(-3.74841147434019,66.1606287972865,0.401709401709402));
#6607=CARTESIAN_POINT('',(-3.74841147434019,66.1606287972865,0.457264957264957));
#6608=CARTESIAN_POINT('',(-3.74841147434019,66.1606287972865,0.478632478632479));
#6609=CARTESIAN_POINT('',(-3.74841147434019,66.1606287972865,0.521367521367521));
#6610=CARTESIAN_POINT('',(-3.74841147434019,66.1606287972865,0.542735042735043));
#6611=CARTESIAN_POINT('',(-3.74841147434019,66.1606287972865,0.598290598290598));
#6612=CARTESIAN_POINT('',(-3.74841147434019,66.1606287972865,0.632478632478632));
#6613=CARTESIAN_POINT('',(-3.74841147434019,66.1606287972865,0.721367521367521));
#6614=CARTESIAN_POINT('',(-3.74841147434019,66.1606287972866,0.776068376068376));
#6615=CARTESIAN_POINT('',(-3.74841147434019,66.1606287972866,0.887179487179487));
#6616=CARTESIAN_POINT('',(-3.74841147434019,66.1606287972865,0.943589743589744));
#6617=CARTESIAN_POINT('',(-3.74841147434019,66.1606287972865,1.01880341880342));
#6618=CARTESIAN_POINT('',(-3.74841147434019,66.1606287972865,1.03760683760684));
#6619=CARTESIAN_POINT('',(-3.74841147434019,66.1606287972865,1.08649572649573));
#6620=CARTESIAN_POINT('',(-3.74841147434019,66.1606287972866,1.1165811965812));
#6621=CARTESIAN_POINT('',(-3.74841147434019,66.1606287972866,1.19480341880342));
#6622=CARTESIAN_POINT('',(-3.74841147434018,66.1606287972865,1.24294017094017));
#6623=CARTESIAN_POINT('',(-3.74841147434018,66.1606287972865,1.34071794871795));
#6624=CARTESIAN_POINT('',(-3.74841147434018,66.1606287972865,1.39035897435897));
#6625=CARTESIAN_POINT('',(-3.74841147434018,66.1606287972865,1.44));
#6626=CARTESIAN_POINT('',(-3.70442491093457,66.1106467659703,-0.44));
#6627=CARTESIAN_POINT('',(-3.70442491093457,66.1106467659703,-0.390358974358975));
#6628=CARTESIAN_POINT('',(-3.70442491093457,66.1106467659703,-0.340717948717949));
#6629=CARTESIAN_POINT('',(-3.70442491093457,66.1106467659703,-0.242940170940171));
#6630=CARTESIAN_POINT('',(-3.70442491093457,66.1106467659703,-0.194803418803419));
#6631=CARTESIAN_POINT('',(-3.70442491093457,66.1106467659703,-0.116581196581197));
#6632=CARTESIAN_POINT('',(-3.70442491093457,66.1106467659703,-0.0864957264957266));
#6633=CARTESIAN_POINT('',(-3.70442491093457,66.1106467659703,-0.0376068376068377));
#6634=CARTESIAN_POINT('',(-3.70442491093457,66.1106467659703,-0.0188034188034189));
#6635=CARTESIAN_POINT('',(-3.70442491093457,66.1106467659703,0.0564102564102564));
#6636=CARTESIAN_POINT('',(-3.70442491093457,66.1106467659703,0.112820512820513));
#6637=CARTESIAN_POINT('',(-3.70442491093457,66.1106467659703,0.223931623931624));
#6638=CARTESIAN_POINT('',(-3.70442491093457,66.1106467659703,0.278632478632479));
#6639=CARTESIAN_POINT('',(-3.70442491093457,66.1106467659703,0.367521367521368));
#6640=CARTESIAN_POINT('',(-3.70442491093457,66.1106467659703,0.401709401709402));
#6641=CARTESIAN_POINT('',(-3.70442491093457,66.1106467659703,0.457264957264957));
#6642=CARTESIAN_POINT('',(-3.70442491093457,66.1106467659703,0.478632478632479));
#6643=CARTESIAN_POINT('',(-3.70442491093457,66.1106467659703,0.521367521367521));
#6644=CARTESIAN_POINT('',(-3.70442491093457,66.1106467659703,0.542735042735043));
#6645=CARTESIAN_POINT('',(-3.70442491093457,66.1106467659703,0.598290598290598));
#6646=CARTESIAN_POINT('',(-3.70442491093457,66.1106467659703,0.632478632478632));
#6647=CARTESIAN_POINT('',(-3.70442491093457,66.1106467659703,0.721367521367521));
#6648=CARTESIAN_POINT('',(-3.70442491093457,66.1106467659703,0.776068376068376));
#6649=CARTESIAN_POINT('',(-3.70442491093457,66.1106467659703,0.887179487179487));
#6650=CARTESIAN_POINT('',(-3.70442491093457,66.1106467659703,0.943589743589744));
#6651=CARTESIAN_POINT('',(-3.70442491093457,66.1106467659703,1.01880341880342));
#6652=CARTESIAN_POINT('',(-3.70442491093457,66.1106467659703,1.03760683760684));
#6653=CARTESIAN_POINT('',(-3.70442491093457,66.1106467659703,1.08649572649573));
#6654=CARTESIAN_POINT('',(-3.70442491093457,66.1106467659703,1.1165811965812));
#6655=CARTESIAN_POINT('',(-3.70442491093457,66.1106467659703,1.19480341880342));
#6656=CARTESIAN_POINT('',(-3.70442491093457,66.1106467659703,1.24294017094017));
#6657=CARTESIAN_POINT('',(-3.70442491093457,66.1106467659703,1.34071794871795));
#6658=CARTESIAN_POINT('',(-3.70442491093457,66.1106467659703,1.39035897435897));
#6659=CARTESIAN_POINT('',(-3.70442491093457,66.1106467659703,1.44));
#6660=CARTESIAN_POINT('',(-4.03697881496768,66.0605224245376,-1.40946282423116E-16));
#6661=CARTESIAN_POINT('',(-4.03697881496768,66.0605224245376,0.0564102564102563));
#6662=CARTESIAN_POINT('',(-4.03697881496768,66.0605224245376,0.112820512820513));
#6663=CARTESIAN_POINT('',(-4.03697881496768,66.0605224245376,0.223931623931624));
#6664=CARTESIAN_POINT('',(-4.03697881496768,66.0605224245376,0.278632478632479));
#6665=CARTESIAN_POINT('',(-4.03697881496768,66.0605224245376,0.367521367521367));
#6666=CARTESIAN_POINT('',(-4.03697881496768,66.0605224245376,0.401709401709402));
#6667=CARTESIAN_POINT('',(-4.03697881496768,66.0605224245376,0.457264957264957));
#6668=CARTESIAN_POINT('',(-4.03697881496768,66.0605224245376,0.478632478632479));
#6669=CARTESIAN_POINT('',(-4.03697881496768,66.0605224245376,0.521367521367521));
#6670=CARTESIAN_POINT('',(-4.03697881496768,66.0605224245376,0.542735042735043));
#6671=CARTESIAN_POINT('',(-4.03697881496768,66.0605224245376,0.598290598290598));
#6672=CARTESIAN_POINT('',(-4.03697881496768,66.0605224245376,0.632478632478632));
#6673=CARTESIAN_POINT('',(-4.03697881496768,66.0605224245376,0.721367521367521));
#6674=CARTESIAN_POINT('',(-4.03697881496768,66.0605224245376,0.776068376068376));
#6675=CARTESIAN_POINT('',(-4.03697881496768,66.0605224245376,0.887179487179487));
#6676=CARTESIAN_POINT('',(-4.03697881496768,66.0605224245376,0.943589743589743));
#6677=CARTESIAN_POINT('',(-4.03697881496768,66.0605224245376,1.));
#6678=CARTESIAN_POINT('',(-4.03697881496767,66.0605224245376,1.));
#6679=CARTESIAN_POINT('',(-4.03697881496768,66.0605224245376,1.));
#6680=CARTESIAN_POINT('',(-4.00967887973836,66.1212491464252,1.));
#6681=CARTESIAN_POINT('',(-3.95020975912267,66.1663599830548,1.));
#6682=CARTESIAN_POINT('',(-3.81853518707642,66.1862066940006,1.));
#6683=CARTESIAN_POINT('',(-3.74841147434019,66.1606287972865,1.));
#6684=CARTESIAN_POINT('',(-3.70442491093457,66.1106467659703,1.));
#6685=CARTESIAN_POINT('',(-3.70442491093458,66.1106467659703,1.));
#6686=CARTESIAN_POINT('',(-3.70442491093457,66.1106467659703,9.46869897304007E-17));
#6687=CARTESIAN_POINT('',(-3.70442491093457,66.1106467659703,0.0564102564102564));
#6688=CARTESIAN_POINT('',(-3.70442491093457,66.1106467659703,0.112820512820513));
#6689=CARTESIAN_POINT('',(-3.70442491093457,66.1106467659703,0.223931623931624));
#6690=CARTESIAN_POINT('',(-3.70442491093457,66.1106467659703,0.278632478632479));
#6691=CARTESIAN_POINT('',(-3.70442491093457,66.1106467659703,0.367521367521368));
#6692=CARTESIAN_POINT('',(-3.70442491093457,66.1106467659703,0.401709401709402));
#6693=CARTESIAN_POINT('',(-3.70442491093457,66.1106467659703,0.457264957264957));
#6694=CARTESIAN_POINT('',(-3.70442491093457,66.1106467659703,0.478632478632479));
#6695=CARTESIAN_POINT('',(-3.70442491093457,66.1106467659703,0.521367521367521));
#6696=CARTESIAN_POINT('',(-3.70442491093457,66.1106467659703,0.542735042735043));
#6697=CARTESIAN_POINT('',(-3.70442491093457,66.1106467659703,0.598290598290598));
#6698=CARTESIAN_POINT('',(-3.70442491093457,66.1106467659703,0.632478632478632));
#6699=CARTESIAN_POINT('',(-3.70442491093457,66.1106467659703,0.721367521367521));
#6700=CARTESIAN_POINT('',(-3.70442491093457,66.1106467659703,0.776068376068376));
#6701=CARTESIAN_POINT('',(-3.70442491093457,66.1106467659703,0.887179487179487));
#6702=CARTESIAN_POINT('',(-3.70442491093457,66.1106467659703,0.943589743589744));
#6703=CARTESIAN_POINT('',(-3.70442491093457,66.1106467659703,1.));
#6704=CARTESIAN_POINT('',(3.97766806014357,66.1341724408509,0.));
#6705=CARTESIAN_POINT('',(3.97766806014357,66.1341724408509,0.0564102564102564));
#6706=CARTESIAN_POINT('',(3.97766806014357,66.1341724408509,0.112820512820513));
#6707=CARTESIAN_POINT('',(3.97766806014357,66.1341724408509,0.223931623931624));
#6708=CARTESIAN_POINT('',(3.97766806014357,66.1341724408509,0.278632478632479));
#6709=CARTESIAN_POINT('',(3.97766806014357,66.1341724408509,0.367521367521368));
#6710=CARTESIAN_POINT('',(3.97766806014358,66.1341724408509,0.401709401709402));
#6711=CARTESIAN_POINT('',(3.97766806014358,66.1341724408509,0.457264957264957));
#6712=CARTESIAN_POINT('',(3.97766806014357,66.1341724408509,0.478632478632479));
#6713=CARTESIAN_POINT('',(3.97766806014357,66.1341724408509,0.521367521367521));
#6714=CARTESIAN_POINT('',(3.97766806014358,66.1341724408509,0.542735042735043));
#6715=CARTESIAN_POINT('',(3.97766806014358,66.1341724408509,0.598290598290598));
#6716=CARTESIAN_POINT('',(3.97766806014357,66.1341724408509,0.632478632478632));
#6717=CARTESIAN_POINT('',(3.97766806014357,66.1341724408509,0.721367521367521));
#6718=CARTESIAN_POINT('',(3.97766806014357,66.1341724408509,0.776068376068376));
#6719=CARTESIAN_POINT('',(3.97766806014357,66.1341724408509,0.887179487179487));
#6720=CARTESIAN_POINT('',(3.97766806014357,66.1341724408509,0.943589743589744));
#6721=CARTESIAN_POINT('',(3.97766806014357,66.1341724408509,1.));
#6722=CARTESIAN_POINT('',(4.00003407816708,66.1953626693291,0.));
#6723=CARTESIAN_POINT('',(4.00003407816708,66.1953626693291,0.0564102564102564));
#6724=CARTESIAN_POINT('',(4.00003407816708,66.1953626693291,0.112820512820513));
#6725=CARTESIAN_POINT('',(4.00003407816708,66.1953626693291,0.223931623931624));
#6726=CARTESIAN_POINT('',(4.00003407816707,66.1953626693291,0.278632478632479));
#6727=CARTESIAN_POINT('',(4.00003407816707,66.1953626693291,0.367521367521368));
#6728=CARTESIAN_POINT('',(4.00003407816707,66.1953626693291,0.401709401709402));
#6729=CARTESIAN_POINT('',(4.00003407816707,66.1953626693291,0.457264957264957));
#6730=CARTESIAN_POINT('',(4.00003407816707,66.1953626693291,0.478632478632479));
#6731=CARTESIAN_POINT('',(4.00003407816707,66.1953626693291,0.521367521367521));
#6732=CARTESIAN_POINT('',(4.00003407816707,66.1953626693291,0.542735042735043));
#6733=CARTESIAN_POINT('',(4.00003407816707,66.1953626693291,0.598290598290598));
#6734=CARTESIAN_POINT('',(4.00003407816707,66.1953626693291,0.632478632478632));
#6735=CARTESIAN_POINT('',(4.00003407816707,66.1953626693291,0.721367521367521));
#6736=CARTESIAN_POINT('',(4.00003407816708,66.1953626693291,0.776068376068376));
#6737=CARTESIAN_POINT('',(4.00003407816708,66.1953626693291,0.887179487179487));
#6738=CARTESIAN_POINT('',(4.00003407816708,66.1953626693291,0.943589743589744));
#6739=CARTESIAN_POINT('',(4.00003407816708,66.1953626693291,1.));
#6740=CARTESIAN_POINT('',(4.05413280994386,66.2439466837215,0.));
#6741=CARTESIAN_POINT('',(4.05413280994386,66.2439466837215,0.0564102564102564));
#6742=CARTESIAN_POINT('',(4.05413280994386,66.2439466837215,0.112820512820513));
#6743=CARTESIAN_POINT('',(4.05413280994386,66.2439466837215,0.223931623931624));
#6744=CARTESIAN_POINT('',(4.05413280994386,66.2439466837215,0.278632478632479));
#6745=CARTESIAN_POINT('',(4.05413280994386,66.2439466837215,0.367521367521368));
#6746=CARTESIAN_POINT('',(4.05413280994386,66.2439466837215,0.401709401709402));
#6747=CARTESIAN_POINT('',(4.05413280994386,66.2439466837215,0.457264957264957));
#6748=CARTESIAN_POINT('',(4.05413280994385,66.2439466837215,0.478632478632479));
#6749=CARTESIAN_POINT('',(4.05413280994385,66.2439466837215,0.521367521367521));
#6750=CARTESIAN_POINT('',(4.05413280994386,66.2439466837215,0.542735042735043));
#6751=CARTESIAN_POINT('',(4.05413280994386,66.2439466837215,0.598290598290598));
#6752=CARTESIAN_POINT('',(4.05413280994386,66.2439466837215,0.632478632478632));
#6753=CARTESIAN_POINT('',(4.05413280994386,66.2439466837215,0.721367521367521));
#6754=CARTESIAN_POINT('',(4.05413280994386,66.2439466837215,0.776068376068376));
#6755=CARTESIAN_POINT('',(4.05413280994386,66.2439466837215,0.887179487179487));
#6756=CARTESIAN_POINT('',(4.05413280994386,66.2439466837215,0.943589743589744));
#6757=CARTESIAN_POINT('',(4.05413280994386,66.2439466837215,1.));
#6758=CARTESIAN_POINT('',(4.18060028679691,66.2753140009833,0.));
#6759=CARTESIAN_POINT('',(4.18060028679691,66.2753140009833,0.0564102564102564));
#6760=CARTESIAN_POINT('',(4.18060028679691,66.2753140009833,0.112820512820513));
#6761=CARTESIAN_POINT('',(4.18060028679691,66.2753140009833,0.223931623931624));
#6762=CARTESIAN_POINT('',(4.1806002867969,66.2753140009833,0.278632478632479));
#6763=CARTESIAN_POINT('',(4.1806002867969,66.2753140009833,0.367521367521368));
#6764=CARTESIAN_POINT('',(4.1806002867969,66.2753140009833,0.401709401709402));
#6765=CARTESIAN_POINT('',(4.1806002867969,66.2753140009833,0.457264957264957));
#6766=CARTESIAN_POINT('',(4.1806002867969,66.2753140009833,0.478632478632479));
#6767=CARTESIAN_POINT('',(4.1806002867969,66.2753140009833,0.521367521367521));
#6768=CARTESIAN_POINT('',(4.1806002867969,66.2753140009833,0.542735042735043));
#6769=CARTESIAN_POINT('',(4.1806002867969,66.2753140009833,0.598290598290598));
#6770=CARTESIAN_POINT('',(4.1806002867969,66.2753140009833,0.632478632478632));
#6771=CARTESIAN_POINT('',(4.1806002867969,66.2753140009833,0.721367521367521));
#6772=CARTESIAN_POINT('',(4.18060028679691,66.2753140009833,0.776068376068376));
#6773=CARTESIAN_POINT('',(4.18060028679691,66.2753140009833,0.887179487179487));
#6774=CARTESIAN_POINT('',(4.18060028679691,66.2753140009833,0.943589743589744));
#6775=CARTESIAN_POINT('',(4.18060028679691,66.2753140009833,1.));
#6776=CARTESIAN_POINT('',(4.25113234326558,66.2576417559466,0.));
#6777=CARTESIAN_POINT('',(4.25113234326558,66.2576417559466,0.0564102564102564));
#6778=CARTESIAN_POINT('',(4.25113234326558,66.2576417559466,0.112820512820513));
#6779=CARTESIAN_POINT('',(4.25113234326558,66.2576417559466,0.223931623931624));
#6780=CARTESIAN_POINT('',(4.25113234326558,66.2576417559466,0.278632478632479));
#6781=CARTESIAN_POINT('',(4.25113234326558,66.2576417559466,0.367521367521368));
#6782=CARTESIAN_POINT('',(4.25113234326558,66.2576417559466,0.401709401709402));
#6783=CARTESIAN_POINT('',(4.25113234326558,66.2576417559466,0.457264957264957));
#6784=CARTESIAN_POINT('',(4.25113234326558,66.2576417559466,0.478632478632479));
#6785=CARTESIAN_POINT('',(4.25113234326558,66.2576417559466,0.521367521367521));
#6786=CARTESIAN_POINT('',(4.25113234326558,66.2576417559466,0.542735042735043));
#6787=CARTESIAN_POINT('',(4.25113234326558,66.2576417559466,0.598290598290598));
#6788=CARTESIAN_POINT('',(4.25113234326558,66.2576417559466,0.632478632478632));
#6789=CARTESIAN_POINT('',(4.25113234326558,66.2576417559466,0.721367521367521));
#6790=CARTESIAN_POINT('',(4.25113234326558,66.2576417559466,0.776068376068376));
#6791=CARTESIAN_POINT('',(4.25113234326558,66.2576417559466,0.887179487179487));
#6792=CARTESIAN_POINT('',(4.25113234326558,66.2576417559466,0.943589743589744));
#6793=CARTESIAN_POINT('',(4.25113234326558,66.2576417559466,1.));
#6794=CARTESIAN_POINT('',(4.29950060838601,66.2139955218286,0.));
#6795=CARTESIAN_POINT('',(4.29950060838601,66.2139955218286,0.0564102564102564));
#6796=CARTESIAN_POINT('',(4.29950060838601,66.2139955218286,0.112820512820513));
#6797=CARTESIAN_POINT('',(4.29950060838601,66.2139955218286,0.223931623931624));
#6798=CARTESIAN_POINT('',(4.29950060838601,66.2139955218286,0.278632478632479));
#6799=CARTESIAN_POINT('',(4.29950060838601,66.2139955218286,0.367521367521368));
#6800=CARTESIAN_POINT('',(4.29950060838601,66.2139955218286,0.401709401709402));
#6801=CARTESIAN_POINT('',(4.29950060838601,66.2139955218286,0.457264957264957));
#6802=CARTESIAN_POINT('',(4.299500608386,66.2139955218286,0.478632478632479));
#6803=CARTESIAN_POINT('',(4.299500608386,66.2139955218286,0.521367521367521));
#6804=CARTESIAN_POINT('',(4.29950060838601,66.2139955218286,0.542735042735043));
#6805=CARTESIAN_POINT('',(4.29950060838601,66.2139955218286,0.598290598290598));
#6806=CARTESIAN_POINT('',(4.29950060838601,66.2139955218286,0.632478632478632));
#6807=CARTESIAN_POINT('',(4.29950060838601,66.2139955218286,0.721367521367521));
#6808=CARTESIAN_POINT('',(4.29950060838601,66.2139955218286,0.776068376068376));
#6809=CARTESIAN_POINT('',(4.29950060838601,66.2139955218286,0.887179487179487));
#6810=CARTESIAN_POINT('',(4.29950060838601,66.2139955218286,0.943589743589744));
#6811=CARTESIAN_POINT('',(4.29950060838601,66.2139955218286,1.));
#6812=CARTESIAN_POINT('',(3.97766806014357,66.1341724408509,1.));
#6813=CARTESIAN_POINT('',(4.00003407816708,66.1953626693291,1.));
#6814=CARTESIAN_POINT('',(4.05413280994386,66.2439466837215,1.));
#6815=CARTESIAN_POINT('',(4.18060028679691,66.2753140009833,1.));
#6816=CARTESIAN_POINT('',(4.25113234326558,66.2576417559466,1.));
#6817=CARTESIAN_POINT('',(4.29950060838601,66.2139955218286,1.));
#6818=CARTESIAN_POINT('',(3.97766806014357,66.1341724408509,1.));
#6819=CARTESIAN_POINT('',(4.29950060838601,66.2139955218286,1.));
#6820=CARTESIAN_POINT('',(4.29950060838601,66.2139955218286,0.));
#6821=CARTESIAN_POINT('',(4.29950060838601,66.2139955218286,0.0564102564102564));
#6822=CARTESIAN_POINT('',(4.29950060838601,66.2139955218286,0.112820512820513));
#6823=CARTESIAN_POINT('',(4.29950060838601,66.2139955218286,0.223931623931624));
#6824=CARTESIAN_POINT('',(4.29950060838601,66.2139955218286,0.278632478632479));
#6825=CARTESIAN_POINT('',(4.29950060838601,66.2139955218286,0.367521367521368));
#6826=CARTESIAN_POINT('',(4.29950060838601,66.2139955218286,0.401709401709402));
#6827=CARTESIAN_POINT('',(4.29950060838601,66.2139955218286,0.457264957264957));
#6828=CARTESIAN_POINT('',(4.299500608386,66.2139955218286,0.478632478632479));
#6829=CARTESIAN_POINT('',(4.299500608386,66.2139955218286,0.521367521367521));
#6830=CARTESIAN_POINT('',(4.29950060838601,66.2139955218286,0.542735042735043));
#6831=CARTESIAN_POINT('',(4.29950060838601,66.2139955218286,0.598290598290598));
#6832=CARTESIAN_POINT('',(4.29950060838601,66.2139955218286,0.632478632478632));
#6833=CARTESIAN_POINT('',(4.29950060838601,66.2139955218286,0.721367521367521));
#6834=CARTESIAN_POINT('',(4.29950060838601,66.2139955218286,0.776068376068376));
#6835=CARTESIAN_POINT('',(4.29950060838601,66.2139955218286,0.887179487179487));
#6836=CARTESIAN_POINT('',(4.29950060838601,66.2139955218286,0.943589743589744));
#6837=CARTESIAN_POINT('',(4.29950060838601,66.2139955218286,1.));
#6838=CARTESIAN_POINT('',(3.97766806014357,66.1341724408509,0.));
#6839=CARTESIAN_POINT('',(3.97766806014357,66.1341724408509,0.0564102564102564));
#6840=CARTESIAN_POINT('',(3.97766806014357,66.1341724408509,0.112820512820513));
#6841=CARTESIAN_POINT('',(3.97766806014357,66.1341724408509,0.223931623931624));
#6842=CARTESIAN_POINT('',(3.97766806014357,66.1341724408509,0.278632478632479));
#6843=CARTESIAN_POINT('',(3.97766806014357,66.1341724408509,0.367521367521368));
#6844=CARTESIAN_POINT('',(3.97766806014358,66.1341724408509,0.401709401709402));
#6845=CARTESIAN_POINT('',(3.97766806014358,66.1341724408509,0.457264957264957));
#6846=CARTESIAN_POINT('',(3.97766806014357,66.1341724408509,0.478632478632479));
#6847=CARTESIAN_POINT('',(3.97766806014357,66.1341724408509,0.521367521367521));
#6848=CARTESIAN_POINT('',(3.97766806014358,66.1341724408509,0.542735042735043));
#6849=CARTESIAN_POINT('',(3.97766806014358,66.1341724408509,0.598290598290598));
#6850=CARTESIAN_POINT('',(3.97766806014357,66.1341724408509,0.632478632478632));
#6851=CARTESIAN_POINT('',(3.97766806014357,66.1341724408509,0.721367521367521));
#6852=CARTESIAN_POINT('',(3.97766806014357,66.1341724408509,0.776068376068376));
#6853=CARTESIAN_POINT('',(3.97766806014357,66.1341724408509,0.887179487179487));
#6854=CARTESIAN_POINT('',(3.97766806014357,66.1341724408509,0.943589743589744));
#6855=CARTESIAN_POINT('',(3.97766806014357,66.1341724408509,1.));
#6856=CARTESIAN_POINT('',(9.3223665438526,65.6990072093933,0.));
#6857=CARTESIAN_POINT('',(9.1223665438526,65.6990072093933,0.));
#6858=CARTESIAN_POINT('',(9.1223665438526,65.6990072093933,1.));
#6859=CARTESIAN_POINT('',(9.3223665438526,65.6990072093933,1.));
#6860=CARTESIAN_POINT('',(9.3223665438526,65.8990072093933,1.));
#6861=CARTESIAN_POINT('',(9.3223665438526,65.8990072093933,0.));
#6862=CARTESIAN_POINT('',(7.87003370936087,65.9013442279791,0.));
#6863=CARTESIAN_POINT('',(7.87003370936087,65.9013442279791,0.0564102564102564));
#6864=CARTESIAN_POINT('',(7.87003370936087,65.9013442279791,0.112820512820513));
#6865=CARTESIAN_POINT('',(7.87003370936087,65.9013442279791,0.223931623931624));
#6866=CARTESIAN_POINT('',(7.87003370936087,65.9013442279791,0.278632478632479));
#6867=CARTESIAN_POINT('',(7.87003370936087,65.9013442279791,0.367521367521368));
#6868=CARTESIAN_POINT('',(7.87003370936087,65.9013442279791,0.401709401709402));
#6869=CARTESIAN_POINT('',(7.87003370936087,65.9013442279791,0.457264957264957));
#6870=CARTESIAN_POINT('',(7.87003370936087,65.9013442279791,0.478632478632479));
#6871=CARTESIAN_POINT('',(7.87003370936087,65.9013442279791,0.521367521367521));
#6872=CARTESIAN_POINT('',(7.87003370936087,65.9013442279791,0.542735042735043));
#6873=CARTESIAN_POINT('',(7.87003370936087,65.9013442279791,0.598290598290598));
#6874=CARTESIAN_POINT('',(7.87003370936087,65.9013442279791,0.632478632478632));
#6875=CARTESIAN_POINT('',(7.87003370936087,65.9013442279791,0.721367521367521));
#6876=CARTESIAN_POINT('',(7.87003370936087,65.9013442279791,0.776068376068376));
#6877=CARTESIAN_POINT('',(7.87003370936087,65.9013442279791,0.887179487179487));
#6878=CARTESIAN_POINT('',(7.87003370936087,65.9013442279791,0.943589743589744));
#6879=CARTESIAN_POINT('',(7.87003370936087,65.9013442279791,1.));
#6880=CARTESIAN_POINT('',(7.91992210523787,65.8978250037815,0.));
#6881=CARTESIAN_POINT('',(7.91992210523787,65.8978250037815,0.0564102564102564));
#6882=CARTESIAN_POINT('',(7.91992210523787,65.8978250037815,0.112820512820513));
#6883=CARTESIAN_POINT('',(7.91992210523787,65.8978250037815,0.223931623931624));
#6884=CARTESIAN_POINT('',(7.91992210523787,65.8978250037815,0.278632478632479));
#6885=CARTESIAN_POINT('',(7.91992210523787,65.8978250037815,0.367521367521368));
#6886=CARTESIAN_POINT('',(7.91992210523787,65.8978250037815,0.401709401709402));
#6887=CARTESIAN_POINT('',(7.91992210523787,65.8978250037815,0.457264957264957));
#6888=CARTESIAN_POINT('',(7.91992210523787,65.8978250037815,0.478632478632479));
#6889=CARTESIAN_POINT('',(7.91992210523787,65.8978250037815,0.521367521367521));
#6890=CARTESIAN_POINT('',(7.91992210523787,65.8978250037815,0.542735042735043));
#6891=CARTESIAN_POINT('',(7.91992210523787,65.8978250037815,0.598290598290598));
#6892=CARTESIAN_POINT('',(7.91992210523787,65.8978250037815,0.632478632478632));
#6893=CARTESIAN_POINT('',(7.91992210523787,65.8978250037815,0.721367521367521));
#6894=CARTESIAN_POINT('',(7.91992210523787,65.8978250037815,0.776068376068376));
#6895=CARTESIAN_POINT('',(7.91992210523787,65.8978250037815,0.887179487179487));
#6896=CARTESIAN_POINT('',(7.91992210523787,65.8978250037815,0.943589743589744));
#6897=CARTESIAN_POINT('',(7.91992210523787,65.8978250037815,1.));
#6898=CARTESIAN_POINT('',(7.96817561588198,65.8747820618447,0.));
#6899=CARTESIAN_POINT('',(7.96817561588198,65.8747820618447,0.0564102564102564));
#6900=CARTESIAN_POINT('',(7.96817561588198,65.8747820618447,0.112820512820513));
#6901=CARTESIAN_POINT('',(7.96817561588198,65.8747820618447,0.223931623931624));
#6902=CARTESIAN_POINT('',(7.96817561588198,65.8747820618447,0.278632478632479));
#6903=CARTESIAN_POINT('',(7.96817561588198,65.8747820618447,0.367521367521368));
#6904=CARTESIAN_POINT('',(7.96817561588198,65.8747820618447,0.401709401709402));
#6905=CARTESIAN_POINT('',(7.96817561588198,65.8747820618447,0.457264957264957));
#6906=CARTESIAN_POINT('',(7.96817561588198,65.8747820618447,0.478632478632479));
#6907=CARTESIAN_POINT('',(7.96817561588198,65.8747820618447,0.521367521367521));
#6908=CARTESIAN_POINT('',(7.96817561588198,65.8747820618447,0.542735042735043));
#6909=CARTESIAN_POINT('',(7.96817561588198,65.8747820618447,0.598290598290598));
#6910=CARTESIAN_POINT('',(7.96817561588198,65.8747820618447,0.632478632478632));
#6911=CARTESIAN_POINT('',(7.96817561588198,65.8747820618447,0.721367521367521));
#6912=CARTESIAN_POINT('',(7.96817561588198,65.8747820618447,0.776068376068376));
#6913=CARTESIAN_POINT('',(7.96817561588198,65.8747820618447,0.887179487179487));
#6914=CARTESIAN_POINT('',(7.96817561588198,65.8747820618447,0.943589743589744));
#6915=CARTESIAN_POINT('',(7.96817561588198,65.8747820618447,1.));
#6916=CARTESIAN_POINT('',(8.03636993009456,65.8016077259228,0.));
#6917=CARTESIAN_POINT('',(8.03636993009456,65.8016077259228,0.0564102564102564));
#6918=CARTESIAN_POINT('',(8.03636993009456,65.8016077259228,0.112820512820513));
#6919=CARTESIAN_POINT('',(8.03636993009456,65.8016077259228,0.223931623931624));
#6920=CARTESIAN_POINT('',(8.03636993009456,65.8016077259228,0.278632478632479));
#6921=CARTESIAN_POINT('',(8.03636993009456,65.8016077259228,0.367521367521368));
#6922=CARTESIAN_POINT('',(8.03636993009456,65.8016077259228,0.401709401709402));
#6923=CARTESIAN_POINT('',(8.03636993009456,65.8016077259228,0.457264957264957));
#6924=CARTESIAN_POINT('',(8.03636993009456,65.8016077259228,0.478632478632479));
#6925=CARTESIAN_POINT('',(8.03636993009456,65.8016077259228,0.521367521367521));
#6926=CARTESIAN_POINT('',(8.03636993009456,65.8016077259228,0.542735042735043));
#6927=CARTESIAN_POINT('',(8.03636993009456,65.8016077259228,0.598290598290598));
#6928=CARTESIAN_POINT('',(8.03636993009456,65.8016077259228,0.632478632478632));
#6929=CARTESIAN_POINT('',(8.03636993009456,65.8016077259228,0.721367521367521));
#6930=CARTESIAN_POINT('',(8.03636993009456,65.8016077259228,0.776068376068376));
#6931=CARTESIAN_POINT('',(8.03636993009456,65.8016077259228,0.887179487179487));
#6932=CARTESIAN_POINT('',(8.03636993009456,65.8016077259228,0.943589743589744));
#6933=CARTESIAN_POINT('',(8.03636993009456,65.8016077259228,1.));
#6934=CARTESIAN_POINT('',(8.0559602938526,65.7518523632932,0.));
#6935=CARTESIAN_POINT('',(8.0559602938526,65.7518523632932,0.0564102564102564));
#6936=CARTESIAN_POINT('',(8.0559602938526,65.7518523632932,0.112820512820513));
#6937=CARTESIAN_POINT('',(8.0559602938526,65.7518523632932,0.223931623931624));
#6938=CARTESIAN_POINT('',(8.0559602938526,65.7518523632932,0.278632478632479));
#6939=CARTESIAN_POINT('',(8.0559602938526,65.7518523632932,0.367521367521368));
#6940=CARTESIAN_POINT('',(8.0559602938526,65.7518523632932,0.401709401709402));
#6941=CARTESIAN_POINT('',(8.0559602938526,65.7518523632932,0.457264957264957));
#6942=CARTESIAN_POINT('',(8.0559602938526,65.7518523632932,0.478632478632479));
#6943=CARTESIAN_POINT('',(8.0559602938526,65.7518523632932,0.521367521367521));
#6944=CARTESIAN_POINT('',(8.0559602938526,65.7518523632932,0.542735042735043));
#6945=CARTESIAN_POINT('',(8.0559602938526,65.7518523632932,0.598290598290598));
#6946=CARTESIAN_POINT('',(8.0559602938526,65.7518523632932,0.632478632478632));
#6947=CARTESIAN_POINT('',(8.0559602938526,65.7518523632932,0.721367521367521));
#6948=CARTESIAN_POINT('',(8.0559602938526,65.7518523632932,0.776068376068376));
#6949=CARTESIAN_POINT('',(8.0559602938526,65.7518523632932,0.887179487179487));
#6950=CARTESIAN_POINT('',(8.0559602938526,65.7518523632932,0.943589743589744));
#6951=CARTESIAN_POINT('',(8.0559602938526,65.7518523632932,1.));
#6952=CARTESIAN_POINT('',(8.0559602938526,65.7018399950016,0.));
#6953=CARTESIAN_POINT('',(8.0559602938526,65.7018399950016,0.0564102564102564));
#6954=CARTESIAN_POINT('',(8.0559602938526,65.7018399950016,0.112820512820513));
#6955=CARTESIAN_POINT('',(8.0559602938526,65.7018399950016,0.223931623931624));
#6956=CARTESIAN_POINT('',(8.0559602938526,65.7018399950016,0.278632478632479));
#6957=CARTESIAN_POINT('',(8.0559602938526,65.7018399950016,0.367521367521368));
#6958=CARTESIAN_POINT('',(8.0559602938526,65.7018399950016,0.401709401709402));
#6959=CARTESIAN_POINT('',(8.0559602938526,65.7018399950016,0.457264957264957));
#6960=CARTESIAN_POINT('',(8.0559602938526,65.7018399950016,0.478632478632479));
#6961=CARTESIAN_POINT('',(8.0559602938526,65.7018399950016,0.521367521367521));
#6962=CARTESIAN_POINT('',(8.0559602938526,65.7018399950016,0.542735042735043));
#6963=CARTESIAN_POINT('',(8.0559602938526,65.7018399950016,0.598290598290598));
#6964=CARTESIAN_POINT('',(8.0559602938526,65.7018399950016,0.632478632478632));
#6965=CARTESIAN_POINT('',(8.0559602938526,65.7018399950016,0.721367521367521));
#6966=CARTESIAN_POINT('',(8.0559602938526,65.7018399950016,0.776068376068376));
#6967=CARTESIAN_POINT('',(8.0559602938526,65.7018399950016,0.887179487179487));
#6968=CARTESIAN_POINT('',(8.0559602938526,65.7018399950016,0.943589743589744));
#6969=CARTESIAN_POINT('',(8.0559602938526,65.7018399950016,1.));
#6970=CARTESIAN_POINT('',(7.87003370936087,65.9013442279791,1.));
#6971=CARTESIAN_POINT('',(7.91992210523787,65.8978250037815,1.));
#6972=CARTESIAN_POINT('',(7.96817561588198,65.8747820618447,1.));
#6973=CARTESIAN_POINT('',(8.03636993009456,65.8016077259228,1.));
#6974=CARTESIAN_POINT('',(8.0559602938526,65.7518523632932,1.));
#6975=CARTESIAN_POINT('',(8.0559602938526,65.7018399950016,1.));
#6976=CARTESIAN_POINT('',(7.87003370936087,65.9013442279791,1.));
#6977=CARTESIAN_POINT('',(8.0559602938526,65.7018399950016,1.));
#6978=CARTESIAN_POINT('',(8.0559602938526,65.7018399950016,0.));
#6979=CARTESIAN_POINT('',(8.0559602938526,65.7018399950016,0.0564102564102564));
#6980=CARTESIAN_POINT('',(8.0559602938526,65.7018399950016,0.112820512820513));
#6981=CARTESIAN_POINT('',(8.0559602938526,65.7018399950016,0.223931623931624));
#6982=CARTESIAN_POINT('',(8.0559602938526,65.7018399950016,0.278632478632479));
#6983=CARTESIAN_POINT('',(8.0559602938526,65.7018399950016,0.367521367521368));
#6984=CARTESIAN_POINT('',(8.0559602938526,65.7018399950016,0.401709401709402));
#6985=CARTESIAN_POINT('',(8.0559602938526,65.7018399950016,0.457264957264957));
#6986=CARTESIAN_POINT('',(8.0559602938526,65.7018399950016,0.478632478632479));
#6987=CARTESIAN_POINT('',(8.0559602938526,65.7018399950016,0.521367521367521));
#6988=CARTESIAN_POINT('',(8.0559602938526,65.7018399950016,0.542735042735043));
#6989=CARTESIAN_POINT('',(8.0559602938526,65.7018399950016,0.598290598290598));
#6990=CARTESIAN_POINT('',(8.0559602938526,65.7018399950016,0.632478632478632));
#6991=CARTESIAN_POINT('',(8.0559602938526,65.7018399950016,0.721367521367521));
#6992=CARTESIAN_POINT('',(8.0559602938526,65.7018399950016,0.776068376068376));
#6993=CARTESIAN_POINT('',(8.0559602938526,65.7018399950016,0.887179487179487));
#6994=CARTESIAN_POINT('',(8.0559602938526,65.7018399950016,0.943589743589744));
#6995=CARTESIAN_POINT('',(8.0559602938526,65.7018399950016,1.));
#6996=CARTESIAN_POINT('',(7.87003370936087,65.9013442279791,0.));
#6997=CARTESIAN_POINT('',(7.87003370936087,65.9013442279791,0.0564102564102564));
#6998=CARTESIAN_POINT('',(7.87003370936087,65.9013442279791,0.112820512820513));
#6999=CARTESIAN_POINT('',(7.87003370936087,65.9013442279791,0.223931623931624));
#7000=CARTESIAN_POINT('',(7.87003370936087,65.9013442279791,0.278632478632479));
#7001=CARTESIAN_POINT('',(7.87003370936087,65.9013442279791,0.367521367521368));
#7002=CARTESIAN_POINT('',(7.87003370936087,65.9013442279791,0.401709401709402));
#7003=CARTESIAN_POINT('',(7.87003370936087,65.9013442279791,0.457264957264957));
#7004=CARTESIAN_POINT('',(7.87003370936087,65.9013442279791,0.478632478632479));
#7005=CARTESIAN_POINT('',(7.87003370936087,65.9013442279791,0.521367521367521));
#7006=CARTESIAN_POINT('',(7.87003370936087,65.9013442279791,0.542735042735043));
#7007=CARTESIAN_POINT('',(7.87003370936087,65.9013442279791,0.598290598290598));
#7008=CARTESIAN_POINT('',(7.87003370936087,65.9013442279791,0.632478632478632));
#7009=CARTESIAN_POINT('',(7.87003370936087,65.9013442279791,0.721367521367521));
#7010=CARTESIAN_POINT('',(7.87003370936087,65.9013442279791,0.776068376068376));
#7011=CARTESIAN_POINT('',(7.87003370936087,65.9013442279791,0.887179487179487));
#7012=CARTESIAN_POINT('',(7.87003370936087,65.9013442279791,0.943589743589744));
#7013=CARTESIAN_POINT('',(7.87003370936087,65.9013442279791,1.));
#7014=CARTESIAN_POINT('',(8.0559602938526,66.866476615094,0.));
#7015=CARTESIAN_POINT('',(8.0559602938526,66.866476615094,0.0564102564102564));
#7016=CARTESIAN_POINT('',(8.0559602938526,66.866476615094,0.112820512820513));
#7017=CARTESIAN_POINT('',(8.0559602938526,66.866476615094,0.223931623931624));
#7018=CARTESIAN_POINT('',(8.0559602938526,66.866476615094,0.278632478632479));
#7019=CARTESIAN_POINT('',(8.0559602938526,66.866476615094,0.367521367521368));
#7020=CARTESIAN_POINT('',(8.0559602938526,66.866476615094,0.401709401709402));
#7021=CARTESIAN_POINT('',(8.0559602938526,66.866476615094,0.457264957264957));
#7022=CARTESIAN_POINT('',(8.0559602938526,66.866476615094,0.478632478632479));
#7023=CARTESIAN_POINT('',(8.0559602938526,66.866476615094,0.521367521367521));
#7024=CARTESIAN_POINT('',(8.0559602938526,66.866476615094,0.542735042735043));
#7025=CARTESIAN_POINT('',(8.0559602938526,66.866476615094,0.598290598290598));
#7026=CARTESIAN_POINT('',(8.0559602938526,66.866476615094,0.632478632478632));
#7027=CARTESIAN_POINT('',(8.0559602938526,66.866476615094,0.721367521367521));
#7028=CARTESIAN_POINT('',(8.0559602938526,66.866476615094,0.776068376068376));
#7029=CARTESIAN_POINT('',(8.0559602938526,66.866476615094,0.887179487179487));
#7030=CARTESIAN_POINT('',(8.0559602938526,66.866476615094,0.943589743589744));
#7031=CARTESIAN_POINT('',(8.0559602938526,66.866476615094,1.));
#7032=CARTESIAN_POINT('',(8.0559602938526,66.8159207120808,0.));
#7033=CARTESIAN_POINT('',(8.0559602938526,66.8159207120808,0.0564102564102564));
#7034=CARTESIAN_POINT('',(8.0559602938526,66.8159207120808,0.112820512820513));
#7035=CARTESIAN_POINT('',(8.0559602938526,66.8159207120808,0.223931623931624));
#7036=CARTESIAN_POINT('',(8.0559602938526,66.8159207120808,0.278632478632479));
#7037=CARTESIAN_POINT('',(8.0559602938526,66.8159207120808,0.367521367521368));
#7038=CARTESIAN_POINT('',(8.0559602938526,66.8159207120808,0.401709401709402));
#7039=CARTESIAN_POINT('',(8.0559602938526,66.8159207120808,0.457264957264957));
#7040=CARTESIAN_POINT('',(8.0559602938526,66.8159207120808,0.478632478632479));
#7041=CARTESIAN_POINT('',(8.0559602938526,66.8159207120808,0.521367521367521));
#7042=CARTESIAN_POINT('',(8.0559602938526,66.8159207120808,0.542735042735043));
#7043=CARTESIAN_POINT('',(8.0559602938526,66.8159207120808,0.598290598290598));
#7044=CARTESIAN_POINT('',(8.0559602938526,66.8159207120808,0.632478632478632));
#7045=CARTESIAN_POINT('',(8.0559602938526,66.8159207120808,0.721367521367521));
#7046=CARTESIAN_POINT('',(8.0559602938526,66.8159207120808,0.776068376068376));
#7047=CARTESIAN_POINT('',(8.0559602938526,66.8159207120808,0.887179487179487));
#7048=CARTESIAN_POINT('',(8.0559602938526,66.8159207120808,0.943589743589744));
#7049=CARTESIAN_POINT('',(8.0559602938526,66.8159207120808,1.));
#7050=CARTESIAN_POINT('',(8.03592433231957,66.7656359279279,0.));
#7051=CARTESIAN_POINT('',(8.03592433231957,66.7656359279279,0.0564102564102564));
#7052=CARTESIAN_POINT('',(8.03592433231957,66.7656359279279,0.112820512820513));
#7053=CARTESIAN_POINT('',(8.03592433231957,66.7656359279279,0.223931623931624));
#7054=CARTESIAN_POINT('',(8.03592433231957,66.7656359279279,0.278632478632479));
#7055=CARTESIAN_POINT('',(8.03592433231957,66.7656359279279,0.367521367521368));
#7056=CARTESIAN_POINT('',(8.03592433231957,66.7656359279279,0.401709401709402));
#7057=CARTESIAN_POINT('',(8.03592433231957,66.7656359279279,0.457264957264957));
#7058=CARTESIAN_POINT('',(8.03592433231957,66.7656359279279,0.478632478632479));
#7059=CARTESIAN_POINT('',(8.03592433231957,66.7656359279279,0.521367521367521));
#7060=CARTESIAN_POINT('',(8.03592433231957,66.7656359279279,0.542735042735043));
#7061=CARTESIAN_POINT('',(8.03592433231957,66.7656359279279,0.598290598290598));
#7062=CARTESIAN_POINT('',(8.03592433231957,66.7656359279279,0.632478632478632));
#7063=CARTESIAN_POINT('',(8.03592433231957,66.7656359279279,0.721367521367521));
#7064=CARTESIAN_POINT('',(8.03592433231957,66.7656359279279,0.776068376068376));
#7065=CARTESIAN_POINT('',(8.03592433231957,66.7656359279279,0.887179487179487));
#7066=CARTESIAN_POINT('',(8.03592433231957,66.7656359279279,0.943589743589744));
#7067=CARTESIAN_POINT('',(8.03592433231957,66.7656359279279,1.));
#7068=CARTESIAN_POINT('',(7.96638810403671,66.6922308172468,0.));
#7069=CARTESIAN_POINT('',(7.96638810403671,66.6922308172468,0.0564102564102564));
#7070=CARTESIAN_POINT('',(7.96638810403672,66.6922308172468,0.112820512820513));
#7071=CARTESIAN_POINT('',(7.96638810403672,66.6922308172468,0.223931623931624));
#7072=CARTESIAN_POINT('',(7.96638810403671,66.6922308172468,0.278632478632479));
#7073=CARTESIAN_POINT('',(7.96638810403671,66.6922308172468,0.367521367521368));
#7074=CARTESIAN_POINT('',(7.96638810403671,66.6922308172468,0.401709401709402));
#7075=CARTESIAN_POINT('',(7.96638810403671,66.6922308172468,0.457264957264957));
#7076=CARTESIAN_POINT('',(7.96638810403671,66.6922308172468,0.478632478632479));
#7077=CARTESIAN_POINT('',(7.96638810403671,66.6922308172468,0.521367521367521));
#7078=CARTESIAN_POINT('',(7.96638810403671,66.6922308172468,0.542735042735043));
#7079=CARTESIAN_POINT('',(7.96638810403671,66.6922308172468,0.598290598290598));
#7080=CARTESIAN_POINT('',(7.96638810403671,66.6922308172468,0.632478632478632));
#7081=CARTESIAN_POINT('',(7.96638810403671,66.6922308172468,0.721367521367521));
#7082=CARTESIAN_POINT('',(7.96638810403671,66.6922308172468,0.776068376068376));
#7083=CARTESIAN_POINT('',(7.96638810403671,66.6922308172468,0.887179487179487));
#7084=CARTESIAN_POINT('',(7.96638810403671,66.6922308172468,0.943589743589744));
#7085=CARTESIAN_POINT('',(7.96638810403671,66.6922308172468,1.));
#7086=CARTESIAN_POINT('',(7.91726074295828,66.6695041442537,0.));
#7087=CARTESIAN_POINT('',(7.91726074295828,66.6695041442537,0.0564102564102564));
#7088=CARTESIAN_POINT('',(7.91726074295829,66.6695041442537,0.112820512820513));
#7089=CARTESIAN_POINT('',(7.91726074295829,66.6695041442537,0.223931623931624));
#7090=CARTESIAN_POINT('',(7.91726074295828,66.6695041442537,0.278632478632479));
#7091=CARTESIAN_POINT('',(7.91726074295828,66.6695041442537,0.367521367521368));
#7092=CARTESIAN_POINT('',(7.91726074295828,66.6695041442537,0.401709401709402));
#7093=CARTESIAN_POINT('',(7.91726074295828,66.6695041442537,0.457264957264957));
#7094=CARTESIAN_POINT('',(7.91726074295828,66.6695041442537,0.478632478632479));
#7095=CARTESIAN_POINT('',(7.91726074295828,66.6695041442537,0.521367521367521));
#7096=CARTESIAN_POINT('',(7.91726074295828,66.6695041442537,0.542735042735043));
#7097=CARTESIAN_POINT('',(7.91726074295828,66.6695041442537,0.598290598290598));
#7098=CARTESIAN_POINT('',(7.91726074295828,66.6695041442537,0.632478632478632));
#7099=CARTESIAN_POINT('',(7.91726074295828,66.6695041442537,0.721367521367521));
#7100=CARTESIAN_POINT('',(7.91726074295828,66.6695041442537,0.776068376068376));
#7101=CARTESIAN_POINT('',(7.91726074295828,66.6695041442537,0.887179487179487));
#7102=CARTESIAN_POINT('',(7.91726074295828,66.6695041442537,0.943589743589744));
#7103=CARTESIAN_POINT('',(7.91726074295828,66.6695041442537,1.));
#7104=CARTESIAN_POINT('',(7.86677885826008,66.6667694327891,0.));
#7105=CARTESIAN_POINT('',(7.86677885826008,66.6667694327891,0.0564102564102564));
#7106=CARTESIAN_POINT('',(7.86677885826008,66.6667694327891,0.112820512820513));
#7107=CARTESIAN_POINT('',(7.86677885826008,66.6667694327891,0.223931623931624));
#7108=CARTESIAN_POINT('',(7.86677885826008,66.6667694327891,0.278632478632479));
#7109=CARTESIAN_POINT('',(7.86677885826008,66.6667694327891,0.367521367521368));
#7110=CARTESIAN_POINT('',(7.86677885826008,66.6667694327891,0.401709401709402));
#7111=CARTESIAN_POINT('',(7.86677885826008,66.6667694327891,0.457264957264957));
#7112=CARTESIAN_POINT('',(7.86677885826008,66.6667694327891,0.478632478632479));
#7113=CARTESIAN_POINT('',(7.86677885826008,66.6667694327891,0.521367521367521));
#7114=CARTESIAN_POINT('',(7.86677885826008,66.6667694327891,0.542735042735043));
#7115=CARTESIAN_POINT('',(7.86677885826008,66.6667694327891,0.598290598290598));
#7116=CARTESIAN_POINT('',(7.86677885826008,66.6667694327891,0.632478632478632));
#7117=CARTESIAN_POINT('',(7.86677885826008,66.6667694327891,0.721367521367521));
#7118=CARTESIAN_POINT('',(7.86677885826008,66.6667694327891,0.776068376068376));
#7119=CARTESIAN_POINT('',(7.86677885826008,66.6667694327891,0.887179487179487));
#7120=CARTESIAN_POINT('',(7.86677885826008,66.6667694327891,0.943589743589744));
#7121=CARTESIAN_POINT('',(7.86677885826008,66.6667694327891,1.));
#7122=CARTESIAN_POINT('',(8.0559602938526,66.866476615094,1.));
#7123=CARTESIAN_POINT('',(8.0559602938526,66.8159207120808,1.));
#7124=CARTESIAN_POINT('',(8.03592433231957,66.7656359279279,1.));
#7125=CARTESIAN_POINT('',(7.96638810403671,66.6922308172468,1.));
#7126=CARTESIAN_POINT('',(7.91726074295828,66.6695041442537,1.));
#7127=CARTESIAN_POINT('',(7.86677885826008,66.6667694327891,1.));
#7128=CARTESIAN_POINT('',(8.0559602938526,66.866476615094,1.));
#7129=CARTESIAN_POINT('',(7.86677885826008,66.6667694327891,1.));
#7130=CARTESIAN_POINT('',(7.86677885826008,66.6667694327891,0.));
#7131=CARTESIAN_POINT('',(7.86677885826008,66.6667694327891,0.0564102564102564));
#7132=CARTESIAN_POINT('',(7.86677885826008,66.6667694327891,0.112820512820513));
#7133=CARTESIAN_POINT('',(7.86677885826008,66.6667694327891,0.223931623931624));
#7134=CARTESIAN_POINT('',(7.86677885826008,66.6667694327891,0.278632478632479));
#7135=CARTESIAN_POINT('',(7.86677885826008,66.6667694327891,0.367521367521368));
#7136=CARTESIAN_POINT('',(7.86677885826008,66.6667694327891,0.401709401709402));
#7137=CARTESIAN_POINT('',(7.86677885826008,66.6667694327891,0.457264957264957));
#7138=CARTESIAN_POINT('',(7.86677885826008,66.6667694327891,0.478632478632479));
#7139=CARTESIAN_POINT('',(7.86677885826008,66.6667694327891,0.521367521367521));
#7140=CARTESIAN_POINT('',(7.86677885826008,66.6667694327891,0.542735042735043));
#7141=CARTESIAN_POINT('',(7.86677885826008,66.6667694327891,0.598290598290598));
#7142=CARTESIAN_POINT('',(7.86677885826008,66.6667694327891,0.632478632478632));
#7143=CARTESIAN_POINT('',(7.86677885826008,66.6667694327891,0.721367521367521));
#7144=CARTESIAN_POINT('',(7.86677885826008,66.6667694327891,0.776068376068376));
#7145=CARTESIAN_POINT('',(7.86677885826008,66.6667694327891,0.887179487179487));
#7146=CARTESIAN_POINT('',(7.86677885826008,66.6667694327891,0.943589743589744));
#7147=CARTESIAN_POINT('',(7.86677885826008,66.6667694327891,1.));
#7148=CARTESIAN_POINT('',(8.0559602938526,66.866476615094,0.));
#7149=CARTESIAN_POINT('',(8.0559602938526,66.866476615094,0.0564102564102564));
#7150=CARTESIAN_POINT('',(8.0559602938526,66.866476615094,0.112820512820513));
#7151=CARTESIAN_POINT('',(8.0559602938526,66.866476615094,0.223931623931624));
#7152=CARTESIAN_POINT('',(8.0559602938526,66.866476615094,0.278632478632479));
#7153=CARTESIAN_POINT('',(8.0559602938526,66.866476615094,0.367521367521368));
#7154=CARTESIAN_POINT('',(8.0559602938526,66.866476615094,0.401709401709402));
#7155=CARTESIAN_POINT('',(8.0559602938526,66.866476615094,0.457264957264957));
#7156=CARTESIAN_POINT('',(8.0559602938526,66.866476615094,0.478632478632479));
#7157=CARTESIAN_POINT('',(8.0559602938526,66.866476615094,0.521367521367521));
#7158=CARTESIAN_POINT('',(8.0559602938526,66.866476615094,0.542735042735043));
#7159=CARTESIAN_POINT('',(8.0559602938526,66.866476615094,0.598290598290598));
#7160=CARTESIAN_POINT('',(8.0559602938526,66.866476615094,0.632478632478632));
#7161=CARTESIAN_POINT('',(8.0559602938526,66.866476615094,0.721367521367521));
#7162=CARTESIAN_POINT('',(8.0559602938526,66.866476615094,0.776068376068376));
#7163=CARTESIAN_POINT('',(8.0559602938526,66.866476615094,0.887179487179487));
#7164=CARTESIAN_POINT('',(8.0559602938526,66.866476615094,0.943589743589744));
#7165=CARTESIAN_POINT('',(8.0559602938526,66.866476615094,1.));
#7166=CARTESIAN_POINT('',(-8.2960904873974,65.9436849437683,0.));
#7167=CARTESIAN_POINT('',(-8.2960904873974,65.2105306468933,1.));
#7168=CARTESIAN_POINT('',(-7.3410123623974,66.6768392406433,0.));
#7169=CARTESIAN_POINT('',(-8.2960904873974,66.6768392406433,1.));
#7170=CARTESIAN_POINT('',(-6.3859342373974,66.6768392406433,1.));
#7171=CARTESIAN_POINT('',(-6.3859342373974,66.6768392406433,0.));
#7172=CARTESIAN_POINT('',(-3.9572232998974,66.4702962718933,0.));
#7173=CARTESIAN_POINT('',(-3.9572232998974,66.4702962718933,1.));
#7174=CARTESIAN_POINT('',(-3.7653287686474,66.1407064281433,0.));
#7175=CARTESIAN_POINT('',(-3.7653287686474,66.1407064281433,1.));
#7176=CARTESIAN_POINT('',(-3.5646451748974,65.9729818187683,0.));
#7177=CARTESIAN_POINT('',(-3.5646451748974,65.9729818187683,1.));
#7178=CARTESIAN_POINT('',(-3.9572232998974,66.4702962718933,1.));
#7179=CARTESIAN_POINT('',(-3.7653287686474,66.1407064281433,1.));
#7180=CARTESIAN_POINT('',(-3.5646451748974,65.9729818187683,1.));
#7181=CARTESIAN_POINT('',(-3.5646451748974,65.9729818187683,1.));
#7182=CARTESIAN_POINT('',(-3.5646451748974,65.9729818187683,0.));
#7183=CARTESIAN_POINT('',(4.0188509188526,66.5230306468933,0.));
#7184=CARTESIAN_POINT('',(4.0188509188526,66.5230306468933,1.));
#7185=CARTESIAN_POINT('',(4.3001009188526,66.1524251781433,0.));
#7186=CARTESIAN_POINT('',(4.3001009188526,66.1524251781433,1.));
#7187=CARTESIAN_POINT('',(4.6340852938526,65.9788411937683,0.));
#7188=CARTESIAN_POINT('',(4.6340852938526,65.9788411937683,1.));
#7189=CARTESIAN_POINT('',(4.0188509188526,66.5230306468933,1.));
#7190=CARTESIAN_POINT('',(4.3001009188526,66.1524251781433,1.));
#7191=CARTESIAN_POINT('',(4.6340852938526,65.9788411937683,1.));
#7192=CARTESIAN_POINT('',(4.6340852938526,65.9788411937683,1.));
#7193=CARTESIAN_POINT('',(4.6340852938526,65.9788411937683,0.));
#7194=CARTESIAN_POINT('',(9.3179231844776,65.8990072093933,0.));
#7195=CARTESIAN_POINT('',(9.1223665438526,65.8990072093933,1.));
#7196=CARTESIAN_POINT('',(9.5134798251026,65.8990072093933,1.));
#7197=CARTESIAN_POINT('',(9.5134798251026,65.8990072093933,0.));
#7198=CARTESIAN_POINT('',(8.0559602938526,65.5789388500183,0.));
#7199=CARTESIAN_POINT('',(8.0559602938526,65.8990072093933,1.));
#7200=CARTESIAN_POINT('',(8.0559602938526,65.2588704906433,1.));
#7201=CARTESIAN_POINT('',(8.0559602938526,65.2588704906433,0.));
#7202=CARTESIAN_POINT('',(7.9153352938526,66.6680501781433,0.));
#7203=CARTESIAN_POINT('',(7.9153352938526,66.6680501781433,1.));
#7204=CARTESIAN_POINT('',(7.6853548251026,66.6680501781433,0.));
#7205=CARTESIAN_POINT('',(7.6853548251026,66.6680501781433,1.));
#7206=CARTESIAN_POINT('',(7.5637727938526,66.5589193187683,0.));
#7207=CARTESIAN_POINT('',(7.5637727938526,66.5589193187683,1.));
#7208=CARTESIAN_POINT('',(7.9153352938526,66.6680501781433,1.));
#7209=CARTESIAN_POINT('',(7.6853548251026,66.6680501781433,1.));
#7210=CARTESIAN_POINT('',(7.5637727938526,66.5589193187683,1.));
#7211=CARTESIAN_POINT('',(7.5637727938526,66.5589193187683,1.));
#7212=CARTESIAN_POINT('',(7.5637727938526,66.5589193187683,0.));
#7213=CARTESIAN_POINT('',(7.5696321688526,66.0066732250183,0.));
#7214=CARTESIAN_POINT('',(7.5696321688526,66.0066732250183,1.));
#7215=CARTESIAN_POINT('',(7.6970735751026,65.8990072093933,0.));
#7216=CARTESIAN_POINT('',(7.6970735751026,65.8990072093933,1.));
#7217=CARTESIAN_POINT('',(7.9387727938526,65.8990072093933,0.));
#7218=CARTESIAN_POINT('',(7.9387727938526,65.8990072093933,1.));
#7219=CARTESIAN_POINT('',(7.5696321688526,66.0066732250183,0.));
#7220=CARTESIAN_POINT('',(7.5696321688526,66.0066732250183,1.));
#7221=CARTESIAN_POINT('',(7.5696321688526,66.0066732250183,1.));
#7222=CARTESIAN_POINT('',(7.6970735751026,65.8990072093933,1.));
#7223=CARTESIAN_POINT('',(7.9387727938526,65.8990072093933,1.));
#7224=CARTESIAN_POINT('',(7.4421907626026,66.2813314281433,0.));
#7225=CARTESIAN_POINT('',(7.4421907626026,66.2813314281433,1.));
#7226=CARTESIAN_POINT('',(7.4421907626026,66.1143392406433,0.));
#7227=CARTESIAN_POINT('',(7.4421907626026,66.1143392406433,1.));
#7228=CARTESIAN_POINT('',(7.5696321688526,66.0066732250183,0.));
#7229=CARTESIAN_POINT('',(7.5696321688526,66.0066732250183,1.));
#7230=CARTESIAN_POINT('',(7.4421907626026,66.2813314281433,1.));
#7231=CARTESIAN_POINT('',(7.4421907626026,66.1143392406433,1.));
#7232=CARTESIAN_POINT('',(7.5696321688526,66.0066732250183,1.));
#7233=CARTESIAN_POINT('',(7.4421907626026,66.2813314281433,1.));
#7234=CARTESIAN_POINT('',(7.4421907626026,66.2813314281433,0.));
#7235=CARTESIAN_POINT('',(7.5637727938526,66.5589193187683,0.));
#7236=CARTESIAN_POINT('',(7.5637727938526,66.5589193187683,1.));
#7237=CARTESIAN_POINT('',(7.4421907626026,66.4497884593933,0.));
#7238=CARTESIAN_POINT('',(7.4421907626026,66.4497884593933,1.));
#7239=CARTESIAN_POINT('',(7.4421907626026,66.2813314281433,0.));
#7240=CARTESIAN_POINT('',(7.4421907626026,66.2813314281433,1.));
#7241=CARTESIAN_POINT('',(7.5637727938526,66.5589193187683,1.));
#7242=CARTESIAN_POINT('',(7.4421907626026,66.4497884593933,1.));
#7243=CARTESIAN_POINT('',(7.4421907626026,66.2813314281433,1.));
#7244=CARTESIAN_POINT('',(8.0559602938526,67.6919759593933,0.));
#7245=CARTESIAN_POINT('',(8.0559602938526,68.7159017406433,0.));
#7246=CARTESIAN_POINT('',(8.0559602938526,68.7159017406433,1.));
#7247=CARTESIAN_POINT('',(8.0559602938526,68.7159017406433,1.));
#7248=CARTESIAN_POINT('',(8.1357942782276,69.5083822093933,0.));
#7249=CARTESIAN_POINT('',(8.1357942782276,69.5083822093933,1.));
#7250=CARTESIAN_POINT('',(8.0559602938526,69.2110189281433,0.));
#7251=CARTESIAN_POINT('',(8.0559602938526,69.2110189281433,1.));
#7252=CARTESIAN_POINT('',(8.0559602938526,68.7159017406433,0.));
#7253=CARTESIAN_POINT('',(8.0559602938526,68.7159017406433,1.));
#7254=CARTESIAN_POINT('',(8.1357942782276,69.5083822093933,1.));
#7255=CARTESIAN_POINT('',(8.0559602938526,69.2110189281433,1.));
#7256=CARTESIAN_POINT('',(8.0559602938526,68.7159017406433,1.));
#7257=CARTESIAN_POINT('',(8.1357942782276,69.5083822093933,1.));
#7258=CARTESIAN_POINT('',(8.1357942782276,69.5083822093933,0.));
#7259=CARTESIAN_POINT('',(8.4734407626026,69.9734701000183,0.));
#7260=CARTESIAN_POINT('',(8.4734407626026,69.9734701000183,1.));
#7261=CARTESIAN_POINT('',(8.2156282626026,69.8057454906433,0.));
#7262=CARTESIAN_POINT('',(8.2156282626026,69.8057454906433,1.));
#7263=CARTESIAN_POINT('',(8.1357942782276,69.5083822093933,0.));
#7264=CARTESIAN_POINT('',(8.1357942782276,69.5083822093933,1.));
#7265=CARTESIAN_POINT('',(8.4734407626026,69.9734701000183,1.));
#7266=CARTESIAN_POINT('',(8.2156282626026,69.8057454906433,1.));
#7267=CARTESIAN_POINT('',(8.1357942782276,69.5083822093933,1.));
#7268=CARTESIAN_POINT('',(8.4734407626026,69.9734701000183,1.));
#7269=CARTESIAN_POINT('',(8.4734407626026,69.9734701000183,0.));
#7270=CARTESIAN_POINT('',(9.2322298251026,70.1411947093933,0.));
#7271=CARTESIAN_POINT('',(9.2322298251026,70.1411947093933,1.));
#7272=CARTESIAN_POINT('',(8.7312532626026,70.1411947093933,0.));
#7273=CARTESIAN_POINT('',(8.7312532626026,70.1411947093933,1.));
#7274=CARTESIAN_POINT('',(8.4734407626026,69.9734701000183,0.));
#7275=CARTESIAN_POINT('',(8.4734407626026,69.9734701000183,1.));
#7276=CARTESIAN_POINT('',(9.2322298251026,70.1411947093933,1.));
#7277=CARTESIAN_POINT('',(8.7312532626026,70.1411947093933,1.));
#7278=CARTESIAN_POINT('',(8.4734407626026,69.9734701000183,1.));
#7279=CARTESIAN_POINT('',(9.2322298251026,70.1411947093933,1.));
#7280=CARTESIAN_POINT('',(9.2322298251026,70.1411947093933,0.));
#7281=CARTESIAN_POINT('',(10.0408235751026,70.0049642406433,0.));
#7282=CARTESIAN_POINT('',(10.0408235751026,70.0049642406433,1.));
#7283=CARTESIAN_POINT('',(9.7595735751026,70.1411947093933,0.));
#7284=CARTESIAN_POINT('',(9.7595735751026,70.1411947093933,1.));
#7285=CARTESIAN_POINT('',(9.2322298251026,70.1411947093933,0.));
#7286=CARTESIAN_POINT('',(9.2322298251026,70.1411947093933,1.));
#7287=CARTESIAN_POINT('',(10.0408235751026,70.0049642406433,1.));
#7288=CARTESIAN_POINT('',(9.7595735751026,70.1411947093933,1.));
#7289=CARTESIAN_POINT('',(9.2322298251026,70.1411947093933,1.));
#7290=CARTESIAN_POINT('',(10.0408235751026,70.0049642406433,1.));
#7291=CARTESIAN_POINT('',(10.0408235751026,70.0049642406433,0.));
#7292=CARTESIAN_POINT('',(10.3220735751026,69.6109212718933,0.));
#7293=CARTESIAN_POINT('',(10.3220735751026,69.6109212718933,1.));
#7294=CARTESIAN_POINT('',(10.3220735751026,69.8687337718933,0.));
#7295=CARTESIAN_POINT('',(10.3220735751026,69.8687337718933,1.));
#7296=CARTESIAN_POINT('',(10.0408235751026,70.0049642406433,0.));
#7297=CARTESIAN_POINT('',(10.0408235751026,70.0049642406433,1.));
#7298=CARTESIAN_POINT('',(10.3220735751026,69.6109212718933,1.));
#7299=CARTESIAN_POINT('',(10.3220735751026,69.8687337718933,1.));
#7300=CARTESIAN_POINT('',(10.0408235751026,70.0049642406433,1.));
#7301=CARTESIAN_POINT('',(10.3220735751026,69.6109212718933,1.));
#7302=CARTESIAN_POINT('',(10.3220735751026,69.6109212718933,0.));
#7303=CARTESIAN_POINT('',(10.2180696688526,69.3553060375183,0.));
#7304=CARTESIAN_POINT('',(10.2180696688526,69.3553060375183,1.));
#7305=CARTESIAN_POINT('',(10.3220735751026,69.4585775218933,0.));
#7306=CARTESIAN_POINT('',(10.3220735751026,69.4585775218933,1.));
#7307=CARTESIAN_POINT('',(10.3220735751026,69.6109212718933,0.));
#7308=CARTESIAN_POINT('',(10.3220735751026,69.6109212718933,1.));
#7309=CARTESIAN_POINT('',(10.2180696688526,69.3553060375183,1.));
#7310=CARTESIAN_POINT('',(10.3220735751026,69.4585775218933,1.));
#7311=CARTESIAN_POINT('',(10.3220735751026,69.6109212718933,1.));
#7312=CARTESIAN_POINT('',(10.2180696688526,69.3553060375183,1.));
#7313=CARTESIAN_POINT('',(10.2180696688526,69.3553060375183,0.));
#7314=CARTESIAN_POINT('',(9.9851595126026,69.2520345531433,0.));
#7315=CARTESIAN_POINT('',(9.9851595126026,69.2520345531433,1.));
#7316=CARTESIAN_POINT('',(10.1140657626026,69.2520345531433,0.));
#7317=CARTESIAN_POINT('',(10.1140657626026,69.2520345531433,1.));
#7318=CARTESIAN_POINT('',(10.2180696688526,69.3553060375183,0.));
#7319=CARTESIAN_POINT('',(10.2180696688526,69.3553060375183,1.));
#7320=CARTESIAN_POINT('',(9.9851595126026,69.2520345531433,1.));
#7321=CARTESIAN_POINT('',(10.1140657626026,69.2520345531433,1.));
#7322=CARTESIAN_POINT('',(10.2180696688526,69.3553060375183,1.));
#7323=CARTESIAN_POINT('',(9.9851595126026,69.2520345531433,1.));
#7324=CARTESIAN_POINT('',(9.9851595126026,69.2520345531433,0.));
#7325=CARTESIAN_POINT('',(9.7354036532276,69.2849935375183,0.));
#7326=CARTESIAN_POINT('',(9.7354036532276,69.2849935375183,1.));
#7327=CARTESIAN_POINT('',(9.8958040438526,69.2520345531433,0.));
#7328=CARTESIAN_POINT('',(9.8958040438526,69.2520345531433,1.));
#7329=CARTESIAN_POINT('',(9.9851595126026,69.2520345531433,0.));
#7330=CARTESIAN_POINT('',(9.9851595126026,69.2520345531433,1.));
#7331=CARTESIAN_POINT('',(9.7354036532276,69.2849935375183,1.));
#7332=CARTESIAN_POINT('',(9.8958040438526,69.2520345531433,1.));
#7333=CARTESIAN_POINT('',(9.9851595126026,69.2520345531433,1.));
#7334=CARTESIAN_POINT('',(9.7354036532276,69.2849935375183,1.));
#7335=CARTESIAN_POINT('',(9.7354036532276,69.2849935375183,0.));
#7336=CARTESIAN_POINT('',(9.4812532626026,69.3179525218933,0.));
#7337=CARTESIAN_POINT('',(9.4812532626026,69.3179525218933,1.));
#7338=CARTESIAN_POINT('',(9.5750032626026,69.3179525218933,0.));
#7339=CARTESIAN_POINT('',(9.5750032626026,69.3179525218933,1.));
#7340=CARTESIAN_POINT('',(9.7354036532276,69.2849935375183,0.));
#7341=CARTESIAN_POINT('',(9.7354036532276,69.2849935375183,1.));
#7342=CARTESIAN_POINT('',(9.4812532626026,69.3179525218933,1.));
#7343=CARTESIAN_POINT('',(9.5750032626026,69.3179525218933,1.));
#7344=CARTESIAN_POINT('',(9.7354036532276,69.2849935375183,1.));
#7345=CARTESIAN_POINT('',(9.4812532626026,69.3179525218933,1.));
#7346=CARTESIAN_POINT('',(9.4812532626026,69.3179525218933,0.));
#7347=CARTESIAN_POINT('',(9.2336946688526,69.2337240062683,0.));
#7348=CARTESIAN_POINT('',(9.2336946688526,69.2337240062683,1.));
#7349=CARTESIAN_POINT('',(9.3098665438526,69.3179525218933,0.));
#7350=CARTESIAN_POINT('',(9.3098665438526,69.3179525218933,1.));
#7351=CARTESIAN_POINT('',(9.4812532626026,69.3179525218933,0.));
#7352=CARTESIAN_POINT('',(9.4812532626026,69.3179525218933,1.));
#7353=CARTESIAN_POINT('',(9.2336946688526,69.2337240062683,1.));
#7354=CARTESIAN_POINT('',(9.3098665438526,69.3179525218933,1.));
#7355=CARTESIAN_POINT('',(9.4812532626026,69.3179525218933,1.));
#7356=CARTESIAN_POINT('',(9.2336946688526,69.2337240062683,1.));
#7357=CARTESIAN_POINT('',(9.2336946688526,69.2337240062683,0.));
#7358=CARTESIAN_POINT('',(9.1399446688526,69.0147298656433,0.));
#7359=CARTESIAN_POINT('',(9.1399446688526,69.0147298656433,1.));
#7360=CARTESIAN_POINT('',(9.1575227938526,69.1494954906433,0.));
#7361=CARTESIAN_POINT('',(9.1575227938526,69.1494954906433,1.));
#7362=CARTESIAN_POINT('',(9.2336946688526,69.2337240062683,0.));
#7363=CARTESIAN_POINT('',(9.2336946688526,69.2337240062683,1.));
#7364=CARTESIAN_POINT('',(9.1399446688526,69.0147298656433,1.));
#7365=CARTESIAN_POINT('',(9.1575227938526,69.1494954906433,1.));
#7366=CARTESIAN_POINT('',(9.2336946688526,69.2337240062683,1.));
#7367=CARTESIAN_POINT('',(9.1399446688526,69.0147298656433,1.));
#7368=CARTESIAN_POINT('',(9.1399446688526,69.0147298656433,0.));
#7369=CARTESIAN_POINT('',(9.1223665438526,68.6294759593933,0.));
#7370=CARTESIAN_POINT('',(9.1223665438526,68.6294759593933,1.));
#7371=CARTESIAN_POINT('',(9.1223665438526,68.8799642406433,0.));
#7372=CARTESIAN_POINT('',(9.1223665438526,68.8799642406433,1.));
#7373=CARTESIAN_POINT('',(9.1399446688526,69.0147298656433,0.));
#7374=CARTESIAN_POINT('',(9.1399446688526,69.0147298656433,1.));
#7375=CARTESIAN_POINT('',(9.1223665438526,68.6294759593933,1.));
#7376=CARTESIAN_POINT('',(9.1223665438526,68.8799642406433,1.));
#7377=CARTESIAN_POINT('',(9.1399446688526,69.0147298656433,1.));
#7378=CARTESIAN_POINT('',(9.1223665438526,68.6294759593933,1.));
#7379=CARTESIAN_POINT('',(9.1223665438526,68.6294759593933,0.));
#7380=CARTESIAN_POINT('',(9.1223665438526,67.6487630687683,0.));
#7381=CARTESIAN_POINT('',(9.1223665438526,66.6680501781433,1.));
#7382=CARTESIAN_POINT('',(9.8079134188526,66.5823568187683,0.));
#7383=CARTESIAN_POINT('',(9.8079134188526,66.5823568187683,1.));
#7384=CARTESIAN_POINT('',(9.6379915438526,66.6680501781433,0.));
#7385=CARTESIAN_POINT('',(9.6379915438526,66.6680501781433,1.));
#7386=CARTESIAN_POINT('',(9.3215852938526,66.6680501781433,0.));
#7387=CARTESIAN_POINT('',(9.3215852938526,66.6680501781433,1.));
#7388=CARTESIAN_POINT('',(9.8079134188526,66.5823568187683,1.));
#7389=CARTESIAN_POINT('',(9.6379915438526,66.6680501781433,1.));
#7390=CARTESIAN_POINT('',(9.3215852938526,66.6680501781433,1.));
#7391=CARTESIAN_POINT('',(9.8079134188526,66.5823568187683,1.));
#7392=CARTESIAN_POINT('',(9.8079134188526,66.5823568187683,0.));
#7393=CARTESIAN_POINT('',(9.9778352938526,66.2813314281433,0.));
#7394=CARTESIAN_POINT('',(9.9778352938526,66.2813314281433,1.));
#7395=CARTESIAN_POINT('',(9.9778352938526,66.4966634593933,0.));
#7396=CARTESIAN_POINT('',(9.9778352938526,66.4966634593933,1.));
#7397=CARTESIAN_POINT('',(9.8079134188526,66.5823568187683,0.));
#7398=CARTESIAN_POINT('',(9.8079134188526,66.5823568187683,1.));
#7399=CARTESIAN_POINT('',(9.9778352938526,66.2813314281433,1.));
#7400=CARTESIAN_POINT('',(9.9778352938526,66.4966634593933,1.));
#7401=CARTESIAN_POINT('',(9.8079134188526,66.5823568187683,1.));
#7402=CARTESIAN_POINT('',(9.9778352938526,66.2813314281433,1.));
#7403=CARTESIAN_POINT('',(9.9778352938526,66.2813314281433,0.));
#7404=CARTESIAN_POINT('',(9.8584505282276,66.0066732250183,0.));
#7405=CARTESIAN_POINT('',(9.8584505282276,66.0066732250183,1.));
#7406=CARTESIAN_POINT('',(9.9778352938526,66.1143392406433,0.));
#7407=CARTESIAN_POINT('',(9.9778352938526,66.1143392406433,1.));
#7408=CARTESIAN_POINT('',(9.9778352938526,66.2813314281433,0.));
#7409=CARTESIAN_POINT('',(9.9778352938526,66.2813314281433,1.));
#7410=CARTESIAN_POINT('',(9.8584505282276,66.0066732250183,1.));
#7411=CARTESIAN_POINT('',(9.9778352938526,66.1143392406433,1.));
#7412=CARTESIAN_POINT('',(9.9778352938526,66.2813314281433,1.));
#7413=CARTESIAN_POINT('',(9.8584505282276,66.0066732250183,1.));
#7414=CARTESIAN_POINT('',(9.8584505282276,66.0066732250183,0.));
#7415=CARTESIAN_POINT('',(9.5134798251026,65.8990072093933,0.));
#7416=CARTESIAN_POINT('',(9.5134798251026,65.8990072093933,1.));
#7417=CARTESIAN_POINT('',(9.7390657626026,65.8990072093933,0.));
#7418=CARTESIAN_POINT('',(9.7390657626026,65.8990072093933,1.));
#7419=CARTESIAN_POINT('',(9.8584505282276,66.0066732250183,0.));
#7420=CARTESIAN_POINT('',(9.8584505282276,66.0066732250183,1.));
#7421=CARTESIAN_POINT('',(9.5134798251026,65.8990072093933,1.));
#7422=CARTESIAN_POINT('',(9.7390657626026,65.8990072093933,1.));
#7423=CARTESIAN_POINT('',(9.8584505282276,66.0066732250183,1.));
#7424=CARTESIAN_POINT('',(9.1223665438526,65.5357259593933,0.));
#7425=CARTESIAN_POINT('',(9.1223665438526,65.1724447093933,0.));
#7426=CARTESIAN_POINT('',(9.1223665438526,65.1724447093933,1.));
#7427=CARTESIAN_POINT('',(9.1223665438526,65.1724447093933,1.));
#7428=CARTESIAN_POINT('',(9.0930696688526,64.7564290843933,0.));
#7429=CARTESIAN_POINT('',(9.0930696688526,64.7564290843933,1.));
#7430=CARTESIAN_POINT('',(9.1223665438526,64.9029134593933,0.));
#7431=CARTESIAN_POINT('',(9.1223665438526,64.9029134593933,1.));
#7432=CARTESIAN_POINT('',(9.1223665438526,65.1724447093933,0.));
#7433=CARTESIAN_POINT('',(9.1223665438526,65.1724447093933,1.));
#7434=CARTESIAN_POINT('',(9.0930696688526,64.7564290843933,1.));
#7435=CARTESIAN_POINT('',(9.1223665438526,64.9029134593933,1.));
#7436=CARTESIAN_POINT('',(9.1223665438526,65.1724447093933,1.));
#7437=CARTESIAN_POINT('',(9.0930696688526,64.7564290843933,1.));
#7438=CARTESIAN_POINT('',(9.0930696688526,64.7564290843933,0.));
#7439=CARTESIAN_POINT('',(8.9539095126026,64.5088704906433,0.));
#7440=CARTESIAN_POINT('',(8.9539095126026,64.5088704906433,1.));
#7441=CARTESIAN_POINT('',(9.0637727938526,64.6099447093933,0.));
#7442=CARTESIAN_POINT('',(9.0637727938526,64.6099447093933,1.));
#7443=CARTESIAN_POINT('',(9.0930696688526,64.7564290843933,0.));
#7444=CARTESIAN_POINT('',(9.0930696688526,64.7564290843933,1.));
#7445=CARTESIAN_POINT('',(8.9539095126026,64.5088704906433,1.));
#7446=CARTESIAN_POINT('',(9.0637727938526,64.6099447093933,1.));
#7447=CARTESIAN_POINT('',(9.0930696688526,64.7564290843933,1.));
#7448=CARTESIAN_POINT('',(8.9539095126026,64.5088704906433,1.));
#7449=CARTESIAN_POINT('',(8.9539095126026,64.5088704906433,0.));
#7450=CARTESIAN_POINT('',(8.5876985751026,64.3565267406433,0.));
#7451=CARTESIAN_POINT('',(8.5876985751026,64.3565267406433,1.));
#7452=CARTESIAN_POINT('',(8.7898470126026,64.3565267406433,0.));
#7453=CARTESIAN_POINT('',(8.7898470126026,64.3565267406433,1.));
#7454=CARTESIAN_POINT('',(8.9539095126026,64.5088704906433,0.));
#7455=CARTESIAN_POINT('',(8.9539095126026,64.5088704906433,1.));
#7456=CARTESIAN_POINT('',(8.5876985751026,64.3565267406433,1.));
#7457=CARTESIAN_POINT('',(8.7898470126026,64.3565267406433,1.));
#7458=CARTESIAN_POINT('',(8.9539095126026,64.5088704906433,1.));
#7459=CARTESIAN_POINT('',(8.5876985751026,64.3565267406433,1.));
#7460=CARTESIAN_POINT('',(8.5876985751026,64.3565267406433,0.));
#7461=CARTESIAN_POINT('',(8.3254915438526,64.4246419750183,0.));
#7462=CARTESIAN_POINT('',(8.3254915438526,64.4246419750183,1.));
#7463=CARTESIAN_POINT('',(8.4426790438526,64.3565267406433,0.));
#7464=CARTESIAN_POINT('',(8.4426790438526,64.3565267406433,1.));
#7465=CARTESIAN_POINT('',(8.5876985751026,64.3565267406433,0.));
#7466=CARTESIAN_POINT('',(8.5876985751026,64.3565267406433,1.));
#7467=CARTESIAN_POINT('',(8.3254915438526,64.4246419750183,1.));
#7468=CARTESIAN_POINT('',(8.4426790438526,64.3565267406433,1.));
#7469=CARTESIAN_POINT('',(8.5876985751026,64.3565267406433,1.));
#7470=CARTESIAN_POINT('',(8.3254915438526,64.4246419750183,1.));
#7471=CARTESIAN_POINT('',(8.3254915438526,64.4246419750183,0.));
#7472=CARTESIAN_POINT('',(8.1453157626026,64.6026204906433,0.));
#7473=CARTESIAN_POINT('',(8.1453157626026,64.6026204906433,1.));
#7474=CARTESIAN_POINT('',(8.2083040438526,64.4927572093933,0.));
#7475=CARTESIAN_POINT('',(8.2083040438526,64.4927572093933,1.));
#7476=CARTESIAN_POINT('',(8.3254915438526,64.4246419750183,0.));
#7477=CARTESIAN_POINT('',(8.3254915438526,64.4246419750183,1.));
#7478=CARTESIAN_POINT('',(8.1453157626026,64.6026204906433,1.));
#7479=CARTESIAN_POINT('',(8.2083040438526,64.4927572093933,1.));
#7480=CARTESIAN_POINT('',(8.3254915438526,64.4246419750183,1.));
#7481=CARTESIAN_POINT('',(8.1453157626026,64.6026204906433,1.));
#7482=CARTESIAN_POINT('',(8.1453157626026,64.6026204906433,0.));
#7483=CARTESIAN_POINT('',(8.0698763094776,64.8545736156433,0.));
#7484=CARTESIAN_POINT('',(8.0698763094776,64.8545736156433,1.));
#7485=CARTESIAN_POINT('',(8.0837923251026,64.7080892406433,0.));
#7486=CARTESIAN_POINT('',(8.0837923251026,64.7080892406433,1.));
#7487=CARTESIAN_POINT('',(8.1453157626026,64.6026204906433,0.));
#7488=CARTESIAN_POINT('',(8.1453157626026,64.6026204906433,1.));
#7489=CARTESIAN_POINT('',(8.0698763094776,64.8545736156433,1.));
#7490=CARTESIAN_POINT('',(8.0837923251026,64.7080892406433,1.));
#7491=CARTESIAN_POINT('',(8.1453157626026,64.6026204906433,1.));
#7492=CARTESIAN_POINT('',(8.0698763094776,64.8545736156433,1.));
#7493=CARTESIAN_POINT('',(8.0698763094776,64.8545736156433,0.));
#7494=CARTESIAN_POINT('',(8.0559602938526,65.2588704906433,0.));
#7495=CARTESIAN_POINT('',(8.0559602938526,65.2588704906433,1.));
#7496=CARTESIAN_POINT('',(8.0559602938526,65.0010579906433,0.));
#7497=CARTESIAN_POINT('',(8.0559602938526,65.0010579906433,1.));
#7498=CARTESIAN_POINT('',(8.0698763094776,64.8545736156433,0.));
#7499=CARTESIAN_POINT('',(8.0698763094776,64.8545736156433,1.));
#7500=CARTESIAN_POINT('',(8.0559602938526,65.2588704906433,1.));
#7501=CARTESIAN_POINT('',(8.0559602938526,65.0010579906433,1.));
#7502=CARTESIAN_POINT('',(8.0698763094776,64.8545736156433,1.));
#7503=CARTESIAN_POINT('',(8.82580129492107,67.3967592759056,1.));
#7504=CARTESIAN_POINT('',(3.9500032626026,66.0711263500183,0.));
#7505=CARTESIAN_POINT('',(3.9500032626026,66.0711263500183,1.));
#7506=CARTESIAN_POINT('',(4.0188509188526,66.2036947093933,0.));
#7507=CARTESIAN_POINT('',(4.0188509188526,66.2036947093933,1.));
#7508=CARTESIAN_POINT('',(4.0188509188526,66.3941243968933,0.));
#7509=CARTESIAN_POINT('',(4.0188509188526,66.3941243968933,1.));
#7510=CARTESIAN_POINT('',(3.9500032626026,66.0711263500183,0.));
#7511=CARTESIAN_POINT('',(3.9500032626026,66.0711263500183,1.));
#7512=CARTESIAN_POINT('',(3.9500032626026,66.0711263500183,1.));
#7513=CARTESIAN_POINT('',(4.0188509188526,66.2036947093933,1.));
#7514=CARTESIAN_POINT('',(4.0188509188526,66.3941243968933,1.));
#7515=CARTESIAN_POINT('',(3.7683626376026,65.8719076000183,0.));
#7516=CARTESIAN_POINT('',(3.7683626376026,65.8719076000183,1.));
#7517=CARTESIAN_POINT('',(3.8811556063526,65.9385579906433,0.));
#7518=CARTESIAN_POINT('',(3.8811556063526,65.9385579906433,1.));
#7519=CARTESIAN_POINT('',(3.9500032626026,66.0711263500183,0.));
#7520=CARTESIAN_POINT('',(3.9500032626026,66.0711263500183,1.));
#7521=CARTESIAN_POINT('',(3.7683626376026,65.8719076000183,1.));
#7522=CARTESIAN_POINT('',(3.8811556063526,65.9385579906433,1.));
#7523=CARTESIAN_POINT('',(3.9500032626026,66.0711263500183,1.));
#7524=CARTESIAN_POINT('',(3.7683626376026,65.8719076000183,1.));
#7525=CARTESIAN_POINT('',(3.7683626376026,65.8719076000183,0.));
#7526=CARTESIAN_POINT('',(3.5149446688526,65.8052572093933,0.));
#7527=CARTESIAN_POINT('',(3.5149446688526,65.8052572093933,1.));
#7528=CARTESIAN_POINT('',(3.6555696688526,65.8052572093933,0.));
#7529=CARTESIAN_POINT('',(3.6555696688526,65.8052572093933,1.));
#7530=CARTESIAN_POINT('',(3.7683626376026,65.8719076000183,0.));
#7531=CARTESIAN_POINT('',(3.7683626376026,65.8719076000183,1.));
#7532=CARTESIAN_POINT('',(3.5149446688526,65.8052572093933,1.));
#7533=CARTESIAN_POINT('',(3.6555696688526,65.8052572093933,1.));
#7534=CARTESIAN_POINT('',(3.7683626376026,65.8719076000183,1.));
#7535=CARTESIAN_POINT('',(3.5149446688526,65.8052572093933,1.));
#7536=CARTESIAN_POINT('',(3.5149446688526,65.8052572093933,0.));
#7537=CARTESIAN_POINT('',(3.1509309969776,65.9554036937683,0.));
#7538=CARTESIAN_POINT('',(3.1509309969776,65.9554036937683,1.));
#7539=CARTESIAN_POINT('',(3.2834993563526,65.8052572093933,0.));
#7540=CARTESIAN_POINT('',(3.2834993563526,65.8052572093933,1.));
#7541=CARTESIAN_POINT('',(3.5149446688526,65.8052572093933,0.));
#7542=CARTESIAN_POINT('',(3.5149446688526,65.8052572093933,1.));
#7543=CARTESIAN_POINT('',(3.1509309969776,65.9554036937683,1.));
#7544=CARTESIAN_POINT('',(3.2834993563526,65.8052572093933,1.));
#7545=CARTESIAN_POINT('',(3.5149446688526,65.8052572093933,1.));
#7546=CARTESIAN_POINT('',(3.1509309969776,65.9554036937683,1.));
#7547=CARTESIAN_POINT('',(3.1509309969776,65.9554036937683,0.));
#7548=CARTESIAN_POINT('',(3.0183626376026,66.4102376781433,0.));
#7549=CARTESIAN_POINT('',(3.0183626376026,66.4102376781433,1.));
#7550=CARTESIAN_POINT('',(3.0183626376026,66.1055501781433,0.));
#7551=CARTESIAN_POINT('',(3.0183626376026,66.1055501781433,1.));
#7552=CARTESIAN_POINT('',(3.1509309969776,65.9554036937683,0.));
#7553=CARTESIAN_POINT('',(3.1509309969776,65.9554036937683,1.));
#7554=CARTESIAN_POINT('',(3.0183626376026,66.4102376781433,1.));
#7555=CARTESIAN_POINT('',(3.0183626376026,66.1055501781433,1.));
#7556=CARTESIAN_POINT('',(3.1509309969776,65.9554036937683,1.));
#7557=CARTESIAN_POINT('',(3.0183626376026,66.4102376781433,1.));
#7558=CARTESIAN_POINT('',(3.0183626376026,66.4102376781433,0.));
#7559=CARTESIAN_POINT('',(3.0183626376026,67.9512533031433,0.));
#7560=CARTESIAN_POINT('',(3.0183626376026,69.4922689281433,1.));
#7561=CARTESIAN_POINT('',(3.0183626376026,69.4922689281433,1.));
#7562=CARTESIAN_POINT('',(3.0183626376026,69.4922689281433,0.));
#7563=CARTESIAN_POINT('',(3.1670442782276,69.9734701000183,0.));
#7564=CARTESIAN_POINT('',(3.1670442782276,69.9734701000183,1.));
#7565=CARTESIAN_POINT('',(3.0183626376026,69.8057454906433,0.));
#7566=CARTESIAN_POINT('',(3.0183626376026,69.8057454906433,1.));
#7567=CARTESIAN_POINT('',(3.0183626376026,69.4922689281433,0.));
#7568=CARTESIAN_POINT('',(3.0183626376026,69.4922689281433,1.));
#7569=CARTESIAN_POINT('',(3.1670442782276,69.9734701000183,1.));
#7570=CARTESIAN_POINT('',(3.0183626376026,69.8057454906433,1.));
#7571=CARTESIAN_POINT('',(3.0183626376026,69.4922689281433,1.));
#7572=CARTESIAN_POINT('',(3.1670442782276,69.9734701000183,1.));
#7573=CARTESIAN_POINT('',(3.1670442782276,69.9734701000183,0.));
#7574=CARTESIAN_POINT('',(3.5457063876026,70.1411947093933,0.));
#7575=CARTESIAN_POINT('',(3.5457063876026,70.1411947093933,1.));
#7576=CARTESIAN_POINT('',(3.3157259188526,70.1411947093933,0.));
#7577=CARTESIAN_POINT('',(3.3157259188526,70.1411947093933,1.));
#7578=CARTESIAN_POINT('',(3.1670442782276,69.9734701000183,0.));
#7579=CARTESIAN_POINT('',(3.1670442782276,69.9734701000183,1.));
#7580=CARTESIAN_POINT('',(3.5457063876026,70.1411947093933,1.));
#7581=CARTESIAN_POINT('',(3.3157259188526,70.1411947093933,1.));
#7582=CARTESIAN_POINT('',(3.1670442782276,69.9734701000183,1.));
#7583=CARTESIAN_POINT('',(3.5457063876026,70.1411947093933,1.));
#7584=CARTESIAN_POINT('',(3.5457063876026,70.1411947093933,0.));
#7585=CARTESIAN_POINT('',(3.9346224032276,69.9793294750183,0.));
#7586=CARTESIAN_POINT('',(3.9346224032276,69.9793294750183,1.));
#7587=CARTESIAN_POINT('',(3.7844759188526,70.1411947093933,0.));
#7588=CARTESIAN_POINT('',(3.7844759188526,70.1411947093933,1.));
#7589=CARTESIAN_POINT('',(3.5457063876026,70.1411947093933,0.));
#7590=CARTESIAN_POINT('',(3.5457063876026,70.1411947093933,1.));
#7591=CARTESIAN_POINT('',(3.9346224032276,69.9793294750183,1.));
#7592=CARTESIAN_POINT('',(3.7844759188526,70.1411947093933,1.));
#7593=CARTESIAN_POINT('',(3.5457063876026,70.1411947093933,1.));
#7594=CARTESIAN_POINT('',(3.9346224032276,69.9793294750183,1.));
#7595=CARTESIAN_POINT('',(3.9346224032276,69.9793294750183,0.));
#7596=CARTESIAN_POINT('',(4.0847688876026,69.4922689281433,0.));
#7597=CARTESIAN_POINT('',(4.0847688876026,69.4922689281433,1.));
#7598=CARTESIAN_POINT('',(4.0847688876026,69.8174642406433,0.));
#7599=CARTESIAN_POINT('',(4.0847688876026,69.8174642406433,1.));
#7600=CARTESIAN_POINT('',(3.9346224032276,69.9793294750183,0.));
#7601=CARTESIAN_POINT('',(3.9346224032276,69.9793294750183,1.));
#7602=CARTESIAN_POINT('',(4.0847688876026,69.4922689281433,1.));
#7603=CARTESIAN_POINT('',(4.0847688876026,69.8174642406433,1.));
#7604=CARTESIAN_POINT('',(3.9346224032276,69.9793294750183,1.));
#7605=CARTESIAN_POINT('',(4.0847688876026,69.4922689281433,1.));
#7606=CARTESIAN_POINT('',(4.0847688876026,69.4922689281433,0.));
#7607=CARTESIAN_POINT('',(4.0847688876026,68.8243001781433,0.));
#7608=CARTESIAN_POINT('',(4.0847688876026,68.1563314281433,1.));
#7609=CARTESIAN_POINT('',(4.0847688876026,68.1563314281433,1.));
#7610=CARTESIAN_POINT('',(4.0847688876026,68.1563314281433,0.));
#7611=CARTESIAN_POINT('',(4.1624056063526,67.2657064281433,0.));
#7612=CARTESIAN_POINT('',(4.1624056063526,67.2657064281433,1.));
#7613=CARTESIAN_POINT('',(4.0847688876026,67.5030111156433,0.));
#7614=CARTESIAN_POINT('',(4.0847688876026,67.5030111156433,1.));
#7615=CARTESIAN_POINT('',(4.0847688876026,68.1563314281433,0.));
#7616=CARTESIAN_POINT('',(4.0847688876026,68.1563314281433,1.));
#7617=CARTESIAN_POINT('',(4.1624056063526,67.2657064281433,1.));
#7618=CARTESIAN_POINT('',(4.0847688876026,67.5030111156433,1.));
#7619=CARTESIAN_POINT('',(4.0847688876026,68.1563314281433,1.));
#7620=CARTESIAN_POINT('',(4.1624056063526,67.2657064281433,1.));
#7621=CARTESIAN_POINT('',(4.1624056063526,67.2657064281433,0.));
#7622=CARTESIAN_POINT('',(4.5066438876026,66.7984212718933,0.));
#7623=CARTESIAN_POINT('',(4.5066438876026,66.7984212718933,1.));
#7624=CARTESIAN_POINT('',(4.2722688876026,66.9683431468933,0.));
#7625=CARTESIAN_POINT('',(4.2722688876026,66.9683431468933,1.));
#7626=CARTESIAN_POINT('',(4.1624056063526,67.2657064281433,0.));
#7627=CARTESIAN_POINT('',(4.1624056063526,67.2657064281433,1.));
#7628=CARTESIAN_POINT('',(4.5066438876026,66.7984212718933,1.));
#7629=CARTESIAN_POINT('',(4.2722688876026,66.9683431468933,1.));
#7630=CARTESIAN_POINT('',(4.1624056063526,67.2657064281433,1.));
#7631=CARTESIAN_POINT('',(4.5066438876026,66.7984212718933,1.));
#7632=CARTESIAN_POINT('',(4.5066438876026,66.7984212718933,0.));
#7633=CARTESIAN_POINT('',(5.0251985751026,66.6284993968933,0.));
#7634=CARTESIAN_POINT('',(5.0251985751026,66.6284993968933,1.));
#7635=CARTESIAN_POINT('',(4.7410188876026,66.6284993968933,0.));
#7636=CARTESIAN_POINT('',(4.7410188876026,66.6284993968933,1.));
#7637=CARTESIAN_POINT('',(4.5066438876026,66.7984212718933,0.));
#7638=CARTESIAN_POINT('',(4.5066438876026,66.7984212718933,1.));
#7639=CARTESIAN_POINT('',(5.0251985751026,66.6284993968933,1.));
#7640=CARTESIAN_POINT('',(4.7410188876026,66.6284993968933,1.));
#7641=CARTESIAN_POINT('',(4.5066438876026,66.7984212718933,1.));
#7642=CARTESIAN_POINT('',(5.0251985751026,66.6284993968933,1.));
#7643=CARTESIAN_POINT('',(5.0251985751026,66.6284993968933,0.));
#7644=CARTESIAN_POINT('',(5.6096712313526,66.9075521312683,0.));
#7645=CARTESIAN_POINT('',(5.6096712313526,66.9075521312683,1.));
#7646=CARTESIAN_POINT('',(5.4631868563526,66.6284993968933,0.));
#7647=CARTESIAN_POINT('',(5.4631868563526,66.6284993968933,1.));
#7648=CARTESIAN_POINT('',(5.0251985751026,66.6284993968933,0.));
#7649=CARTESIAN_POINT('',(5.0251985751026,66.6284993968933,1.));
#7650=CARTESIAN_POINT('',(5.6096712313526,66.9075521312683,1.));
#7651=CARTESIAN_POINT('',(5.4631868563526,66.6284993968933,1.));
#7652=CARTESIAN_POINT('',(5.0251985751026,66.6284993968933,1.));
#7653=CARTESIAN_POINT('',(5.6096712313526,66.9075521312683,1.));
#7654=CARTESIAN_POINT('',(5.6096712313526,66.9075521312683,0.));
#7655=CARTESIAN_POINT('',(5.7561556063526,67.7154134593933,0.));
#7656=CARTESIAN_POINT('',(5.7561556063526,67.7154134593933,1.));
#7657=CARTESIAN_POINT('',(5.7561556063526,67.1866048656433,0.));
#7658=CARTESIAN_POINT('',(5.7561556063526,67.1866048656433,1.));
#7659=CARTESIAN_POINT('',(5.6096712313526,66.9075521312683,0.));
#7660=CARTESIAN_POINT('',(5.6096712313526,66.9075521312683,1.));
#7661=CARTESIAN_POINT('',(5.7561556063526,67.7154134593933,1.));
#7662=CARTESIAN_POINT('',(5.7561556063526,67.1866048656433,1.));
#7663=CARTESIAN_POINT('',(5.6096712313526,66.9075521312683,1.));
#7664=CARTESIAN_POINT('',(5.7561556063526,67.7154134593933,1.));
#7665=CARTESIAN_POINT('',(5.7561556063526,67.7154134593933,0.));
#7666=CARTESIAN_POINT('',(5.7561556063526,68.6038411937683,0.));
#7667=CARTESIAN_POINT('',(5.7561556063526,69.4922689281433,1.));
#7668=CARTESIAN_POINT('',(5.7561556063526,69.4922689281433,1.));
#7669=CARTESIAN_POINT('',(5.7561556063526,69.4922689281433,0.));
#7670=CARTESIAN_POINT('',(5.9048372469776,69.9734701000183,0.));
#7671=CARTESIAN_POINT('',(5.9048372469776,69.9734701000183,1.));
#7672=CARTESIAN_POINT('',(5.7561556063526,69.8057454906433,0.));
#7673=CARTESIAN_POINT('',(5.7561556063526,69.8057454906433,1.));
#7674=CARTESIAN_POINT('',(5.7561556063526,69.4922689281433,0.));
#7675=CARTESIAN_POINT('',(5.7561556063526,69.4922689281433,1.));
#7676=CARTESIAN_POINT('',(5.9048372469776,69.9734701000183,1.));
#7677=CARTESIAN_POINT('',(5.7561556063526,69.8057454906433,1.));
#7678=CARTESIAN_POINT('',(5.7561556063526,69.4922689281433,1.));
#7679=CARTESIAN_POINT('',(5.9048372469776,69.9734701000183,1.));
#7680=CARTESIAN_POINT('',(5.9048372469776,69.9734701000183,0.));
#7681=CARTESIAN_POINT('',(6.2922884188526,70.1411947093933,0.));
#7682=CARTESIAN_POINT('',(6.2922884188526,70.1411947093933,1.));
#7683=CARTESIAN_POINT('',(6.0535188876026,70.1411947093933,0.));
#7684=CARTESIAN_POINT('',(6.0535188876026,70.1411947093933,1.));
#7685=CARTESIAN_POINT('',(5.9048372469776,69.9734701000183,0.));
#7686=CARTESIAN_POINT('',(5.9048372469776,69.9734701000183,1.));
#7687=CARTESIAN_POINT('',(6.2922884188526,70.1411947093933,1.));
#7688=CARTESIAN_POINT('',(6.0535188876026,70.1411947093933,1.));
#7689=CARTESIAN_POINT('',(5.9048372469776,69.9734701000183,1.));
#7690=CARTESIAN_POINT('',(6.2922884188526,70.1411947093933,1.));
#7691=CARTESIAN_POINT('',(6.2922884188526,70.1411947093933,0.));
#7692=CARTESIAN_POINT('',(6.6731477938526,69.9771322093933,0.));
#7693=CARTESIAN_POINT('',(6.6731477938526,69.9771322093933,1.));
#7694=CARTESIAN_POINT('',(6.5266634188526,70.1411947093933,0.));
#7695=CARTESIAN_POINT('',(6.5266634188526,70.1411947093933,1.));
#7696=CARTESIAN_POINT('',(6.2922884188526,70.1411947093933,0.));
#7697=CARTESIAN_POINT('',(6.2922884188526,70.1411947093933,1.));
#7698=CARTESIAN_POINT('',(6.6731477938526,69.9771322093933,1.));
#7699=CARTESIAN_POINT('',(6.5266634188526,70.1411947093933,1.));
#7700=CARTESIAN_POINT('',(6.2922884188526,70.1411947093933,1.));
#7701=CARTESIAN_POINT('',(6.6731477938526,69.9771322093933,1.));
#7702=CARTESIAN_POINT('',(6.6731477938526,69.9771322093933,0.));
#7703=CARTESIAN_POINT('',(6.8196321688526,69.4922689281433,0.));
#7704=CARTESIAN_POINT('',(6.8196321688526,69.4922689281433,1.));
#7705=CARTESIAN_POINT('',(6.8196321688526,69.8130697093933,0.));
#7706=CARTESIAN_POINT('',(6.8196321688526,69.8130697093933,1.));
#7707=CARTESIAN_POINT('',(6.6731477938526,69.9771322093933,0.));
#7708=CARTESIAN_POINT('',(6.6731477938526,69.9771322093933,1.));
#7709=CARTESIAN_POINT('',(6.8196321688526,69.4922689281433,1.));
#7710=CARTESIAN_POINT('',(6.8196321688526,69.8130697093933,1.));
#7711=CARTESIAN_POINT('',(6.6731477938526,69.9771322093933,1.));
#7712=CARTESIAN_POINT('',(6.8196321688526,69.4922689281433,1.));
#7713=CARTESIAN_POINT('',(6.8196321688526,69.4922689281433,0.));
#7714=CARTESIAN_POINT('',(6.8196321688526,68.4998372875183,0.));
#7715=CARTESIAN_POINT('',(6.8196321688526,67.5074056468933,1.));
#7716=CARTESIAN_POINT('',(6.8196321688526,67.5074056468933,1.));
#7717=CARTESIAN_POINT('',(6.8196321688526,67.5074056468933,0.));
#7718=CARTESIAN_POINT('',(6.7881380282276,66.9295247875183,0.));
#7719=CARTESIAN_POINT('',(6.7881380282276,66.9295247875183,1.));
#7720=CARTESIAN_POINT('',(6.8196321688526,67.1558431468933,0.));
#7721=CARTESIAN_POINT('',(6.8196321688526,67.1558431468933,1.));
#7722=CARTESIAN_POINT('',(6.8196321688526,67.5074056468933,0.));
#7723=CARTESIAN_POINT('',(6.8196321688526,67.5074056468933,1.));
#7724=CARTESIAN_POINT('',(6.7881380282276,66.9295247875183,1.));
#7725=CARTESIAN_POINT('',(6.8196321688526,67.1558431468933,1.));
#7726=CARTESIAN_POINT('',(6.8196321688526,67.5074056468933,1.));
#7727=CARTESIAN_POINT('',(6.7881380282276,66.9295247875183,1.));
#7728=CARTESIAN_POINT('',(6.7881380282276,66.9295247875183,0.));
#7729=CARTESIAN_POINT('',(6.6511751376026,66.5069173656433,0.));
#7730=CARTESIAN_POINT('',(6.6511751376026,66.5069173656433,1.));
#7731=CARTESIAN_POINT('',(6.7566438876026,66.7032064281433,0.));
#7732=CARTESIAN_POINT('',(6.7566438876026,66.7032064281433,1.));
#7733=CARTESIAN_POINT('',(6.7881380282276,66.9295247875183,0.));
#7734=CARTESIAN_POINT('',(6.7881380282276,66.9295247875183,1.));
#7735=CARTESIAN_POINT('',(6.6511751376026,66.5069173656433,1.));
#7736=CARTESIAN_POINT('',(6.7566438876026,66.7032064281433,1.));
#7737=CARTESIAN_POINT('',(6.7881380282276,66.9295247875183,1.));
#7738=CARTESIAN_POINT('',(6.6511751376026,66.5069173656433,1.));
#7739=CARTESIAN_POINT('',(6.6511751376026,66.5069173656433,0.));
#7740=CARTESIAN_POINT('',(6.1553255282276,65.9883626781433,0.));
#7741=CARTESIAN_POINT('',(6.1553255282276,65.9883626781433,1.));
#7742=CARTESIAN_POINT('',(6.4871126376026,66.1714681468933,0.));
#7743=CARTESIAN_POINT('',(6.4871126376026,66.1714681468933,1.));
#7744=CARTESIAN_POINT('',(6.6511751376026,66.5069173656433,0.));
#7745=CARTESIAN_POINT('',(6.6511751376026,66.5069173656433,1.));
#7746=CARTESIAN_POINT('',(6.1553255282276,65.9883626781433,1.));
#7747=CARTESIAN_POINT('',(6.4871126376026,66.1714681468933,1.));
#7748=CARTESIAN_POINT('',(6.6511751376026,66.5069173656433,1.));
#7749=CARTESIAN_POINT('',(6.1553255282276,65.9883626781433,1.));
#7750=CARTESIAN_POINT('',(6.1553255282276,65.9883626781433,0.));
#7751=CARTESIAN_POINT('',(5.4016634188526,65.8052572093933,0.));
#7752=CARTESIAN_POINT('',(5.4016634188526,65.8052572093933,1.));
#7753=CARTESIAN_POINT('',(5.8235384188526,65.8052572093933,0.));
#7754=CARTESIAN_POINT('',(5.8235384188526,65.8052572093933,1.));
#7755=CARTESIAN_POINT('',(6.1553255282276,65.9883626781433,0.));
#7756=CARTESIAN_POINT('',(6.1553255282276,65.9883626781433,1.));
#7757=CARTESIAN_POINT('',(5.4016634188526,65.8052572093933,1.));
#7758=CARTESIAN_POINT('',(5.8235384188526,65.8052572093933,1.));
#7759=CARTESIAN_POINT('',(6.1553255282276,65.9883626781433,1.));
#7760=CARTESIAN_POINT('',(5.4016634188526,65.8052572093933,1.));
#7761=CARTESIAN_POINT('',(5.4016634188526,65.8052572093933,0.));
#7762=CARTESIAN_POINT('',(4.6340852938526,65.9788411937683,0.));
#7763=CARTESIAN_POINT('',(4.6340852938526,65.9788411937683,1.));
#7764=CARTESIAN_POINT('',(4.9680696688526,65.8052572093933,0.));
#7765=CARTESIAN_POINT('',(4.9680696688526,65.8052572093933,1.));
#7766=CARTESIAN_POINT('',(5.4016634188526,65.8052572093933,0.));
#7767=CARTESIAN_POINT('',(5.4016634188526,65.8052572093933,1.));
#7768=CARTESIAN_POINT('',(4.6340852938526,65.9788411937683,1.));
#7769=CARTESIAN_POINT('',(4.9680696688526,65.8052572093933,1.));
#7770=CARTESIAN_POINT('',(5.4016634188526,65.8052572093933,1.));
#7771=CARTESIAN_POINT('',(4.86050445200217,67.8282675613068,1.));
#7772=CARTESIAN_POINT('',(2.0632845126026,67.0943197093933,0.));
#7773=CARTESIAN_POINT('',(2.0632845126026,67.0943197093933,1.));
#7774=CARTESIAN_POINT('',(2.2097688876026,67.4927572093933,0.));
#7775=CARTESIAN_POINT('',(2.2097688876026,67.4927572093933,1.));
#7776=CARTESIAN_POINT('',(2.2097688876026,67.9732259593933,0.));
#7777=CARTESIAN_POINT('',(2.2097688876026,67.9732259593933,1.));
#7778=CARTESIAN_POINT('',(2.0632845126026,67.0943197093933,1.));
#7779=CARTESIAN_POINT('',(2.2097688876026,67.4927572093933,1.));
#7780=CARTESIAN_POINT('',(2.2097688876026,67.9732259593933,1.));
#7781=CARTESIAN_POINT('',(2.2097688876026,67.9732259593933,1.));
#7782=CARTESIAN_POINT('',(2.0632845126026,67.0943197093933,1.));
#7783=CARTESIAN_POINT('',(2.2097688876026,67.9732259593933,0.));
#7784=CARTESIAN_POINT('',(2.0632845126026,67.0943197093933,0.));
#7785=CARTESIAN_POINT('',(1.6355501376026,66.4065755687683,0.));
#7786=CARTESIAN_POINT('',(1.6355501376026,66.4065755687683,1.));
#7787=CARTESIAN_POINT('',(1.9168001376026,66.6958822093933,0.));
#7788=CARTESIAN_POINT('',(1.9168001376026,66.6958822093933,1.));
#7789=CARTESIAN_POINT('',(2.0632845126026,67.0943197093933,0.));
#7790=CARTESIAN_POINT('',(2.0632845126026,67.0943197093933,1.));
#7791=CARTESIAN_POINT('',(1.6355501376026,66.4065755687683,1.));
#7792=CARTESIAN_POINT('',(1.9168001376026,66.6958822093933,1.));
#7793=CARTESIAN_POINT('',(2.0632845126026,67.0943197093933,1.));
#7794=CARTESIAN_POINT('',(1.6355501376026,66.4065755687683,1.));
#7795=CARTESIAN_POINT('',(1.6355501376026,66.4065755687683,0.));
#7796=CARTESIAN_POINT('',(0.9595247469776,65.9612630687683,0.));
#7797=CARTESIAN_POINT('',(0.9595247469776,65.9612630687683,1.));
#7798=CARTESIAN_POINT('',(1.3543001376026,66.1172689281433,0.));
#7799=CARTESIAN_POINT('',(1.3543001376026,66.1172689281433,1.));
#7800=CARTESIAN_POINT('',(1.6355501376026,66.4065755687683,0.));
#7801=CARTESIAN_POINT('',(1.6355501376026,66.4065755687683,1.));
#7802=CARTESIAN_POINT('',(0.9595247469776,65.9612630687683,1.));
#7803=CARTESIAN_POINT('',(1.3543001376026,66.1172689281433,1.));
#7804=CARTESIAN_POINT('',(1.6355501376026,66.4065755687683,1.));
#7805=CARTESIAN_POINT('',(0.9595247469776,65.9612630687683,1.));
#7806=CARTESIAN_POINT('',(0.9595247469776,65.9612630687683,0.));
#7807=CARTESIAN_POINT('',(0.0813509188525996,65.8052572093933,0.));
#7808=CARTESIAN_POINT('',(0.0813509188525996,65.8052572093933,1.));
#7809=CARTESIAN_POINT('',(0.5647493563526,65.8052572093933,0.));
#7810=CARTESIAN_POINT('',(0.5647493563526,65.8052572093933,1.));
#7811=CARTESIAN_POINT('',(0.9595247469776,65.9612630687683,0.));
#7812=CARTESIAN_POINT('',(0.9595247469776,65.9612630687683,1.));
#7813=CARTESIAN_POINT('',(0.0813509188525996,65.8052572093933,1.));
#7814=CARTESIAN_POINT('',(0.5647493563526,65.8052572093933,1.));
#7815=CARTESIAN_POINT('',(0.9595247469776,65.9612630687683,1.));
#7816=CARTESIAN_POINT('',(0.0813509188525996,65.8052572093933,1.));
#7817=CARTESIAN_POINT('',(0.0813509188525996,65.8052572093933,0.));
#7818=CARTESIAN_POINT('',(-0.7909635342724,65.9597982250183,0.));
#7819=CARTESIAN_POINT('',(-0.7909635342724,65.9597982250183,1.));
#7820=CARTESIAN_POINT('',(-0.3961881436474,65.8052572093933,0.));
#7821=CARTESIAN_POINT('',(-0.3961881436474,65.8052572093933,1.));
#7822=CARTESIAN_POINT('',(0.0813509188525996,65.8052572093933,0.));
#7823=CARTESIAN_POINT('',(0.0813509188525996,65.8052572093933,1.));
#7824=CARTESIAN_POINT('',(-0.7909635342724,65.9597982250183,1.));
#7825=CARTESIAN_POINT('',(-0.3961881436474,65.8052572093933,1.));
#7826=CARTESIAN_POINT('',(0.0813509188525996,65.8052572093933,1.));
#7827=CARTESIAN_POINT('',(-0.7909635342724,65.9597982250183,1.));
#7828=CARTESIAN_POINT('',(-0.7909635342724,65.9597982250183,0.));
#7829=CARTESIAN_POINT('',(-1.4625943936474,66.3992513500183,0.));
#7830=CARTESIAN_POINT('',(-1.4625943936474,66.3992513500183,1.));
#7831=CARTESIAN_POINT('',(-1.1857389248974,66.1143392406433,0.));
#7832=CARTESIAN_POINT('',(-1.1857389248974,66.1143392406433,1.));
#7833=CARTESIAN_POINT('',(-0.7909635342724,65.9597982250183,0.));
#7834=CARTESIAN_POINT('',(-0.7909635342724,65.9597982250183,1.));
#7835=CARTESIAN_POINT('',(-1.4625943936474,66.3992513500183,1.));
#7836=CARTESIAN_POINT('',(-1.1857389248974,66.1143392406433,1.));
#7837=CARTESIAN_POINT('',(-0.7909635342724,65.9597982250183,1.));
#7838=CARTESIAN_POINT('',(-1.4625943936474,66.3992513500183,1.));
#7839=CARTESIAN_POINT('',(-1.4625943936474,66.3992513500183,0.));
#7840=CARTESIAN_POINT('',(-1.8881315030224,67.0862630687683,0.));
#7841=CARTESIAN_POINT('',(-1.8881315030224,67.0862630687683,1.));
#7842=CARTESIAN_POINT('',(-1.7394498623974,66.6841634593933,0.));
#7843=CARTESIAN_POINT('',(-1.7394498623974,66.6841634593933,1.));
#7844=CARTESIAN_POINT('',(-1.4625943936474,66.3992513500183,0.));
#7845=CARTESIAN_POINT('',(-1.4625943936474,66.3992513500183,1.));
#7846=CARTESIAN_POINT('',(-1.8881315030224,67.0862630687683,1.));
#7847=CARTESIAN_POINT('',(-1.7394498623974,66.6841634593933,1.));
#7848=CARTESIAN_POINT('',(-1.4625943936474,66.3992513500183,1.));
#7849=CARTESIAN_POINT('',(-1.8881315030224,67.0862630687683,1.));
#7850=CARTESIAN_POINT('',(-1.8881315030224,67.0862630687683,0.));
#7851=CARTESIAN_POINT('',(-2.0368131436474,67.9732259593933,0.));
#7852=CARTESIAN_POINT('',(-2.0368131436474,67.9732259593933,1.));
#7853=CARTESIAN_POINT('',(-2.0368131436474,67.4883626781433,0.));
#7854=CARTESIAN_POINT('',(-2.0368131436474,67.4883626781433,1.));
#7855=CARTESIAN_POINT('',(-1.8881315030224,67.0862630687683,0.));
#7856=CARTESIAN_POINT('',(-1.8881315030224,67.0862630687683,1.));
#7857=CARTESIAN_POINT('',(-2.0368131436474,67.9732259593933,1.));
#7858=CARTESIAN_POINT('',(-2.0368131436474,67.4883626781433,1.));
#7859=CARTESIAN_POINT('',(-1.8881315030224,67.0862630687683,1.));
#7860=CARTESIAN_POINT('',(-2.0368131436474,67.9732259593933,1.));
#7861=CARTESIAN_POINT('',(-2.0368131436474,67.9732259593933,0.));
#7862=CARTESIAN_POINT('',(-1.8903287686474,68.8499349437683,0.));
#7863=CARTESIAN_POINT('',(-1.8903287686474,68.8499349437683,1.));
#7864=CARTESIAN_POINT('',(-2.0368131436474,68.4536947093933,0.));
#7865=CARTESIAN_POINT('',(-2.0368131436474,68.4536947093933,1.));
#7866=CARTESIAN_POINT('',(-2.0368131436474,67.9732259593933,0.));
#7867=CARTESIAN_POINT('',(-2.0368131436474,67.9732259593933,1.));
#7868=CARTESIAN_POINT('',(-1.8903287686474,68.8499349437683,1.));
#7869=CARTESIAN_POINT('',(-2.0368131436474,68.4536947093933,1.));
#7870=CARTESIAN_POINT('',(-2.0368131436474,67.9732259593933,1.));
#7871=CARTESIAN_POINT('',(-1.8903287686474,68.8499349437683,1.));
#7872=CARTESIAN_POINT('',(-1.8903287686474,68.8499349437683,0.));
#7873=CARTESIAN_POINT('',(-1.4603971280224,69.5376790843933,0.));
#7874=CARTESIAN_POINT('',(-1.4603971280224,69.5376790843933,1.));
#7875=CARTESIAN_POINT('',(-1.7438443936474,69.2461751781433,0.));
#7876=CARTESIAN_POINT('',(-1.7438443936474,69.2461751781433,1.));
#7877=CARTESIAN_POINT('',(-1.8903287686474,68.8499349437683,0.));
#7878=CARTESIAN_POINT('',(-1.8903287686474,68.8499349437683,1.));
#7879=CARTESIAN_POINT('',(-1.4603971280224,69.5376790843933,1.));
#7880=CARTESIAN_POINT('',(-1.7438443936474,69.2461751781433,1.));
#7881=CARTESIAN_POINT('',(-1.8903287686474,68.8499349437683,1.));
#7882=CARTESIAN_POINT('',(-1.4603971280224,69.5376790843933,1.));
#7883=CARTESIAN_POINT('',(-1.4603971280224,69.5376790843933,0.));
#7884=CARTESIAN_POINT('',(-0.790231112397401,69.9851888500183,0.));
#7885=CARTESIAN_POINT('',(-0.790231112397401,69.9851888500183,1.));
#7886=CARTESIAN_POINT('',(-1.1769498623974,69.8291829906433,0.));
#7887=CARTESIAN_POINT('',(-1.1769498623974,69.8291829906433,1.));
#7888=CARTESIAN_POINT('',(-1.4603971280224,69.5376790843933,0.));
#7889=CARTESIAN_POINT('',(-1.4603971280224,69.5376790843933,1.));
#7890=CARTESIAN_POINT('',(-0.790231112397401,69.9851888500183,1.));
#7891=CARTESIAN_POINT('',(-1.1769498623974,69.8291829906433,1.));
#7892=CARTESIAN_POINT('',(-1.4603971280224,69.5376790843933,1.));
#7893=CARTESIAN_POINT('',(-0.790231112397401,69.9851888500183,1.));
#7894=CARTESIAN_POINT('',(-0.790231112397401,69.9851888500183,0.));
#7895=CARTESIAN_POINT('',(0.081350918852599,70.1411947093933,0.));
#7896=CARTESIAN_POINT('',(0.081350918852599,70.1411947093933,1.));
#7897=CARTESIAN_POINT('',(-0.403512362397401,70.1411947093933,0.));
#7898=CARTESIAN_POINT('',(-0.403512362397401,70.1411947093933,1.));
#7899=CARTESIAN_POINT('',(-0.790231112397401,69.9851888500183,0.));
#7900=CARTESIAN_POINT('',(-0.790231112397401,69.9851888500183,1.));
#7901=CARTESIAN_POINT('',(0.081350918852599,70.1411947093933,1.));
#7902=CARTESIAN_POINT('',(-0.403512362397401,70.1411947093933,1.));
#7903=CARTESIAN_POINT('',(-0.790231112397401,69.9851888500183,1.));
#7904=CARTESIAN_POINT('',(0.081350918852599,70.1411947093933,1.));
#7905=CARTESIAN_POINT('',(0.081350918852599,70.1411947093933,0.));
#7906=CARTESIAN_POINT('',(0.959524746977599,69.9866536937683,0.));
#7907=CARTESIAN_POINT('',(0.959524746977599,69.9866536937683,1.));
#7908=CARTESIAN_POINT('',(0.569143887602599,70.1411947093933,0.));
#7909=CARTESIAN_POINT('',(0.569143887602599,70.1411947093933,1.));
#7910=CARTESIAN_POINT('',(0.081350918852599,70.1411947093933,0.));
#7911=CARTESIAN_POINT('',(0.081350918852599,70.1411947093933,1.));
#7912=CARTESIAN_POINT('',(0.959524746977599,69.9866536937683,1.));
#7913=CARTESIAN_POINT('',(0.569143887602599,70.1411947093933,1.));
#7914=CARTESIAN_POINT('',(0.081350918852599,70.1411947093933,1.));
#7915=CARTESIAN_POINT('',(0.959524746977599,69.9866536937683,1.));
#7916=CARTESIAN_POINT('',(0.959524746977599,69.9866536937683,0.));
#7917=CARTESIAN_POINT('',(1.6311556063526,69.5435384593933,0.));
#7918=CARTESIAN_POINT('',(1.6311556063526,69.5435384593933,1.));
#7919=CARTESIAN_POINT('',(1.3499056063526,69.8321126781433,0.));
#7920=CARTESIAN_POINT('',(1.3499056063526,69.8321126781433,1.));
#7921=CARTESIAN_POINT('',(0.959524746977599,69.9866536937683,0.));
#7922=CARTESIAN_POINT('',(0.959524746977599,69.9866536937683,1.));
#7923=CARTESIAN_POINT('',(1.6311556063526,69.5435384593933,1.));
#7924=CARTESIAN_POINT('',(1.3499056063526,69.8321126781433,1.));
#7925=CARTESIAN_POINT('',(0.959524746977599,69.9866536937683,1.));
#7926=CARTESIAN_POINT('',(1.6311556063526,69.5435384593933,1.));
#7927=CARTESIAN_POINT('',(1.6311556063526,69.5435384593933,0.));
#7928=CARTESIAN_POINT('',(2.0610872469776,68.8528646312683,0.));
#7929=CARTESIAN_POINT('',(2.0610872469776,68.8528646312683,1.));
#7930=CARTESIAN_POINT('',(1.9124056063526,69.2549642406433,0.));
#7931=CARTESIAN_POINT('',(1.9124056063526,69.2549642406433,1.));
#7932=CARTESIAN_POINT('',(1.6311556063526,69.5435384593933,0.));
#7933=CARTESIAN_POINT('',(1.6311556063526,69.5435384593933,1.));
#7934=CARTESIAN_POINT('',(2.0610872469776,68.8528646312683,1.));
#7935=CARTESIAN_POINT('',(1.9124056063526,69.2549642406433,1.));
#7936=CARTESIAN_POINT('',(1.6311556063526,69.5435384593933,1.));
#7937=CARTESIAN_POINT('',(2.0610872469776,68.8528646312683,1.));
#7938=CARTESIAN_POINT('',(2.0610872469776,68.8528646312683,0.));
#7939=CARTESIAN_POINT('',(2.2097688876026,67.9732259593933,0.));
#7940=CARTESIAN_POINT('',(2.2097688876026,67.9732259593933,1.));
#7941=CARTESIAN_POINT('',(2.2097688876026,68.4507650218933,0.));
#7942=CARTESIAN_POINT('',(2.2097688876026,68.4507650218933,1.));
#7943=CARTESIAN_POINT('',(2.0610872469776,68.8528646312683,0.));
#7944=CARTESIAN_POINT('',(2.0610872469776,68.8528646312683,1.));
#7945=CARTESIAN_POINT('',(2.2097688876026,67.9732259593933,1.));
#7946=CARTESIAN_POINT('',(2.2097688876026,68.4507650218933,1.));
#7947=CARTESIAN_POINT('',(2.0610872469776,68.8528646312683,1.));
#7948=CARTESIAN_POINT('',(0.851858731352599,68.9832357250183,0.));
#7949=CARTESIAN_POINT('',(0.851858731352599,68.9832357250183,1.));
#7950=CARTESIAN_POINT('',(1.1389681063526,68.6177572093933,0.));
#7951=CARTESIAN_POINT('',(1.1389681063526,68.6177572093933,1.));
#7952=CARTESIAN_POINT('',(1.1389681063526,67.9732259593933,0.));
#7953=CARTESIAN_POINT('',(1.1389681063526,67.9732259593933,1.));
#7954=CARTESIAN_POINT('',(0.851858731352599,68.9832357250183,1.));
#7955=CARTESIAN_POINT('',(1.1389681063526,68.6177572093933,1.));
#7956=CARTESIAN_POINT('',(1.1389681063526,67.9732259593933,1.));
#7957=CARTESIAN_POINT('',(1.1389681063526,67.9732259593933,1.));
#7958=CARTESIAN_POINT('',(0.851858731352599,68.9832357250183,1.));
#7959=CARTESIAN_POINT('',(1.1389681063526,67.9732259593933,0.));
#7960=CARTESIAN_POINT('',(1.1389681063526,67.9732259593933,0.));
#7961=CARTESIAN_POINT('',(0.851858731352599,68.9832357250183,0.));
#7962=CARTESIAN_POINT('',(1.1389681063526,68.6177572093933,0.));
#7963=CARTESIAN_POINT('',(1.1389681063526,67.9732259593933,0.));
#7964=CARTESIAN_POINT('',(0.851858731352599,68.9832357250183,0.));
#7965=CARTESIAN_POINT('',(0.851858731352599,68.9832357250183,0.));
#7966=CARTESIAN_POINT('',(0.081350918852599,69.3487142406433,0.));
#7967=CARTESIAN_POINT('',(0.081350918852599,69.3487142406433,1.));
#7968=CARTESIAN_POINT('',(0.564749356352599,69.3487142406433,0.));
#7969=CARTESIAN_POINT('',(0.564749356352599,69.3487142406433,1.));
#7970=CARTESIAN_POINT('',(0.851858731352599,68.9832357250183,0.));
#7971=CARTESIAN_POINT('',(0.851858731352599,68.9832357250183,1.));
#7972=CARTESIAN_POINT('',(0.081350918852599,69.3487142406433,1.));
#7973=CARTESIAN_POINT('',(0.564749356352599,69.3487142406433,1.));
#7974=CARTESIAN_POINT('',(0.851858731352599,68.9832357250183,1.));
#7975=CARTESIAN_POINT('',(0.081350918852599,69.3487142406433,1.));
#7976=CARTESIAN_POINT('',(0.081350918852599,69.3487142406433,0.));
#7977=CARTESIAN_POINT('',(0.564749356352599,69.3487142406433,0.));
#7978=CARTESIAN_POINT('',(0.851858731352599,68.9832357250183,0.));
#7979=CARTESIAN_POINT('',(0.081350918852599,69.3487142406433,0.));
#7980=CARTESIAN_POINT('',(0.081350918852599,69.3487142406433,0.));
#7981=CARTESIAN_POINT('',(-0.476022128022401,69.1824544750183,0.));
#7982=CARTESIAN_POINT('',(-0.476022128022401,69.1824544750183,1.));
#7983=CARTESIAN_POINT('',(-0.239449862397401,69.3487142406433,0.));
#7984=CARTESIAN_POINT('',(-0.239449862397401,69.3487142406433,1.));
#7985=CARTESIAN_POINT('',(0.081350918852599,69.3487142406433,0.));
#7986=CARTESIAN_POINT('',(0.081350918852599,69.3487142406433,1.));
#7987=CARTESIAN_POINT('',(-0.476022128022401,69.1824544750183,1.));
#7988=CARTESIAN_POINT('',(-0.239449862397401,69.3487142406433,1.));
#7989=CARTESIAN_POINT('',(0.081350918852599,69.3487142406433,1.));
#7990=CARTESIAN_POINT('',(-0.476022128022401,69.1824544750183,1.));
#7991=CARTESIAN_POINT('',(-0.476022128022401,69.1824544750183,0.));
#7992=CARTESIAN_POINT('',(-0.239449862397401,69.3487142406433,0.));
#7993=CARTESIAN_POINT('',(0.081350918852599,69.3487142406433,0.));
#7994=CARTESIAN_POINT('',(-0.476022128022401,69.1824544750183,0.));
#7995=CARTESIAN_POINT('',(-0.476022128022401,69.1824544750183,0.));
#7996=CARTESIAN_POINT('',(-0.839303378022401,68.7041829906433,0.));
#7997=CARTESIAN_POINT('',(-0.839303378022401,68.7041829906433,1.));
#7998=CARTESIAN_POINT('',(-0.712594393647401,69.0161947093933,0.));
#7999=CARTESIAN_POINT('',(-0.712594393647401,69.0161947093933,1.));
#8000=CARTESIAN_POINT('',(-0.476022128022401,69.1824544750183,0.));
#8001=CARTESIAN_POINT('',(-0.476022128022401,69.1824544750183,1.));
#8002=CARTESIAN_POINT('',(-0.839303378022401,68.7041829906433,1.));
#8003=CARTESIAN_POINT('',(-0.712594393647401,69.0161947093933,1.));
#8004=CARTESIAN_POINT('',(-0.476022128022401,69.1824544750183,1.));
#8005=CARTESIAN_POINT('',(-0.839303378022401,68.7041829906433,1.));
#8006=CARTESIAN_POINT('',(-0.839303378022401,68.7041829906433,0.));
#8007=CARTESIAN_POINT('',(-0.712594393647401,69.0161947093933,0.));
#8008=CARTESIAN_POINT('',(-0.476022128022401,69.1824544750183,0.));
#8009=CARTESIAN_POINT('',(-0.839303378022401,68.7041829906433,0.));
#8010=CARTESIAN_POINT('',(-0.839303378022401,68.7041829906433,0.));
#8011=CARTESIAN_POINT('',(-0.966012362397401,67.9732259593933,0.));
#8012=CARTESIAN_POINT('',(-0.966012362397401,67.9732259593933,1.));
#8013=CARTESIAN_POINT('',(-0.966012362397401,68.3921712718933,0.));
#8014=CARTESIAN_POINT('',(-0.966012362397401,68.3921712718933,1.));
#8015=CARTESIAN_POINT('',(-0.839303378022401,68.7041829906433,0.));
#8016=CARTESIAN_POINT('',(-0.839303378022401,68.7041829906433,1.));
#8017=CARTESIAN_POINT('',(-0.966012362397401,67.9732259593933,1.));
#8018=CARTESIAN_POINT('',(-0.966012362397401,68.3921712718933,1.));
#8019=CARTESIAN_POINT('',(-0.839303378022401,68.7041829906433,1.));
#8020=CARTESIAN_POINT('',(-0.966012362397401,67.9732259593933,1.));
#8021=CARTESIAN_POINT('',(-0.966012362397401,67.9732259593933,0.));
#8022=CARTESIAN_POINT('',(-0.966012362397401,68.3921712718933,0.));
#8023=CARTESIAN_POINT('',(-0.839303378022401,68.7041829906433,0.));
#8024=CARTESIAN_POINT('',(-0.966012362397401,67.9732259593933,0.));
#8025=CARTESIAN_POINT('',(-0.966012362397401,67.9732259593933,0.));
#8026=CARTESIAN_POINT('',(-0.837106112397401,67.2349447093933,0.));
#8027=CARTESIAN_POINT('',(-0.837106112397401,67.2349447093933,1.));
#8028=CARTESIAN_POINT('',(-0.966012362397401,67.5513509593933,0.));
#8029=CARTESIAN_POINT('',(-0.966012362397401,67.5513509593933,1.));
#8030=CARTESIAN_POINT('',(-0.966012362397401,67.9732259593933,0.));
#8031=CARTESIAN_POINT('',(-0.966012362397401,67.9732259593933,1.));
#8032=CARTESIAN_POINT('',(-0.837106112397401,67.2349447093933,1.));
#8033=CARTESIAN_POINT('',(-0.966012362397401,67.5513509593933,1.));
#8034=CARTESIAN_POINT('',(-0.966012362397401,67.9732259593933,1.));
#8035=CARTESIAN_POINT('',(-0.837106112397401,67.2349447093933,1.));
#8036=CARTESIAN_POINT('',(-0.837106112397401,67.2349447093933,0.));
#8037=CARTESIAN_POINT('',(-0.966012362397401,67.5513509593933,0.));
#8038=CARTESIAN_POINT('',(-0.966012362397401,67.9732259593933,0.));
#8039=CARTESIAN_POINT('',(-0.837106112397401,67.2349447093933,0.));
#8040=CARTESIAN_POINT('',(-0.837106112397401,67.2349447093933,0.));
#8041=CARTESIAN_POINT('',(-0.470162753022401,66.7566732250183,0.));
#8042=CARTESIAN_POINT('',(-0.470162753022401,66.7566732250183,1.));
#8043=CARTESIAN_POINT('',(-0.708199862397401,66.9185384593933,0.));
#8044=CARTESIAN_POINT('',(-0.708199862397401,66.9185384593933,1.));
#8045=CARTESIAN_POINT('',(-0.837106112397401,67.2349447093933,0.));
#8046=CARTESIAN_POINT('',(-0.837106112397401,67.2349447093933,1.));
#8047=CARTESIAN_POINT('',(-0.470162753022401,66.7566732250183,1.));
#8048=CARTESIAN_POINT('',(-0.708199862397401,66.9185384593933,1.));
#8049=CARTESIAN_POINT('',(-0.837106112397401,67.2349447093933,1.));
#8050=CARTESIAN_POINT('',(-0.470162753022401,66.7566732250183,1.));
#8051=CARTESIAN_POINT('',(-0.470162753022401,66.7566732250183,0.));
#8052=CARTESIAN_POINT('',(-0.708199862397401,66.9185384593933,0.));
#8053=CARTESIAN_POINT('',(-0.837106112397401,67.2349447093933,0.));
#8054=CARTESIAN_POINT('',(-0.470162753022401,66.7566732250183,0.));
#8055=CARTESIAN_POINT('',(-0.470162753022401,66.7566732250183,0.));
#8056=CARTESIAN_POINT('',(0.0813509188525996,66.5948079906433,0.));
#8057=CARTESIAN_POINT('',(0.0813509188525996,66.5948079906433,1.));
#8058=CARTESIAN_POINT('',(-0.2321256436474,66.5948079906433,0.));
#8059=CARTESIAN_POINT('',(-0.2321256436474,66.5948079906433,1.));
#8060=CARTESIAN_POINT('',(-0.470162753022401,66.7566732250183,0.));
#8061=CARTESIAN_POINT('',(-0.470162753022401,66.7566732250183,1.));
#8062=CARTESIAN_POINT('',(0.0813509188525996,66.5948079906433,1.));
#8063=CARTESIAN_POINT('',(-0.2321256436474,66.5948079906433,1.));
#8064=CARTESIAN_POINT('',(-0.470162753022401,66.7566732250183,1.));
#8065=CARTESIAN_POINT('',(0.0813509188525996,66.5948079906433,1.));
#8066=CARTESIAN_POINT('',(0.0813509188525996,66.5948079906433,0.));
#8067=CARTESIAN_POINT('',(-0.2321256436474,66.5948079906433,0.));
#8068=CARTESIAN_POINT('',(-0.470162753022401,66.7566732250183,0.));
#8069=CARTESIAN_POINT('',(0.0813509188525996,66.5948079906433,0.));
#8070=CARTESIAN_POINT('',(0.0813509188525996,66.5948079906433,0.));
#8071=CARTESIAN_POINT('',(0.851858731352599,66.9580892406433,0.));
#8072=CARTESIAN_POINT('',(0.851858731352599,66.9580892406433,1.));
#8073=CARTESIAN_POINT('',(0.5647493563526,66.5948079906433,0.));
#8074=CARTESIAN_POINT('',(0.5647493563526,66.5948079906433,1.));
#8075=CARTESIAN_POINT('',(0.0813509188525996,66.5948079906433,0.));
#8076=CARTESIAN_POINT('',(0.0813509188525996,66.5948079906433,1.));
#8077=CARTESIAN_POINT('',(0.851858731352599,66.9580892406433,1.));
#8078=CARTESIAN_POINT('',(0.5647493563526,66.5948079906433,1.));
#8079=CARTESIAN_POINT('',(0.0813509188525996,66.5948079906433,1.));
#8080=CARTESIAN_POINT('',(0.851858731352599,66.9580892406433,1.));
#8081=CARTESIAN_POINT('',(0.851858731352599,66.9580892406433,0.));
#8082=CARTESIAN_POINT('',(0.5647493563526,66.5948079906433,0.));
#8083=CARTESIAN_POINT('',(0.0813509188525996,66.5948079906433,0.));
#8084=CARTESIAN_POINT('',(0.851858731352599,66.9580892406433,0.));
#8085=CARTESIAN_POINT('',(0.851858731352599,66.9580892406433,0.));
#8086=CARTESIAN_POINT('',(1.1389681063526,67.9732259593933,0.));
#8087=CARTESIAN_POINT('',(1.1389681063526,67.9732259593933,1.));
#8088=CARTESIAN_POINT('',(1.1389681063526,67.3213704906433,0.));
#8089=CARTESIAN_POINT('',(1.1389681063526,67.3213704906433,1.));
#8090=CARTESIAN_POINT('',(0.851858731352599,66.9580892406433,0.));
#8091=CARTESIAN_POINT('',(0.851858731352599,66.9580892406433,1.));
#8092=CARTESIAN_POINT('',(1.1389681063526,67.9732259593933,1.));
#8093=CARTESIAN_POINT('',(1.1389681063526,67.3213704906433,1.));
#8094=CARTESIAN_POINT('',(0.851858731352599,66.9580892406433,1.));
#8095=CARTESIAN_POINT('',(1.1389681063526,67.9732259593933,0.));
#8096=CARTESIAN_POINT('',(1.1389681063526,67.3213704906433,0.));
#8097=CARTESIAN_POINT('',(0.851858731352599,66.9580892406433,0.));
#8098=CARTESIAN_POINT('',(0.0859769212156027,67.9721671676893,1.));
#8099=CARTESIAN_POINT('',(-3.9220670498974,69.0469564281433,0.));
#8100=CARTESIAN_POINT('',(-3.9220670498974,68.6016439281433,1.));
#8101=CARTESIAN_POINT('',(-3.9220670498974,69.4922689281433,1.));
#8102=CARTESIAN_POINT('',(-3.9220670498974,68.6016439281433,1.));
#8103=CARTESIAN_POINT('',(-3.9220670498974,69.4922689281433,0.));
#8104=CARTESIAN_POINT('',(-3.9220670498974,68.6016439281433,0.));
#8105=CARTESIAN_POINT('',(-3.8905729092724,67.7886556468933,0.));
#8106=CARTESIAN_POINT('',(-3.8905729092724,67.7886556468933,1.));
#8107=CARTESIAN_POINT('',(-3.9220670498974,68.1226400218933,0.));
#8108=CARTESIAN_POINT('',(-3.9220670498974,68.1226400218933,1.));
#8109=CARTESIAN_POINT('',(-3.9220670498974,68.6016439281433,0.));
#8110=CARTESIAN_POINT('',(-3.9220670498974,68.6016439281433,1.));
#8111=CARTESIAN_POINT('',(-3.8905729092724,67.7886556468933,1.));
#8112=CARTESIAN_POINT('',(-3.9220670498974,68.1226400218933,1.));
#8113=CARTESIAN_POINT('',(-3.9220670498974,68.6016439281433,1.));
#8114=CARTESIAN_POINT('',(-3.8905729092724,67.7886556468933,1.));
#8115=CARTESIAN_POINT('',(-3.8905729092724,67.7886556468933,0.));
#8116=CARTESIAN_POINT('',(-3.7770475186474,67.2122396312683,0.));
#8117=CARTESIAN_POINT('',(-3.7770475186474,67.2122396312683,1.));
#8118=CARTESIAN_POINT('',(-3.8590787686474,67.4546712718933,0.));
#8119=CARTESIAN_POINT('',(-3.8590787686474,67.4546712718933,1.));
#8120=CARTESIAN_POINT('',(-3.8905729092724,67.7886556468933,0.));
#8121=CARTESIAN_POINT('',(-3.8905729092724,67.7886556468933,1.));
#8122=CARTESIAN_POINT('',(-3.7770475186474,67.2122396312683,1.));
#8123=CARTESIAN_POINT('',(-3.8590787686474,67.4546712718933,1.));
#8124=CARTESIAN_POINT('',(-3.8905729092724,67.7886556468933,1.));
#8125=CARTESIAN_POINT('',(-3.7770475186474,67.2122396312683,1.));
#8126=CARTESIAN_POINT('',(-3.7770475186474,67.2122396312683,0.));
#8127=CARTESIAN_POINT('',(-3.5470670498974,66.8467611156433,0.));
#8128=CARTESIAN_POINT('',(-3.5470670498974,66.8467611156433,1.));
#8129=CARTESIAN_POINT('',(-3.6950162686474,66.9698079906433,0.));
#8130=CARTESIAN_POINT('',(-3.6950162686474,66.9698079906433,1.));
#8131=CARTESIAN_POINT('',(-3.7770475186474,67.2122396312683,0.));
#8132=CARTESIAN_POINT('',(-3.7770475186474,67.2122396312683,1.));
#8133=CARTESIAN_POINT('',(-3.5470670498974,66.8467611156433,1.));
#8134=CARTESIAN_POINT('',(-3.6950162686474,66.9698079906433,1.));
#8135=CARTESIAN_POINT('',(-3.7770475186474,67.2122396312683,1.));
#8136=CARTESIAN_POINT('',(-3.5470670498974,66.8467611156433,1.));
#8137=CARTESIAN_POINT('',(-3.5470670498974,66.8467611156433,0.));
#8138=CARTESIAN_POINT('',(-3.1647428311474,66.7237142406433,0.));
#8139=CARTESIAN_POINT('',(-3.1647428311474,66.7237142406433,1.));
#8140=CARTESIAN_POINT('',(-3.3991178311474,66.7237142406433,0.));
#8141=CARTESIAN_POINT('',(-3.3991178311474,66.7237142406433,1.));
#8142=CARTESIAN_POINT('',(-3.5470670498974,66.8467611156433,0.));
#8143=CARTESIAN_POINT('',(-3.5470670498974,66.8467611156433,1.));
#8144=CARTESIAN_POINT('',(-3.1647428311474,66.7237142406433,1.));
#8145=CARTESIAN_POINT('',(-3.3991178311474,66.7237142406433,1.));
#8146=CARTESIAN_POINT('',(-3.5470670498974,66.8467611156433,1.));
#8147=CARTESIAN_POINT('',(-3.1647428311474,66.7237142406433,1.));
#8148=CARTESIAN_POINT('',(-3.1647428311474,66.7237142406433,0.));
#8149=CARTESIAN_POINT('',(-2.7677701748974,66.7962240062683,0.));
#8150=CARTESIAN_POINT('',(-2.7677701748974,66.7962240062683,1.));
#8151=CARTESIAN_POINT('',(-2.9918912686474,66.7237142406433,0.));
#8152=CARTESIAN_POINT('',(-2.9918912686474,66.7237142406433,1.));
#8153=CARTESIAN_POINT('',(-3.1647428311474,66.7237142406433,0.));
#8154=CARTESIAN_POINT('',(-3.1647428311474,66.7237142406433,1.));
#8155=CARTESIAN_POINT('',(-2.7677701748974,66.7962240062683,1.));
#8156=CARTESIAN_POINT('',(-2.9918912686474,66.7237142406433,1.));
#8157=CARTESIAN_POINT('',(-3.1647428311474,66.7237142406433,1.));
#8158=CARTESIAN_POINT('',(-2.7677701748974,66.7962240062683,1.));
#8159=CARTESIAN_POINT('',(-2.7677701748974,66.7962240062683,0.));
#8160=CARTESIAN_POINT('',(-2.4850553311474,66.8687337718933,0.));
#8161=CARTESIAN_POINT('',(-2.4850553311474,66.8687337718933,1.));
#8162=CARTESIAN_POINT('',(-2.5436490811474,66.8687337718933,0.));
#8163=CARTESIAN_POINT('',(-2.5436490811474,66.8687337718933,1.));
#8164=CARTESIAN_POINT('',(-2.7677701748974,66.7962240062683,0.));
#8165=CARTESIAN_POINT('',(-2.7677701748974,66.7962240062683,1.));
#8166=CARTESIAN_POINT('',(-2.4850553311474,66.8687337718933,1.));
#8167=CARTESIAN_POINT('',(-2.5436490811474,66.8687337718933,1.));
#8168=CARTESIAN_POINT('',(-2.7677701748974,66.7962240062683,1.));
#8169=CARTESIAN_POINT('',(-2.4850553311474,66.8687337718933,1.));
#8170=CARTESIAN_POINT('',(-2.4850553311474,66.8687337718933,0.));
#8171=CARTESIAN_POINT('',(-2.1935514248974,66.7412923656433,0.));
#8172=CARTESIAN_POINT('',(-2.1935514248974,66.7412923656433,1.));
#8173=CARTESIAN_POINT('',(-2.3283170498974,66.8687337718933,0.));
#8174=CARTESIAN_POINT('',(-2.3283170498974,66.8687337718933,1.));
#8175=CARTESIAN_POINT('',(-2.4850553311474,66.8687337718933,0.));
#8176=CARTESIAN_POINT('',(-2.4850553311474,66.8687337718933,1.));
#8177=CARTESIAN_POINT('',(-2.1935514248974,66.7412923656433,1.));
#8178=CARTESIAN_POINT('',(-2.3283170498974,66.8687337718933,1.));
#8179=CARTESIAN_POINT('',(-2.4850553311474,66.8687337718933,1.));
#8180=CARTESIAN_POINT('',(-2.1935514248974,66.7412923656433,1.));
#8181=CARTESIAN_POINT('',(-2.1935514248974,66.7412923656433,0.));
#8182=CARTESIAN_POINT('',(-2.0587857998974,66.4190267406433,0.));
#8183=CARTESIAN_POINT('',(-2.0587857998974,66.4190267406433,1.));
#8184=CARTESIAN_POINT('',(-2.0587857998974,66.6138509593933,0.));
#8185=CARTESIAN_POINT('',(-2.0587857998974,66.6138509593933,1.));
#8186=CARTESIAN_POINT('',(-2.1935514248974,66.7412923656433,0.));
#8187=CARTESIAN_POINT('',(-2.1935514248974,66.7412923656433,1.));
#8188=CARTESIAN_POINT('',(-2.0587857998974,66.4190267406433,1.));
#8189=CARTESIAN_POINT('',(-2.0587857998974,66.6138509593933,1.));
#8190=CARTESIAN_POINT('',(-2.1935514248974,66.7412923656433,1.));
#8191=CARTESIAN_POINT('',(-2.0587857998974,66.4190267406433,1.));
#8192=CARTESIAN_POINT('',(-2.0587857998974,66.4190267406433,0.));
#8193=CARTESIAN_POINT('',(-2.3751920498974,65.9729818187683,0.));
#8194=CARTESIAN_POINT('',(-2.3751920498974,65.9729818187683,1.));
#8195=CARTESIAN_POINT('',(-2.0587857998974,66.1407064281433,0.));
#8196=CARTESIAN_POINT('',(-2.0587857998974,66.1407064281433,1.));
#8197=CARTESIAN_POINT('',(-2.0587857998974,66.4190267406433,0.));
#8198=CARTESIAN_POINT('',(-2.0587857998974,66.4190267406433,1.));
#8199=CARTESIAN_POINT('',(-2.3751920498974,65.9729818187683,1.));
#8200=CARTESIAN_POINT('',(-2.0587857998974,66.1407064281433,1.));
#8201=CARTESIAN_POINT('',(-2.0587857998974,66.4190267406433,1.));
#8202=CARTESIAN_POINT('',(-2.3751920498974,65.9729818187683,1.));
#8203=CARTESIAN_POINT('',(-2.3751920498974,65.9729818187683,0.));
#8204=CARTESIAN_POINT('',(-3.0270475186474,65.8052572093933,0.));
#8205=CARTESIAN_POINT('',(-3.0270475186474,65.8052572093933,1.));
#8206=CARTESIAN_POINT('',(-2.6915982998974,65.8052572093933,0.));
#8207=CARTESIAN_POINT('',(-2.6915982998974,65.8052572093933,1.));
#8208=CARTESIAN_POINT('',(-2.3751920498974,65.9729818187683,0.));
#8209=CARTESIAN_POINT('',(-2.3751920498974,65.9729818187683,1.));
#8210=CARTESIAN_POINT('',(-3.0270475186474,65.8052572093933,1.));
#8211=CARTESIAN_POINT('',(-2.6915982998974,65.8052572093933,1.));
#8212=CARTESIAN_POINT('',(-2.3751920498974,65.9729818187683,1.));
#8213=CARTESIAN_POINT('',(-3.0270475186474,65.8052572093933,1.));
#8214=CARTESIAN_POINT('',(-3.0270475186474,65.8052572093933,0.));
#8215=CARTESIAN_POINT('',(-3.5646451748974,65.9729818187683,0.));
#8216=CARTESIAN_POINT('',(-3.5646451748974,65.9729818187683,1.));
#8217=CARTESIAN_POINT('',(-3.3639615811474,65.8052572093933,0.));
#8218=CARTESIAN_POINT('',(-3.3639615811474,65.8052572093933,1.));
#8219=CARTESIAN_POINT('',(-3.0270475186474,65.8052572093933,0.));
#8220=CARTESIAN_POINT('',(-3.0270475186474,65.8052572093933,1.));
#8221=CARTESIAN_POINT('',(-3.5646451748974,65.9729818187683,1.));
#8222=CARTESIAN_POINT('',(-3.3639615811474,65.8052572093933,1.));
#8223=CARTESIAN_POINT('',(-3.0270475186474,65.8052572093933,1.));
#8224=CARTESIAN_POINT('',(-4.0861295498974,65.9729818187683,0.));
#8225=CARTESIAN_POINT('',(-4.0861295498974,65.9729818187683,1.));
#8226=CARTESIAN_POINT('',(-3.9689420498974,66.1407064281433,0.));
#8227=CARTESIAN_POINT('',(-3.9689420498974,66.1407064281433,1.));
#8228=CARTESIAN_POINT('',(-3.9572232998974,66.4702962718933,0.));
#8229=CARTESIAN_POINT('',(-3.9572232998974,66.4702962718933,1.));
#8230=CARTESIAN_POINT('',(-4.0861295498974,65.9729818187683,0.));
#8231=CARTESIAN_POINT('',(-4.0861295498974,65.9729818187683,1.));
#8232=CARTESIAN_POINT('',(-4.0861295498974,65.9729818187683,1.));
#8233=CARTESIAN_POINT('',(-3.9689420498974,66.1407064281433,1.));
#8234=CARTESIAN_POINT('',(-3.9572232998974,66.4702962718933,1.));
#8235=CARTESIAN_POINT('',(-4.4684537686474,65.8052572093933,0.));
#8236=CARTESIAN_POINT('',(-4.4684537686474,65.8052572093933,1.));
#8237=CARTESIAN_POINT('',(-4.2033170498974,65.8052572093933,0.));
#8238=CARTESIAN_POINT('',(-4.2033170498974,65.8052572093933,1.));
#8239=CARTESIAN_POINT('',(-4.0861295498974,65.9729818187683,0.));
#8240=CARTESIAN_POINT('',(-4.0861295498974,65.9729818187683,1.));
#8241=CARTESIAN_POINT('',(-4.4684537686474,65.8052572093933,1.));
#8242=CARTESIAN_POINT('',(-4.2033170498974,65.8052572093933,1.));
#8243=CARTESIAN_POINT('',(-4.0861295498974,65.9729818187683,1.));
#8244=CARTESIAN_POINT('',(-4.4684537686474,65.8052572093933,1.));
#8245=CARTESIAN_POINT('',(-4.4684537686474,65.8052572093933,0.));
#8246=CARTESIAN_POINT('',(-4.9884732998974,66.5244954906433,0.));
#8247=CARTESIAN_POINT('',(-4.9884732998974,66.5244954906433,1.));
#8248=CARTESIAN_POINT('',(-4.9884732998974,65.8052572093933,0.));
#8249=CARTESIAN_POINT('',(-4.9884732998974,65.8052572093933,1.));
#8250=CARTESIAN_POINT('',(-4.4684537686474,65.8052572093933,0.));
#8251=CARTESIAN_POINT('',(-4.4684537686474,65.8052572093933,1.));
#8252=CARTESIAN_POINT('',(-4.9884732998974,66.5244954906433,1.));
#8253=CARTESIAN_POINT('',(-4.9884732998974,65.8052572093933,1.));
#8254=CARTESIAN_POINT('',(-4.4684537686474,65.8052572093933,1.));
#8255=CARTESIAN_POINT('',(-4.9884732998974,66.5244954906433,1.));
#8256=CARTESIAN_POINT('',(-4.9884732998974,66.5244954906433,0.));
#8257=CARTESIAN_POINT('',(-4.9884732998974,68.0083822093933,0.));
#8258=CARTESIAN_POINT('',(-4.9884732998974,69.4922689281433,1.));
#8259=CARTESIAN_POINT('',(-4.9884732998974,69.4922689281433,1.));
#8260=CARTESIAN_POINT('',(-4.9884732998974,69.4922689281433,0.));
#8261=CARTESIAN_POINT('',(-4.8397916592724,69.9771322093933,0.));
#8262=CARTESIAN_POINT('',(-4.8397916592724,69.9771322093933,1.));
#8263=CARTESIAN_POINT('',(-4.9884732998974,69.8130697093933,0.));
#8264=CARTESIAN_POINT('',(-4.9884732998974,69.8130697093933,1.));
#8265=CARTESIAN_POINT('',(-4.9884732998974,69.4922689281433,0.));
#8266=CARTESIAN_POINT('',(-4.9884732998974,69.4922689281433,1.));
#8267=CARTESIAN_POINT('',(-4.8397916592724,69.9771322093933,1.));
#8268=CARTESIAN_POINT('',(-4.9884732998974,69.8130697093933,1.));
#8269=CARTESIAN_POINT('',(-4.9884732998974,69.4922689281433,1.));
#8270=CARTESIAN_POINT('',(-4.8397916592724,69.9771322093933,1.));
#8271=CARTESIAN_POINT('',(-4.8397916592724,69.9771322093933,0.));
#8272=CARTESIAN_POINT('',(-4.4611295498974,70.1411947093933,0.));
#8273=CARTESIAN_POINT('',(-4.4611295498974,70.1411947093933,1.));
#8274=CARTESIAN_POINT('',(-4.6911100186474,70.1411947093933,0.));
#8275=CARTESIAN_POINT('',(-4.6911100186474,70.1411947093933,1.));
#8276=CARTESIAN_POINT('',(-4.8397916592724,69.9771322093933,0.));
#8277=CARTESIAN_POINT('',(-4.8397916592724,69.9771322093933,1.));
#8278=CARTESIAN_POINT('',(-4.4611295498974,70.1411947093933,1.));
#8279=CARTESIAN_POINT('',(-4.6911100186474,70.1411947093933,1.));
#8280=CARTESIAN_POINT('',(-4.8397916592724,69.9771322093933,1.));
#8281=CARTESIAN_POINT('',(-4.4611295498974,70.1411947093933,1.));
#8282=CARTESIAN_POINT('',(-4.4611295498974,70.1411947093933,0.));
#8283=CARTESIAN_POINT('',(-4.0744107998974,69.9793294750183,0.));
#8284=CARTESIAN_POINT('',(-4.0744107998974,69.9793294750183,1.));
#8285=CARTESIAN_POINT('',(-4.2267545498974,70.1411947093933,0.));
#8286=CARTESIAN_POINT('',(-4.2267545498974,70.1411947093933,1.));
#8287=CARTESIAN_POINT('',(-4.4611295498974,70.1411947093933,0.));
#8288=CARTESIAN_POINT('',(-4.4611295498974,70.1411947093933,1.));
#8289=CARTESIAN_POINT('',(-4.0744107998974,69.9793294750183,1.));
#8290=CARTESIAN_POINT('',(-4.2267545498974,70.1411947093933,1.));
#8291=CARTESIAN_POINT('',(-4.4611295498974,70.1411947093933,1.));
#8292=CARTESIAN_POINT('',(-4.0744107998974,69.9793294750183,1.));
#8293=CARTESIAN_POINT('',(-4.0744107998974,69.9793294750183,0.));
#8294=CARTESIAN_POINT('',(-3.9220670498974,69.4922689281433,0.));
#8295=CARTESIAN_POINT('',(-3.9220670498974,69.4922689281433,1.));
#8296=CARTESIAN_POINT('',(-3.9220670498974,69.8174642406433,0.));
#8297=CARTESIAN_POINT('',(-3.9220670498974,69.8174642406433,1.));
#8298=CARTESIAN_POINT('',(-4.0744107998974,69.9793294750183,0.));
#8299=CARTESIAN_POINT('',(-4.0744107998974,69.9793294750183,1.));
#8300=CARTESIAN_POINT('',(-3.9220670498974,69.4922689281433,1.));
#8301=CARTESIAN_POINT('',(-3.9220670498974,69.8174642406433,1.));
#8302=CARTESIAN_POINT('',(-4.0744107998974,69.9793294750183,1.));
#8303=CARTESIAN_POINT('',(-3.96783038671479,67.4959543686837,1.));
#8304=CARTESIAN_POINT('',(-5.5993131436474,65.0874837718933,0.));
#8305=CARTESIAN_POINT('',(-5.5993131436474,65.0874837718933,1.));
#8306=CARTESIAN_POINT('',(-5.7340787686474,65.2105306468933,0.));
#8307=CARTESIAN_POINT('',(-5.7340787686474,65.2105306468933,1.));
#8308=CARTESIAN_POINT('',(-6.0109342373974,65.2105306468933,0.));
#8309=CARTESIAN_POINT('',(-6.0109342373974,65.2105306468933,1.));
#8310=CARTESIAN_POINT('',(-5.5993131436474,65.0874837718933,1.));
#8311=CARTESIAN_POINT('',(-5.7340787686474,65.2105306468933,1.));
#8312=CARTESIAN_POINT('',(-6.0109342373974,65.2105306468933,1.));
#8313=CARTESIAN_POINT('',(-6.0109342373974,65.2105306468933,1.));
#8314=CARTESIAN_POINT('',(-5.5993131436474,65.0874837718933,1.));
#8315=CARTESIAN_POINT('',(-6.0109342373974,65.2105306468933,0.));
#8316=CARTESIAN_POINT('',(-5.5993131436474,65.0874837718933,0.));
#8317=CARTESIAN_POINT('',(-5.4645475186474,64.7622884593933,0.));
#8318=CARTESIAN_POINT('',(-5.4645475186474,64.7622884593933,1.));
#8319=CARTESIAN_POINT('',(-5.4645475186474,64.9644368968933,0.));
#8320=CARTESIAN_POINT('',(-5.4645475186474,64.9644368968933,1.));
#8321=CARTESIAN_POINT('',(-5.5993131436474,65.0874837718933,0.));
#8322=CARTESIAN_POINT('',(-5.5993131436474,65.0874837718933,1.));
#8323=CARTESIAN_POINT('',(-5.4645475186474,64.7622884593933,1.));
#8324=CARTESIAN_POINT('',(-5.4645475186474,64.9644368968933,1.));
#8325=CARTESIAN_POINT('',(-5.5993131436474,65.0874837718933,1.));
#8326=CARTESIAN_POINT('',(-5.4645475186474,64.7622884593933,1.));
#8327=CARTESIAN_POINT('',(-5.4645475186474,64.7622884593933,0.));
#8328=CARTESIAN_POINT('',(-5.5993131436474,64.4400228343933,0.));
#8329=CARTESIAN_POINT('',(-5.5993131436474,64.4400228343933,1.));
#8330=CARTESIAN_POINT('',(-5.4645475186474,64.5630697093933,0.));
#8331=CARTESIAN_POINT('',(-5.4645475186474,64.5630697093933,1.));
#8332=CARTESIAN_POINT('',(-5.4645475186474,64.7622884593933,0.));
#8333=CARTESIAN_POINT('',(-5.4645475186474,64.7622884593933,1.));
#8334=CARTESIAN_POINT('',(-5.5993131436474,64.4400228343933,1.));
#8335=CARTESIAN_POINT('',(-5.4645475186474,64.5630697093933,1.));
#8336=CARTESIAN_POINT('',(-5.4645475186474,64.7622884593933,1.));
#8337=CARTESIAN_POINT('',(-5.5993131436474,64.4400228343933,1.));
#8338=CARTESIAN_POINT('',(-5.5993131436474,64.4400228343933,0.));
#8339=CARTESIAN_POINT('',(-6.0109342373974,64.3169759593933,0.));
#8340=CARTESIAN_POINT('',(-6.0109342373974,64.3169759593933,1.));
#8341=CARTESIAN_POINT('',(-5.7340787686474,64.3169759593933,0.));
#8342=CARTESIAN_POINT('',(-5.7340787686474,64.3169759593933,1.));
#8343=CARTESIAN_POINT('',(-5.5993131436474,64.4400228343933,0.));
#8344=CARTESIAN_POINT('',(-5.5993131436474,64.4400228343933,1.));
#8345=CARTESIAN_POINT('',(-6.0109342373974,64.3169759593933,1.));
#8346=CARTESIAN_POINT('',(-5.7340787686474,64.3169759593933,1.));
#8347=CARTESIAN_POINT('',(-5.5993131436474,64.4400228343933,1.));
#8348=CARTESIAN_POINT('',(-6.0109342373974,64.3169759593933,1.));
#8349=CARTESIAN_POINT('',(-6.0109342373974,64.3169759593933,0.));
#8350=CARTESIAN_POINT('',(-7.3783658780224,64.3169759593933,0.));
#8351=CARTESIAN_POINT('',(-8.7457975186474,64.3169759593933,1.));
#8352=CARTESIAN_POINT('',(-8.7457975186474,64.3169759593933,1.));
#8353=CARTESIAN_POINT('',(-8.7457975186474,64.3169759593933,0.));
#8354=CARTESIAN_POINT('',(-9.1500943936474,64.3894857250183,0.));
#8355=CARTESIAN_POINT('',(-9.1500943936474,64.3894857250183,1.));
#8356=CARTESIAN_POINT('',(-8.9918912686474,64.3169759593933,0.));
#8357=CARTESIAN_POINT('',(-8.9918912686474,64.3169759593933,1.));
#8358=CARTESIAN_POINT('',(-8.7457975186474,64.3169759593933,0.));
#8359=CARTESIAN_POINT('',(-8.7457975186474,64.3169759593933,1.));
#8360=CARTESIAN_POINT('',(-9.1500943936474,64.3894857250183,1.));
#8361=CARTESIAN_POINT('',(-8.9918912686474,64.3169759593933,1.));
#8362=CARTESIAN_POINT('',(-8.7457975186474,64.3169759593933,1.));
#8363=CARTESIAN_POINT('',(-9.1500943936474,64.3894857250183,1.));
#8364=CARTESIAN_POINT('',(-9.1500943936474,64.3894857250183,0.));
#8365=CARTESIAN_POINT('',(-9.3822721280224,64.6201986156433,0.));
#8366=CARTESIAN_POINT('',(-9.3822721280224,64.6201986156433,1.));
#8367=CARTESIAN_POINT('',(-9.3082975186474,64.4619954906433,0.));
#8368=CARTESIAN_POINT('',(-9.3082975186474,64.4619954906433,1.));
#8369=CARTESIAN_POINT('',(-9.1500943936474,64.3894857250183,0.));
#8370=CARTESIAN_POINT('',(-9.1500943936474,64.3894857250183,1.));
#8371=CARTESIAN_POINT('',(-9.3822721280224,64.6201986156433,1.));
#8372=CARTESIAN_POINT('',(-9.3082975186474,64.4619954906433,1.));
#8373=CARTESIAN_POINT('',(-9.1500943936474,64.3894857250183,1.));
#8374=CARTESIAN_POINT('',(-9.3822721280224,64.6201986156433,1.));
#8375=CARTESIAN_POINT('',(-9.3822721280224,64.6201986156433,0.));
#8376=CARTESIAN_POINT('',(-9.4562467373974,65.0274251781433,0.));
#8377=CARTESIAN_POINT('',(-9.4562467373974,65.0274251781433,1.));
#8378=CARTESIAN_POINT('',(-9.4562467373974,64.7784017406433,0.));
#8379=CARTESIAN_POINT('',(-9.4562467373974,64.7784017406433,1.));
#8380=CARTESIAN_POINT('',(-9.3822721280224,64.6201986156433,0.));
#8381=CARTESIAN_POINT('',(-9.3822721280224,64.6201986156433,1.));
#8382=CARTESIAN_POINT('',(-9.4562467373974,65.0274251781433,1.));
#8383=CARTESIAN_POINT('',(-9.4562467373974,64.7784017406433,1.));
#8384=CARTESIAN_POINT('',(-9.3822721280224,64.6201986156433,1.));
#8385=CARTESIAN_POINT('',(-9.4562467373974,65.0274251781433,1.));
#8386=CARTESIAN_POINT('',(-9.4562467373974,65.0274251781433,0.));
#8387=CARTESIAN_POINT('',(-9.4562467373974,67.2305501781433,0.));
#8388=CARTESIAN_POINT('',(-9.4562467373974,69.4336751781433,1.));
#8389=CARTESIAN_POINT('',(-9.4562467373974,69.4336751781433,1.));
#8390=CARTESIAN_POINT('',(-9.4562467373974,69.4336751781433,0.));
#8391=CARTESIAN_POINT('',(-9.2943815030224,69.9654134593933,0.));
#8392=CARTESIAN_POINT('',(-9.2943815030224,69.9654134593933,1.));
#8393=CARTESIAN_POINT('',(-9.4562467373974,69.7896322093933,0.));
#8394=CARTESIAN_POINT('',(-9.4562467373974,69.7896322093933,1.));
#8395=CARTESIAN_POINT('',(-9.4562467373974,69.4336751781433,0.));
#8396=CARTESIAN_POINT('',(-9.4562467373974,69.4336751781433,1.));
#8397=CARTESIAN_POINT('',(-9.2943815030224,69.9654134593933,1.));
#8398=CARTESIAN_POINT('',(-9.4562467373974,69.7896322093933,1.));
#8399=CARTESIAN_POINT('',(-9.4562467373974,69.4336751781433,1.));
#8400=CARTESIAN_POINT('',(-9.2943815030224,69.9654134593933,1.));
#8401=CARTESIAN_POINT('',(-9.2943815030224,69.9654134593933,0.));
#8402=CARTESIAN_POINT('',(-8.8747037686474,70.1411947093933,0.));
#8403=CARTESIAN_POINT('',(-8.8747037686474,70.1411947093933,1.));
#8404=CARTESIAN_POINT('',(-9.1325162686474,70.1411947093933,0.));
#8405=CARTESIAN_POINT('',(-9.1325162686474,70.1411947093933,1.));
#8406=CARTESIAN_POINT('',(-9.2943815030224,69.9654134593933,0.));
#8407=CARTESIAN_POINT('',(-9.2943815030224,69.9654134593933,1.));
#8408=CARTESIAN_POINT('',(-8.8747037686474,70.1411947093933,1.));
#8409=CARTESIAN_POINT('',(-9.1325162686474,70.1411947093933,1.));
#8410=CARTESIAN_POINT('',(-9.2943815030224,69.9654134593933,1.));
#8411=CARTESIAN_POINT('',(-8.8747037686474,70.1411947093933,1.));
#8412=CARTESIAN_POINT('',(-8.8747037686474,70.1411947093933,0.));
#8413=CARTESIAN_POINT('',(-8.4579557217724,69.9676107250183,0.));
#8414=CARTESIAN_POINT('',(-8.4579557217724,69.9676107250183,1.));
#8415=CARTESIAN_POINT('',(-8.6198209561474,70.1411947093933,0.));
#8416=CARTESIAN_POINT('',(-8.6198209561474,70.1411947093933,1.));
#8417=CARTESIAN_POINT('',(-8.8747037686474,70.1411947093933,0.));
#8418=CARTESIAN_POINT('',(-8.8747037686474,70.1411947093933,1.));
#8419=CARTESIAN_POINT('',(-8.4579557217724,69.9676107250183,1.));
#8420=CARTESIAN_POINT('',(-8.6198209561474,70.1411947093933,1.));
#8421=CARTESIAN_POINT('',(-8.8747037686474,70.1411947093933,1.));
#8422=CARTESIAN_POINT('',(-8.4579557217724,69.9676107250183,1.));
#8423=CARTESIAN_POINT('',(-8.4579557217724,69.9676107250183,0.));
#8424=CARTESIAN_POINT('',(-8.2960904873974,69.4336751781433,0.));
#8425=CARTESIAN_POINT('',(-8.2960904873974,69.4336751781433,1.));
#8426=CARTESIAN_POINT('',(-8.2960904873974,69.7940267406433,0.));
#8427=CARTESIAN_POINT('',(-8.2960904873974,69.7940267406433,1.));
#8428=CARTESIAN_POINT('',(-8.4579557217724,69.9676107250183,0.));
#8429=CARTESIAN_POINT('',(-8.4579557217724,69.9676107250183,1.));
#8430=CARTESIAN_POINT('',(-8.2960904873974,69.4336751781433,1.));
#8431=CARTESIAN_POINT('',(-8.2960904873974,69.7940267406433,1.));
#8432=CARTESIAN_POINT('',(-8.4579557217724,69.9676107250183,1.));
#8433=CARTESIAN_POINT('',(-8.2960904873974,69.4336751781433,1.));
#8434=CARTESIAN_POINT('',(-8.2960904873974,69.4336751781433,0.));
#8435=CARTESIAN_POINT('',(-8.2960904873974,68.4903158031433,0.));
#8436=CARTESIAN_POINT('',(-8.2960904873974,67.5469564281433,1.));
#8437=CARTESIAN_POINT('',(-8.2960904873974,67.5469564281433,1.));
#8438=CARTESIAN_POINT('',(-8.2960904873974,67.5469564281433,0.));
#8439=CARTESIAN_POINT('',(-7.3410123623974,67.5469564281433,0.));
#8440=CARTESIAN_POINT('',(-6.3859342373974,67.5469564281433,1.));
#8441=CARTESIAN_POINT('',(-6.3859342373974,67.5469564281433,1.));
#8442=CARTESIAN_POINT('',(-6.3859342373974,67.5469564281433,0.));
#8443=CARTESIAN_POINT('',(-5.9911588467724,67.4297689281433,0.));
#8444=CARTESIAN_POINT('',(-5.9911588467724,67.4297689281433,1.));
#8445=CARTESIAN_POINT('',(-6.1237272061474,67.5469564281433,0.));
#8446=CARTESIAN_POINT('',(-6.1237272061474,67.5469564281433,1.));
#8447=CARTESIAN_POINT('',(-6.3859342373974,67.5469564281433,0.));
#8448=CARTESIAN_POINT('',(-6.3859342373974,67.5469564281433,1.));
#8449=CARTESIAN_POINT('',(-5.9911588467724,67.4297689281433,1.));
#8450=CARTESIAN_POINT('',(-6.1237272061474,67.5469564281433,1.));
#8451=CARTESIAN_POINT('',(-6.3859342373974,67.5469564281433,1.));
#8452=CARTESIAN_POINT('',(-5.9911588467724,67.4297689281433,1.));
#8453=CARTESIAN_POINT('',(-5.9911588467724,67.4297689281433,0.));
#8454=CARTESIAN_POINT('',(-5.8585904873974,67.1133626781433,0.));
#8455=CARTESIAN_POINT('',(-5.8585904873974,67.1133626781433,1.));
#8456=CARTESIAN_POINT('',(-5.8585904873974,67.3125814281433,0.));
#8457=CARTESIAN_POINT('',(-5.8585904873974,67.3125814281433,1.));
#8458=CARTESIAN_POINT('',(-5.9911588467724,67.4297689281433,0.));
#8459=CARTESIAN_POINT('',(-5.9911588467724,67.4297689281433,1.));
#8460=CARTESIAN_POINT('',(-5.8585904873974,67.1133626781433,1.));
#8461=CARTESIAN_POINT('',(-5.8585904873974,67.3125814281433,1.));
#8462=CARTESIAN_POINT('',(-5.9911588467724,67.4297689281433,1.));
#8463=CARTESIAN_POINT('',(-5.8585904873974,67.1133626781433,1.));
#8464=CARTESIAN_POINT('',(-5.8585904873974,67.1133626781433,0.));
#8465=CARTESIAN_POINT('',(-5.9896940030224,66.7954915843933,0.));
#8466=CARTESIAN_POINT('',(-5.9896940030224,66.7954915843933,1.));
#8467=CARTESIAN_POINT('',(-5.8585904873974,66.9141439281433,0.));
#8468=CARTESIAN_POINT('',(-5.8585904873974,66.9141439281433,1.));
#8469=CARTESIAN_POINT('',(-5.8585904873974,67.1133626781433,0.));
#8470=CARTESIAN_POINT('',(-5.8585904873974,67.1133626781433,1.));
#8471=CARTESIAN_POINT('',(-5.9896940030224,66.7954915843933,1.));
#8472=CARTESIAN_POINT('',(-5.8585904873974,66.9141439281433,1.));
#8473=CARTESIAN_POINT('',(-5.8585904873974,67.1133626781433,1.));
#8474=CARTESIAN_POINT('',(-5.9896940030224,66.7954915843933,1.));
#8475=CARTESIAN_POINT('',(-5.9896940030224,66.7954915843933,0.));
#8476=CARTESIAN_POINT('',(-6.3859342373974,66.6768392406433,0.));
#8477=CARTESIAN_POINT('',(-6.3859342373974,66.6768392406433,1.));
#8478=CARTESIAN_POINT('',(-6.1207975186474,66.6768392406433,0.));
#8479=CARTESIAN_POINT('',(-6.1207975186474,66.6768392406433,1.));
#8480=CARTESIAN_POINT('',(-5.9896940030224,66.7954915843933,0.));
#8481=CARTESIAN_POINT('',(-5.9896940030224,66.7954915843933,1.));
#8482=CARTESIAN_POINT('',(-6.3859342373974,66.6768392406433,1.));
#8483=CARTESIAN_POINT('',(-6.1207975186474,66.6768392406433,1.));
#8484=CARTESIAN_POINT('',(-5.9896940030224,66.7954915843933,1.));
#8485=CARTESIAN_POINT('',(-7.1535123623974,65.2105306468933,0.));
#8486=CARTESIAN_POINT('',(-6.0109342373974,65.2105306468933,1.));
#8487=CARTESIAN_POINT('',(-7.90072177845701,66.6088374126803,1.));
#8488=CARTESIAN_POINT('',(84.5000000000002,78.2499999999998,10.));
#8489=CARTESIAN_POINT('',(84.5000000000002,78.2499999999998,10.));
#8490=CARTESIAN_POINT('',(85.9000000000002,78.2499999999998,10.));
#8491=CARTESIAN_POINT('',(-58.4999999999998,78.2500000000001,10.));
#8492=CARTESIAN_POINT('',(-58.4999999999998,78.2500000000001,10.));
#8493=CARTESIAN_POINT('',(-57.0999999999999,78.2500000000001,10.));
#8494=CARTESIAN_POINT('',(-84.5000000000002,-77.7499999999999,10.));
#8495=CARTESIAN_POINT('',(-84.5000000000002,-77.7499999999999,10.));
#8496=CARTESIAN_POINT('',(-83.1000000000002,-77.7499999999999,10.));
#8497=CARTESIAN_POINT('',(-19.5000000000001,-77.75,10.));
#8498=CARTESIAN_POINT('',(-19.5000000000001,-77.75,10.));
#8499=CARTESIAN_POINT('',(-18.1000000000001,-77.75,10.));
#8500=CARTESIAN_POINT('',(58.4999999999999,-77.7500000000002,10.));
#8501=CARTESIAN_POINT('',(58.4999999999999,-77.7500000000002,10.));
#8502=CARTESIAN_POINT('',(59.8999999999999,-77.7500000000002,10.));
#8503=CARTESIAN_POINT('',(84.5,0.249999999999807,10.));
#8504=CARTESIAN_POINT('',(84.5,0.249999999999807,10.));
#8505=CARTESIAN_POINT('',(85.9,0.249999999999807,10.));
#8506=CARTESIAN_POINT('',(84.4999999999999,-51.7500000000002,10.));
#8507=CARTESIAN_POINT('',(84.4999999999999,-51.7500000000002,10.));
#8508=CARTESIAN_POINT('',(85.8999999999999,-51.7500000000002,10.));
#8509=CARTESIAN_POINT('',(84.5000000000002,52.2499999999998,10.));
#8510=CARTESIAN_POINT('',(84.5000000000002,52.2499999999998,10.));
#8511=CARTESIAN_POINT('',(85.9000000000002,52.2499999999998,10.));
#8512=CARTESIAN_POINT('',(-84.5000000000001,-25.7499999999999,10.));
#8513=CARTESIAN_POINT('',(-84.5000000000001,-25.7499999999999,10.));
#8514=CARTESIAN_POINT('',(-83.1000000000001,-25.7499999999999,10.));
#8515=CARTESIAN_POINT('',(-84.5,26.2500000000002,10.));
#8516=CARTESIAN_POINT('',(-84.5,26.2500000000002,10.));
#8517=CARTESIAN_POINT('',(-83.1,26.2500000000002,10.));
#8518=CARTESIAN_POINT('',(-6.50000000000014,-77.75,10.));
#8519=CARTESIAN_POINT('',(-6.50000000000014,-77.75,10.));
#8520=CARTESIAN_POINT('',(-5.10000000000014,-77.75,10.));
#8521=CARTESIAN_POINT('',(32.4999999999999,-77.7500000000001,10.));
#8522=CARTESIAN_POINT('',(32.4999999999999,-77.7500000000001,10.));
#8523=CARTESIAN_POINT('',(33.8999999999999,-77.7500000000001,10.));
#8524=CARTESIAN_POINT('',(71.4999999999999,-77.7500000000002,10.));
#8525=CARTESIAN_POINT('',(71.4999999999999,-77.7500000000002,10.));
#8526=CARTESIAN_POINT('',(72.8999999999999,-77.7500000000002,10.));
#8527=CARTESIAN_POINT('',(-45.5000000000002,-77.7499999999999,10.));
#8528=CARTESIAN_POINT('',(-45.5000000000002,-77.7499999999999,10.));
#8529=CARTESIAN_POINT('',(-44.1000000000002,-77.7499999999999,10.));
#8530=CARTESIAN_POINT('',(84.4999999999999,-64.7500000000002,10.));
#8531=CARTESIAN_POINT('',(84.4999999999999,-64.7500000000002,10.));
#8532=CARTESIAN_POINT('',(85.8999999999999,-64.7500000000002,10.));
#8533=CARTESIAN_POINT('',(-84.5000000000001,-38.7499999999999,10.));
#8534=CARTESIAN_POINT('',(-84.5000000000001,-38.7499999999999,10.));
#8535=CARTESIAN_POINT('',(-83.1000000000001,-38.7499999999999,10.));
#8536=CARTESIAN_POINT('',(-84.5,13.2500000000002,10.));
#8537=CARTESIAN_POINT('',(-84.5,13.2500000000002,10.));
#8538=CARTESIAN_POINT('',(-83.1,13.2500000000002,10.));
#8539=CARTESIAN_POINT('',(-84.4999999999999,65.2500000000002,10.));
#8540=CARTESIAN_POINT('',(-84.4999999999999,65.2500000000002,10.));
#8541=CARTESIAN_POINT('',(-83.0999999999999,65.2500000000002,10.));
#8542=CARTESIAN_POINT('',(-45.4999999999998,78.2500000000001,10.));
#8543=CARTESIAN_POINT('',(-45.4999999999998,78.2500000000001,10.));
#8544=CARTESIAN_POINT('',(-44.0999999999998,78.2500000000001,10.));
#8545=CARTESIAN_POINT('',(6.50000000000018,78.25,10.));
#8546=CARTESIAN_POINT('',(6.50000000000018,78.25,10.));
#8547=CARTESIAN_POINT('',(7.90000000000018,78.25,10.));
#8548=CARTESIAN_POINT('',(45.5000000000002,78.2499999999999,10.));
#8549=CARTESIAN_POINT('',(45.5000000000002,78.2499999999999,10.));
#8550=CARTESIAN_POINT('',(46.9000000000002,78.2499999999999,10.));
#8551=CARTESIAN_POINT('',(84.5000000000002,65.2499999999998,10.));
#8552=CARTESIAN_POINT('',(84.5000000000002,65.2499999999998,10.));
#8553=CARTESIAN_POINT('',(85.9000000000002,65.2499999999998,10.));
#8554=CARTESIAN_POINT('',(84.5000000000001,13.2499999999998,10.));
#8555=CARTESIAN_POINT('',(84.5000000000001,13.2499999999998,10.));
#8556=CARTESIAN_POINT('',(85.9000000000001,13.2499999999998,10.));
#8557=CARTESIAN_POINT('',(84.5,-38.7500000000002,10.));
#8558=CARTESIAN_POINT('',(84.5,-38.7500000000002,10.));
#8559=CARTESIAN_POINT('',(85.9,-38.7500000000002,10.));
#8560=CARTESIAN_POINT('',(-19.4999999999998,78.2500000000001,10.));
#8561=CARTESIAN_POINT('',(-19.4999999999998,78.2500000000001,10.));
#8562=CARTESIAN_POINT('',(-18.0999999999998,78.2500000000001,10.));
#8563=CARTESIAN_POINT('',(-32.4999999999998,78.2500000000001,10.));
#8564=CARTESIAN_POINT('',(-32.4999999999998,78.2500000000001,10.));
#8565=CARTESIAN_POINT('',(-31.0999999999998,78.2500000000001,10.));
#8566=CARTESIAN_POINT('',(84.5,-12.7500000000002,10.));
#8567=CARTESIAN_POINT('',(84.5,-12.7500000000002,10.));
#8568=CARTESIAN_POINT('',(85.9,-12.7500000000002,10.));
#8569=CARTESIAN_POINT('',(84.5000000000001,39.2499999999998,10.));
#8570=CARTESIAN_POINT('',(84.5000000000001,39.2499999999998,10.));
#8571=CARTESIAN_POINT('',(85.9000000000001,39.2499999999998,10.));
#8572=CARTESIAN_POINT('',(71.5000000000002,78.2499999999999,10.));
#8573=CARTESIAN_POINT('',(71.5000000000002,78.2499999999999,10.));
#8574=CARTESIAN_POINT('',(72.9000000000002,78.2499999999999,10.));
#8575=CARTESIAN_POINT('',(32.5000000000002,78.2499999999999,10.));
#8576=CARTESIAN_POINT('',(32.5000000000002,78.2499999999999,10.));
#8577=CARTESIAN_POINT('',(33.9000000000002,78.2499999999999,10.));
#8578=CARTESIAN_POINT('',(-6.49999999999982,78.25,10.));
#8579=CARTESIAN_POINT('',(-6.49999999999982,78.25,10.));
#8580=CARTESIAN_POINT('',(-5.09999999999982,78.25,10.));
#8581=CARTESIAN_POINT('',(-71.4999999999999,78.2500000000002,10.));
#8582=CARTESIAN_POINT('',(-71.4999999999999,78.2500000000002,10.));
#8583=CARTESIAN_POINT('',(-70.0999999999999,78.2500000000002,10.));
#8584=CARTESIAN_POINT('',(-84.4999999999999,39.2500000000002,10.));
#8585=CARTESIAN_POINT('',(-84.4999999999999,39.2500000000002,10.));
#8586=CARTESIAN_POINT('',(-83.0999999999999,39.2500000000002,10.));
#8587=CARTESIAN_POINT('',(-84.5,-12.7499999999998,10.));
#8588=CARTESIAN_POINT('',(-84.5,-12.7499999999998,10.));
#8589=CARTESIAN_POINT('',(-83.1,-12.7499999999998,10.));
#8590=CARTESIAN_POINT('',(-84.5000000000001,-64.7499999999999,10.));
#8591=CARTESIAN_POINT('',(-84.5000000000001,-64.7499999999999,10.));
#8592=CARTESIAN_POINT('',(-83.1000000000001,-64.7499999999999,10.));
#8593=CARTESIAN_POINT('',(-71.5000000000002,-77.7499999999999,10.));
#8594=CARTESIAN_POINT('',(-71.5000000000002,-77.7499999999999,10.));
#8595=CARTESIAN_POINT('',(-70.1000000000002,-77.7499999999999,10.));
#8596=CARTESIAN_POINT('',(-32.5000000000001,-77.75,10.));
#8597=CARTESIAN_POINT('',(-32.5000000000001,-77.75,10.));
#8598=CARTESIAN_POINT('',(-31.1000000000002,-77.75,10.));
#8599=CARTESIAN_POINT('',(45.4999999999999,-77.7500000000001,10.));
#8600=CARTESIAN_POINT('',(45.4999999999999,-77.7500000000001,10.));
#8601=CARTESIAN_POINT('',(46.8999999999999,-77.7500000000001,10.));
#8602=CARTESIAN_POINT('',(6.49999999999986,-77.7500000000001,10.));
#8603=CARTESIAN_POINT('',(6.49999999999986,-77.7500000000001,10.));
#8604=CARTESIAN_POINT('',(7.89999999999986,-77.7500000000001,10.));
#8605=CARTESIAN_POINT('',(-84.4999999999999,52.2500000000002,10.));
#8606=CARTESIAN_POINT('',(-84.4999999999999,52.2500000000002,10.));
#8607=CARTESIAN_POINT('',(-83.0999999999999,52.2500000000002,10.));
#8608=CARTESIAN_POINT('',(-84.5000000000001,-51.7499999999999,10.));
#8609=CARTESIAN_POINT('',(-84.5000000000001,-51.7499999999999,10.));
#8610=CARTESIAN_POINT('',(-83.1000000000001,-51.7499999999999,10.));
#8611=CARTESIAN_POINT('',(-84.5,0.250000000000152,10.));
#8612=CARTESIAN_POINT('',(-84.5,0.250000000000152,10.));
#8613=CARTESIAN_POINT('',(-83.1,0.250000000000152,10.));
#8614=CARTESIAN_POINT('',(84.5000000000001,26.2499999999998,10.));
#8615=CARTESIAN_POINT('',(84.5000000000001,26.2499999999998,10.));
#8616=CARTESIAN_POINT('',(85.9000000000001,26.2499999999998,10.));
#8617=CARTESIAN_POINT('',(84.5,-25.7500000000002,10.));
#8618=CARTESIAN_POINT('',(84.5,-25.7500000000002,10.));
#8619=CARTESIAN_POINT('',(85.9,-25.7500000000002,10.));
#8620=CARTESIAN_POINT('',(84.4999999999999,-77.7500000000002,10.));
#8621=CARTESIAN_POINT('',(84.4999999999999,-77.7500000000002,10.));
#8622=CARTESIAN_POINT('',(85.8999999999999,-77.7500000000002,10.));
#8623=CARTESIAN_POINT('',(19.4999999999999,-77.7500000000001,10.));
#8624=CARTESIAN_POINT('',(19.4999999999999,-77.7500000000001,10.));
#8625=CARTESIAN_POINT('',(20.8999999999999,-77.7500000000001,10.));
#8626=CARTESIAN_POINT('',(-58.5000000000002,-77.7499999999999,10.));
#8627=CARTESIAN_POINT('',(-58.5000000000002,-77.7499999999999,10.));
#8628=CARTESIAN_POINT('',(-57.1000000000002,-77.7499999999999,10.));
#8629=CARTESIAN_POINT('',(58.5000000000002,78.2499999999999,10.));
#8630=CARTESIAN_POINT('',(58.5000000000002,78.2499999999999,10.));
#8631=CARTESIAN_POINT('',(59.9000000000002,78.2499999999999,10.));
#8632=CARTESIAN_POINT('',(19.5000000000002,78.25,10.));
#8633=CARTESIAN_POINT('',(19.5000000000002,78.25,10.));
#8634=CARTESIAN_POINT('',(20.9000000000002,78.25,10.));
#8635=CARTESIAN_POINT('',(-84.4999999999999,78.2500000000002,10.));
#8636=CARTESIAN_POINT('',(-84.4999999999999,78.2500000000002,10.));
#8637=CARTESIAN_POINT('',(-83.0999999999999,78.2500000000002,10.));
#8638=CARTESIAN_POINT('',(0.,0.,10.));
#8639=CARTESIAN_POINT('',(-3.72500018,4.0000004,10.));
#8640=CARTESIAN_POINT('',(-2.97500168,4.0000004,10.));
#8641=CARTESIAN_POINT('',(9.02499972,-5.65000062,10.));
#8642=CARTESIAN_POINT('',(9.69999972,-5.65000062,10.));
#8643=CARTESIAN_POINT('',(12.64999882,-4.02500006,10.));
#8644=CARTESIAN_POINT('',(13.32499882,-4.02500006,10.));
#8645=CARTESIAN_POINT('',(18.99999882,-2.47500062,10.));
#8646=CARTESIAN_POINT('',(19.67499882,-2.47500062,10.));
#8647=CARTESIAN_POINT('',(16.17500066,5.99999894,10.));
#8648=CARTESIAN_POINT('',(16.85000066,5.99999894,10.));
#8649=CARTESIAN_POINT('',(14.4500003,-1.27500048,10.));
#8650=CARTESIAN_POINT('',(15.1250003,-1.27500048,10.));
#8651=CARTESIAN_POINT('',(9.89999924,-2.3499996,10.));
#8652=CARTESIAN_POINT('',(10.57499924,-2.3499996,10.));
#8653=CARTESIAN_POINT('',(3.74999884,-2.67500022,10.));
#8654=CARTESIAN_POINT('',(4.42499884,-2.67500022,10.));
#8655=CARTESIAN_POINT('',(0.675001179999999,-4.55000028,10.));
#8656=CARTESIAN_POINT('',(1.35000118,-4.55000028,10.));
#8657=CARTESIAN_POINT('',(-5.67499882,-3.25000034,10.));
#8658=CARTESIAN_POINT('',(-4.99999882,-3.25000034,10.));
#8659=CARTESIAN_POINT('',(11.7749993,4.07499898,10.));
#8660=CARTESIAN_POINT('',(12.4499993,4.07499898,10.));
#8661=CARTESIAN_POINT('',(8.90000124,6.67499886,10.));
#8662=CARTESIAN_POINT('',(9.57500124,6.67499886,10.));
#8663=CARTESIAN_POINT('',(2.399999,2.17500024,10.));
#8664=CARTESIAN_POINT('',(3.074999,2.17500024,10.));
#8665=CARTESIAN_POINT('',(1.09999906,5.42499882,10.));
#8666=CARTESIAN_POINT('',(1.77499906,5.42499882,10.));
#8667=CARTESIAN_POINT('',(-2.42500024,5.42499882,10.));
#8668=CARTESIAN_POINT('',(-1.75000024,5.42499882,10.));
#8669=CARTESIAN_POINT('',(-6.37499996,3.6500011,10.));
#8670=CARTESIAN_POINT('',(-5.69999996,3.6500011,10.));
#8671=CARTESIAN_POINT('',(-2.85000066,0.9250002,10.));
#8672=CARTESIAN_POINT('',(-2.17500066,0.9250002,10.));
#8673=CARTESIAN_POINT('',(-12.62500016,1.74999982,10.));
#8674=CARTESIAN_POINT('',(-11.95000016,1.74999982,10.));
#8675=CARTESIAN_POINT('',(-8.34999982,5.25000044,10.));
#8676=CARTESIAN_POINT('',(-7.67499982,5.25000044,10.));
#8677=CARTESIAN_POINT('',(-15.35000106,5.10000074,10.));
#8678=CARTESIAN_POINT('',(-14.67500106,5.10000074,10.));
#8679=CARTESIAN_POINT('',(-21.47500024,-1.07500088,10.));
#8680=CARTESIAN_POINT('',(-20.80000024,-1.07500088,10.));
#8681=CARTESIAN_POINT('',(-15.7598199,-5.4008952,10.));
#8682=CARTESIAN_POINT('',(-15.0848199,-5.4008952,10.));
#8683=CARTESIAN_POINT('',(-18.42500126,-1.19999936,10.));
#8684=CARTESIAN_POINT('',(-17.75000126,-1.19999936,10.));
#8685=CARTESIAN_POINT('',(-18.69999944,4.3499997,10.));
#8686=CARTESIAN_POINT('',(-18.02499944,4.3499997,10.));
#8687=CARTESIAN_POINT('',(-11.55000104,6.40000068,10.));
#8688=CARTESIAN_POINT('',(-10.87500104,6.40000068,10.));
#8689=CARTESIAN_POINT('',(-9.50000006,2.75000036,10.));
#8690=CARTESIAN_POINT('',(-8.82500006,2.75000036,10.));
#8691=CARTESIAN_POINT('',(-10.8999998,-6.52500014,10.));
#8692=CARTESIAN_POINT('',(-10.2249998,-6.52500014,10.));
#8693=CARTESIAN_POINT('',(-7.0750011,0.9250002,10.));
#8694=CARTESIAN_POINT('',(-6.4000011,0.9250002,10.));
#8695=CARTESIAN_POINT('',(-4.97500022,5.77500066,10.));
#8696=CARTESIAN_POINT('',(-4.30000022,5.77500066,10.));
#8697=CARTESIAN_POINT('',(-1.3249999,2.97500118,10.));
#8698=CARTESIAN_POINT('',(-0.6499999,2.97500118,10.));
#8699=CARTESIAN_POINT('',(3.47500066,4.4999994,10.));
#8700=CARTESIAN_POINT('',(4.15000066,4.4999994,10.));
#8701=CARTESIAN_POINT('',(6.5375066,2.73750102,10.));
#8702=CARTESIAN_POINT('',(7.2125066,2.73750102,10.));
#8703=CARTESIAN_POINT('',(12.22500094,6.67499886,10.));
#8704=CARTESIAN_POINT('',(12.90000094,6.67499886,10.));
#8705=CARTESIAN_POINT('',(8.72500032,0.250000280000001,10.));
#8706=CARTESIAN_POINT('',(9.40000032,0.250000280000001,10.));
#8707=CARTESIAN_POINT('',(-2.84999812,-5.824999,10.));
#8708=CARTESIAN_POINT('',(-2.17499812,-5.824999,10.));
#8709=CARTESIAN_POINT('',(3.44999944,-5.35000122,10.));
#8710=CARTESIAN_POINT('',(4.12499944,-5.35000122,10.));
#8711=CARTESIAN_POINT('',(6.29999881999999,-2.67500022,10.));
#8712=CARTESIAN_POINT('',(6.97499881999999,-2.67500022,10.));
#8713=CARTESIAN_POINT('',(11.924999,-0.125000239999999,10.));
#8714=CARTESIAN_POINT('',(12.599999,-0.125000239999999,10.));
#8715=CARTESIAN_POINT('',(16.85000058,0.250000280000001,10.));
#8716=CARTESIAN_POINT('',(17.52500058,0.250000280000001,10.));
#8717=CARTESIAN_POINT('',(21.90000064,-3.64999954,10.));
#8718=CARTESIAN_POINT('',(22.57500064,-3.64999954,10.));
#8719=CARTESIAN_POINT('',(15.75000024,-3.59999964,10.));
#8720=CARTESIAN_POINT('',(16.42500024,-3.59999964,10.));
#8721=CARTESIAN_POINT('',(12.19999972,-6.77499964,10.));
#8722=CARTESIAN_POINT('',(12.87499972,-6.77499964,10.));
#8723=CARTESIAN_POINT('',(6.04999932,-5.4249998,10.));
#8724=CARTESIAN_POINT('',(6.72499932,-5.4249998,10.));
#8725=CARTESIAN_POINT('',(13.97499998,-6.39999912,10.));
#8726=CARTESIAN_POINT('',(14.72499848,-6.39999912,10.));
#8727=CARTESIAN_POINT('',(87.5,81.25,10.));
#8728=CARTESIAN_POINT('',(-87.5,81.25,10.));
#8729=CARTESIAN_POINT('',(87.5,81.25,10.));
#8730=CARTESIAN_POINT('',(-87.5,81.25,10.));
#8731=CARTESIAN_POINT('',(-87.5,-81.25,10.));
#8732=CARTESIAN_POINT('',(-87.5,-81.25,10.));
#8733=CARTESIAN_POINT('',(87.5,-81.25,10.));
#8734=CARTESIAN_POINT('',(87.5,-81.25,10.));
#8735=CARTESIAN_POINT('',(-3.72500018,4.0000004,10.));
#8736=CARTESIAN_POINT('',(9.02499972,-5.65000062,10.));
#8737=CARTESIAN_POINT('',(12.64999882,-4.02500006,10.));
#8738=CARTESIAN_POINT('',(18.99999882,-2.47500062,10.));
#8739=CARTESIAN_POINT('',(16.17500066,5.99999894,10.));
#8740=CARTESIAN_POINT('',(14.4500003,-1.27500048,10.));
#8741=CARTESIAN_POINT('',(9.89999924,-2.3499996,10.));
#8742=CARTESIAN_POINT('',(3.74999884,-2.67500022,10.));
#8743=CARTESIAN_POINT('',(0.675001179999999,-4.55000028,10.));
#8744=CARTESIAN_POINT('',(-5.67499882,-3.25000034,10.));
#8745=CARTESIAN_POINT('',(11.7749993,4.07499898,10.));
#8746=CARTESIAN_POINT('',(8.90000124,6.67499886,10.));
#8747=CARTESIAN_POINT('',(2.399999,2.17500024,10.));
#8748=CARTESIAN_POINT('',(1.09999906,5.42499882,10.));
#8749=CARTESIAN_POINT('',(-2.42500024,5.42499882,10.));
#8750=CARTESIAN_POINT('',(-6.37499996,3.6500011,10.));
#8751=CARTESIAN_POINT('',(-2.85000066,0.9250002,10.));
#8752=CARTESIAN_POINT('',(-12.62500016,1.74999982,10.));
#8753=CARTESIAN_POINT('',(-8.34999982,5.25000044,10.));
#8754=CARTESIAN_POINT('',(-15.35000106,5.10000074,10.));
#8755=CARTESIAN_POINT('',(-21.47500024,-1.07500088,10.));
#8756=CARTESIAN_POINT('',(-15.7598199,-5.4008952,10.));
#8757=CARTESIAN_POINT('',(-18.42500126,-1.19999936,10.));
#8758=CARTESIAN_POINT('',(-18.69999944,4.3499997,10.));
#8759=CARTESIAN_POINT('',(-11.55000104,6.40000068,10.));
#8760=CARTESIAN_POINT('',(-9.50000006,2.75000036,10.));
#8761=CARTESIAN_POINT('',(-10.8999998,-6.52500014,10.));
#8762=CARTESIAN_POINT('',(-7.0750011,0.9250002,10.));
#8763=CARTESIAN_POINT('',(-4.97500022,5.77500066,10.));
#8764=CARTESIAN_POINT('',(-1.3249999,2.97500118,10.));
#8765=CARTESIAN_POINT('',(3.47500066,4.4999994,10.));
#8766=CARTESIAN_POINT('',(6.5375066,2.73750102,10.));
#8767=CARTESIAN_POINT('',(12.22500094,6.67499886,10.));
#8768=CARTESIAN_POINT('',(8.72500032,0.250000280000001,10.));
#8769=CARTESIAN_POINT('',(-2.84999812,-5.824999,10.));
#8770=CARTESIAN_POINT('',(3.44999944,-5.35000122,10.));
#8771=CARTESIAN_POINT('',(6.29999881999999,-2.67500022,10.));
#8772=CARTESIAN_POINT('',(11.924999,-0.125000239999999,10.));
#8773=CARTESIAN_POINT('',(16.85000058,0.250000280000001,10.));
#8774=CARTESIAN_POINT('',(21.90000064,-3.64999954,10.));
#8775=CARTESIAN_POINT('',(15.75000024,-3.59999964,10.));
#8776=CARTESIAN_POINT('',(12.19999972,-6.77499964,10.));
#8777=CARTESIAN_POINT('',(6.04999932,-5.4249998,10.));
#8778=CARTESIAN_POINT('',(13.97499998,-6.39999912,10.));
#8779=CARTESIAN_POINT('',(0.,81.25,0.));
#8780=CARTESIAN_POINT('',(87.5,81.25,0.));
#8781=CARTESIAN_POINT('',(-87.5,81.25,0.));
#8782=CARTESIAN_POINT('',(87.5,0.,0.));
#8783=CARTESIAN_POINT('',(87.5,-81.25,0.));
#8784=CARTESIAN_POINT('',(0.,-81.25,0.));
#8785=CARTESIAN_POINT('',(-87.5,-81.25,0.));
#8786=CARTESIAN_POINT('',(-87.5,0.,0.));
#8787=CYLINDRICAL_SURFACE('',#4644,0.2);
#8788=CYLINDRICAL_SURFACE('',#4745,0.2);
#8789=CYLINDRICAL_SURFACE('',#4747,0.2);
#8790=CYLINDRICAL_SURFACE('',#4749,0.2);
#8791=CYLINDRICAL_SURFACE('',#4774,1.40000000000001);
#8792=CYLINDRICAL_SURFACE('',#4776,1.4);
#8793=CYLINDRICAL_SURFACE('',#4778,1.40000000000001);
#8794=CYLINDRICAL_SURFACE('',#4780,1.4);
#8795=CYLINDRICAL_SURFACE('',#4782,1.40000000000001);
#8796=CYLINDRICAL_SURFACE('',#4784,1.40000000000001);
#8797=CYLINDRICAL_SURFACE('',#4786,1.40000000000001);
#8798=CYLINDRICAL_SURFACE('',#4788,1.40000000000001);
#8799=CYLINDRICAL_SURFACE('',#4790,1.40000000000001);
#8800=CYLINDRICAL_SURFACE('',#4792,1.40000000000001);
#8801=CYLINDRICAL_SURFACE('',#4794,1.4);
#8802=CYLINDRICAL_SURFACE('',#4796,1.4);
#8803=CYLINDRICAL_SURFACE('',#4798,1.40000000000001);
#8804=CYLINDRICAL_SURFACE('',#4800,1.4);
#8805=CYLINDRICAL_SURFACE('',#4802,1.40000000000001);
#8806=CYLINDRICAL_SURFACE('',#4804,1.40000000000001);
#8807=CYLINDRICAL_SURFACE('',#4806,1.40000000000001);
#8808=CYLINDRICAL_SURFACE('',#4808,1.40000000000001);
#8809=CYLINDRICAL_SURFACE('',#4810,1.40000000000001);
#8810=CYLINDRICAL_SURFACE('',#4812,1.4);
#8811=CYLINDRICAL_SURFACE('',#4814,1.4);
#8812=CYLINDRICAL_SURFACE('',#4816,1.40000000000001);
#8813=CYLINDRICAL_SURFACE('',#4818,1.40000000000001);
#8814=CYLINDRICAL_SURFACE('',#4820,1.40000000000001);
#8815=CYLINDRICAL_SURFACE('',#4822,1.4);
#8816=CYLINDRICAL_SURFACE('',#4824,1.40000000000001);
#8817=CYLINDRICAL_SURFACE('',#4826,1.40000000000001);
#8818=CYLINDRICAL_SURFACE('',#4828,1.40000000000001);
#8819=CYLINDRICAL_SURFACE('',#4830,1.40000000000001);
#8820=CYLINDRICAL_SURFACE('',#4832,1.4);
#8821=CYLINDRICAL_SURFACE('',#4834,1.4);
#8822=CYLINDRICAL_SURFACE('',#4836,1.40000000000001);
#8823=CYLINDRICAL_SURFACE('',#4838,1.40000000000001);
#8824=CYLINDRICAL_SURFACE('',#4840,1.40000000000001);
#8825=CYLINDRICAL_SURFACE('',#4842,1.40000000000001);
#8826=CYLINDRICAL_SURFACE('',#4844,1.40000000000001);
#8827=CYLINDRICAL_SURFACE('',#4846,1.4);
#8828=CYLINDRICAL_SURFACE('',#4848,1.4);
#8829=CYLINDRICAL_SURFACE('',#4850,1.4);
#8830=CYLINDRICAL_SURFACE('',#4852,1.40000000000001);
#8831=CYLINDRICAL_SURFACE('',#4854,1.40000000000001);
#8832=CYLINDRICAL_SURFACE('',#4856,1.40000000000001);
#8833=CYLINDRICAL_SURFACE('',#4858,1.40000000000001);
#8834=CYLINDRICAL_SURFACE('',#4860,1.40000000000001);
#8835=CYLINDRICAL_SURFACE('',#4862,1.40000000000001);
#8836=CYLINDRICAL_SURFACE('',#4864,1.4);
#8837=CYLINDRICAL_SURFACE('',#4866,1.4);
#8838=CYLINDRICAL_SURFACE('',#4868,1.4);
#8839=CYLINDRICAL_SURFACE('',#4870,1.4);
#8840=CYLINDRICAL_SURFACE('',#4872,1.40000000000001);
#8841=CYLINDRICAL_SURFACE('',#4919,0.749998499999998);
#8842=CYLINDRICAL_SURFACE('',#4920,0.675);
#8843=CYLINDRICAL_SURFACE('',#4921,0.675000000000001);
#8844=CYLINDRICAL_SURFACE('',#4922,0.674999999999999);
#8845=CYLINDRICAL_SURFACE('',#4923,0.675000000000001);
#8846=CYLINDRICAL_SURFACE('',#4924,0.674999999999999);
#8847=CYLINDRICAL_SURFACE('',#4925,0.675);
#8848=CYLINDRICAL_SURFACE('',#4926,0.675);
#8849=CYLINDRICAL_SURFACE('',#4927,0.675);
#8850=CYLINDRICAL_SURFACE('',#4928,0.675);
#8851=CYLINDRICAL_SURFACE('',#4929,0.675000000000001);
#8852=CYLINDRICAL_SURFACE('',#4930,0.675);
#8853=CYLINDRICAL_SURFACE('',#4931,0.675);
#8854=CYLINDRICAL_SURFACE('',#4932,0.675);
#8855=CYLINDRICAL_SURFACE('',#4933,0.675);
#8856=CYLINDRICAL_SURFACE('',#4934,0.675);
#8857=CYLINDRICAL_SURFACE('',#4935,0.675);
#8858=CYLINDRICAL_SURFACE('',#4936,0.674999999999999);
#8859=CYLINDRICAL_SURFACE('',#4937,0.675);
#8860=CYLINDRICAL_SURFACE('',#4938,0.674999999999999);
#8861=CYLINDRICAL_SURFACE('',#4939,0.674999999999999);
#8862=CYLINDRICAL_SURFACE('',#4940,0.675000000000001);
#8863=CYLINDRICAL_SURFACE('',#4941,0.675000000000001);
#8864=CYLINDRICAL_SURFACE('',#4942,0.675000000000001);
#8865=CYLINDRICAL_SURFACE('',#4943,0.674999999999999);
#8866=CYLINDRICAL_SURFACE('',#4944,0.675);
#8867=CYLINDRICAL_SURFACE('',#4945,0.674999999999999);
#8868=CYLINDRICAL_SURFACE('',#4946,0.675);
#8869=CYLINDRICAL_SURFACE('',#4947,0.674999999999999);
#8870=CYLINDRICAL_SURFACE('',#4948,0.675);
#8871=CYLINDRICAL_SURFACE('',#4949,0.675);
#8872=CYLINDRICAL_SURFACE('',#4950,0.675);
#8873=CYLINDRICAL_SURFACE('',#4951,0.675000000000001);
#8874=CYLINDRICAL_SURFACE('',#4952,0.675);
#8875=CYLINDRICAL_SURFACE('',#4953,0.675);
#8876=CYLINDRICAL_SURFACE('',#4954,0.675);
#8877=CYLINDRICAL_SURFACE('',#4955,0.675);
#8878=CYLINDRICAL_SURFACE('',#4956,0.675000000000001);
#8879=CYLINDRICAL_SURFACE('',#4957,0.675000000000001);
#8880=CYLINDRICAL_SURFACE('',#4958,0.674999999999999);
#8881=CYLINDRICAL_SURFACE('',#4959,0.674999999999999);
#8882=CYLINDRICAL_SURFACE('',#4960,0.674999999999999);
#8883=CYLINDRICAL_SURFACE('',#4961,0.675);
#8884=CYLINDRICAL_SURFACE('',#4962,0.749998499999998);
#8885=CLOSED_SHELL('',(#4401,#4402,#4403,#4404,#4405,#4406,#4407,#4408,
#4409,#4410,#4411,#4412,#4413,#4414,#4415,#4416,#4417,#4418,#4419,#4420,
#4421,#4422,#4423,#4424,#4425,#4426,#4427,#4428,#4429,#4430,#4431,#4432,
#4433,#4434,#4435,#4436,#4437,#4438,#4439,#4440,#4441,#4442,#4443,#4444,
#4445,#4446,#4447,#4448,#4449,#4450,#4451,#4452,#4453,#4454,#4455,#4456,
#4457,#4458,#4459,#4460,#4461,#4462,#4463,#4464,#4465,#4466,#4467,#4468,
#4469,#4470,#4471,#4472,#4473,#4474,#4475,#4476,#4477,#4478,#4479,#4480,
#4481,#4482,#4483,#4484,#4485,#4486,#4487,#4488,#4489,#4490,#4491,#4492,
#4493,#4494,#4495,#4496,#4497,#4498,#4499,#4500,#4501,#4502,#4503,#4504,
#4505,#4506,#4507,#4508,#4509,#4510,#4511,#4512,#4513,#4514,#4515,#4516,
#4517,#4518,#4519,#4520,#4521,#4522,#4523,#4524,#4525,#4526,#4527,#4528,
#4529,#4530,#4531,#4532,#4533,#4534,#4535,#4536,#4537,#4538,#4539,#4540,
#4541,#4542,#4543,#4544,#4545,#4546,#4547,#4548,#4549,#4550,#4551,#4552,
#4553,#4554,#4555,#4556,#4557,#4558,#4559,#4560,#4561,#4562,#4563,#4564,
#4565,#4566,#4567,#4568,#4569,#4570,#4571,#4572,#4573,#4574,#4575,#4576,
#4577,#4578,#4579,#4580,#4581,#4582,#4583,#4584,#4585,#4586,#4587,#4588,
#4589,#4590,#4591,#4592,#4593,#4594,#4595,#4596,#4597,#4598,#4599,#4600,
#4601,#4602,#4603,#4604,#4605,#4606,#4607,#4608,#4609,#4610,#4611,#4612,
#4613,#4614,#4615,#4616,#4617,#4618,#4619,#4620,#4621,#4622,#4623,#4624,
#4625,#4626,#4627,#4628,#4629,#4630,#4631,#4632,#4633,#4634,#4635,#4636,
#4637,#4638,#4639,#4640,#4641,#4642,#4643));
#8886=MANIFOLD_SOLID_BREP('',#8885);
#8887=ADVANCED_BREP_SHAPE_REPRESENTATION('',(#8886),#103);
ENDSEC;
END-ISO-10303-21;
