ISO-10303-21;
HEADER;
/* Generated by software containing ST-Developer
 * from STEP Tools, Inc. (www.steptools.com) 
 */

FILE_DESCRIPTION(
/* description */ ('Alibre Inc.'),
/* implementation_level */ '2;1');

FILE_NAME(
/* name */ 'export-23D52677-FC48-4471-906C-F7318E28C779',
/* time_stamp */ '2026-10-02T12:36:44+02:00',
/* author */ (''),
/* organization */ (''),
/* preprocessor_version */ 'ST-DEVELOPER v17',
/* originating_system */ 'Alibre',
/* authorisation */ '');

FILE_SCHEMA (('CONFIG_CONTROL_DESIGN'));
ENDSEC;

DATA;
#10=MECHANICAL_CONTEXT('detailed design',#18,'mechanical');
#11=PRODUCT_RELATED_PRODUCT_CATEGORY('detail','',(#98));
#12=CC_DESIGN_SECURITY_CLASSIFICATION(#14,(#97));
#13=SECURITY_CLASSIFICATION_LEVEL('unclassified');
#14=SECURITY_CLASSIFICATION('name','Security for version',#13);
#15=SHAPE_DEFINITION_REPRESENTATION(#16,#8359);
#16=PRODUCT_DEFINITION_SHAPE('','DefinitionDesc',#96);
#17=APPLICATION_PROTOCOL_DEFINITION('AP definition status',
'config_control_design',1994,#18);
#18=APPLICATION_CONTEXT(
'control the configuration of three dimensional design');
#19=DESIGN_CONTEXT('detailed design',#18,'design');
#20=PERSON_AND_ORGANIZATION_ROLE('creator');
#21=PERSON_AND_ORGANIZATION_ROLE('classification_officer');
#22=PERSON_AND_ORGANIZATION_ROLE('creator');
#23=PERSON_AND_ORGANIZATION_ROLE('design_supplier');
#24=PERSON_AND_ORGANIZATION_ROLE('design_owner');
#25=CC_DESIGN_PERSON_AND_ORGANIZATION_ASSIGNMENT(#57,#20,(#96));
#26=CC_DESIGN_PERSON_AND_ORGANIZATION_ASSIGNMENT(#60,#21,(#14));
#27=CC_DESIGN_PERSON_AND_ORGANIZATION_ASSIGNMENT(#61,#22,(#97));
#28=CC_DESIGN_PERSON_AND_ORGANIZATION_ASSIGNMENT(#62,#23,(#97));
#29=CC_DESIGN_PERSON_AND_ORGANIZATION_ASSIGNMENT(#63,#24,(#98));
#30=DATE_TIME_ROLE('creation_date');
#31=DATE_TIME_ROLE('classification_date');
#32=CC_DESIGN_DATE_AND_TIME_ASSIGNMENT(#86,#30,(#96));
#33=CC_DESIGN_DATE_AND_TIME_ASSIGNMENT(#89,#31,(#14));
#34=CC_DESIGN_APPROVAL(#93,(#96));
#35=CC_DESIGN_APPROVAL(#94,(#97));
#36=CC_DESIGN_APPROVAL(#95,(#14));
#37=APPROVAL_PERSON_ORGANIZATION(#56,#93,#64);
#38=APPROVAL_PERSON_ORGANIZATION(#58,#94,#65);
#39=APPROVAL_PERSON_ORGANIZATION(#59,#95,#66);
#40=ORGANIZATION('DEFINITION_APPROVEDBY_ORG_ID',
'DEFINITION_APPROVEDBY_ORG_NAME','DEFINITION_APPROVEDBY_ORG_DESCR');
#41=ORGANIZATION('DEF_CREATOR_ORG_ID','DEF_CREATOR_ORG_NAME',
'DEF_CREATOR_ORG_DESCR');
#42=ORGANIZATION('APPROVEDBY_ORG_ID','APPROVEDBY_ORG_NAME',
'APPROVEDBY_ORG_DESCR');
#43=ORGANIZATION('SECURITY_APPROVEDBY_ORG_ID',
'SECURITY_APPROVEDBY_ORG_NAME','SECURITY_APPROVEDBY_ORG_DESCR');
#44=ORGANIZATION('CLASSOFFICER_ORG_ID','CLASSOFFICER_ORG_NAME',
'CLASSOFFICER_ORG_DESCR');
#45=ORGANIZATION('CREATOR_ORG_ID','CREATOR_ORG_NAME',
'CREATOR_ORG_DESCR');
#46=ORGANIZATION('SUPPLIER_ORG_ID','SUPPLIER_ORG_NAME',
'SUPPLIER_ORG_DESCR');
#47=ORGANIZATION('OWNER_ORG_ID','OWNER_ORG_NAME','OWNER_ORG_DESCR');
#48=PERSON('DEFINITION_approverID','DEFINITION_APPROVEDBY_LASTNAME',
'DEFINITION_APPROVEDBY_FIRSTNAME',$,$,$);
#49=PERSON('DEF_createrID','DEF_CREATOR_LASTNAME',
'DEF_CREATOR_FIRSTNAME',$,$,$);
#50=PERSON('approverID','APPROVEDBY_LASTNAME','APPROVEDBY_FIRSTNAME',$,
$,$);
#51=PERSON('SECURITY_approverID','SECURITY_LASTNAME',
'SECURITY_APPROVEDBY_FIRSTNAME',$,$,$);
#52=PERSON('classifierID','CLASSOFFICER_LASTNAME',
'CLASSOFFICER_FIRSTNAME',$,$,$);
#53=PERSON('createrID','CREATOR_LASTNAME','CREATOR_FIRSTNAME',$,$,$);
#54=PERSON('supplierID','SUPPLIER_LASTNAME','SUPPLIER_FIRSTNAME',$,$,$);
#55=PERSON('ownerID','OWNER_LASTNAME','OWNER_FIRSTNAME',$,$,$);
#56=PERSON_AND_ORGANIZATION(#48,#40);
#57=PERSON_AND_ORGANIZATION(#49,#41);
#58=PERSON_AND_ORGANIZATION(#50,#42);
#59=PERSON_AND_ORGANIZATION(#51,#43);
#60=PERSON_AND_ORGANIZATION(#52,#44);
#61=PERSON_AND_ORGANIZATION(#53,#45);
#62=PERSON_AND_ORGANIZATION(#54,#46);
#63=PERSON_AND_ORGANIZATION(#55,#47);
#64=APPROVAL_ROLE('definition_approval');
#65=APPROVAL_ROLE('version_approval');
#66=APPROVAL_ROLE('security_approval');
#67=APPROVAL_DATE_TIME(#85,#93);
#68=APPROVAL_DATE_TIME(#87,#94);
#69=APPROVAL_DATE_TIME(#88,#95);
#70=COORDINATED_UNIVERSAL_TIME_OFFSET(1,0,.AHEAD.);
#71=COORDINATED_UNIVERSAL_TIME_OFFSET(1,0,.AHEAD.);
#72=COORDINATED_UNIVERSAL_TIME_OFFSET(1,0,.AHEAD.);
#73=COORDINATED_UNIVERSAL_TIME_OFFSET(1,0,.AHEAD.);
#74=COORDINATED_UNIVERSAL_TIME_OFFSET(1,0,.AHEAD.);
#75=LOCAL_TIME(14,42,23.,#70);
#76=LOCAL_TIME(14,42,23.,#71);
#77=LOCAL_TIME(14,42,23.,#72);
#78=LOCAL_TIME(14,42,23.,#73);
#79=LOCAL_TIME(14,42,23.,#74);
#80=CALENDAR_DATE(2026,20,3);
#81=CALENDAR_DATE(2026,20,3);
#82=CALENDAR_DATE(2026,20,3);
#83=CALENDAR_DATE(2026,20,3);
#84=CALENDAR_DATE(2026,20,3);
#85=DATE_AND_TIME(#80,#75);
#86=DATE_AND_TIME(#81,#76);
#87=DATE_AND_TIME(#82,#77);
#88=DATE_AND_TIME(#83,#78);
#89=DATE_AND_TIME(#84,#79);
#90=APPROVAL_STATUS('not_yet_approved');
#91=APPROVAL_STATUS('not_yet_approved');
#92=APPROVAL_STATUS('not_yet_approved');
#93=APPROVAL(#90,'defintion approval');
#94=APPROVAL(#91,'version approval');
#95=APPROVAL(#92,'security approval');
#96=PRODUCT_DEFINITION('DefinitionID','DefinitionDesc',#97,#19);
#97=PRODUCT_DEFINITION_FORMATION_WITH_SPECIFIED_SOURCE(
'PRODUCT_VERSION_ID','PRODUCT_VERSION_DESCR',#98,.NOT_KNOWN.);
#98=PRODUCT('','needle plate_2','',(#10));
#99=(
LENGTH_UNIT()
NAMED_UNIT(*)
SI_UNIT(.MILLI.,.METRE.)
);
#100=(
NAMED_UNIT(*)
PLANE_ANGLE_UNIT()
SI_UNIT($,.RADIAN.)
);
#101=(
NAMED_UNIT(*)
SI_UNIT($,.STERADIAN.)
SOLID_ANGLE_UNIT()
);
#102=UNCERTAINTY_MEASURE_WITH_UNIT(LENGTH_MEASURE(1.E-6),#99,
'DISTANCE_ACCURACY_VALUE',
'Maximum model space distance between geometric entities at asserted c
onnectivities');
#103=(
GEOMETRIC_REPRESENTATION_CONTEXT(3)
GLOBAL_UNCERTAINTY_ASSIGNED_CONTEXT((#102))
GLOBAL_UNIT_ASSIGNED_CONTEXT((#101,#100,#99))
REPRESENTATION_CONTEXT('ID1','3D')
);
#104=B_SPLINE_SURFACE_WITH_KNOTS('',3,3,((#6935,#6936,#6937,#6938,#6939,
#6940,#6941,#6942,#6943),(#6944,#6945,#6946,#6947,#6948,#6949,#6950,#6951,
#6952),(#6953,#6954,#6955,#6956,#6957,#6958,#6959,#6960,#6961),(#6962,#6963,
#6964,#6965,#6966,#6967,#6968,#6969,#6970)),.UNSPECIFIED.,.F.,.F.,.U.,(4,
4),(4,1,1,1,1,1,4),(0.,1.00000000000001),(-8.29850611884744,-8.22114515727184,
-8.14378419569623,-7.98906227254503,-7.83434034939382,-7.67961842624261,
-7.21545265678899),.UNSPECIFIED.);
#105=B_SPLINE_SURFACE_WITH_KNOTS('',3,3,((#7033,#7034,#7035,#7036,#7037,
#7038,#7039,#7040,#7041),(#7042,#7043,#7044,#7045,#7046,#7047,#7048,#7049,
#7050),(#7051,#7052,#7053,#7054,#7055,#7056,#7057,#7058,#7059),(#7060,#7061,
#7062,#7063,#7064,#7065,#7066,#7067,#7068)),.UNSPECIFIED.,.F.,.F.,.U.,(4,
4),(4,1,1,1,1,1,4),(-2.14834983071588E-14,1.00000000000001),(0.261249141333392,
0.338610102908993,0.415971064484594,0.570692987635795,0.725414910786997,
0.880136833938199,1.3443026033918),.UNSPECIFIED.);
#106=ELLIPSE('',#5043,13.8197776499394,9.77205849076242);
#107=ELLIPSE('',#5046,13.8197776499394,9.77205849076242);
#108=(
BOUNDED_CURVE()
B_SPLINE_CURVE(2,(#6801,#6802,#6803),.UNSPECIFIED.,.F.,.U.)
B_SPLINE_CURVE_WITH_KNOTS((3,3),(0.,1.21340563907506),.UNSPECIFIED.)
CURVE()
GEOMETRIC_REPRESENTATION_ITEM()
RATIONAL_B_SPLINE_CURVE((1.,1.13578961811812,1.0947166136196))
REPRESENTATION_ITEM('')
);
#109=(
BOUNDED_CURVE()
B_SPLINE_CURVE(2,(#6805,#6806,#6807),.UNSPECIFIED.,.F.,.U.)
B_SPLINE_CURVE_WITH_KNOTS((3,3),(0.793072891727431,0.929611958310103),
 .UNSPECIFIED.)
CURVE()
GEOMETRIC_REPRESENTATION_ITEM()
RATIONAL_B_SPLINE_CURVE((1.07509462526566,1.07874582458111,1.08142838521739))
REPRESENTATION_ITEM('')
);
#110=(
BOUNDED_CURVE()
B_SPLINE_CURVE(2,(#6811,#6812,#6813),.UNSPECIFIED.,.F.,.U.)
B_SPLINE_CURVE_WITH_KNOTS((3,3),(1.68587811452597,1.82241718110864),
 .UNSPECIFIED.)
CURVE()
GEOMETRIC_REPRESENTATION_ITEM()
RATIONAL_B_SPLINE_CURVE((1.08142838521739,1.07874582458111,1.07509462526566))
REPRESENTATION_ITEM('')
);
#111=(
BOUNDED_CURVE()
B_SPLINE_CURVE(2,(#6815,#6816,#6817),.UNSPECIFIED.,.F.,.U.)
B_SPLINE_CURVE_WITH_KNOTS((3,3),(2.51305472693492,3.72646036600998),
 .UNSPECIFIED.)
CURVE()
GEOMETRIC_REPRESENTATION_ITEM()
RATIONAL_B_SPLINE_CURVE((1.0947166136196,1.13578961811812,1.))
REPRESENTATION_ITEM('')
);
#112=CYLINDRICAL_SURFACE('',#5011,9.772058490763);
#113=CYLINDRICAL_SURFACE('',#5014,4.00000000000004);
#114=CYLINDRICAL_SURFACE('',#5164,7.00000000000001);
#115=CYLINDRICAL_SURFACE('',#5196,3.75);
#116=CYLINDRICAL_SURFACE('',#5204,2.1);
#117=CYLINDRICAL_SURFACE('',#5205,1.40000000000001);
#118=CYLINDRICAL_SURFACE('',#5207,1.40000000000001);
#119=CYLINDRICAL_SURFACE('',#5209,1.40000000000001);
#120=CYLINDRICAL_SURFACE('',#5211,1.40000000000001);
#121=CYLINDRICAL_SURFACE('',#5213,1.4);
#122=CYLINDRICAL_SURFACE('',#5215,1.40000000000001);
#123=CYLINDRICAL_SURFACE('',#5217,1.4);
#124=CYLINDRICAL_SURFACE('',#5219,1.4);
#125=CYLINDRICAL_SURFACE('',#5221,1.40000000000001);
#126=CYLINDRICAL_SURFACE('',#5223,1.4);
#127=CYLINDRICAL_SURFACE('',#5225,1.4);
#128=CYLINDRICAL_SURFACE('',#5227,1.40000000000001);
#129=CYLINDRICAL_SURFACE('',#5229,1.40000000000001);
#130=CYLINDRICAL_SURFACE('',#5231,1.40000000000001);
#131=CYLINDRICAL_SURFACE('',#5233,1.4);
#132=CYLINDRICAL_SURFACE('',#5235,1.40000000000001);
#133=CYLINDRICAL_SURFACE('',#5237,1.4);
#134=CYLINDRICAL_SURFACE('',#5239,1.40000000000001);
#135=CYLINDRICAL_SURFACE('',#5241,1.4);
#136=CYLINDRICAL_SURFACE('',#5243,1.40000000000001);
#137=CYLINDRICAL_SURFACE('',#5245,1.4);
#138=CYLINDRICAL_SURFACE('',#5247,1.40000000000001);
#139=CYLINDRICAL_SURFACE('',#5249,1.4);
#140=CYLINDRICAL_SURFACE('',#5251,1.4);
#141=CYLINDRICAL_SURFACE('',#5253,1.4);
#142=CYLINDRICAL_SURFACE('',#5257,9.77205849076242);
#143=CYLINDRICAL_SURFACE('',#5260,1.);
#144=CYLINDRICAL_SURFACE('',#5262,7.5);
#145=CYLINDRICAL_SURFACE('',#5264,0.999999999999985);
#146=CYLINDRICAL_SURFACE('',#5267,0.499999999999999);
#147=CYLINDRICAL_SURFACE('',#5270,1.);
#148=CYLINDRICAL_SURFACE('',#5272,7.5);
#149=CYLINDRICAL_SURFACE('',#5274,0.999999999999998);
#150=CYLINDRICAL_SURFACE('',#5277,0.499999999999999);
#151=CYLINDRICAL_SURFACE('',#5280,4.00000000000319);
#152=CYLINDRICAL_SURFACE('',#5282,9.77205849076242);
#153=CYLINDRICAL_SURFACE('',#5285,4.00000000000002);
#154=CYLINDRICAL_SURFACE('',#5289,0.500000000002386);
#155=CYLINDRICAL_SURFACE('',#5291,0.999999999999961);
#156=CYLINDRICAL_SURFACE('',#5292,7.5);
#157=CYLINDRICAL_SURFACE('',#5293,0.999999999999985);
#158=CYLINDRICAL_SURFACE('',#5295,0.500000000000765);
#159=CYLINDRICAL_SURFACE('',#5297,0.999999999999953);
#160=CYLINDRICAL_SURFACE('',#5298,7.5);
#161=CYLINDRICAL_SURFACE('',#5299,0.999999999999998);
#162=CYLINDRICAL_SURFACE('',#5300,9.772058490763);
#163=CYLINDRICAL_SURFACE('',#5302,4.00000000000004);
#164=CYLINDRICAL_SURFACE('',#5304,3.75);
#165=CYLINDRICAL_SURFACE('',#5308,2.1);
#166=CYLINDRICAL_SURFACE('',#5309,7.00000000000001);
#167=CYLINDRICAL_SURFACE('',#5312,1.40000000000001);
#168=CYLINDRICAL_SURFACE('',#5314,1.40000000000001);
#169=CYLINDRICAL_SURFACE('',#5316,1.40000000000001);
#170=CYLINDRICAL_SURFACE('',#5318,1.40000000000001);
#171=CYLINDRICAL_SURFACE('',#5320,1.4);
#172=CYLINDRICAL_SURFACE('',#5322,1.40000000000001);
#173=CYLINDRICAL_SURFACE('',#5324,1.4);
#174=CYLINDRICAL_SURFACE('',#5326,1.4);
#175=CYLINDRICAL_SURFACE('',#5328,1.40000000000001);
#176=CYLINDRICAL_SURFACE('',#5330,1.4);
#177=CYLINDRICAL_SURFACE('',#5332,1.4);
#178=CYLINDRICAL_SURFACE('',#5334,1.40000000000001);
#179=CYLINDRICAL_SURFACE('',#5336,1.40000000000001);
#180=CYLINDRICAL_SURFACE('',#5338,1.40000000000001);
#181=CYLINDRICAL_SURFACE('',#5340,1.4);
#182=CYLINDRICAL_SURFACE('',#5342,1.40000000000001);
#183=CYLINDRICAL_SURFACE('',#5344,1.4);
#184=CYLINDRICAL_SURFACE('',#5346,1.40000000000001);
#185=CYLINDRICAL_SURFACE('',#5348,1.4);
#186=CYLINDRICAL_SURFACE('',#5350,1.40000000000001);
#187=CYLINDRICAL_SURFACE('',#5352,1.4);
#188=CYLINDRICAL_SURFACE('',#5354,1.40000000000001);
#189=CYLINDRICAL_SURFACE('',#5356,1.4);
#190=CYLINDRICAL_SURFACE('',#5358,1.4);
#191=CYLINDRICAL_SURFACE('',#5360,1.4);
#192=CYLINDRICAL_SURFACE('',#5367,9.77205849076242);
#193=CYLINDRICAL_SURFACE('',#5370,1.);
#194=CYLINDRICAL_SURFACE('',#5372,7.5);
#195=CYLINDRICAL_SURFACE('',#5374,0.999999999999985);
#196=CYLINDRICAL_SURFACE('',#5377,0.499999999999999);
#197=CYLINDRICAL_SURFACE('',#5380,1.);
#198=CYLINDRICAL_SURFACE('',#5382,7.5);
#199=CYLINDRICAL_SURFACE('',#5384,0.999999999999998);
#200=CYLINDRICAL_SURFACE('',#5387,0.499999999999999);
#201=CYLINDRICAL_SURFACE('',#5390,4.00000000000319);
#202=CYLINDRICAL_SURFACE('',#5392,9.77205849076242);
#203=CYLINDRICAL_SURFACE('',#5395,4.00000000000002);
#204=CYLINDRICAL_SURFACE('',#5399,0.500000000002386);
#205=CYLINDRICAL_SURFACE('',#5402,0.999999999999961);
#206=CYLINDRICAL_SURFACE('',#5404,7.5);
#207=CYLINDRICAL_SURFACE('',#5406,0.999999999999985);
#208=CYLINDRICAL_SURFACE('',#5409,0.500000000000765);
#209=CYLINDRICAL_SURFACE('',#5412,0.999999999999953);
#210=CYLINDRICAL_SURFACE('',#5414,7.5);
#211=CYLINDRICAL_SURFACE('',#5416,0.999999999999998);
#212=CYLINDRICAL_SURFACE('',#5420,3.75);
#213=CYLINDRICAL_SURFACE('',#5421,2.1);
#214=CYLINDRICAL_SURFACE('',#5422,1.40000000000001);
#215=CYLINDRICAL_SURFACE('',#5423,1.40000000000001);
#216=CYLINDRICAL_SURFACE('',#5424,1.40000000000001);
#217=CYLINDRICAL_SURFACE('',#5425,1.40000000000001);
#218=CYLINDRICAL_SURFACE('',#5426,1.4);
#219=CYLINDRICAL_SURFACE('',#5427,1.40000000000001);
#220=CYLINDRICAL_SURFACE('',#5428,1.4);
#221=CYLINDRICAL_SURFACE('',#5429,1.4);
#222=CYLINDRICAL_SURFACE('',#5430,1.40000000000001);
#223=CYLINDRICAL_SURFACE('',#5431,1.4);
#224=CYLINDRICAL_SURFACE('',#5432,1.4);
#225=CYLINDRICAL_SURFACE('',#5433,1.40000000000001);
#226=CYLINDRICAL_SURFACE('',#5434,1.40000000000001);
#227=CYLINDRICAL_SURFACE('',#5435,1.40000000000001);
#228=CYLINDRICAL_SURFACE('',#5436,1.4);
#229=CYLINDRICAL_SURFACE('',#5437,1.40000000000001);
#230=CYLINDRICAL_SURFACE('',#5438,1.4);
#231=CYLINDRICAL_SURFACE('',#5439,1.40000000000001);
#232=CYLINDRICAL_SURFACE('',#5440,1.4);
#233=CYLINDRICAL_SURFACE('',#5441,1.40000000000001);
#234=CYLINDRICAL_SURFACE('',#5442,1.4);
#235=CYLINDRICAL_SURFACE('',#5443,1.40000000000001);
#236=CYLINDRICAL_SURFACE('',#5444,1.4);
#237=CYLINDRICAL_SURFACE('',#5445,1.4);
#238=CYLINDRICAL_SURFACE('',#5446,1.4);
#239=CYLINDRICAL_SURFACE('',#5447,7.5);
#240=CYLINDRICAL_SURFACE('',#5448,7.5);
#241=CYLINDRICAL_SURFACE('',#5449,7.5);
#242=CYLINDRICAL_SURFACE('',#5450,7.5);
#243=CYLINDRICAL_SURFACE('',#5451,3.75);
#244=CYLINDRICAL_SURFACE('',#5452,2.1);
#245=CYLINDRICAL_SURFACE('',#5453,1.40000000000001);
#246=CYLINDRICAL_SURFACE('',#5454,1.40000000000001);
#247=CYLINDRICAL_SURFACE('',#5455,1.40000000000001);
#248=CYLINDRICAL_SURFACE('',#5456,1.40000000000001);
#249=CYLINDRICAL_SURFACE('',#5457,1.4);
#250=CYLINDRICAL_SURFACE('',#5458,1.40000000000001);
#251=CYLINDRICAL_SURFACE('',#5459,1.4);
#252=CYLINDRICAL_SURFACE('',#5460,1.4);
#253=CYLINDRICAL_SURFACE('',#5461,1.40000000000001);
#254=CYLINDRICAL_SURFACE('',#5462,1.4);
#255=CYLINDRICAL_SURFACE('',#5463,1.4);
#256=CYLINDRICAL_SURFACE('',#5464,1.40000000000001);
#257=CYLINDRICAL_SURFACE('',#5465,1.40000000000001);
#258=CYLINDRICAL_SURFACE('',#5466,1.40000000000001);
#259=CYLINDRICAL_SURFACE('',#5467,1.4);
#260=CYLINDRICAL_SURFACE('',#5468,1.40000000000001);
#261=CYLINDRICAL_SURFACE('',#5469,1.4);
#262=CYLINDRICAL_SURFACE('',#5470,1.40000000000001);
#263=CYLINDRICAL_SURFACE('',#5471,1.4);
#264=CYLINDRICAL_SURFACE('',#5472,1.40000000000001);
#265=CYLINDRICAL_SURFACE('',#5473,1.4);
#266=CYLINDRICAL_SURFACE('',#5474,1.40000000000001);
#267=CYLINDRICAL_SURFACE('',#5475,1.4);
#268=CYLINDRICAL_SURFACE('',#5476,1.4);
#269=CYLINDRICAL_SURFACE('',#5477,1.4);
#270=CYLINDRICAL_SURFACE('',#5478,7.5);
#271=CYLINDRICAL_SURFACE('',#5479,7.5);
#272=CYLINDRICAL_SURFACE('',#5480,7.5);
#273=CYLINDRICAL_SURFACE('',#5481,7.5);
#274=CIRCLE('',#5003,3.00000000000004);
#275=CIRCLE('',#5004,4.00000000000004);
#276=CIRCLE('',#5007,8.77205849076299);
#277=CIRCLE('',#5008,9.772058490763);
#278=CIRCLE('',#5012,9.772058490763);
#279=CIRCLE('',#5015,4.00000000000004);
#280=CIRCLE('',#5018,9.77205849076299);
#281=CIRCLE('',#5019,18.772058490763);
#282=CIRCLE('',#5022,4.00000000000004);
#283=CIRCLE('',#5023,3.00000000000004);
#284=CIRCLE('',#5026,9.772058490763);
#285=CIRCLE('',#5027,8.77205849076299);
#286=CIRCLE('',#5030,9.77205849076299);
#287=CIRCLE('',#5031,4.00000000000004);
#288=CIRCLE('',#5032,0.999999999999998);
#289=CIRCLE('',#5033,0.500000000002386);
#290=CIRCLE('',#5034,0.999999999999961);
#291=CIRCLE('',#5035,7.5);
#292=CIRCLE('',#5036,0.999999999999985);
#293=CIRCLE('',#5037,0.500000000000765);
#294=CIRCLE('',#5038,0.999999999999953);
#295=CIRCLE('',#5039,7.5);
#296=CIRCLE('',#5041,18.772058490763);
#297=CIRCLE('',#5048,9.77205849076242);
#298=CIRCLE('',#5049,4.00000000000002);
#299=CIRCLE('',#5050,9.77205849076242);
#300=CIRCLE('',#5051,9.77205849076242);
#301=CIRCLE('',#5052,4.00000000000002);
#302=CIRCLE('',#5053,9.77205849076242);
#303=CIRCLE('',#5054,13.);
#304=CIRCLE('',#5055,13.);
#305=CIRCLE('',#5059,8.77205849076299);
#306=CIRCLE('',#5060,9.772058490763);
#307=CIRCLE('',#5063,3.00000000000004);
#308=CIRCLE('',#5064,4.00000000000004);
#309=CIRCLE('',#5067,3.00000000000004);
#310=CIRCLE('',#5070,8.77205849076299);
#311=CIRCLE('',#5073,4.00000000000319);
#312=CIRCLE('',#5074,4.00000000000319);
#313=CIRCLE('',#5075,0.999999999999998);
#314=CIRCLE('',#5076,0.500000000002386);
#315=CIRCLE('',#5077,0.999999999999961);
#316=CIRCLE('',#5078,7.5);
#317=CIRCLE('',#5079,0.999999999999985);
#318=CIRCLE('',#5080,0.500000000000765);
#319=CIRCLE('',#5081,0.999999999999953);
#320=CIRCLE('',#5082,7.5);
#321=CIRCLE('',#5083,1.);
#322=CIRCLE('',#5084,7.5);
#323=CIRCLE('',#5085,0.999999999999985);
#324=CIRCLE('',#5086,0.499999999999999);
#325=CIRCLE('',#5087,1.);
#326=CIRCLE('',#5088,7.5);
#327=CIRCLE('',#5089,0.999999999999998);
#328=CIRCLE('',#5090,0.499999999999999);
#329=CIRCLE('',#5091,1.4);
#330=CIRCLE('',#5092,1.4);
#331=CIRCLE('',#5093,1.4);
#332=CIRCLE('',#5094,1.40000000000001);
#333=CIRCLE('',#5095,1.4);
#334=CIRCLE('',#5096,1.40000000000001);
#335=CIRCLE('',#5097,1.4);
#336=CIRCLE('',#5098,1.40000000000001);
#337=CIRCLE('',#5099,1.4);
#338=CIRCLE('',#5100,1.40000000000001);
#339=CIRCLE('',#5101,1.4);
#340=CIRCLE('',#5102,1.40000000000001);
#341=CIRCLE('',#5103,1.40000000000001);
#342=CIRCLE('',#5104,1.40000000000001);
#343=CIRCLE('',#5105,1.4);
#344=CIRCLE('',#5106,1.4);
#345=CIRCLE('',#5107,1.40000000000001);
#346=CIRCLE('',#5108,1.4);
#347=CIRCLE('',#5109,1.4);
#348=CIRCLE('',#5110,1.40000000000001);
#349=CIRCLE('',#5111,1.4);
#350=CIRCLE('',#5112,1.40000000000001);
#351=CIRCLE('',#5113,1.40000000000001);
#352=CIRCLE('',#5114,1.40000000000001);
#353=CIRCLE('',#5115,1.40000000000001);
#354=CIRCLE('',#5116,1.40000000000001);
#355=CIRCLE('',#5117,1.40000000000001);
#356=CIRCLE('',#5118,1.40000000000001);
#357=CIRCLE('',#5119,1.40000000000001);
#358=CIRCLE('',#5120,1.4);
#359=CIRCLE('',#5121,1.40000000000001);
#360=CIRCLE('',#5122,1.4);
#361=CIRCLE('',#5123,1.4);
#362=CIRCLE('',#5124,1.40000000000001);
#363=CIRCLE('',#5125,1.4);
#364=CIRCLE('',#5126,1.4);
#365=CIRCLE('',#5127,1.40000000000001);
#366=CIRCLE('',#5128,1.40000000000001);
#367=CIRCLE('',#5129,1.40000000000001);
#368=CIRCLE('',#5130,1.4);
#369=CIRCLE('',#5131,1.40000000000001);
#370=CIRCLE('',#5132,1.4);
#371=CIRCLE('',#5133,1.40000000000001);
#372=CIRCLE('',#5134,1.4);
#373=CIRCLE('',#5135,1.40000000000001);
#374=CIRCLE('',#5136,1.4);
#375=CIRCLE('',#5137,1.40000000000001);
#376=CIRCLE('',#5138,1.4);
#377=CIRCLE('',#5139,1.4);
#378=CIRCLE('',#5140,1.4);
#379=CIRCLE('',#5141,0.499999999999999);
#380=CIRCLE('',#5142,0.999999999999998);
#381=CIRCLE('',#5143,7.5);
#382=CIRCLE('',#5144,1.);
#383=CIRCLE('',#5145,0.499999999999999);
#384=CIRCLE('',#5146,0.999999999999985);
#385=CIRCLE('',#5147,7.5);
#386=CIRCLE('',#5148,1.);
#387=CIRCLE('',#5149,0.999999999999998);
#388=CIRCLE('',#5150,7.5);
#389=CIRCLE('',#5151,0.999999999999953);
#390=CIRCLE('',#5152,0.500000000000765);
#391=CIRCLE('',#5153,0.999999999999985);
#392=CIRCLE('',#5154,7.5);
#393=CIRCLE('',#5155,0.999999999999961);
#394=CIRCLE('',#5156,0.500000000002386);
#395=CIRCLE('',#5160,6.00000000000002);
#396=CIRCLE('',#5161,7.);
#397=CIRCLE('',#5165,7.);
#398=CIRCLE('',#5169,7.);
#399=CIRCLE('',#5170,6.00000000000002);
#400=CIRCLE('',#5173,2.1);
#401=CIRCLE('',#5180,6.00000000000002);
#402=CIRCLE('',#5181,7.);
#403=CIRCLE('',#5187,6.00000000000002);
#404=CIRCLE('',#5191,3.75);
#405=CIRCLE('',#5195,4.00000000000004);
#406=CIRCLE('',#5197,3.75);
#407=CIRCLE('',#5198,3.75);
#408=CIRCLE('',#5200,2.1);
#409=CIRCLE('',#5202,2.1);
#410=CIRCLE('',#5206,1.40000000000001);
#411=CIRCLE('',#5208,1.40000000000001);
#412=CIRCLE('',#5210,1.40000000000001);
#413=CIRCLE('',#5212,1.40000000000001);
#414=CIRCLE('',#5214,1.4);
#415=CIRCLE('',#5216,1.40000000000001);
#416=CIRCLE('',#5218,1.4);
#417=CIRCLE('',#5220,1.4);
#418=CIRCLE('',#5222,1.40000000000001);
#419=CIRCLE('',#5224,1.4);
#420=CIRCLE('',#5226,1.4);
#421=CIRCLE('',#5228,1.40000000000001);
#422=CIRCLE('',#5230,1.40000000000001);
#423=CIRCLE('',#5232,1.40000000000001);
#424=CIRCLE('',#5234,1.4);
#425=CIRCLE('',#5236,1.40000000000001);
#426=CIRCLE('',#5238,1.4);
#427=CIRCLE('',#5240,1.40000000000001);
#428=CIRCLE('',#5242,1.4);
#429=CIRCLE('',#5244,1.40000000000001);
#430=CIRCLE('',#5246,1.4);
#431=CIRCLE('',#5248,1.40000000000001);
#432=CIRCLE('',#5250,1.4);
#433=CIRCLE('',#5252,1.4);
#434=CIRCLE('',#5254,1.4);
#435=CIRCLE('',#5258,9.77205849076242);
#436=CIRCLE('',#5261,1.);
#437=CIRCLE('',#5263,7.5);
#438=CIRCLE('',#5265,0.999999999999985);
#439=CIRCLE('',#5268,0.499999999999999);
#440=CIRCLE('',#5271,1.);
#441=CIRCLE('',#5273,7.5);
#442=CIRCLE('',#5275,0.999999999999998);
#443=CIRCLE('',#5278,0.499999999999999);
#444=CIRCLE('',#5281,4.00000000000319);
#445=CIRCLE('',#5283,9.77205849076242);
#446=CIRCLE('',#5286,4.00000000000002);
#447=CIRCLE('',#5305,3.75);
#448=CIRCLE('',#5307,2.1);
#449=CIRCLE('',#5313,1.40000000000001);
#450=CIRCLE('',#5315,1.40000000000001);
#451=CIRCLE('',#5317,1.40000000000001);
#452=CIRCLE('',#5319,1.40000000000001);
#453=CIRCLE('',#5321,1.4);
#454=CIRCLE('',#5323,1.40000000000001);
#455=CIRCLE('',#5325,1.4);
#456=CIRCLE('',#5327,1.4);
#457=CIRCLE('',#5329,1.40000000000001);
#458=CIRCLE('',#5331,1.4);
#459=CIRCLE('',#5333,1.4);
#460=CIRCLE('',#5335,1.40000000000001);
#461=CIRCLE('',#5337,1.40000000000001);
#462=CIRCLE('',#5339,1.40000000000001);
#463=CIRCLE('',#5341,1.4);
#464=CIRCLE('',#5343,1.40000000000001);
#465=CIRCLE('',#5345,1.4);
#466=CIRCLE('',#5347,1.40000000000001);
#467=CIRCLE('',#5349,1.4);
#468=CIRCLE('',#5351,1.40000000000001);
#469=CIRCLE('',#5353,1.4);
#470=CIRCLE('',#5355,1.40000000000001);
#471=CIRCLE('',#5357,1.4);
#472=CIRCLE('',#5359,1.4);
#473=CIRCLE('',#5361,1.4);
#474=CIRCLE('',#5368,9.77205849076242);
#475=CIRCLE('',#5371,1.);
#476=CIRCLE('',#5373,7.5);
#477=CIRCLE('',#5375,0.999999999999985);
#478=CIRCLE('',#5378,0.499999999999999);
#479=CIRCLE('',#5381,1.);
#480=CIRCLE('',#5383,7.5);
#481=CIRCLE('',#5385,0.999999999999998);
#482=CIRCLE('',#5388,0.499999999999999);
#483=CIRCLE('',#5391,4.00000000000319);
#484=CIRCLE('',#5393,9.77205849076242);
#485=CIRCLE('',#5396,4.00000000000002);
#486=CIRCLE('',#5400,0.500000000002386);
#487=CIRCLE('',#5403,0.999999999999961);
#488=CIRCLE('',#5405,7.5);
#489=CIRCLE('',#5407,0.999999999999985);
#490=CIRCLE('',#5410,0.500000000000765);
#491=CIRCLE('',#5413,0.999999999999953);
#492=CIRCLE('',#5415,7.5);
#493=CIRCLE('',#5417,0.999999999999998);
#494=CONICAL_SURFACE('',#5002,3.50000000000004,0.785398163397449);
#495=CONICAL_SURFACE('',#5006,9.272058490763,0.785398163397455);
#496=CONICAL_SURFACE('',#5017,14.272058490763,0.785398163397448);
#497=CONICAL_SURFACE('',#5021,3.50000000000004,0.785398163397449);
#498=CONICAL_SURFACE('',#5025,9.272058490763,0.785398163397455);
#499=CONICAL_SURFACE('',#5040,14.272058490763,0.785398163397448);
#500=CONICAL_SURFACE('',#5056,8.50000000000004,0.785398163397448);
#501=CONICAL_SURFACE('',#5058,9.272058490763,0.785398163397455);
#502=CONICAL_SURFACE('',#5062,3.50000000000004,0.785398163397449);
#503=CONICAL_SURFACE('',#5066,3.50000000000004,0.785398163397449);
#504=CONICAL_SURFACE('',#5069,9.272058490763,0.785398163397455);
#505=CONICAL_SURFACE('',#5159,6.50000000000001,0.785398163397445);
#506=CONICAL_SURFACE('',#5168,6.50000000000001,0.785398163397445);
#507=CONICAL_SURFACE('',#5179,6.50000000000001,0.785398163397425);
#508=CONICAL_SURFACE('',#5186,6.50000000000001,0.785398163397425);
#509=CONICAL_SURFACE('',#5194,8.50000000000004,0.785398163397448);
#510=VECTOR('',#5483,1.);
#511=VECTOR('',#5484,1.);
#512=VECTOR('',#5485,1.);
#513=VECTOR('',#5488,1.);
#514=VECTOR('',#5494,1.);
#515=VECTOR('',#5495,1.);
#516=VECTOR('',#5496,1.);
#517=VECTOR('',#5499,1.);
#518=VECTOR('',#5505,1.);
#519=VECTOR('',#5506,1.);
#520=VECTOR('',#5508,1.);
#521=VECTOR('',#5509,1.);
#522=VECTOR('',#5510,1.);
#523=VECTOR('',#5513,1.);
#524=VECTOR('',#5517,1.);
#525=VECTOR('',#5518,1.);
#526=VECTOR('',#5521,1.);
#527=VECTOR('',#5525,1.);
#528=VECTOR('',#5526,1.);
#529=VECTOR('',#5527,1.);
#530=VECTOR('',#5528,1.);
#531=VECTOR('',#5533,1.);
#532=VECTOR('',#5537,1.);
#533=VECTOR('',#5538,1.);
#534=VECTOR('',#5541,1.);
#535=VECTOR('',#5547,1.);
#536=VECTOR('',#5548,1.);
#537=VECTOR('',#5549,1.);
#538=VECTOR('',#5552,1.);
#539=VECTOR('',#5558,1.);
#540=VECTOR('',#5559,1.);
#541=VECTOR('',#5563,1.);
#542=VECTOR('',#5568,1.);
#543=VECTOR('',#5571,1.);
#544=VECTOR('',#5578,1.);
#545=VECTOR('',#5581,1.);
#546=VECTOR('',#5590,1.);
#547=VECTOR('',#5592,1.);
#548=VECTOR('',#5595,1.);
#549=VECTOR('',#5597,1.);
#550=VECTOR('',#5598,1.);
#551=VECTOR('',#5599,1.);
#552=VECTOR('',#5600,1.);
#553=VECTOR('',#5601,1.);
#554=VECTOR('',#5603,1.);
#555=VECTOR('',#5606,1.);
#556=VECTOR('',#5610,1.);
#557=VECTOR('',#5613,1.);
#558=VECTOR('',#5616,1.);
#559=VECTOR('',#5619,1.);
#560=VECTOR('',#5622,1.);
#561=VECTOR('',#5627,1.);
#562=VECTOR('',#5628,1.);
#563=VECTOR('',#5629,1.);
#564=VECTOR('',#5632,1.);
#565=VECTOR('',#5633,1.);
#566=VECTOR('',#5634,1.);
#567=VECTOR('',#5635,1.);
#568=VECTOR('',#5636,1.);
#569=VECTOR('',#5637,1.);
#570=VECTOR('',#5638,1.);
#571=VECTOR('',#5639,1.);
#572=VECTOR('',#5640,1.);
#573=VECTOR('',#5641,1.);
#574=VECTOR('',#5642,1.);
#575=VECTOR('',#5643,1.);
#576=VECTOR('',#5644,1.);
#577=VECTOR('',#5645,1.);
#578=VECTOR('',#5646,1.);
#579=VECTOR('',#5647,1.);
#580=VECTOR('',#5650,1.);
#581=VECTOR('',#5652,1.);
#582=VECTOR('',#5653,1.);
#583=VECTOR('',#5654,1.);
#584=VECTOR('',#5655,1.);
#585=VECTOR('',#5660,1.);
#586=VECTOR('',#5664,1.);
#587=VECTOR('',#5665,1.);
#588=VECTOR('',#5666,1.);
#589=VECTOR('',#5671,1.);
#590=VECTOR('',#5675,1.);
#591=VECTOR('',#5676,1.);
#592=VECTOR('',#5679,1.);
#593=VECTOR('',#5683,1.);
#594=VECTOR('',#5684,1.);
#595=VECTOR('',#5687,1.);
#596=VECTOR('',#5691,1.);
#597=VECTOR('',#5693,1.);
#598=VECTOR('',#5696,1.);
#599=VECTOR('',#5699,1.);
#600=VECTOR('',#5700,1.);
#601=VECTOR('',#5701,1.);
#602=VECTOR('',#5702,1.);
#603=VECTOR('',#5705,1.);
#604=VECTOR('',#5708,1.);
#605=VECTOR('',#5715,1.);
#606=VECTOR('',#5718,1.);
#607=VECTOR('',#5723,1.);
#608=VECTOR('',#5730,1.);
#609=VECTOR('',#5733,1.);
#610=VECTOR('',#5740,1.);
#611=VECTOR('',#5843,1.);
#612=VECTOR('',#5846,1.);
#613=VECTOR('',#5853,1.);
#614=VECTOR('',#5856,1.);
#615=VECTOR('',#5869,1.);
#616=VECTOR('',#5872,1.);
#617=VECTOR('',#5879,1.);
#618=VECTOR('',#5882,1.);
#619=VECTOR('',#5885,1.);
#620=VECTOR('',#5886,1.);
#621=VECTOR('',#5887,1.);
#622=VECTOR('',#5890,1.);
#623=VECTOR('',#5896,1.);
#624=VECTOR('',#5897,1.);
#625=VECTOR('',#5899,1.);
#626=VECTOR('',#5900,1.);
#627=VECTOR('',#5903,1.);
#628=VECTOR('',#5907,1.);
#629=VECTOR('',#5909,1.);
#630=VECTOR('',#5910,1.);
#631=VECTOR('',#5911,1.);
#632=VECTOR('',#5914,1.);
#633=VECTOR('',#5920,1.);
#634=VECTOR('',#5921,1.);
#635=VECTOR('',#5926,1.);
#636=VECTOR('',#5927,1.);
#637=VECTOR('',#5928,1.);
#638=VECTOR('',#5930,1.);
#639=VECTOR('',#5931,1.);
#640=VECTOR('',#5933,1.);
#641=VECTOR('',#5934,1.);
#642=VECTOR('',#5935,1.);
#643=VECTOR('',#5937,1.);
#644=VECTOR('',#5938,1.);
#645=VECTOR('',#5940,1.);
#646=VECTOR('',#5941,1.);
#647=VECTOR('',#5942,1.);
#648=VECTOR('',#5945,1.);
#649=VECTOR('',#5951,1.);
#650=VECTOR('',#5952,1.);
#651=VECTOR('',#5954,1.);
#652=VECTOR('',#5955,1.);
#653=VECTOR('',#5957,1.);
#654=VECTOR('',#5958,1.);
#655=VECTOR('',#5960,1.);
#656=VECTOR('',#5961,1.);
#657=VECTOR('',#5964,1.);
#658=VECTOR('',#5968,1.);
#659=VECTOR('',#5970,1.);
#660=VECTOR('',#5971,1.);
#661=VECTOR('',#5972,1.);
#662=VECTOR('',#5974,1.);
#663=VECTOR('',#5975,1.);
#664=VECTOR('',#5980,1.);
#665=VECTOR('',#5981,1.);
#666=VECTOR('',#5988,1.);
#667=VECTOR('',#5991,1.);
#668=VECTOR('',#6001,1.);
#669=VECTOR('',#6002,1.);
#670=VECTOR('',#6003,1.);
#671=VECTOR('',#6004,1.);
#672=VECTOR('',#6007,1.);
#673=VECTOR('',#6008,1.);
#674=VECTOR('',#6011,1.);
#675=VECTOR('',#6012,1.);
#676=VECTOR('',#6017,1.);
#677=VECTOR('',#6018,1.);
#678=VECTOR('',#6023,1.);
#679=VECTOR('',#6024,1.);
#680=VECTOR('',#6029,1.);
#681=VECTOR('',#6030,1.);
#682=VECTOR('',#6035,1.);
#683=VECTOR('',#6036,1.);
#684=VECTOR('',#6041,1.);
#685=VECTOR('',#6042,1.);
#686=VECTOR('',#6047,1.);
#687=VECTOR('',#6048,1.);
#688=VECTOR('',#6053,1.);
#689=VECTOR('',#6054,1.);
#690=VECTOR('',#6059,1.);
#691=VECTOR('',#6060,1.);
#692=VECTOR('',#6065,1.);
#693=VECTOR('',#6066,1.);
#694=VECTOR('',#6071,1.);
#695=VECTOR('',#6072,1.);
#696=VECTOR('',#6077,1.);
#697=VECTOR('',#6078,1.);
#698=VECTOR('',#6083,1.);
#699=VECTOR('',#6084,1.);
#700=VECTOR('',#6089,1.);
#701=VECTOR('',#6090,1.);
#702=VECTOR('',#6095,1.);
#703=VECTOR('',#6096,1.);
#704=VECTOR('',#6101,1.);
#705=VECTOR('',#6102,1.);
#706=VECTOR('',#6107,1.);
#707=VECTOR('',#6108,1.);
#708=VECTOR('',#6113,1.);
#709=VECTOR('',#6114,1.);
#710=VECTOR('',#6119,1.);
#711=VECTOR('',#6120,1.);
#712=VECTOR('',#6125,1.);
#713=VECTOR('',#6126,1.);
#714=VECTOR('',#6131,1.);
#715=VECTOR('',#6132,1.);
#716=VECTOR('',#6137,1.);
#717=VECTOR('',#6138,1.);
#718=VECTOR('',#6143,1.);
#719=VECTOR('',#6144,1.);
#720=VECTOR('',#6149,1.);
#721=VECTOR('',#6150,1.);
#722=VECTOR('',#6155,1.);
#723=VECTOR('',#6156,1.);
#724=VECTOR('',#6160,1.);
#725=VECTOR('',#6161,1.);
#726=VECTOR('',#6162,1.);
#727=VECTOR('',#6164,1.);
#728=VECTOR('',#6165,1.);
#729=VECTOR('',#6168,1.);
#730=VECTOR('',#6171,1.);
#731=VECTOR('',#6173,1.);
#732=VECTOR('',#6174,1.);
#733=VECTOR('',#6177,1.);
#734=VECTOR('',#6180,1.);
#735=VECTOR('',#6183,1.);
#736=VECTOR('',#6184,1.);
#737=VECTOR('',#6189,1.);
#738=VECTOR('',#6193,1.);
#739=VECTOR('',#6194,1.);
#740=VECTOR('',#6197,1.);
#741=VECTOR('',#6201,1.);
#742=VECTOR('',#6202,1.);
#743=VECTOR('',#6205,1.);
#744=VECTOR('',#6210,1.);
#745=VECTOR('',#6211,1.);
#746=VECTOR('',#6216,1.);
#747=VECTOR('',#6220,1.);
#748=VECTOR('',#6221,1.);
#749=VECTOR('',#6224,1.);
#750=VECTOR('',#6228,1.);
#751=VECTOR('',#6233,1.);
#752=VECTOR('',#6236,1.);
#753=VECTOR('',#6240,1.);
#754=VECTOR('',#6241,1.);
#755=VECTOR('',#6247,1.);
#756=VECTOR('',#6249,1.);
#757=VECTOR('',#6250,1.);
#758=VECTOR('',#6253,1.);
#759=VECTOR('',#6255,1.);
#760=VECTOR('',#6258,1.);
#761=VECTOR('',#6261,1.);
#762=VECTOR('',#6262,1.);
#763=VECTOR('',#6265,1.);
#764=VECTOR('',#6267,1.);
#765=VECTOR('',#6270,1.);
#766=VECTOR('',#6272,1.);
#767=VECTOR('',#6275,1.);
#768=VECTOR('',#6278,1.);
#769=VECTOR('',#6279,1.);
#770=VECTOR('',#6284,1.);
#771=VECTOR('',#6285,1.);
#772=VECTOR('',#6287,1.);
#773=VECTOR('',#6293,1.);
#774=VECTOR('',#6296,1.);
#775=VECTOR('',#6302,1.);
#776=VECTOR('',#6303,1.);
#777=VECTOR('',#6306,1.);
#778=VECTOR('',#6307,1.);
#779=VECTOR('',#6312,1.);
#780=VECTOR('',#6315,1.);
#781=VECTOR('',#6318,1.);
#782=VECTOR('',#6321,1.);
#783=VECTOR('',#6324,1.);
#784=VECTOR('',#6327,1.);
#785=VECTOR('',#6330,1.);
#786=VECTOR('',#6333,1.);
#787=VECTOR('',#6336,1.);
#788=VECTOR('',#6339,1.);
#789=VECTOR('',#6342,1.);
#790=VECTOR('',#6345,1.);
#791=VECTOR('',#6348,1.);
#792=VECTOR('',#6351,1.);
#793=VECTOR('',#6354,1.);
#794=VECTOR('',#6357,1.);
#795=VECTOR('',#6360,1.);
#796=VECTOR('',#6363,1.);
#797=VECTOR('',#6366,1.);
#798=VECTOR('',#6369,1.);
#799=VECTOR('',#6372,1.);
#800=VECTOR('',#6375,1.);
#801=VECTOR('',#6378,1.);
#802=VECTOR('',#6381,1.);
#803=VECTOR('',#6384,1.);
#804=VECTOR('',#6387,1.);
#805=VECTOR('',#6390,1.);
#806=VECTOR('',#6393,1.);
#807=VECTOR('',#6396,1.);
#808=VECTOR('',#6399,1.);
#809=VECTOR('',#6402,1.);
#810=VECTOR('',#6405,1.);
#811=VECTOR('',#6408,1.);
#812=VECTOR('',#6411,1.);
#813=VECTOR('',#6414,1.);
#814=VECTOR('',#6417,1.);
#815=VECTOR('',#6420,1.);
#816=VECTOR('',#6423,1.);
#817=VECTOR('',#6426,1.);
#818=VECTOR('',#6429,1.);
#819=VECTOR('',#6432,1.);
#820=VECTOR('',#6435,1.);
#821=VECTOR('',#6438,1.);
#822=VECTOR('',#6441,1.);
#823=VECTOR('',#6444,1.);
#824=VECTOR('',#6447,1.);
#825=VECTOR('',#6450,1.);
#826=VECTOR('',#6453,1.);
#827=VECTOR('',#6456,1.);
#828=VECTOR('',#6459,1.);
#829=VECTOR('',#6461,1.);
#830=VECTOR('',#6462,1.);
#831=VECTOR('',#6463,1.);
#832=VECTOR('',#6465,1.);
#833=VECTOR('',#6467,1.);
#834=VECTOR('',#6469,1.);
#835=VECTOR('',#6473,1.);
#836=VECTOR('',#6476,1.);
#837=VECTOR('',#6478,1.);
#838=VECTOR('',#6479,1.);
#839=VECTOR('',#6482,1.);
#840=VECTOR('',#6485,1.);
#841=VECTOR('',#6488,1.);
#842=VECTOR('',#6491,1.);
#843=VECTOR('',#6496,1.);
#844=VECTOR('',#6498,1.);
#845=VECTOR('',#6499,1.);
#846=VECTOR('',#6504,1.);
#847=VECTOR('',#6506,1.);
#848=VECTOR('',#6507,1.);
#849=VECTOR('',#6512,1.);
#850=VECTOR('',#6515,1.);
#851=VECTOR('',#6518,1.);
#852=VECTOR('',#6523,1.);
#853=VECTOR('',#6525,1.);
#854=VECTOR('',#6526,1.);
#855=VECTOR('',#6531,1.);
#856=VECTOR('',#6533,1.);
#857=VECTOR('',#6536,1.);
#858=VECTOR('',#6543,1.);
#859=VECTOR('',#6545,1.);
#860=VECTOR('',#6546,1.);
#861=VECTOR('',#6552,1.);
#862=VECTOR('',#6554,1.);
#863=VECTOR('',#6555,1.);
#864=VECTOR('',#6556,1.);
#865=VECTOR('',#6561,1.);
#866=VECTOR('',#6563,1.);
#867=VECTOR('',#6564,1.);
#868=VECTOR('',#6569,1.);
#869=VECTOR('',#6572,1.);
#870=VECTOR('',#6575,1.);
#871=VECTOR('',#6580,1.);
#872=VECTOR('',#6582,1.);
#873=VECTOR('',#6583,1.);
#874=VECTOR('',#6588,1.);
#875=VECTOR('',#6590,1.);
#876=VECTOR('',#6591,1.);
#877=VECTOR('',#6596,1.);
#878=VECTOR('',#6599,1.);
#879=VECTOR('',#6602,1.);
#880=LINE('',#6739,#510);
#881=LINE('',#6741,#511);
#882=LINE('',#6743,#512);
#883=LINE('',#6745,#513);
#884=LINE('',#6751,#514);
#885=LINE('',#6754,#515);
#886=LINE('',#6755,#516);
#887=LINE('',#6757,#517);
#888=LINE('',#6769,#518);
#889=LINE('',#6770,#519);
#890=LINE('',#6772,#520);
#891=LINE('',#6774,#521);
#892=LINE('',#6776,#522);
#893=LINE('',#6789,#523);
#894=LINE('',#6793,#524);
#895=LINE('',#6795,#525);
#896=LINE('',#6797,#526);
#897=LINE('',#6809,#527);
#898=LINE('',#6819,#528);
#899=LINE('',#6821,#529);
#900=LINE('',#6823,#530);
#901=LINE('',#6827,#531);
#902=LINE('',#6839,#532);
#903=LINE('',#6841,#533);
#904=LINE('',#6843,#534);
#905=LINE('',#6849,#535);
#906=LINE('',#6852,#536);
#907=LINE('',#6853,#537);
#908=LINE('',#6855,#538);
#909=LINE('',#6867,#539);
#910=LINE('',#6868,#540);
#911=LINE('',#6880,#541);
#912=LINE('',#6886,#542);
#913=LINE('',#6890,#543);
#914=LINE('',#6899,#544);
#915=LINE('',#6903,#545);
#916=LINE('',#6916,#546);
#917=LINE('',#6918,#547);
#918=LINE('',#6923,#548);
#919=LINE('',#7005,#549);
#920=LINE('',#7007,#550);
#921=LINE('',#7009,#551);
#922=LINE('',#7011,#552);
#923=LINE('',#7013,#553);
#924=LINE('',#7015,#554);
#925=LINE('',#7020,#555);
#926=LINE('',#7111,#556);
#927=LINE('',#7115,#557);
#928=LINE('',#7119,#558);
#929=LINE('',#7123,#559);
#930=LINE('',#7127,#560);
#931=LINE('',#7132,#561);
#932=LINE('',#7133,#562);
#933=LINE('',#7134,#563);
#934=LINE('',#7137,#564);
#935=LINE('',#7140,#565);
#936=LINE('',#7142,#566);
#937=LINE('',#7144,#567);
#938=LINE('',#7146,#568);
#939=LINE('',#7148,#569);
#940=LINE('',#7150,#570);
#941=LINE('',#7152,#571);
#942=LINE('',#7154,#572);
#943=LINE('',#7156,#573);
#944=LINE('',#7158,#574);
#945=LINE('',#7160,#575);
#946=LINE('',#7162,#576);
#947=LINE('',#7164,#577);
#948=LINE('',#7166,#578);
#949=LINE('',#7168,#579);
#950=LINE('',#7170,#580);
#951=LINE('',#7172,#581);
#952=LINE('',#7175,#582);
#953=LINE('',#7177,#583);
#954=LINE('',#7179,#584);
#955=LINE('',#7183,#585);
#956=LINE('',#7187,#586);
#957=LINE('',#7189,#587);
#958=LINE('',#7191,#588);
#959=LINE('',#7195,#589);
#960=LINE('',#7198,#590);
#961=LINE('',#7200,#591);
#962=LINE('',#7202,#592);
#963=LINE('',#7206,#593);
#964=LINE('',#7208,#594);
#965=LINE('',#7210,#595);
#966=LINE('',#7214,#596);
#967=LINE('',#7216,#597);
#968=LINE('',#7220,#598);
#969=LINE('',#7223,#599);
#970=LINE('',#7226,#600);
#971=LINE('',#7228,#601);
#972=LINE('',#7230,#602);
#973=LINE('',#7234,#603);
#974=LINE('',#7238,#604);
#975=LINE('',#7247,#605);
#976=LINE('',#7251,#606);
#977=LINE('',#7257,#607);
#978=LINE('',#7267,#608);
#979=LINE('',#7271,#609);
#980=LINE('',#7280,#610);
#981=LINE('',#7433,#611);
#982=LINE('',#7438,#612);
#983=LINE('',#7447,#613);
#984=LINE('',#7451,#614);
#985=LINE('',#7467,#615);
#986=LINE('',#7471,#616);
#987=LINE('',#7480,#617);
#988=LINE('',#7484,#618);
#989=LINE('',#7487,#619);
#990=LINE('',#7489,#620);
#991=LINE('',#7491,#621);
#992=LINE('',#7493,#622);
#993=LINE('',#7499,#623);
#994=LINE('',#7500,#624);
#995=LINE('',#7502,#625);
#996=LINE('',#7504,#626);
#997=LINE('',#7506,#627);
#998=LINE('',#7510,#628);
#999=LINE('',#7512,#629);
#1000=LINE('',#7514,#630);
#1001=LINE('',#7516,#631);
#1002=LINE('',#7518,#632);
#1003=LINE('',#7524,#633);
#1004=LINE('',#7525,#634);
#1005=LINE('',#7531,#635);
#1006=LINE('',#7533,#636);
#1007=LINE('',#7535,#637);
#1008=LINE('',#7537,#638);
#1009=LINE('',#7539,#639);
#1010=LINE('',#7541,#640);
#1011=LINE('',#7544,#641);
#1012=LINE('',#7545,#642);
#1013=LINE('',#7547,#643);
#1014=LINE('',#7549,#644);
#1015=LINE('',#7551,#645);
#1016=LINE('',#7553,#646);
#1017=LINE('',#7555,#647);
#1018=LINE('',#7557,#648);
#1019=LINE('',#7563,#649);
#1020=LINE('',#7564,#650);
#1021=LINE('',#7566,#651);
#1022=LINE('',#7568,#652);
#1023=LINE('',#7570,#653);
#1024=LINE('',#7572,#654);
#1025=LINE('',#7574,#655);
#1026=LINE('',#7576,#656);
#1027=LINE('',#7578,#657);
#1028=LINE('',#7582,#658);
#1029=LINE('',#7584,#659);
#1030=LINE('',#7586,#660);
#1031=LINE('',#7588,#661);
#1032=LINE('',#7590,#662);
#1033=LINE('',#7592,#663);
#1034=LINE('',#7598,#664);
#1035=LINE('',#7600,#665);
#1036=LINE('',#7604,#666);
#1037=LINE('',#7609,#667);
#1038=LINE('',#7621,#668);
#1039=LINE('',#7623,#669);
#1040=LINE('',#7625,#670);
#1041=LINE('',#7626,#671);
#1042=LINE('',#7628,#672);
#1043=LINE('',#7629,#673);
#1044=LINE('',#7631,#674);
#1045=LINE('',#7633,#675);
#1046=LINE('',#7637,#676);
#1047=LINE('',#7639,#677);
#1048=LINE('',#7643,#678);
#1049=LINE('',#7645,#679);
#1050=LINE('',#7649,#680);
#1051=LINE('',#7651,#681);
#1052=LINE('',#7655,#682);
#1053=LINE('',#7657,#683);
#1054=LINE('',#7661,#684);
#1055=LINE('',#7663,#685);
#1056=LINE('',#7667,#686);
#1057=LINE('',#7669,#687);
#1058=LINE('',#7673,#688);
#1059=LINE('',#7675,#689);
#1060=LINE('',#7679,#690);
#1061=LINE('',#7681,#691);
#1062=LINE('',#7685,#692);
#1063=LINE('',#7687,#693);
#1064=LINE('',#7691,#694);
#1065=LINE('',#7693,#695);
#1066=LINE('',#7697,#696);
#1067=LINE('',#7699,#697);
#1068=LINE('',#7703,#698);
#1069=LINE('',#7705,#699);
#1070=LINE('',#7709,#700);
#1071=LINE('',#7711,#701);
#1072=LINE('',#7715,#702);
#1073=LINE('',#7717,#703);
#1074=LINE('',#7721,#704);
#1075=LINE('',#7723,#705);
#1076=LINE('',#7727,#706);
#1077=LINE('',#7729,#707);
#1078=LINE('',#7733,#708);
#1079=LINE('',#7735,#709);
#1080=LINE('',#7739,#710);
#1081=LINE('',#7741,#711);
#1082=LINE('',#7745,#712);
#1083=LINE('',#7747,#713);
#1084=LINE('',#7751,#714);
#1085=LINE('',#7753,#715);
#1086=LINE('',#7757,#716);
#1087=LINE('',#7759,#717);
#1088=LINE('',#7763,#718);
#1089=LINE('',#7765,#719);
#1090=LINE('',#7769,#720);
#1091=LINE('',#7771,#721);
#1092=LINE('',#7775,#722);
#1093=LINE('',#7777,#723);
#1094=LINE('',#7781,#724);
#1095=LINE('',#7783,#725);
#1096=LINE('',#7785,#726);
#1097=LINE('',#7787,#727);
#1098=LINE('',#7789,#728);
#1099=LINE('',#7791,#729);
#1100=LINE('',#7795,#730);
#1101=LINE('',#7797,#731);
#1102=LINE('',#7799,#732);
#1103=LINE('',#7801,#733);
#1104=LINE('',#7805,#734);
#1105=LINE('',#7807,#735);
#1106=LINE('',#7809,#736);
#1107=LINE('',#7813,#737);
#1108=LINE('',#7817,#738);
#1109=LINE('',#7819,#739);
#1110=LINE('',#7821,#740);
#1111=LINE('',#7825,#741);
#1112=LINE('',#7827,#742);
#1113=LINE('',#7829,#743);
#1114=LINE('',#7833,#744);
#1115=LINE('',#7835,#745);
#1116=LINE('',#7839,#746);
#1117=LINE('',#7843,#747);
#1118=LINE('',#7845,#748);
#1119=LINE('',#7847,#749);
#1120=LINE('',#7851,#750);
#1121=LINE('',#7855,#751);
#1122=LINE('',#7857,#752);
#1123=LINE('',#7861,#753);
#1124=LINE('',#7863,#754);
#1125=LINE('',#7867,#755);
#1126=LINE('',#7869,#756);
#1127=LINE('',#7870,#757);
#1128=LINE('',#7872,#758);
#1129=LINE('',#7874,#759);
#1130=LINE('',#7876,#760);
#1131=LINE('',#7878,#761);
#1132=LINE('',#7879,#762);
#1133=LINE('',#7881,#763);
#1134=LINE('',#7883,#764);
#1135=LINE('',#7885,#765);
#1136=LINE('',#7887,#766);
#1137=LINE('',#7889,#767);
#1138=LINE('',#7891,#768);
#1139=LINE('',#7892,#769);
#1140=LINE('',#7895,#770);
#1141=LINE('',#7896,#771);
#1142=LINE('',#7898,#772);
#1143=LINE('',#7902,#773);
#1144=LINE('',#7906,#774);
#1145=LINE('',#7912,#775);
#1146=LINE('',#7913,#776);
#1147=LINE('',#7915,#777);
#1148=LINE('',#7916,#778);
#1149=LINE('',#7920,#779);
#1150=LINE('',#7924,#780);
#1151=LINE('',#7926,#781);
#1152=LINE('',#7930,#782);
#1153=LINE('',#7932,#783);
#1154=LINE('',#7936,#784);
#1155=LINE('',#7938,#785);
#1156=LINE('',#7942,#786);
#1157=LINE('',#7944,#787);
#1158=LINE('',#7948,#788);
#1159=LINE('',#7950,#789);
#1160=LINE('',#7954,#790);
#1161=LINE('',#7956,#791);
#1162=LINE('',#7960,#792);
#1163=LINE('',#7962,#793);
#1164=LINE('',#7966,#794);
#1165=LINE('',#7968,#795);
#1166=LINE('',#7972,#796);
#1167=LINE('',#7974,#797);
#1168=LINE('',#7978,#798);
#1169=LINE('',#7980,#799);
#1170=LINE('',#7984,#800);
#1171=LINE('',#7986,#801);
#1172=LINE('',#7990,#802);
#1173=LINE('',#7992,#803);
#1174=LINE('',#7996,#804);
#1175=LINE('',#7998,#805);
#1176=LINE('',#8002,#806);
#1177=LINE('',#8004,#807);
#1178=LINE('',#8008,#808);
#1179=LINE('',#8010,#809);
#1180=LINE('',#8014,#810);
#1181=LINE('',#8016,#811);
#1182=LINE('',#8020,#812);
#1183=LINE('',#8022,#813);
#1184=LINE('',#8026,#814);
#1185=LINE('',#8028,#815);
#1186=LINE('',#8032,#816);
#1187=LINE('',#8034,#817);
#1188=LINE('',#8038,#818);
#1189=LINE('',#8040,#819);
#1190=LINE('',#8044,#820);
#1191=LINE('',#8046,#821);
#1192=LINE('',#8050,#822);
#1193=LINE('',#8052,#823);
#1194=LINE('',#8056,#824);
#1195=LINE('',#8058,#825);
#1196=LINE('',#8062,#826);
#1197=LINE('',#8064,#827);
#1198=LINE('',#8068,#828);
#1199=LINE('',#8070,#829);
#1200=LINE('',#8072,#830);
#1201=LINE('',#8074,#831);
#1202=LINE('',#8076,#832);
#1203=LINE('',#8078,#833);
#1204=LINE('',#8080,#834);
#1205=LINE('',#8083,#835);
#1206=LINE('',#8087,#836);
#1207=LINE('',#8089,#837);
#1208=LINE('',#8091,#838);
#1209=LINE('',#8093,#839);
#1210=LINE('',#8097,#840);
#1211=LINE('',#8099,#841);
#1212=LINE('',#8103,#842);
#1213=LINE('',#8107,#843);
#1214=LINE('',#8109,#844);
#1215=LINE('',#8111,#845);
#1216=LINE('',#8115,#846);
#1217=LINE('',#8117,#847);
#1218=LINE('',#8119,#848);
#1219=LINE('',#8123,#849);
#1220=LINE('',#8125,#850);
#1221=LINE('',#8129,#851);
#1222=LINE('',#8133,#852);
#1223=LINE('',#8135,#853);
#1224=LINE('',#8137,#854);
#1225=LINE('',#8141,#855);
#1226=LINE('',#8143,#856);
#1227=LINE('',#8145,#857);
#1228=LINE('',#8151,#858);
#1229=LINE('',#8153,#859);
#1230=LINE('',#8155,#860);
#1231=LINE('',#8159,#861);
#1232=LINE('',#8161,#862);
#1233=LINE('',#8163,#863);
#1234=LINE('',#8165,#864);
#1235=LINE('',#8169,#865);
#1236=LINE('',#8171,#866);
#1237=LINE('',#8173,#867);
#1238=LINE('',#8177,#868);
#1239=LINE('',#8179,#869);
#1240=LINE('',#8183,#870);
#1241=LINE('',#8187,#871);
#1242=LINE('',#8189,#872);
#1243=LINE('',#8191,#873);
#1244=LINE('',#8195,#874);
#1245=LINE('',#8197,#875);
#1246=LINE('',#8199,#876);
#1247=LINE('',#8203,#877);
#1248=LINE('',#8205,#878);
#1249=LINE('',#8209,#879);
#1250=VERTEX_POINT('',#6737);
#1251=VERTEX_POINT('',#6738);
#1252=VERTEX_POINT('',#6740);
#1253=VERTEX_POINT('',#6742);
#1254=VERTEX_POINT('',#6746);
#1255=VERTEX_POINT('',#6747);
#1256=VERTEX_POINT('',#6752);
#1257=VERTEX_POINT('',#6753);
#1258=VERTEX_POINT('',#6758);
#1259=VERTEX_POINT('',#6759);
#1260=VERTEX_POINT('',#6767);
#1261=VERTEX_POINT('',#6768);
#1262=VERTEX_POINT('',#6773);
#1263=VERTEX_POINT('',#6775);
#1264=VERTEX_POINT('',#6777);
#1265=VERTEX_POINT('',#6790);
#1266=VERTEX_POINT('',#6794);
#1267=VERTEX_POINT('',#6798);
#1268=VERTEX_POINT('',#6804);
#1269=VERTEX_POINT('',#6808);
#1270=VERTEX_POINT('',#6810);
#1271=VERTEX_POINT('',#6814);
#1272=VERTEX_POINT('',#6818);
#1273=VERTEX_POINT('',#6820);
#1274=VERTEX_POINT('',#6822);
#1275=VERTEX_POINT('',#6826);
#1276=VERTEX_POINT('',#6828);
#1277=VERTEX_POINT('',#6830);
#1278=VERTEX_POINT('',#6838);
#1279=VERTEX_POINT('',#6840);
#1280=VERTEX_POINT('',#6844);
#1281=VERTEX_POINT('',#6845);
#1282=VERTEX_POINT('',#6850);
#1283=VERTEX_POINT('',#6851);
#1284=VERTEX_POINT('',#6856);
#1285=VERTEX_POINT('',#6857);
#1286=VERTEX_POINT('',#6865);
#1287=VERTEX_POINT('',#6866);
#1288=VERTEX_POINT('',#6877);
#1289=VERTEX_POINT('',#6879);
#1290=VERTEX_POINT('',#6881);
#1291=VERTEX_POINT('',#6884);
#1292=VERTEX_POINT('',#6885);
#1293=VERTEX_POINT('',#6887);
#1294=VERTEX_POINT('',#6889);
#1295=VERTEX_POINT('',#6891);
#1296=VERTEX_POINT('',#6893);
#1297=VERTEX_POINT('',#6895);
#1298=VERTEX_POINT('',#6896);
#1299=VERTEX_POINT('',#6898);
#1300=VERTEX_POINT('',#6900);
#1301=VERTEX_POINT('',#6902);
#1302=VERTEX_POINT('',#6904);
#1303=VERTEX_POINT('',#6906);
#1304=VERTEX_POINT('',#6908);
#1305=VERTEX_POINT('',#6913);
#1306=VERTEX_POINT('',#6915);
#1307=VERTEX_POINT('',#6919);
#1308=VERTEX_POINT('',#6920);
#1309=VERTEX_POINT('',#6922);
#1310=VERTEX_POINT('',#6924);
#1311=VERTEX_POINT('',#6928);
#1312=VERTEX_POINT('',#6980);
#1313=VERTEX_POINT('',#6981);
#1314=VERTEX_POINT('',#6986);
#1315=VERTEX_POINT('',#7006);
#1316=VERTEX_POINT('',#7008);
#1317=VERTEX_POINT('',#7010);
#1318=VERTEX_POINT('',#7012);
#1319=VERTEX_POINT('',#7016);
#1320=VERTEX_POINT('',#7017);
#1321=VERTEX_POINT('',#7019);
#1322=VERTEX_POINT('',#7021);
#1323=VERTEX_POINT('',#7029);
#1324=VERTEX_POINT('',#7078);
#1325=VERTEX_POINT('',#7093);
#1326=VERTEX_POINT('',#7103);
#1327=VERTEX_POINT('',#7110);
#1328=VERTEX_POINT('',#7112);
#1329=VERTEX_POINT('',#7114);
#1330=VERTEX_POINT('',#7116);
#1331=VERTEX_POINT('',#7118);
#1332=VERTEX_POINT('',#7120);
#1333=VERTEX_POINT('',#7122);
#1334=VERTEX_POINT('',#7124);
#1335=VERTEX_POINT('',#7126);
#1336=VERTEX_POINT('',#7128);
#1337=VERTEX_POINT('',#7131);
#1338=VERTEX_POINT('',#7135);
#1339=VERTEX_POINT('',#7138);
#1340=VERTEX_POINT('',#7139);
#1341=VERTEX_POINT('',#7141);
#1342=VERTEX_POINT('',#7143);
#1343=VERTEX_POINT('',#7145);
#1344=VERTEX_POINT('',#7147);
#1345=VERTEX_POINT('',#7149);
#1346=VERTEX_POINT('',#7151);
#1347=VERTEX_POINT('',#7153);
#1348=VERTEX_POINT('',#7155);
#1349=VERTEX_POINT('',#7157);
#1350=VERTEX_POINT('',#7159);
#1351=VERTEX_POINT('',#7161);
#1352=VERTEX_POINT('',#7163);
#1353=VERTEX_POINT('',#7165);
#1354=VERTEX_POINT('',#7167);
#1355=VERTEX_POINT('',#7173);
#1356=VERTEX_POINT('',#7174);
#1357=VERTEX_POINT('',#7176);
#1358=VERTEX_POINT('',#7178);
#1359=VERTEX_POINT('',#7182);
#1360=VERTEX_POINT('',#7184);
#1361=VERTEX_POINT('',#7188);
#1362=VERTEX_POINT('',#7190);
#1363=VERTEX_POINT('',#7194);
#1364=VERTEX_POINT('',#7199);
#1365=VERTEX_POINT('',#7203);
#1366=VERTEX_POINT('',#7207);
#1367=VERTEX_POINT('',#7211);
#1368=VERTEX_POINT('',#7217);
#1369=VERTEX_POINT('',#7219);
#1370=VERTEX_POINT('',#7221);
#1371=VERTEX_POINT('',#7224);
#1372=VERTEX_POINT('',#7225);
#1373=VERTEX_POINT('',#7227);
#1374=VERTEX_POINT('',#7229);
#1375=VERTEX_POINT('',#7232);
#1376=VERTEX_POINT('',#7233);
#1377=VERTEX_POINT('',#7235);
#1378=VERTEX_POINT('',#7237);
#1379=VERTEX_POINT('',#7239);
#1380=VERTEX_POINT('',#7241);
#1381=VERTEX_POINT('',#7243);
#1382=VERTEX_POINT('',#7244);
#1383=VERTEX_POINT('',#7246);
#1384=VERTEX_POINT('',#7248);
#1385=VERTEX_POINT('',#7250);
#1386=VERTEX_POINT('',#7252);
#1387=VERTEX_POINT('',#7254);
#1388=VERTEX_POINT('',#7256);
#1389=VERTEX_POINT('',#7258);
#1390=VERTEX_POINT('',#7259);
#1391=VERTEX_POINT('',#7261);
#1392=VERTEX_POINT('',#7263);
#1393=VERTEX_POINT('',#7264);
#1394=VERTEX_POINT('',#7266);
#1395=VERTEX_POINT('',#7268);
#1396=VERTEX_POINT('',#7270);
#1397=VERTEX_POINT('',#7272);
#1398=VERTEX_POINT('',#7274);
#1399=VERTEX_POINT('',#7276);
#1400=VERTEX_POINT('',#7277);
#1401=VERTEX_POINT('',#7279);
#1402=VERTEX_POINT('',#7281);
#1403=VERTEX_POINT('',#7284);
#1404=VERTEX_POINT('',#7285);
#1405=VERTEX_POINT('',#7287);
#1406=VERTEX_POINT('',#7288);
#1407=VERTEX_POINT('',#7290);
#1408=VERTEX_POINT('',#7291);
#1409=VERTEX_POINT('',#7293);
#1410=VERTEX_POINT('',#7294);
#1411=VERTEX_POINT('',#7296);
#1412=VERTEX_POINT('',#7297);
#1413=VERTEX_POINT('',#7299);
#1414=VERTEX_POINT('',#7300);
#1415=VERTEX_POINT('',#7302);
#1416=VERTEX_POINT('',#7303);
#1417=VERTEX_POINT('',#7305);
#1418=VERTEX_POINT('',#7306);
#1419=VERTEX_POINT('',#7308);
#1420=VERTEX_POINT('',#7309);
#1421=VERTEX_POINT('',#7311);
#1422=VERTEX_POINT('',#7312);
#1423=VERTEX_POINT('',#7314);
#1424=VERTEX_POINT('',#7315);
#1425=VERTEX_POINT('',#7317);
#1426=VERTEX_POINT('',#7318);
#1427=VERTEX_POINT('',#7320);
#1428=VERTEX_POINT('',#7321);
#1429=VERTEX_POINT('',#7323);
#1430=VERTEX_POINT('',#7324);
#1431=VERTEX_POINT('',#7326);
#1432=VERTEX_POINT('',#7327);
#1433=VERTEX_POINT('',#7329);
#1434=VERTEX_POINT('',#7330);
#1435=VERTEX_POINT('',#7332);
#1436=VERTEX_POINT('',#7333);
#1437=VERTEX_POINT('',#7335);
#1438=VERTEX_POINT('',#7336);
#1439=VERTEX_POINT('',#7338);
#1440=VERTEX_POINT('',#7339);
#1441=VERTEX_POINT('',#7341);
#1442=VERTEX_POINT('',#7342);
#1443=VERTEX_POINT('',#7344);
#1444=VERTEX_POINT('',#7345);
#1445=VERTEX_POINT('',#7347);
#1446=VERTEX_POINT('',#7348);
#1447=VERTEX_POINT('',#7350);
#1448=VERTEX_POINT('',#7351);
#1449=VERTEX_POINT('',#7353);
#1450=VERTEX_POINT('',#7354);
#1451=VERTEX_POINT('',#7356);
#1452=VERTEX_POINT('',#7357);
#1453=VERTEX_POINT('',#7359);
#1454=VERTEX_POINT('',#7360);
#1455=VERTEX_POINT('',#7362);
#1456=VERTEX_POINT('',#7363);
#1457=VERTEX_POINT('',#7365);
#1458=VERTEX_POINT('',#7366);
#1459=VERTEX_POINT('',#7368);
#1460=VERTEX_POINT('',#7369);
#1461=VERTEX_POINT('',#7371);
#1462=VERTEX_POINT('',#7372);
#1463=VERTEX_POINT('',#7374);
#1464=VERTEX_POINT('',#7375);
#1465=VERTEX_POINT('',#7377);
#1466=VERTEX_POINT('',#7378);
#1467=VERTEX_POINT('',#7380);
#1468=VERTEX_POINT('',#7381);
#1469=VERTEX_POINT('',#7383);
#1470=VERTEX_POINT('',#7384);
#1471=VERTEX_POINT('',#7386);
#1472=VERTEX_POINT('',#7387);
#1473=VERTEX_POINT('',#7389);
#1474=VERTEX_POINT('',#7390);
#1475=VERTEX_POINT('',#7392);
#1476=VERTEX_POINT('',#7393);
#1477=VERTEX_POINT('',#7395);
#1478=VERTEX_POINT('',#7396);
#1479=VERTEX_POINT('',#7398);
#1480=VERTEX_POINT('',#7399);
#1481=VERTEX_POINT('',#7401);
#1482=VERTEX_POINT('',#7402);
#1483=VERTEX_POINT('',#7404);
#1484=VERTEX_POINT('',#7405);
#1485=VERTEX_POINT('',#7407);
#1486=VERTEX_POINT('',#7408);
#1487=VERTEX_POINT('',#7410);
#1488=VERTEX_POINT('',#7411);
#1489=VERTEX_POINT('',#7413);
#1490=VERTEX_POINT('',#7414);
#1491=VERTEX_POINT('',#7416);
#1492=VERTEX_POINT('',#7417);
#1493=VERTEX_POINT('',#7419);
#1494=VERTEX_POINT('',#7420);
#1495=VERTEX_POINT('',#7422);
#1496=VERTEX_POINT('',#7423);
#1497=VERTEX_POINT('',#7425);
#1498=VERTEX_POINT('',#7426);
#1499=VERTEX_POINT('',#7428);
#1500=VERTEX_POINT('',#7429);
#1501=VERTEX_POINT('',#7431);
#1502=VERTEX_POINT('',#7432);
#1503=VERTEX_POINT('',#7434);
#1504=VERTEX_POINT('',#7435);
#1505=VERTEX_POINT('',#7437);
#1506=VERTEX_POINT('',#7439);
#1507=VERTEX_POINT('',#7441);
#1508=VERTEX_POINT('',#7443);
#1509=VERTEX_POINT('',#7444);
#1510=VERTEX_POINT('',#7446);
#1511=VERTEX_POINT('',#7448);
#1512=VERTEX_POINT('',#7450);
#1513=VERTEX_POINT('',#7452);
#1514=VERTEX_POINT('',#7454);
#1515=VERTEX_POINT('',#7456);
#1516=VERTEX_POINT('',#7457);
#1517=VERTEX_POINT('',#7460);
#1518=VERTEX_POINT('',#7461);
#1519=VERTEX_POINT('',#7463);
#1520=VERTEX_POINT('',#7464);
#1521=VERTEX_POINT('',#7466);
#1522=VERTEX_POINT('',#7468);
#1523=VERTEX_POINT('',#7470);
#1524=VERTEX_POINT('',#7472);
#1525=VERTEX_POINT('',#7474);
#1526=VERTEX_POINT('',#7476);
#1527=VERTEX_POINT('',#7477);
#1528=VERTEX_POINT('',#7479);
#1529=VERTEX_POINT('',#7481);
#1530=VERTEX_POINT('',#7483);
#1531=VERTEX_POINT('',#7488);
#1532=VERTEX_POINT('',#7490);
#1533=VERTEX_POINT('',#7494);
#1534=VERTEX_POINT('',#7495);
#1535=VERTEX_POINT('',#7503);
#1536=VERTEX_POINT('',#7507);
#1537=VERTEX_POINT('',#7513);
#1538=VERTEX_POINT('',#7515);
#1539=VERTEX_POINT('',#7519);
#1540=VERTEX_POINT('',#7520);
#1541=VERTEX_POINT('',#7528);
#1542=VERTEX_POINT('',#7529);
#1543=VERTEX_POINT('',#7532);
#1544=VERTEX_POINT('',#7534);
#1545=VERTEX_POINT('',#7538);
#1546=VERTEX_POINT('',#7542);
#1547=VERTEX_POINT('',#7543);
#1548=VERTEX_POINT('',#7548);
#1549=VERTEX_POINT('',#7552);
#1550=VERTEX_POINT('',#7554);
#1551=VERTEX_POINT('',#7558);
#1552=VERTEX_POINT('',#7559);
#1553=VERTEX_POINT('',#7567);
#1554=VERTEX_POINT('',#7571);
#1555=VERTEX_POINT('',#7575);
#1556=VERTEX_POINT('',#7579);
#1557=VERTEX_POINT('',#7585);
#1558=VERTEX_POINT('',#7587);
#1559=VERTEX_POINT('',#7591);
#1560=VERTEX_POINT('',#7594);
#1561=VERTEX_POINT('',#7595);
#1562=VERTEX_POINT('',#7599);
#1563=VERTEX_POINT('',#7605);
#1564=VERTEX_POINT('',#7606);
#1565=VERTEX_POINT('',#7608);
#1566=VERTEX_POINT('',#7610);
#1567=VERTEX_POINT('',#7614);
#1568=VERTEX_POINT('',#7615);
#1569=VERTEX_POINT('',#7618);
#1570=VERTEX_POINT('',#7619);
#1571=VERTEX_POINT('',#7622);
#1572=VERTEX_POINT('',#7624);
#1573=VERTEX_POINT('',#7632);
#1574=VERTEX_POINT('',#7634);
#1575=VERTEX_POINT('',#7638);
#1576=VERTEX_POINT('',#7640);
#1577=VERTEX_POINT('',#7644);
#1578=VERTEX_POINT('',#7646);
#1579=VERTEX_POINT('',#7650);
#1580=VERTEX_POINT('',#7652);
#1581=VERTEX_POINT('',#7656);
#1582=VERTEX_POINT('',#7658);
#1583=VERTEX_POINT('',#7662);
#1584=VERTEX_POINT('',#7664);
#1585=VERTEX_POINT('',#7668);
#1586=VERTEX_POINT('',#7670);
#1587=VERTEX_POINT('',#7674);
#1588=VERTEX_POINT('',#7676);
#1589=VERTEX_POINT('',#7680);
#1590=VERTEX_POINT('',#7682);
#1591=VERTEX_POINT('',#7686);
#1592=VERTEX_POINT('',#7688);
#1593=VERTEX_POINT('',#7692);
#1594=VERTEX_POINT('',#7694);
#1595=VERTEX_POINT('',#7698);
#1596=VERTEX_POINT('',#7700);
#1597=VERTEX_POINT('',#7704);
#1598=VERTEX_POINT('',#7706);
#1599=VERTEX_POINT('',#7710);
#1600=VERTEX_POINT('',#7712);
#1601=VERTEX_POINT('',#7716);
#1602=VERTEX_POINT('',#7718);
#1603=VERTEX_POINT('',#7722);
#1604=VERTEX_POINT('',#7724);
#1605=VERTEX_POINT('',#7728);
#1606=VERTEX_POINT('',#7730);
#1607=VERTEX_POINT('',#7734);
#1608=VERTEX_POINT('',#7736);
#1609=VERTEX_POINT('',#7740);
#1610=VERTEX_POINT('',#7742);
#1611=VERTEX_POINT('',#7746);
#1612=VERTEX_POINT('',#7748);
#1613=VERTEX_POINT('',#7752);
#1614=VERTEX_POINT('',#7754);
#1615=VERTEX_POINT('',#7758);
#1616=VERTEX_POINT('',#7760);
#1617=VERTEX_POINT('',#7764);
#1618=VERTEX_POINT('',#7766);
#1619=VERTEX_POINT('',#7770);
#1620=VERTEX_POINT('',#7772);
#1621=VERTEX_POINT('',#7776);
#1622=VERTEX_POINT('',#7778);
#1623=VERTEX_POINT('',#7782);
#1624=VERTEX_POINT('',#7784);
#1625=VERTEX_POINT('',#7788);
#1626=VERTEX_POINT('',#7792);
#1627=VERTEX_POINT('',#7794);
#1628=VERTEX_POINT('',#7798);
#1629=VERTEX_POINT('',#7802);
#1630=VERTEX_POINT('',#7804);
#1631=VERTEX_POINT('',#7808);
#1632=VERTEX_POINT('',#7810);
#1633=VERTEX_POINT('',#7814);
#1634=VERTEX_POINT('',#7818);
#1635=VERTEX_POINT('',#7822);
#1636=VERTEX_POINT('',#7826);
#1637=VERTEX_POINT('',#7830);
#1638=VERTEX_POINT('',#7834);
#1639=VERTEX_POINT('',#7836);
#1640=VERTEX_POINT('',#7840);
#1641=VERTEX_POINT('',#7844);
#1642=VERTEX_POINT('',#7848);
#1643=VERTEX_POINT('',#7854);
#1644=VERTEX_POINT('',#7858);
#1645=VERTEX_POINT('',#7862);
#1646=VERTEX_POINT('',#7903);
#1647=VERTEX_POINT('',#7905);
#1648=VERTEX_POINT('',#7909);
#1649=VERTEX_POINT('',#7910);
#1650=VERTEX_POINT('',#7921);
#1651=VERTEX_POINT('',#7923);
#1652=VERTEX_POINT('',#7927);
#1653=VERTEX_POINT('',#7929);
#1654=VERTEX_POINT('',#7933);
#1655=VERTEX_POINT('',#7935);
#1656=VERTEX_POINT('',#7939);
#1657=VERTEX_POINT('',#7941);
#1658=VERTEX_POINT('',#7945);
#1659=VERTEX_POINT('',#7947);
#1660=VERTEX_POINT('',#7951);
#1661=VERTEX_POINT('',#7953);
#1662=VERTEX_POINT('',#7957);
#1663=VERTEX_POINT('',#7959);
#1664=VERTEX_POINT('',#7963);
#1665=VERTEX_POINT('',#7965);
#1666=VERTEX_POINT('',#7969);
#1667=VERTEX_POINT('',#7971);
#1668=VERTEX_POINT('',#7975);
#1669=VERTEX_POINT('',#7977);
#1670=VERTEX_POINT('',#7981);
#1671=VERTEX_POINT('',#7983);
#1672=VERTEX_POINT('',#7987);
#1673=VERTEX_POINT('',#7989);
#1674=VERTEX_POINT('',#7993);
#1675=VERTEX_POINT('',#7995);
#1676=VERTEX_POINT('',#7999);
#1677=VERTEX_POINT('',#8001);
#1678=VERTEX_POINT('',#8005);
#1679=VERTEX_POINT('',#8007);
#1680=VERTEX_POINT('',#8011);
#1681=VERTEX_POINT('',#8013);
#1682=VERTEX_POINT('',#8017);
#1683=VERTEX_POINT('',#8019);
#1684=VERTEX_POINT('',#8023);
#1685=VERTEX_POINT('',#8025);
#1686=VERTEX_POINT('',#8029);
#1687=VERTEX_POINT('',#8031);
#1688=VERTEX_POINT('',#8035);
#1689=VERTEX_POINT('',#8037);
#1690=VERTEX_POINT('',#8041);
#1691=VERTEX_POINT('',#8043);
#1692=VERTEX_POINT('',#8047);
#1693=VERTEX_POINT('',#8049);
#1694=VERTEX_POINT('',#8053);
#1695=VERTEX_POINT('',#8055);
#1696=VERTEX_POINT('',#8059);
#1697=VERTEX_POINT('',#8061);
#1698=VERTEX_POINT('',#8065);
#1699=VERTEX_POINT('',#8067);
#1700=VERTEX_POINT('',#8071);
#1701=VERTEX_POINT('',#8073);
#1702=VERTEX_POINT('',#8084);
#1703=VERTEX_POINT('',#8086);
#1704=VERTEX_POINT('',#8090);
#1705=VERTEX_POINT('',#8094);
#1706=VERTEX_POINT('',#8096);
#1707=VERTEX_POINT('',#8100);
#1708=VERTEX_POINT('',#8102);
#1709=VERTEX_POINT('',#8106);
#1710=VERTEX_POINT('',#8110);
#1711=VERTEX_POINT('',#8114);
#1712=VERTEX_POINT('',#8118);
#1713=VERTEX_POINT('',#8122);
#1714=VERTEX_POINT('',#8126);
#1715=VERTEX_POINT('',#8128);
#1716=VERTEX_POINT('',#8132);
#1717=VERTEX_POINT('',#8136);
#1718=VERTEX_POINT('',#8140);
#1719=VERTEX_POINT('',#8146);
#1720=VERTEX_POINT('',#8150);
#1721=VERTEX_POINT('',#8154);
#1722=VERTEX_POINT('',#8162);
#1723=VERTEX_POINT('',#8164);
#1724=VERTEX_POINT('',#8168);
#1725=VERTEX_POINT('',#8172);
#1726=VERTEX_POINT('',#8176);
#1727=VERTEX_POINT('',#8180);
#1728=VERTEX_POINT('',#8182);
#1729=VERTEX_POINT('',#8186);
#1730=VERTEX_POINT('',#8190);
#1731=VERTEX_POINT('',#8194);
#1732=VERTEX_POINT('',#8198);
#1733=VERTEX_POINT('',#8202);
#1734=VERTEX_POINT('',#8206);
#1735=VERTEX_POINT('',#8208);
#1736=B_SPLINE_CURVE_WITH_KNOTS('',2,(#6734,#6735,#6736),.UNSPECIFIED.,
 .F.,.U.,(3,3),(0.,0.169761648319557),.UNSPECIFIED.);
#1737=B_SPLINE_CURVE_WITH_KNOTS('',3,(#6763,#6764,#6765,#6766),
 .UNSPECIFIED.,.F.,.U.,(4,4),(-0.668890342912251,-0.411680886269183),
 .UNSPECIFIED.);
#1738=B_SPLINE_CURVE_WITH_KNOTS('',3,(#6778,#6779,#6780,#6781,#6782,#6783,
#6784,#6785,#6786,#6787),.UNSPECIFIED.,.F.,.U.,(4,3,3,4),(0.,0.0198306129757399,
0.0322374271704661,0.0883662027638032),.UNSPECIFIED.);
#1739=B_SPLINE_CURVE_WITH_KNOTS('',2,(#6831,#6832,#6833),.UNSPECIFIED.,
 .F.,.U.,(3,3),(0.,0.153312274068285),.UNSPECIFIED.);
#1740=B_SPLINE_CURVE_WITH_KNOTS('',2,(#6835,#6836,#6837),.UNSPECIFIED.,
 .F.,.U.,(3,3),(1.25728880550901,1.42705045382857),.UNSPECIFIED.);
#1741=B_SPLINE_CURVE_WITH_KNOTS('',3,(#6861,#6862,#6863,#6864),
 .UNSPECIFIED.,.F.,.U.,(4,4),(-0.242912337914,-0.174584825719812),
 .UNSPECIFIED.);
#1742=B_SPLINE_CURVE_WITH_KNOTS('',3,(#6870,#6871,#6872,#6873,#6874,#6875,
#6876),.UNSPECIFIED.,.F.,.U.,(4,3,4),(0.36161491774452,0.367557854598741,
0.38988079741281),.UNSPECIFIED.);
#1743=B_SPLINE_CURVE_WITH_KNOTS('',2,(#6910,#6911,#6912),.UNSPECIFIED.,
 .F.,.U.,(3,3),(0.,0.153312274068285),.UNSPECIFIED.);
#1744=B_SPLINE_CURVE_WITH_KNOTS('',2,(#6925,#6926,#6927),.UNSPECIFIED.,
 .F.,.U.,(3,3),(-1.86506586366593,-1.86401858152568),.UNSPECIFIED.);
#1745=B_SPLINE_CURVE_WITH_KNOTS('',3,(#6929,#6930,#6931,#6932,#6933,#6934),
 .UNSPECIFIED.,.F.,.U.,(4,2,4),(0.,0.0715282076622726,0.143118717371574),
 .UNSPECIFIED.);
#1746=B_SPLINE_CURVE_WITH_KNOTS('',3,(#6971,#6972,#6973,#6974,#6975,#6976,
#6977,#6978,#6979),.UNSPECIFIED.,.F.,.U.,(4,1,1,1,1,1,4),(-8.28589158789658,
-8.22114515727184,-8.14378419569623,-7.98906227254503,-7.83434034939382,
-7.67961842624261,-7.4755958822987),.UNSPECIFIED.);
#1747=B_SPLINE_CURVE_WITH_KNOTS('',3,(#6982,#6983,#6984,#6985),
 .UNSPECIFIED.,.F.,.U.,(4,4),(1.11108455855633,1.33449441458749),
 .UNSPECIFIED.);
#1748=B_SPLINE_CURVE_WITH_KNOTS('',3,(#6987,#6988,#6989,#6990),
 .UNSPECIFIED.,.F.,.U.,(4,4),(0.411706885576407,0.439059320300226),
 .UNSPECIFIED.);
#1749=B_SPLINE_CURVE_WITH_KNOTS('',3,(#6991,#6992,#6993,#6994,#6995,#6996,
#6997,#6998,#6999),.UNSPECIFIED.,.F.,.U.,(4,1,1,1,1,1,4),(7.58514012594603,
7.67961842624261,7.83434034939382,7.98906227254503,8.14378419569623,8.22114515727184,
8.29850611884744),.UNSPECIFIED.);
#1750=B_SPLINE_CURVE_WITH_KNOTS('',3,(#7000,#7001,#7002,#7003),
 .UNSPECIFIED.,.F.,.U.,(4,4),(8.28589158789658,8.28609393891712),
 .UNSPECIFIED.);
#1751=B_SPLINE_CURVE_WITH_KNOTS('',3,(#7022,#7023,#7024,#7025,#7026,#7027,
#7028),.UNSPECIFIED.,.F.,.U.,(4,3,4),(0.,0.0715863430020447,0.143117012740396),
 .UNSPECIFIED.);
#1752=B_SPLINE_CURVE_WITH_KNOTS('',2,(#7030,#7031,#7032),.UNSPECIFIED.,
 .F.,.U.,(3,3),(-5.74796628461711,-5.74691900247688),.UNSPECIFIED.);
#1753=B_SPLINE_CURVE_WITH_KNOTS('',3,(#7069,#7070,#7071,#7072,#7073,#7074,
#7075,#7076,#7077),.UNSPECIFIED.,.F.,.U.,(4,1,1,1,1,1,4),(0.261249141333392,
0.338610102908993,0.415971064484594,0.570692987635795,0.725414910786997,
0.880136833938199,0.9746151342348),.UNSPECIFIED.);
#1754=B_SPLINE_CURVE_WITH_KNOTS('',3,(#7079,#7080,#7081,#7082,#7083,#7084,
#7085,#7086,#7087,#7088),.UNSPECIFIED.,.F.,.U.,(4,3,3,4),(0.0472841994928609,
0.0600061822077789,0.11612712872458,0.13565856804756),.UNSPECIFIED.);
#1755=B_SPLINE_CURVE_WITH_KNOTS('',3,(#7089,#7090,#7091,#7092),
 .UNSPECIFIED.,.F.,.U.,(4,4),(0.18029466744479,0.236990593599696),
 .UNSPECIFIED.);
#1756=B_SPLINE_CURVE_WITH_KNOTS('',3,(#7094,#7095,#7096,#7097,#7098,#7099,
#7100,#7101,#7102),.UNSPECIFIED.,.F.,.U.,(4,1,1,1,1,1,4),(-1.08415937788212,
-0.880136833938199,-0.725414910786997,-0.570692987635795,-0.415971064484594,
-0.338610102908993,-0.273863672284261),.UNSPECIFIED.);
#1757=B_SPLINE_CURVE_WITH_KNOTS('',3,(#7104,#7105,#7106,#7107),
 .UNSPECIFIED.,.F.,.U.,(4,4),(0.273661321263725,0.27386367228426),
 .UNSPECIFIED.);
#1758=EDGE_CURVE('',#1250,#1251,#1736,.T.);
#1759=EDGE_CURVE('',#1251,#1252,#880,.T.);
#1760=EDGE_CURVE('',#1252,#1253,#881,.T.);
#1761=EDGE_CURVE('',#1253,#1250,#882,.T.);
#1762=EDGE_CURVE('',#1254,#1255,#883,.T.);
#1763=EDGE_CURVE('',#1255,#1253,#274,.T.);
#1764=EDGE_CURVE('',#1252,#1254,#275,.T.);
#1765=EDGE_CURVE('',#1256,#1257,#884,.T.);
#1766=EDGE_CURVE('',#1257,#1255,#885,.T.);
#1767=EDGE_CURVE('',#1254,#1256,#886,.T.);
#1768=EDGE_CURVE('',#1258,#1259,#887,.T.);
#1769=EDGE_CURVE('',#1259,#1257,#276,.T.);
#1770=EDGE_CURVE('',#1256,#1258,#277,.T.);
#1771=EDGE_CURVE('',#1260,#1261,#1737,.T.);
#1772=EDGE_CURVE('',#1260,#1259,#888,.T.);
#1773=EDGE_CURVE('',#1258,#1261,#889,.T.);
#1774=EDGE_CURVE('',#1262,#1258,#890,.T.);
#1775=EDGE_CURVE('',#1263,#1262,#891,.T.);
#1776=EDGE_CURVE('',#1263,#1264,#892,.T.);
#1777=EDGE_CURVE('',#1261,#1264,#1738,.T.);
#1778=EDGE_CURVE('',#1265,#1256,#893,.T.);
#1779=EDGE_CURVE('',#1262,#1265,#278,.T.);
#1780=EDGE_CURVE('',#1266,#1254,#894,.T.);
#1781=EDGE_CURVE('',#1265,#1266,#895,.T.);
#1782=EDGE_CURVE('',#1267,#1252,#896,.T.);
#1783=EDGE_CURVE('',#1266,#1267,#279,.T.);
#1784=EDGE_CURVE('',#1268,#1251,#108,.T.);
#1785=EDGE_CURVE('',#1269,#1268,#109,.T.);
#1786=EDGE_CURVE('',#1270,#1269,#897,.T.);
#1787=EDGE_CURVE('',#1271,#1270,#110,.T.);
#1788=EDGE_CURVE('',#1272,#1271,#111,.T.);
#1789=EDGE_CURVE('',#1273,#1272,#898,.T.);
#1790=EDGE_CURVE('',#1274,#1273,#899,.T.);
#1791=EDGE_CURVE('',#1267,#1274,#900,.T.);
#1792=EDGE_CURVE('',#1275,#1250,#280,.T.);
#1793=EDGE_CURVE('',#1275,#1276,#901,.T.);
#1794=EDGE_CURVE('',#1276,#1277,#281,.T.);
#1795=EDGE_CURVE('',#1269,#1277,#1739,.T.);
#1796=EDGE_CURVE('',#1272,#1278,#1740,.T.);
#1797=EDGE_CURVE('',#1278,#1279,#902,.T.);
#1798=EDGE_CURVE('',#1279,#1273,#903,.T.);
#1799=EDGE_CURVE('',#1280,#1281,#904,.T.);
#1800=EDGE_CURVE('',#1281,#1273,#282,.T.);
#1801=EDGE_CURVE('',#1279,#1280,#283,.T.);
#1802=EDGE_CURVE('',#1282,#1283,#905,.T.);
#1803=EDGE_CURVE('',#1283,#1281,#906,.T.);
#1804=EDGE_CURVE('',#1280,#1282,#907,.T.);
#1805=EDGE_CURVE('',#1284,#1285,#908,.T.);
#1806=EDGE_CURVE('',#1285,#1283,#284,.T.);
#1807=EDGE_CURVE('',#1282,#1284,#285,.T.);
#1808=EDGE_CURVE('',#1286,#1287,#1741,.T.);
#1809=EDGE_CURVE('',#1287,#1285,#909,.T.);
#1810=EDGE_CURVE('',#1284,#1286,#910,.T.);
#1811=EDGE_CURVE('',#1286,#1288,#1742,.T.);
#1812=EDGE_CURVE('',#1289,#1278,#286,.T.);
#1813=EDGE_CURVE('',#1290,#1289,#911,.T.);
#1814=EDGE_CURVE('',#1288,#1290,#287,.T.);
#1815=EDGE_CURVE('',#1291,#1292,#288,.T.);
#1816=EDGE_CURVE('',#1293,#1291,#912,.T.);
#1817=EDGE_CURVE('',#1294,#1293,#289,.T.);
#1818=EDGE_CURVE('',#1295,#1294,#913,.T.);
#1819=EDGE_CURVE('',#1296,#1295,#290,.T.);
#1820=EDGE_CURVE('',#1297,#1296,#291,.T.);
#1821=EDGE_CURVE('',#1298,#1297,#291,.T.);
#1822=EDGE_CURVE('',#1299,#1298,#292,.T.);
#1823=EDGE_CURVE('',#1300,#1299,#914,.T.);
#1824=EDGE_CURVE('',#1301,#1300,#293,.T.);
#1825=EDGE_CURVE('',#1302,#1301,#915,.T.);
#1826=EDGE_CURVE('',#1303,#1302,#294,.T.);
#1827=EDGE_CURVE('',#1304,#1303,#295,.T.);
#1828=EDGE_CURVE('',#1292,#1304,#295,.T.);
#1829=EDGE_CURVE('',#1305,#1270,#1743,.T.);
#1830=EDGE_CURVE('',#1305,#1306,#296,.T.);
#1831=EDGE_CURVE('',#1306,#1289,#916,.T.);
#1832=EDGE_CURVE('',#1307,#1308,#917,.T.);
#1833=EDGE_CURVE('',#1308,#1309,#106,.T.);
#1834=EDGE_CURVE('',#1309,#1310,#918,.T.);
#1835=EDGE_CURVE('',#1310,#1311,#1744,.T.);
#1836=EDGE_CURVE('',#1311,#1307,#1745,.T.);
#1837=EDGE_CURVE('',#1312,#1313,#1746,.T.);
#1838=EDGE_CURVE('',#1313,#1314,#1747,.T.);
#1839=EDGE_CURVE('',#1314,#1260,#1748,.T.);
#1840=EDGE_CURVE('',#1264,#1307,#1749,.T.);
#1841=EDGE_CURVE('',#1312,#1311,#1750,.T.);
#1842=EDGE_CURVE('',#1308,#1315,#919,.T.);
#1843=EDGE_CURVE('',#1316,#1263,#920,.T.);
#1844=EDGE_CURVE('',#1317,#1316,#921,.T.);
#1845=EDGE_CURVE('',#1317,#1318,#922,.T.);
#1846=EDGE_CURVE('',#1315,#1318,#923,.T.);
#1847=EDGE_CURVE('',#1319,#1320,#924,.T.);
#1848=EDGE_CURVE('',#1320,#1321,#107,.T.);
#1849=EDGE_CURVE('',#1321,#1322,#925,.T.);
#1850=EDGE_CURVE('',#1322,#1323,#1751,.T.);
#1851=EDGE_CURVE('',#1323,#1319,#1752,.T.);
#1852=EDGE_CURVE('',#1322,#1324,#1753,.T.);
#1853=EDGE_CURVE('',#1324,#1287,#1754,.T.);
#1854=EDGE_CURVE('',#1288,#1325,#1755,.T.);
#1855=EDGE_CURVE('',#1325,#1326,#1756,.T.);
#1856=EDGE_CURVE('',#1323,#1326,#1757,.T.);
#1857=EDGE_CURVE('',#1309,#1327,#297,.T.);
#1858=EDGE_CURVE('',#1327,#1328,#926,.T.);
#1859=EDGE_CURVE('',#1328,#1329,#298,.T.);
#1860=EDGE_CURVE('',#1329,#1330,#927,.T.);
#1861=EDGE_CURVE('',#1330,#1331,#299,.T.);
#1862=EDGE_CURVE('',#1331,#1332,#928,.T.);
#1863=EDGE_CURVE('',#1333,#1332,#300,.T.);
#1864=EDGE_CURVE('',#1334,#1333,#929,.T.);
#1865=EDGE_CURVE('',#1335,#1334,#301,.T.);
#1866=EDGE_CURVE('',#1336,#1335,#930,.T.);
#1867=EDGE_CURVE('',#1320,#1336,#302,.T.);
#1868=EDGE_CURVE('',#1337,#1319,#303,.T.);
#1869=EDGE_CURVE('',#1306,#1337,#931,.T.);
#1870=EDGE_CURVE('',#1277,#1305,#932,.T.);
#1871=EDGE_CURVE('',#1338,#1276,#933,.T.);
#1872=EDGE_CURVE('',#1310,#1338,#304,.T.);
#1873=EDGE_CURVE('',#1339,#1340,#934,.T.);
#1874=EDGE_CURVE('',#1341,#1339,#935,.T.);
#1875=EDGE_CURVE('',#1342,#1341,#936,.T.);
#1876=EDGE_CURVE('',#1343,#1342,#937,.T.);
#1877=EDGE_CURVE('',#1344,#1343,#938,.T.);
#1878=EDGE_CURVE('',#1345,#1344,#939,.T.);
#1879=EDGE_CURVE('',#1346,#1345,#940,.T.);
#1880=EDGE_CURVE('',#1347,#1346,#941,.T.);
#1881=EDGE_CURVE('',#1348,#1347,#942,.T.);
#1882=EDGE_CURVE('',#1348,#1349,#943,.T.);
#1883=EDGE_CURVE('',#1350,#1349,#944,.T.);
#1884=EDGE_CURVE('',#1350,#1351,#945,.T.);
#1885=EDGE_CURVE('',#1352,#1351,#946,.T.);
#1886=EDGE_CURVE('',#1352,#1353,#947,.T.);
#1887=EDGE_CURVE('',#1354,#1353,#948,.T.);
#1888=EDGE_CURVE('',#1340,#1354,#949,.T.);
#1889=EDGE_CURVE('',#1337,#1290,#950,.T.);
#1890=EDGE_CURVE('',#1355,#1356,#951,.T.);
#1891=EDGE_CURVE('',#1356,#1357,#952,.T.);
#1892=EDGE_CURVE('',#1357,#1358,#953,.T.);
#1893=EDGE_CURVE('',#1358,#1355,#954,.T.);
#1894=EDGE_CURVE('',#1357,#1359,#305,.T.);
#1895=EDGE_CURVE('',#1359,#1360,#955,.T.);
#1896=EDGE_CURVE('',#1360,#1358,#306,.T.);
#1897=EDGE_CURVE('',#1359,#1361,#956,.T.);
#1898=EDGE_CURVE('',#1361,#1362,#957,.T.);
#1899=EDGE_CURVE('',#1362,#1360,#958,.T.);
#1900=EDGE_CURVE('',#1361,#1363,#307,.T.);
#1901=EDGE_CURVE('',#1363,#1274,#959,.T.);
#1902=EDGE_CURVE('',#1274,#1362,#308,.T.);
#1903=EDGE_CURVE('',#1363,#1364,#960,.T.);
#1904=EDGE_CURVE('',#1364,#1267,#961,.T.);
#1905=EDGE_CURVE('',#1365,#1266,#962,.T.);
#1906=EDGE_CURVE('',#1364,#1365,#309,.T.);
#1907=EDGE_CURVE('',#1366,#1265,#963,.T.);
#1908=EDGE_CURVE('',#1365,#1366,#964,.T.);
#1909=EDGE_CURVE('',#1367,#1262,#965,.T.);
#1910=EDGE_CURVE('',#1366,#1367,#310,.T.);
#1911=EDGE_CURVE('',#1367,#1316,#966,.T.);
#1912=EDGE_CURVE('',#1368,#1356,#967,.T.);
#1913=EDGE_CURVE('',#1368,#1369,#311,.T.);
#1914=EDGE_CURVE('',#1370,#1369,#968,.T.);
#1915=EDGE_CURVE('',#1317,#1370,#312,.T.);
#1916=EDGE_CURVE('',#1371,#1372,#969,.T.);
#1917=EDGE_CURVE('',#1372,#1373,#970,.T.);
#1918=EDGE_CURVE('',#1374,#1373,#971,.T.);
#1919=EDGE_CURVE('',#1371,#1374,#972,.T.);
#1920=EDGE_CURVE('',#1375,#1376,#313,.T.);
#1921=EDGE_CURVE('',#1377,#1375,#973,.T.);
#1922=EDGE_CURVE('',#1378,#1377,#314,.T.);
#1923=EDGE_CURVE('',#1379,#1378,#974,.T.);
#1924=EDGE_CURVE('',#1380,#1379,#315,.T.);
#1925=EDGE_CURVE('',#1381,#1380,#316,.T.);
#1926=EDGE_CURVE('',#1382,#1381,#316,.T.);
#1927=EDGE_CURVE('',#1383,#1382,#317,.T.);
#1928=EDGE_CURVE('',#1384,#1383,#975,.T.);
#1929=EDGE_CURVE('',#1385,#1384,#318,.T.);
#1930=EDGE_CURVE('',#1386,#1385,#976,.T.);
#1931=EDGE_CURVE('',#1387,#1386,#319,.T.);
#1932=EDGE_CURVE('',#1388,#1387,#320,.T.);
#1933=EDGE_CURVE('',#1376,#1388,#320,.T.);
#1934=EDGE_CURVE('',#1389,#1390,#977,.T.);
#1935=EDGE_CURVE('',#1391,#1389,#321,.T.);
#1936=EDGE_CURVE('',#1392,#1391,#322,.T.);
#1937=EDGE_CURVE('',#1393,#1392,#322,.T.);
#1938=EDGE_CURVE('',#1394,#1393,#323,.T.);
#1939=EDGE_CURVE('',#1395,#1394,#978,.T.);
#1940=EDGE_CURVE('',#1396,#1395,#324,.T.);
#1941=EDGE_CURVE('',#1397,#1396,#979,.T.);
#1942=EDGE_CURVE('',#1398,#1397,#325,.T.);
#1943=EDGE_CURVE('',#1399,#1398,#326,.T.);
#1944=EDGE_CURVE('',#1400,#1399,#326,.T.);
#1945=EDGE_CURVE('',#1401,#1400,#327,.T.);
#1946=EDGE_CURVE('',#1402,#1401,#980,.T.);
#1947=EDGE_CURVE('',#1390,#1402,#328,.T.);
#1948=EDGE_CURVE('',#1403,#1404,#329,.T.);
#1949=EDGE_CURVE('',#1404,#1403,#329,.T.);
#1950=EDGE_CURVE('',#1405,#1406,#330,.T.);
#1951=EDGE_CURVE('',#1406,#1405,#330,.T.);
#1952=EDGE_CURVE('',#1407,#1408,#331,.T.);
#1953=EDGE_CURVE('',#1408,#1407,#331,.T.);
#1954=EDGE_CURVE('',#1409,#1410,#332,.T.);
#1955=EDGE_CURVE('',#1410,#1409,#332,.T.);
#1956=EDGE_CURVE('',#1411,#1412,#333,.T.);
#1957=EDGE_CURVE('',#1412,#1411,#333,.T.);
#1958=EDGE_CURVE('',#1413,#1414,#334,.T.);
#1959=EDGE_CURVE('',#1414,#1413,#334,.T.);
#1960=EDGE_CURVE('',#1415,#1416,#335,.T.);
#1961=EDGE_CURVE('',#1416,#1415,#335,.T.);
#1962=EDGE_CURVE('',#1417,#1418,#336,.T.);
#1963=EDGE_CURVE('',#1418,#1417,#336,.T.);
#1964=EDGE_CURVE('',#1419,#1420,#337,.T.);
#1965=EDGE_CURVE('',#1420,#1419,#337,.T.);
#1966=EDGE_CURVE('',#1421,#1422,#338,.T.);
#1967=EDGE_CURVE('',#1422,#1421,#338,.T.);
#1968=EDGE_CURVE('',#1423,#1424,#339,.T.);
#1969=EDGE_CURVE('',#1424,#1423,#339,.T.);
#1970=EDGE_CURVE('',#1425,#1426,#340,.T.);
#1971=EDGE_CURVE('',#1426,#1425,#340,.T.);
#1972=EDGE_CURVE('',#1427,#1428,#341,.T.);
#1973=EDGE_CURVE('',#1428,#1427,#341,.T.);
#1974=EDGE_CURVE('',#1429,#1430,#342,.T.);
#1975=EDGE_CURVE('',#1430,#1429,#342,.T.);
#1976=EDGE_CURVE('',#1431,#1432,#343,.T.);
#1977=EDGE_CURVE('',#1432,#1431,#343,.T.);
#1978=EDGE_CURVE('',#1433,#1434,#344,.T.);
#1979=EDGE_CURVE('',#1434,#1433,#344,.T.);
#1980=EDGE_CURVE('',#1435,#1436,#345,.T.);
#1981=EDGE_CURVE('',#1436,#1435,#345,.T.);
#1982=EDGE_CURVE('',#1437,#1438,#346,.T.);
#1983=EDGE_CURVE('',#1438,#1437,#346,.T.);
#1984=EDGE_CURVE('',#1439,#1440,#347,.T.);
#1985=EDGE_CURVE('',#1440,#1439,#347,.T.);
#1986=EDGE_CURVE('',#1441,#1442,#348,.T.);
#1987=EDGE_CURVE('',#1442,#1441,#348,.T.);
#1988=EDGE_CURVE('',#1443,#1444,#349,.T.);
#1989=EDGE_CURVE('',#1444,#1443,#349,.T.);
#1990=EDGE_CURVE('',#1445,#1446,#350,.T.);
#1991=EDGE_CURVE('',#1446,#1445,#350,.T.);
#1992=EDGE_CURVE('',#1447,#1448,#351,.T.);
#1993=EDGE_CURVE('',#1448,#1447,#351,.T.);
#1994=EDGE_CURVE('',#1449,#1450,#352,.T.);
#1995=EDGE_CURVE('',#1450,#1449,#352,.T.);
#1996=EDGE_CURVE('',#1451,#1452,#353,.T.);
#1997=EDGE_CURVE('',#1452,#1451,#353,.T.);
#1998=EDGE_CURVE('',#1453,#1454,#354,.T.);
#1999=EDGE_CURVE('',#1454,#1453,#354,.T.);
#2000=EDGE_CURVE('',#1455,#1456,#355,.T.);
#2001=EDGE_CURVE('',#1456,#1455,#355,.T.);
#2002=EDGE_CURVE('',#1457,#1458,#356,.T.);
#2003=EDGE_CURVE('',#1458,#1457,#356,.T.);
#2004=EDGE_CURVE('',#1459,#1460,#357,.T.);
#2005=EDGE_CURVE('',#1460,#1459,#357,.T.);
#2006=EDGE_CURVE('',#1461,#1462,#358,.T.);
#2007=EDGE_CURVE('',#1462,#1461,#358,.T.);
#2008=EDGE_CURVE('',#1463,#1464,#359,.T.);
#2009=EDGE_CURVE('',#1464,#1463,#359,.T.);
#2010=EDGE_CURVE('',#1465,#1466,#360,.T.);
#2011=EDGE_CURVE('',#1466,#1465,#360,.T.);
#2012=EDGE_CURVE('',#1467,#1468,#361,.T.);
#2013=EDGE_CURVE('',#1468,#1467,#361,.T.);
#2014=EDGE_CURVE('',#1469,#1470,#362,.T.);
#2015=EDGE_CURVE('',#1470,#1469,#362,.T.);
#2016=EDGE_CURVE('',#1471,#1472,#363,.T.);
#2017=EDGE_CURVE('',#1472,#1471,#363,.T.);
#2018=EDGE_CURVE('',#1473,#1474,#364,.T.);
#2019=EDGE_CURVE('',#1474,#1473,#364,.T.);
#2020=EDGE_CURVE('',#1475,#1476,#365,.T.);
#2021=EDGE_CURVE('',#1476,#1475,#365,.T.);
#2022=EDGE_CURVE('',#1477,#1478,#366,.T.);
#2023=EDGE_CURVE('',#1478,#1477,#366,.T.);
#2024=EDGE_CURVE('',#1479,#1480,#367,.T.);
#2025=EDGE_CURVE('',#1480,#1479,#367,.T.);
#2026=EDGE_CURVE('',#1481,#1482,#368,.T.);
#2027=EDGE_CURVE('',#1482,#1481,#368,.T.);
#2028=EDGE_CURVE('',#1483,#1484,#369,.T.);
#2029=EDGE_CURVE('',#1484,#1483,#369,.T.);
#2030=EDGE_CURVE('',#1485,#1486,#370,.T.);
#2031=EDGE_CURVE('',#1486,#1485,#370,.T.);
#2032=EDGE_CURVE('',#1487,#1488,#371,.T.);
#2033=EDGE_CURVE('',#1488,#1487,#371,.T.);
#2034=EDGE_CURVE('',#1489,#1490,#372,.T.);
#2035=EDGE_CURVE('',#1490,#1489,#372,.T.);
#2036=EDGE_CURVE('',#1491,#1492,#373,.T.);
#2037=EDGE_CURVE('',#1492,#1491,#373,.T.);
#2038=EDGE_CURVE('',#1493,#1494,#374,.T.);
#2039=EDGE_CURVE('',#1494,#1493,#374,.T.);
#2040=EDGE_CURVE('',#1495,#1496,#375,.T.);
#2041=EDGE_CURVE('',#1496,#1495,#375,.T.);
#2042=EDGE_CURVE('',#1497,#1498,#376,.T.);
#2043=EDGE_CURVE('',#1498,#1497,#376,.T.);
#2044=EDGE_CURVE('',#1499,#1500,#377,.T.);
#2045=EDGE_CURVE('',#1500,#1499,#377,.T.);
#2046=EDGE_CURVE('',#1501,#1502,#378,.T.);
#2047=EDGE_CURVE('',#1502,#1501,#378,.T.);
#2048=EDGE_CURVE('',#1503,#1504,#981,.T.);
#2049=EDGE_CURVE('',#1504,#1505,#379,.T.);
#2050=EDGE_CURVE('',#1505,#1506,#982,.T.);
#2051=EDGE_CURVE('',#1506,#1507,#380,.T.);
#2052=EDGE_CURVE('',#1507,#1508,#381,.T.);
#2053=EDGE_CURVE('',#1508,#1509,#381,.T.);
#2054=EDGE_CURVE('',#1509,#1510,#382,.T.);
#2055=EDGE_CURVE('',#1510,#1511,#983,.T.);
#2056=EDGE_CURVE('',#1511,#1512,#383,.T.);
#2057=EDGE_CURVE('',#1512,#1513,#984,.T.);
#2058=EDGE_CURVE('',#1513,#1514,#384,.T.);
#2059=EDGE_CURVE('',#1514,#1515,#385,.T.);
#2060=EDGE_CURVE('',#1515,#1516,#385,.T.);
#2061=EDGE_CURVE('',#1516,#1503,#386,.T.);
#2062=EDGE_CURVE('',#1517,#1518,#387,.T.);
#2063=EDGE_CURVE('',#1518,#1519,#388,.T.);
#2064=EDGE_CURVE('',#1519,#1520,#388,.T.);
#2065=EDGE_CURVE('',#1520,#1521,#389,.T.);
#2066=EDGE_CURVE('',#1521,#1522,#985,.T.);
#2067=EDGE_CURVE('',#1522,#1523,#390,.T.);
#2068=EDGE_CURVE('',#1523,#1524,#986,.T.);
#2069=EDGE_CURVE('',#1524,#1525,#391,.T.);
#2070=EDGE_CURVE('',#1525,#1526,#392,.T.);
#2071=EDGE_CURVE('',#1526,#1527,#392,.T.);
#2072=EDGE_CURVE('',#1527,#1528,#393,.T.);
#2073=EDGE_CURVE('',#1528,#1529,#987,.T.);
#2074=EDGE_CURVE('',#1529,#1530,#394,.T.);
#2075=EDGE_CURVE('',#1530,#1517,#988,.T.);
#2076=EDGE_CURVE('',#1341,#1531,#989,.T.);
#2077=EDGE_CURVE('',#1531,#1532,#990,.T.);
#2078=EDGE_CURVE('',#1532,#1342,#991,.T.);
#2079=EDGE_CURVE('',#1533,#1534,#992,.T.);
#2080=EDGE_CURVE('',#1534,#1532,#395,.T.);
#2081=EDGE_CURVE('',#1531,#1533,#396,.T.);
#2082=EDGE_CURVE('',#1343,#1534,#993,.T.);
#2083=EDGE_CURVE('',#1533,#1344,#994,.T.);
#2084=EDGE_CURVE('',#1533,#1535,#995,.T.);
#2085=EDGE_CURVE('',#1345,#1535,#996,.T.);
#2086=EDGE_CURVE('',#1531,#1536,#997,.T.);
#2087=EDGE_CURVE('',#1535,#1536,#397,.T.);
#2088=EDGE_CURVE('',#1536,#1339,#998,.T.);
#2089=EDGE_CURVE('',#1351,#1537,#999,.T.);
#2090=EDGE_CURVE('',#1537,#1538,#1000,.T.);
#2091=EDGE_CURVE('',#1538,#1352,#1001,.T.);
#2092=EDGE_CURVE('',#1539,#1540,#1002,.T.);
#2093=EDGE_CURVE('',#1540,#1538,#398,.T.);
#2094=EDGE_CURVE('',#1537,#1539,#399,.T.);
#2095=EDGE_CURVE('',#1349,#1540,#1003,.T.);
#2096=EDGE_CURVE('',#1539,#1350,#1004,.T.);
#2097=EDGE_CURVE('',#1541,#1542,#400,.T.);
#2098=EDGE_CURVE('',#1542,#1541,#400,.T.);
#2099=EDGE_CURVE('',#1340,#1543,#1005,.T.);
#2100=EDGE_CURVE('',#1543,#1544,#1006,.T.);
#2101=EDGE_CURVE('',#1544,#1339,#1007,.T.);
#2102=EDGE_CURVE('',#1354,#1545,#1008,.T.);
#2103=EDGE_CURVE('',#1545,#1543,#1009,.T.);
#2104=EDGE_CURVE('',#1546,#1547,#1010,.T.);
#2105=EDGE_CURVE('',#1547,#1348,#1011,.T.);
#2106=EDGE_CURVE('',#1347,#1546,#1012,.T.);
#2107=EDGE_CURVE('',#1353,#1548,#1013,.T.);
#2108=EDGE_CURVE('',#1548,#1545,#1014,.T.);
#2109=EDGE_CURVE('',#1353,#1549,#1015,.T.);
#2110=EDGE_CURVE('',#1549,#1550,#1016,.T.);
#2111=EDGE_CURVE('',#1550,#1548,#1017,.T.);
#2112=EDGE_CURVE('',#1551,#1552,#1018,.T.);
#2113=EDGE_CURVE('',#1552,#1550,#401,.T.);
#2114=EDGE_CURVE('',#1549,#1551,#402,.T.);
#2115=EDGE_CURVE('',#1547,#1552,#1019,.T.);
#2116=EDGE_CURVE('',#1551,#1348,#1020,.T.);
#2117=EDGE_CURVE('',#1553,#1546,#1021,.T.);
#2118=EDGE_CURVE('',#1346,#1553,#1022,.T.);
#2119=EDGE_CURVE('',#1554,#1553,#1023,.T.);
#2120=EDGE_CURVE('',#1554,#1345,#1024,.T.);
#2121=EDGE_CURVE('',#1544,#1555,#1025,.T.);
#2122=EDGE_CURVE('',#1555,#1536,#1026,.T.);
#2123=EDGE_CURVE('',#1556,#1535,#1027,.T.);
#2124=EDGE_CURVE('',#1555,#1556,#403,.T.);
#2125=EDGE_CURVE('',#1556,#1554,#1028,.T.);
#2126=EDGE_CURVE('',#1557,#1545,#1029,.T.);
#2127=EDGE_CURVE('',#1558,#1557,#1030,.T.);
#2128=EDGE_CURVE('',#1558,#1543,#1031,.T.);
#2129=EDGE_CURVE('',#1559,#1546,#1032,.T.);
#2130=EDGE_CURVE('',#1559,#1557,#1033,.T.);
#2131=EDGE_CURVE('',#1560,#1561,#404,.T.);
#2132=EDGE_CURVE('',#1561,#1560,#404,.T.);
#2133=EDGE_CURVE('',#1562,#1338,#1034,.T.);
#2134=EDGE_CURVE('',#1562,#1275,#1035,.T.);
#2135=EDGE_CURVE('',#1314,#1562,#405,.T.);
#2136=EDGE_CURVE('',#1563,#1564,#1036,.T.);
#2137=EDGE_CURVE('',#1563,#1565,#406,.T.);
#2138=EDGE_CURVE('',#1565,#1566,#1037,.T.);
#2139=EDGE_CURVE('',#1564,#1566,#407,.T.);
#2140=EDGE_CURVE('',#1566,#1564,#407,.T.);
#2141=EDGE_CURVE('',#1567,#1568,#408,.T.);
#2142=EDGE_CURVE('',#1568,#1567,#408,.T.);
#2143=EDGE_CURVE('',#1569,#1570,#409,.T.);
#2144=EDGE_CURVE('',#1570,#1569,#409,.T.);
#2145=EDGE_CURVE('',#1321,#1571,#1038,.T.);
#2146=EDGE_CURVE('',#1571,#1572,#1039,.T.);
#2147=EDGE_CURVE('',#1368,#1572,#1040,.T.);
#2148=EDGE_CURVE('',#1355,#1324,#1041,.T.);
#2149=EDGE_CURVE('',#1570,#1568,#1042,.T.);
#2150=EDGE_CURVE('',#1567,#1569,#1043,.T.);
#2151=EDGE_CURVE('',#1454,#1573,#1044,.T.);
#2152=EDGE_CURVE('',#1574,#1453,#1045,.T.);
#2153=EDGE_CURVE('',#1574,#1573,#410,.T.);
#2154=EDGE_CURVE('',#1456,#1575,#1046,.T.);
#2155=EDGE_CURVE('',#1576,#1455,#1047,.T.);
#2156=EDGE_CURVE('',#1576,#1575,#411,.T.);
#2157=EDGE_CURVE('',#1458,#1577,#1048,.T.);
#2158=EDGE_CURVE('',#1578,#1457,#1049,.T.);
#2159=EDGE_CURVE('',#1578,#1577,#412,.T.);
#2160=EDGE_CURVE('',#1460,#1579,#1050,.T.);
#2161=EDGE_CURVE('',#1580,#1459,#1051,.T.);
#2162=EDGE_CURVE('',#1580,#1579,#413,.T.);
#2163=EDGE_CURVE('',#1462,#1581,#1052,.T.);
#2164=EDGE_CURVE('',#1582,#1461,#1053,.T.);
#2165=EDGE_CURVE('',#1582,#1581,#414,.T.);
#2166=EDGE_CURVE('',#1464,#1583,#1054,.T.);
#2167=EDGE_CURVE('',#1584,#1463,#1055,.T.);
#2168=EDGE_CURVE('',#1584,#1583,#415,.T.);
#2169=EDGE_CURVE('',#1466,#1585,#1056,.T.);
#2170=EDGE_CURVE('',#1586,#1465,#1057,.T.);
#2171=EDGE_CURVE('',#1586,#1585,#416,.T.);
#2172=EDGE_CURVE('',#1468,#1587,#1058,.T.);
#2173=EDGE_CURVE('',#1588,#1467,#1059,.T.);
#2174=EDGE_CURVE('',#1588,#1587,#417,.T.);
#2175=EDGE_CURVE('',#1470,#1589,#1060,.T.);
#2176=EDGE_CURVE('',#1590,#1469,#1061,.T.);
#2177=EDGE_CURVE('',#1590,#1589,#418,.T.);
#2178=EDGE_CURVE('',#1472,#1591,#1062,.T.);
#2179=EDGE_CURVE('',#1592,#1471,#1063,.T.);
#2180=EDGE_CURVE('',#1592,#1591,#419,.T.);
#2181=EDGE_CURVE('',#1474,#1593,#1064,.T.);
#2182=EDGE_CURVE('',#1594,#1473,#1065,.T.);
#2183=EDGE_CURVE('',#1594,#1593,#420,.T.);
#2184=EDGE_CURVE('',#1476,#1595,#1066,.T.);
#2185=EDGE_CURVE('',#1596,#1475,#1067,.T.);
#2186=EDGE_CURVE('',#1596,#1595,#421,.T.);
#2187=EDGE_CURVE('',#1478,#1597,#1068,.T.);
#2188=EDGE_CURVE('',#1598,#1477,#1069,.T.);
#2189=EDGE_CURVE('',#1598,#1597,#422,.T.);
#2190=EDGE_CURVE('',#1480,#1599,#1070,.T.);
#2191=EDGE_CURVE('',#1600,#1479,#1071,.T.);
#2192=EDGE_CURVE('',#1600,#1599,#423,.T.);
#2193=EDGE_CURVE('',#1482,#1601,#1072,.T.);
#2194=EDGE_CURVE('',#1602,#1481,#1073,.T.);
#2195=EDGE_CURVE('',#1602,#1601,#424,.T.);
#2196=EDGE_CURVE('',#1484,#1603,#1074,.T.);
#2197=EDGE_CURVE('',#1604,#1483,#1075,.T.);
#2198=EDGE_CURVE('',#1604,#1603,#425,.T.);
#2199=EDGE_CURVE('',#1486,#1605,#1076,.T.);
#2200=EDGE_CURVE('',#1606,#1485,#1077,.T.);
#2201=EDGE_CURVE('',#1606,#1605,#426,.T.);
#2202=EDGE_CURVE('',#1488,#1607,#1078,.T.);
#2203=EDGE_CURVE('',#1608,#1487,#1079,.T.);
#2204=EDGE_CURVE('',#1608,#1607,#427,.T.);
#2205=EDGE_CURVE('',#1490,#1609,#1080,.T.);
#2206=EDGE_CURVE('',#1610,#1489,#1081,.T.);
#2207=EDGE_CURVE('',#1610,#1609,#428,.T.);
#2208=EDGE_CURVE('',#1492,#1611,#1082,.T.);
#2209=EDGE_CURVE('',#1612,#1491,#1083,.T.);
#2210=EDGE_CURVE('',#1612,#1611,#429,.T.);
#2211=EDGE_CURVE('',#1494,#1613,#1084,.T.);
#2212=EDGE_CURVE('',#1614,#1493,#1085,.T.);
#2213=EDGE_CURVE('',#1614,#1613,#430,.T.);
#2214=EDGE_CURVE('',#1496,#1615,#1086,.T.);
#2215=EDGE_CURVE('',#1616,#1495,#1087,.T.);
#2216=EDGE_CURVE('',#1616,#1615,#431,.T.);
#2217=EDGE_CURVE('',#1498,#1617,#1088,.T.);
#2218=EDGE_CURVE('',#1618,#1497,#1089,.T.);
#2219=EDGE_CURVE('',#1618,#1617,#432,.T.);
#2220=EDGE_CURVE('',#1500,#1619,#1090,.T.);
#2221=EDGE_CURVE('',#1620,#1499,#1091,.T.);
#2222=EDGE_CURVE('',#1620,#1619,#433,.T.);
#2223=EDGE_CURVE('',#1502,#1621,#1092,.T.);
#2224=EDGE_CURVE('',#1622,#1501,#1093,.T.);
#2225=EDGE_CURVE('',#1622,#1621,#434,.T.);
#2226=EDGE_CURVE('',#1372,#1623,#1094,.T.);
#2227=EDGE_CURVE('',#1623,#1624,#1095,.T.);
#2228=EDGE_CURVE('',#1373,#1624,#1096,.T.);
#2229=EDGE_CURVE('',#1625,#1558,#1097,.T.);
#2230=EDGE_CURVE('',#1625,#1553,#1098,.T.);
#2231=EDGE_CURVE('',#1565,#1563,#406,.T.);
#2232=EDGE_CURVE('',#1332,#1626,#1099,.T.);
#2233=EDGE_CURVE('',#1626,#1627,#435,.T.);
#2234=EDGE_CURVE('',#1333,#1627,#1100,.T.);
#2235=EDGE_CURVE('',#1627,#1628,#1101,.T.);
#2236=EDGE_CURVE('',#1334,#1628,#1102,.T.);
#2237=EDGE_CURVE('',#1516,#1629,#1103,.T.);
#2238=EDGE_CURVE('',#1629,#1630,#436,.T.);
#2239=EDGE_CURVE('',#1503,#1630,#1104,.T.);
#2240=EDGE_CURVE('',#1515,#1631,#1105,.T.);
#2241=EDGE_CURVE('',#1514,#1632,#1106,.T.);
#2242=EDGE_CURVE('',#1632,#1631,#437,.T.);
#2243=EDGE_CURVE('',#1513,#1633,#1107,.T.);
#2244=EDGE_CURVE('',#1633,#1632,#438,.T.);
#2245=EDGE_CURVE('',#1512,#1634,#1108,.T.);
#2246=EDGE_CURVE('',#1634,#1633,#1109,.T.);
#2247=EDGE_CURVE('',#1511,#1635,#1110,.T.);
#2248=EDGE_CURVE('',#1635,#1634,#439,.T.);
#2249=EDGE_CURVE('',#1510,#1636,#1111,.T.);
#2250=EDGE_CURVE('',#1636,#1635,#1112,.T.);
#2251=EDGE_CURVE('',#1509,#1637,#1113,.T.);
#2252=EDGE_CURVE('',#1637,#1636,#440,.T.);
#2253=EDGE_CURVE('',#1508,#1638,#1114,.T.);
#2254=EDGE_CURVE('',#1507,#1639,#1115,.T.);
#2255=EDGE_CURVE('',#1639,#1638,#441,.T.);
#2256=EDGE_CURVE('',#1506,#1640,#1116,.T.);
#2257=EDGE_CURVE('',#1640,#1639,#442,.T.);
#2258=EDGE_CURVE('',#1505,#1641,#1117,.T.);
#2259=EDGE_CURVE('',#1641,#1640,#1118,.T.);
#2260=EDGE_CURVE('',#1504,#1642,#1119,.T.);
#2261=EDGE_CURVE('',#1642,#1641,#443,.T.);
#2262=EDGE_CURVE('',#1630,#1642,#1120,.T.);
#2263=EDGE_CURVE('',#1572,#1643,#444,.T.);
#2264=EDGE_CURVE('',#1369,#1643,#1121,.T.);
#2265=EDGE_CURVE('',#1336,#1644,#1122,.T.);
#2266=EDGE_CURVE('',#1644,#1571,#445,.T.);
#2267=EDGE_CURVE('',#1335,#1645,#1123,.T.);
#2268=EDGE_CURVE('',#1645,#1644,#1124,.T.);
#2269=EDGE_CURVE('',#1628,#1645,#446,.T.);
#2270=EDGE_CURVE('',#1643,#1626,#1125,.T.);
#2271=EDGE_CURVE('',#1631,#1629,#437,.T.);
#2272=EDGE_CURVE('',#1638,#1637,#441,.T.);
#2273=EDGE_CURVE('',#1530,#1293,#1126,.T.);
#2274=EDGE_CURVE('',#1517,#1291,#1127,.T.);
#2275=EDGE_CURVE('',#1529,#1294,#1128,.T.);
#2276=EDGE_CURVE('',#1528,#1295,#1129,.T.);
#2277=EDGE_CURVE('',#1527,#1296,#1130,.T.);
#2278=EDGE_CURVE('',#1526,#1297,#1131,.T.);
#2279=EDGE_CURVE('',#1525,#1298,#1132,.T.);
#2280=EDGE_CURVE('',#1524,#1299,#1133,.T.);
#2281=EDGE_CURVE('',#1523,#1300,#1134,.T.);
#2282=EDGE_CURVE('',#1522,#1301,#1135,.T.);
#2283=EDGE_CURVE('',#1521,#1302,#1136,.T.);
#2284=EDGE_CURVE('',#1520,#1303,#1137,.T.);
#2285=EDGE_CURVE('',#1519,#1304,#1138,.T.);
#2286=EDGE_CURVE('',#1518,#1292,#1139,.T.);
#2287=EDGE_CURVE('',#1358,#1285,#1140,.T.);
#2288=EDGE_CURVE('',#1360,#1283,#1141,.T.);
#2289=EDGE_CURVE('',#1362,#1281,#1142,.T.);
#2290=EDGE_CURVE('',#1646,#1561,#1143,.T.);
#2291=EDGE_CURVE('',#1646,#1647,#447,.T.);
#2292=EDGE_CURVE('',#1560,#1647,#1144,.T.);
#2293=EDGE_CURVE('',#1647,#1646,#447,.T.);
#2294=EDGE_CURVE('',#1648,#1649,#448,.T.);
#2295=EDGE_CURVE('',#1649,#1648,#448,.T.);
#2296=EDGE_CURVE('',#1648,#1541,#1145,.T.);
#2297=EDGE_CURVE('',#1649,#1542,#1146,.T.);
#2298=EDGE_CURVE('',#1540,#1551,#1147,.T.);
#2299=EDGE_CURVE('',#1538,#1549,#1148,.T.);
#2300=EDGE_CURVE('',#1650,#1451,#1149,.T.);
#2301=EDGE_CURVE('',#1651,#1650,#449,.T.);
#2302=EDGE_CURVE('',#1651,#1452,#1150,.T.);
#2303=EDGE_CURVE('',#1652,#1449,#1151,.T.);
#2304=EDGE_CURVE('',#1653,#1652,#450,.T.);
#2305=EDGE_CURVE('',#1653,#1450,#1152,.T.);
#2306=EDGE_CURVE('',#1654,#1447,#1153,.T.);
#2307=EDGE_CURVE('',#1655,#1654,#451,.T.);
#2308=EDGE_CURVE('',#1655,#1448,#1154,.T.);
#2309=EDGE_CURVE('',#1656,#1445,#1155,.T.);
#2310=EDGE_CURVE('',#1657,#1656,#452,.T.);
#2311=EDGE_CURVE('',#1657,#1446,#1156,.T.);
#2312=EDGE_CURVE('',#1658,#1443,#1157,.T.);
#2313=EDGE_CURVE('',#1659,#1658,#453,.T.);
#2314=EDGE_CURVE('',#1659,#1444,#1158,.T.);
#2315=EDGE_CURVE('',#1660,#1441,#1159,.T.);
#2316=EDGE_CURVE('',#1661,#1660,#454,.T.);
#2317=EDGE_CURVE('',#1661,#1442,#1160,.T.);
#2318=EDGE_CURVE('',#1662,#1439,#1161,.T.);
#2319=EDGE_CURVE('',#1663,#1662,#455,.T.);
#2320=EDGE_CURVE('',#1663,#1440,#1162,.T.);
#2321=EDGE_CURVE('',#1664,#1437,#1163,.T.);
#2322=EDGE_CURVE('',#1665,#1664,#456,.T.);
#2323=EDGE_CURVE('',#1665,#1438,#1164,.T.);
#2324=EDGE_CURVE('',#1666,#1435,#1165,.T.);
#2325=EDGE_CURVE('',#1667,#1666,#457,.T.);
#2326=EDGE_CURVE('',#1667,#1436,#1166,.T.);
#2327=EDGE_CURVE('',#1668,#1433,#1167,.T.);
#2328=EDGE_CURVE('',#1669,#1668,#458,.T.);
#2329=EDGE_CURVE('',#1669,#1434,#1168,.T.);
#2330=EDGE_CURVE('',#1670,#1431,#1169,.T.);
#2331=EDGE_CURVE('',#1671,#1670,#459,.T.);
#2332=EDGE_CURVE('',#1671,#1432,#1170,.T.);
#2333=EDGE_CURVE('',#1672,#1429,#1171,.T.);
#2334=EDGE_CURVE('',#1673,#1672,#460,.T.);
#2335=EDGE_CURVE('',#1673,#1430,#1172,.T.);
#2336=EDGE_CURVE('',#1674,#1427,#1173,.T.);
#2337=EDGE_CURVE('',#1675,#1674,#461,.T.);
#2338=EDGE_CURVE('',#1675,#1428,#1174,.T.);
#2339=EDGE_CURVE('',#1676,#1425,#1175,.T.);
#2340=EDGE_CURVE('',#1677,#1676,#462,.T.);
#2341=EDGE_CURVE('',#1677,#1426,#1176,.T.);
#2342=EDGE_CURVE('',#1678,#1423,#1177,.T.);
#2343=EDGE_CURVE('',#1679,#1678,#463,.T.);
#2344=EDGE_CURVE('',#1679,#1424,#1178,.T.);
#2345=EDGE_CURVE('',#1680,#1421,#1179,.T.);
#2346=EDGE_CURVE('',#1681,#1680,#464,.T.);
#2347=EDGE_CURVE('',#1681,#1422,#1180,.T.);
#2348=EDGE_CURVE('',#1682,#1419,#1181,.T.);
#2349=EDGE_CURVE('',#1683,#1682,#465,.T.);
#2350=EDGE_CURVE('',#1683,#1420,#1182,.T.);
#2351=EDGE_CURVE('',#1684,#1417,#1183,.T.);
#2352=EDGE_CURVE('',#1685,#1684,#466,.T.);
#2353=EDGE_CURVE('',#1685,#1418,#1184,.T.);
#2354=EDGE_CURVE('',#1686,#1415,#1185,.T.);
#2355=EDGE_CURVE('',#1687,#1686,#467,.T.);
#2356=EDGE_CURVE('',#1687,#1416,#1186,.T.);
#2357=EDGE_CURVE('',#1688,#1413,#1187,.T.);
#2358=EDGE_CURVE('',#1689,#1688,#468,.T.);
#2359=EDGE_CURVE('',#1689,#1414,#1188,.T.);
#2360=EDGE_CURVE('',#1690,#1411,#1189,.T.);
#2361=EDGE_CURVE('',#1691,#1690,#469,.T.);
#2362=EDGE_CURVE('',#1691,#1412,#1190,.T.);
#2363=EDGE_CURVE('',#1692,#1409,#1191,.T.);
#2364=EDGE_CURVE('',#1693,#1692,#470,.T.);
#2365=EDGE_CURVE('',#1693,#1410,#1192,.T.);
#2366=EDGE_CURVE('',#1694,#1407,#1193,.T.);
#2367=EDGE_CURVE('',#1695,#1694,#471,.T.);
#2368=EDGE_CURVE('',#1695,#1408,#1194,.T.);
#2369=EDGE_CURVE('',#1696,#1405,#1195,.T.);
#2370=EDGE_CURVE('',#1697,#1696,#472,.T.);
#2371=EDGE_CURVE('',#1697,#1406,#1196,.T.);
#2372=EDGE_CURVE('',#1698,#1403,#1197,.T.);
#2373=EDGE_CURVE('',#1699,#1698,#473,.T.);
#2374=EDGE_CURVE('',#1699,#1404,#1198,.T.);
#2375=EDGE_CURVE('',#1374,#1700,#1199,.T.);
#2376=EDGE_CURVE('',#1701,#1700,#1200,.T.);
#2377=EDGE_CURVE('',#1371,#1701,#1201,.T.);
#2378=EDGE_CURVE('',#1701,#1623,#1202,.T.);
#2379=EDGE_CURVE('',#1700,#1624,#1203,.T.);
#2380=EDGE_CURVE('',#1625,#1559,#1204,.T.);
#2381=EDGE_CURVE('',#1573,#1574,#410,.T.);
#2382=EDGE_CURVE('',#1575,#1576,#411,.T.);
#2383=EDGE_CURVE('',#1577,#1578,#412,.T.);
#2384=EDGE_CURVE('',#1579,#1580,#413,.T.);
#2385=EDGE_CURVE('',#1581,#1582,#414,.T.);
#2386=EDGE_CURVE('',#1583,#1584,#415,.T.);
#2387=EDGE_CURVE('',#1585,#1586,#416,.T.);
#2388=EDGE_CURVE('',#1587,#1588,#417,.T.);
#2389=EDGE_CURVE('',#1589,#1590,#418,.T.);
#2390=EDGE_CURVE('',#1591,#1592,#419,.T.);
#2391=EDGE_CURVE('',#1593,#1594,#420,.T.);
#2392=EDGE_CURVE('',#1595,#1596,#421,.T.);
#2393=EDGE_CURVE('',#1597,#1598,#422,.T.);
#2394=EDGE_CURVE('',#1599,#1600,#423,.T.);
#2395=EDGE_CURVE('',#1601,#1602,#424,.T.);
#2396=EDGE_CURVE('',#1603,#1604,#425,.T.);
#2397=EDGE_CURVE('',#1605,#1606,#426,.T.);
#2398=EDGE_CURVE('',#1607,#1608,#427,.T.);
#2399=EDGE_CURVE('',#1609,#1610,#428,.T.);
#2400=EDGE_CURVE('',#1611,#1612,#429,.T.);
#2401=EDGE_CURVE('',#1613,#1614,#430,.T.);
#2402=EDGE_CURVE('',#1615,#1616,#431,.T.);
#2403=EDGE_CURVE('',#1617,#1618,#432,.T.);
#2404=EDGE_CURVE('',#1619,#1620,#433,.T.);
#2405=EDGE_CURVE('',#1621,#1622,#434,.T.);
#2406=EDGE_CURVE('',#1698,#1699,#473,.T.);
#2407=EDGE_CURVE('',#1696,#1697,#472,.T.);
#2408=EDGE_CURVE('',#1694,#1695,#471,.T.);
#2409=EDGE_CURVE('',#1692,#1693,#470,.T.);
#2410=EDGE_CURVE('',#1690,#1691,#469,.T.);
#2411=EDGE_CURVE('',#1688,#1689,#468,.T.);
#2412=EDGE_CURVE('',#1686,#1687,#467,.T.);
#2413=EDGE_CURVE('',#1684,#1685,#466,.T.);
#2414=EDGE_CURVE('',#1682,#1683,#465,.T.);
#2415=EDGE_CURVE('',#1680,#1681,#464,.T.);
#2416=EDGE_CURVE('',#1678,#1679,#463,.T.);
#2417=EDGE_CURVE('',#1676,#1677,#462,.T.);
#2418=EDGE_CURVE('',#1674,#1675,#461,.T.);
#2419=EDGE_CURVE('',#1672,#1673,#460,.T.);
#2420=EDGE_CURVE('',#1670,#1671,#459,.T.);
#2421=EDGE_CURVE('',#1668,#1669,#458,.T.);
#2422=EDGE_CURVE('',#1666,#1667,#457,.T.);
#2423=EDGE_CURVE('',#1664,#1665,#456,.T.);
#2424=EDGE_CURVE('',#1662,#1663,#455,.T.);
#2425=EDGE_CURVE('',#1660,#1661,#454,.T.);
#2426=EDGE_CURVE('',#1658,#1659,#453,.T.);
#2427=EDGE_CURVE('',#1656,#1657,#452,.T.);
#2428=EDGE_CURVE('',#1654,#1655,#451,.T.);
#2429=EDGE_CURVE('',#1652,#1653,#450,.T.);
#2430=EDGE_CURVE('',#1650,#1651,#449,.T.);
#2431=EDGE_CURVE('',#1330,#1702,#1205,.T.);
#2432=EDGE_CURVE('',#1703,#1702,#474,.T.);
#2433=EDGE_CURVE('',#1331,#1703,#1206,.T.);
#2434=EDGE_CURVE('',#1329,#1704,#1207,.T.);
#2435=EDGE_CURVE('',#1702,#1704,#1208,.T.);
#2436=EDGE_CURVE('',#1389,#1705,#1209,.T.);
#2437=EDGE_CURVE('',#1706,#1705,#475,.T.);
#2438=EDGE_CURVE('',#1391,#1706,#1210,.T.);
#2439=EDGE_CURVE('',#1707,#1392,#1211,.T.);
#2440=EDGE_CURVE('',#1708,#1707,#476,.T.);
#2441=EDGE_CURVE('',#1393,#1708,#1212,.T.);
#2442=EDGE_CURVE('',#1709,#1708,#477,.T.);
#2443=EDGE_CURVE('',#1394,#1709,#1213,.T.);
#2444=EDGE_CURVE('',#1710,#1709,#1214,.T.);
#2445=EDGE_CURVE('',#1395,#1710,#1215,.T.);
#2446=EDGE_CURVE('',#1711,#1710,#478,.T.);
#2447=EDGE_CURVE('',#1396,#1711,#1216,.T.);
#2448=EDGE_CURVE('',#1712,#1711,#1217,.T.);
#2449=EDGE_CURVE('',#1397,#1712,#1218,.T.);
#2450=EDGE_CURVE('',#1713,#1712,#479,.T.);
#2451=EDGE_CURVE('',#1398,#1713,#1219,.T.);
#2452=EDGE_CURVE('',#1714,#1399,#1220,.T.);
#2453=EDGE_CURVE('',#1715,#1714,#480,.T.);
#2454=EDGE_CURVE('',#1400,#1715,#1221,.T.);
#2455=EDGE_CURVE('',#1716,#1715,#481,.T.);
#2456=EDGE_CURVE('',#1401,#1716,#1222,.T.);
#2457=EDGE_CURVE('',#1717,#1716,#1223,.T.);
#2458=EDGE_CURVE('',#1402,#1717,#1224,.T.);
#2459=EDGE_CURVE('',#1718,#1717,#482,.T.);
#2460=EDGE_CURVE('',#1390,#1718,#1225,.T.);
#2461=EDGE_CURVE('',#1705,#1718,#1226,.T.);
#2462=EDGE_CURVE('',#1370,#1719,#1227,.T.);
#2463=EDGE_CURVE('',#1318,#1719,#483,.T.);
#2464=EDGE_CURVE('',#1720,#1315,#484,.T.);
#2465=EDGE_CURVE('',#1327,#1720,#1228,.T.);
#2466=EDGE_CURVE('',#1721,#1720,#1229,.T.);
#2467=EDGE_CURVE('',#1328,#1721,#1230,.T.);
#2468=EDGE_CURVE('',#1704,#1721,#485,.T.);
#2469=EDGE_CURVE('',#1719,#1703,#1231,.T.);
#2470=EDGE_CURVE('',#1714,#1713,#480,.T.);
#2471=EDGE_CURVE('',#1707,#1706,#476,.T.);
#2472=EDGE_CURVE('',#1375,#1722,#1232,.T.);
#2473=EDGE_CURVE('',#1723,#1722,#1233,.T.);
#2474=EDGE_CURVE('',#1377,#1723,#1234,.T.);
#2475=EDGE_CURVE('',#1724,#1723,#486,.T.);
#2476=EDGE_CURVE('',#1378,#1724,#1235,.T.);
#2477=EDGE_CURVE('',#1725,#1724,#1236,.T.);
#2478=EDGE_CURVE('',#1379,#1725,#1237,.T.);
#2479=EDGE_CURVE('',#1726,#1725,#487,.T.);
#2480=EDGE_CURVE('',#1380,#1726,#1238,.T.);
#2481=EDGE_CURVE('',#1727,#1381,#1239,.T.);
#2482=EDGE_CURVE('',#1728,#1727,#488,.T.);
#2483=EDGE_CURVE('',#1382,#1728,#1240,.T.);
#2484=EDGE_CURVE('',#1729,#1728,#489,.T.);
#2485=EDGE_CURVE('',#1383,#1729,#1241,.T.);
#2486=EDGE_CURVE('',#1730,#1729,#1242,.T.);
#2487=EDGE_CURVE('',#1384,#1730,#1243,.T.);
#2488=EDGE_CURVE('',#1731,#1730,#490,.T.);
#2489=EDGE_CURVE('',#1385,#1731,#1244,.T.);
#2490=EDGE_CURVE('',#1732,#1731,#1245,.T.);
#2491=EDGE_CURVE('',#1386,#1732,#1246,.T.);
#2492=EDGE_CURVE('',#1733,#1732,#491,.T.);
#2493=EDGE_CURVE('',#1387,#1733,#1247,.T.);
#2494=EDGE_CURVE('',#1734,#1388,#1248,.T.);
#2495=EDGE_CURVE('',#1735,#1734,#492,.T.);
#2496=EDGE_CURVE('',#1376,#1735,#1249,.T.);
#2497=EDGE_CURVE('',#1722,#1735,#493,.T.);
#2498=EDGE_CURVE('',#1734,#1733,#492,.T.);
#2499=EDGE_CURVE('',#1727,#1726,#488,.T.);
#2500=ORIENTED_EDGE('',*,*,#1758,.T.);
#2501=ORIENTED_EDGE('',*,*,#1759,.T.);
#2502=ORIENTED_EDGE('',*,*,#1760,.T.);
#2503=ORIENTED_EDGE('',*,*,#1761,.T.);
#2504=ORIENTED_EDGE('',*,*,#1762,.T.);
#2505=ORIENTED_EDGE('',*,*,#1763,.T.);
#2506=ORIENTED_EDGE('',*,*,#1760,.F.);
#2507=ORIENTED_EDGE('',*,*,#1764,.T.);
#2508=ORIENTED_EDGE('',*,*,#1765,.T.);
#2509=ORIENTED_EDGE('',*,*,#1766,.T.);
#2510=ORIENTED_EDGE('',*,*,#1762,.F.);
#2511=ORIENTED_EDGE('',*,*,#1767,.T.);
#2512=ORIENTED_EDGE('',*,*,#1768,.T.);
#2513=ORIENTED_EDGE('',*,*,#1769,.T.);
#2514=ORIENTED_EDGE('',*,*,#1765,.F.);
#2515=ORIENTED_EDGE('',*,*,#1770,.T.);
#2516=ORIENTED_EDGE('',*,*,#1771,.F.);
#2517=ORIENTED_EDGE('',*,*,#1772,.T.);
#2518=ORIENTED_EDGE('',*,*,#1768,.F.);
#2519=ORIENTED_EDGE('',*,*,#1773,.T.);
#2520=ORIENTED_EDGE('',*,*,#1773,.F.);
#2521=ORIENTED_EDGE('',*,*,#1774,.F.);
#2522=ORIENTED_EDGE('',*,*,#1775,.F.);
#2523=ORIENTED_EDGE('',*,*,#1776,.T.);
#2524=ORIENTED_EDGE('',*,*,#1777,.F.);
#2525=ORIENTED_EDGE('',*,*,#1770,.F.);
#2526=ORIENTED_EDGE('',*,*,#1778,.F.);
#2527=ORIENTED_EDGE('',*,*,#1779,.F.);
#2528=ORIENTED_EDGE('',*,*,#1774,.T.);
#2529=ORIENTED_EDGE('',*,*,#1767,.F.);
#2530=ORIENTED_EDGE('',*,*,#1780,.F.);
#2531=ORIENTED_EDGE('',*,*,#1781,.F.);
#2532=ORIENTED_EDGE('',*,*,#1778,.T.);
#2533=ORIENTED_EDGE('',*,*,#1764,.F.);
#2534=ORIENTED_EDGE('',*,*,#1782,.F.);
#2535=ORIENTED_EDGE('',*,*,#1783,.F.);
#2536=ORIENTED_EDGE('',*,*,#1780,.T.);
#2537=ORIENTED_EDGE('',*,*,#1759,.F.);
#2538=ORIENTED_EDGE('',*,*,#1784,.F.);
#2539=ORIENTED_EDGE('',*,*,#1785,.F.);
#2540=ORIENTED_EDGE('',*,*,#1786,.F.);
#2541=ORIENTED_EDGE('',*,*,#1787,.F.);
#2542=ORIENTED_EDGE('',*,*,#1788,.F.);
#2543=ORIENTED_EDGE('',*,*,#1789,.F.);
#2544=ORIENTED_EDGE('',*,*,#1790,.F.);
#2545=ORIENTED_EDGE('',*,*,#1791,.F.);
#2546=ORIENTED_EDGE('',*,*,#1782,.T.);
#2547=ORIENTED_EDGE('',*,*,#1758,.F.);
#2548=ORIENTED_EDGE('',*,*,#1792,.F.);
#2549=ORIENTED_EDGE('',*,*,#1793,.T.);
#2550=ORIENTED_EDGE('',*,*,#1794,.T.);
#2551=ORIENTED_EDGE('',*,*,#1795,.F.);
#2552=ORIENTED_EDGE('',*,*,#1785,.T.);
#2553=ORIENTED_EDGE('',*,*,#1784,.T.);
#2554=ORIENTED_EDGE('',*,*,#1796,.T.);
#2555=ORIENTED_EDGE('',*,*,#1797,.T.);
#2556=ORIENTED_EDGE('',*,*,#1798,.T.);
#2557=ORIENTED_EDGE('',*,*,#1789,.T.);
#2558=ORIENTED_EDGE('',*,*,#1799,.T.);
#2559=ORIENTED_EDGE('',*,*,#1800,.T.);
#2560=ORIENTED_EDGE('',*,*,#1798,.F.);
#2561=ORIENTED_EDGE('',*,*,#1801,.T.);
#2562=ORIENTED_EDGE('',*,*,#1802,.T.);
#2563=ORIENTED_EDGE('',*,*,#1803,.T.);
#2564=ORIENTED_EDGE('',*,*,#1799,.F.);
#2565=ORIENTED_EDGE('',*,*,#1804,.T.);
#2566=ORIENTED_EDGE('',*,*,#1805,.T.);
#2567=ORIENTED_EDGE('',*,*,#1806,.T.);
#2568=ORIENTED_EDGE('',*,*,#1802,.F.);
#2569=ORIENTED_EDGE('',*,*,#1807,.T.);
#2570=ORIENTED_EDGE('',*,*,#1808,.T.);
#2571=ORIENTED_EDGE('',*,*,#1809,.T.);
#2572=ORIENTED_EDGE('',*,*,#1805,.F.);
#2573=ORIENTED_EDGE('',*,*,#1810,.T.);
#2574=ORIENTED_EDGE('',*,*,#1811,.F.);
#2575=ORIENTED_EDGE('',*,*,#1810,.F.);
#2576=ORIENTED_EDGE('',*,*,#1807,.F.);
#2577=ORIENTED_EDGE('',*,*,#1804,.F.);
#2578=ORIENTED_EDGE('',*,*,#1801,.F.);
#2579=ORIENTED_EDGE('',*,*,#1797,.F.);
#2580=ORIENTED_EDGE('',*,*,#1812,.F.);
#2581=ORIENTED_EDGE('',*,*,#1813,.F.);
#2582=ORIENTED_EDGE('',*,*,#1814,.F.);
#2583=ORIENTED_EDGE('',*,*,#1815,.F.);
#2584=ORIENTED_EDGE('',*,*,#1816,.F.);
#2585=ORIENTED_EDGE('',*,*,#1817,.F.);
#2586=ORIENTED_EDGE('',*,*,#1818,.F.);
#2587=ORIENTED_EDGE('',*,*,#1819,.F.);
#2588=ORIENTED_EDGE('',*,*,#1820,.F.);
#2589=ORIENTED_EDGE('',*,*,#1821,.F.);
#2590=ORIENTED_EDGE('',*,*,#1822,.F.);
#2591=ORIENTED_EDGE('',*,*,#1823,.F.);
#2592=ORIENTED_EDGE('',*,*,#1824,.F.);
#2593=ORIENTED_EDGE('',*,*,#1825,.F.);
#2594=ORIENTED_EDGE('',*,*,#1826,.F.);
#2595=ORIENTED_EDGE('',*,*,#1827,.F.);
#2596=ORIENTED_EDGE('',*,*,#1828,.F.);
#2597=ORIENTED_EDGE('',*,*,#1796,.F.);
#2598=ORIENTED_EDGE('',*,*,#1788,.T.);
#2599=ORIENTED_EDGE('',*,*,#1787,.T.);
#2600=ORIENTED_EDGE('',*,*,#1829,.F.);
#2601=ORIENTED_EDGE('',*,*,#1830,.T.);
#2602=ORIENTED_EDGE('',*,*,#1831,.T.);
#2603=ORIENTED_EDGE('',*,*,#1812,.T.);
#2604=ORIENTED_EDGE('',*,*,#1832,.T.);
#2605=ORIENTED_EDGE('',*,*,#1833,.T.);
#2606=ORIENTED_EDGE('',*,*,#1834,.T.);
#2607=ORIENTED_EDGE('',*,*,#1835,.T.);
#2608=ORIENTED_EDGE('',*,*,#1836,.T.);
#2609=ORIENTED_EDGE('',*,*,#1837,.T.);
#2610=ORIENTED_EDGE('',*,*,#1838,.T.);
#2611=ORIENTED_EDGE('',*,*,#1839,.T.);
#2612=ORIENTED_EDGE('',*,*,#1771,.T.);
#2613=ORIENTED_EDGE('',*,*,#1777,.T.);
#2614=ORIENTED_EDGE('',*,*,#1840,.T.);
#2615=ORIENTED_EDGE('',*,*,#1836,.F.);
#2616=ORIENTED_EDGE('',*,*,#1841,.F.);
#2617=ORIENTED_EDGE('',*,*,#1842,.F.);
#2618=ORIENTED_EDGE('',*,*,#1832,.F.);
#2619=ORIENTED_EDGE('',*,*,#1840,.F.);
#2620=ORIENTED_EDGE('',*,*,#1776,.F.);
#2621=ORIENTED_EDGE('',*,*,#1843,.F.);
#2622=ORIENTED_EDGE('',*,*,#1844,.F.);
#2623=ORIENTED_EDGE('',*,*,#1845,.T.);
#2624=ORIENTED_EDGE('',*,*,#1846,.F.);
#2625=ORIENTED_EDGE('',*,*,#1847,.T.);
#2626=ORIENTED_EDGE('',*,*,#1848,.T.);
#2627=ORIENTED_EDGE('',*,*,#1849,.T.);
#2628=ORIENTED_EDGE('',*,*,#1850,.T.);
#2629=ORIENTED_EDGE('',*,*,#1851,.T.);
#2630=ORIENTED_EDGE('',*,*,#1852,.T.);
#2631=ORIENTED_EDGE('',*,*,#1853,.T.);
#2632=ORIENTED_EDGE('',*,*,#1808,.F.);
#2633=ORIENTED_EDGE('',*,*,#1811,.T.);
#2634=ORIENTED_EDGE('',*,*,#1854,.T.);
#2635=ORIENTED_EDGE('',*,*,#1855,.T.);
#2636=ORIENTED_EDGE('',*,*,#1856,.F.);
#2637=ORIENTED_EDGE('',*,*,#1850,.F.);
#2638=ORIENTED_EDGE('',*,*,#1834,.F.);
#2639=ORIENTED_EDGE('',*,*,#1857,.T.);
#2640=ORIENTED_EDGE('',*,*,#1858,.T.);
#2641=ORIENTED_EDGE('',*,*,#1859,.T.);
#2642=ORIENTED_EDGE('',*,*,#1860,.T.);
#2643=ORIENTED_EDGE('',*,*,#1861,.T.);
#2644=ORIENTED_EDGE('',*,*,#1862,.T.);
#2645=ORIENTED_EDGE('',*,*,#1863,.F.);
#2646=ORIENTED_EDGE('',*,*,#1864,.F.);
#2647=ORIENTED_EDGE('',*,*,#1865,.F.);
#2648=ORIENTED_EDGE('',*,*,#1866,.F.);
#2649=ORIENTED_EDGE('',*,*,#1867,.F.);
#2650=ORIENTED_EDGE('',*,*,#1847,.F.);
#2651=ORIENTED_EDGE('',*,*,#1868,.F.);
#2652=ORIENTED_EDGE('',*,*,#1869,.F.);
#2653=ORIENTED_EDGE('',*,*,#1830,.F.);
#2654=ORIENTED_EDGE('',*,*,#1870,.F.);
#2655=ORIENTED_EDGE('',*,*,#1794,.F.);
#2656=ORIENTED_EDGE('',*,*,#1871,.F.);
#2657=ORIENTED_EDGE('',*,*,#1872,.F.);
#2658=ORIENTED_EDGE('',*,*,#1873,.F.);
#2659=ORIENTED_EDGE('',*,*,#1874,.F.);
#2660=ORIENTED_EDGE('',*,*,#1875,.F.);
#2661=ORIENTED_EDGE('',*,*,#1876,.F.);
#2662=ORIENTED_EDGE('',*,*,#1877,.F.);
#2663=ORIENTED_EDGE('',*,*,#1878,.F.);
#2664=ORIENTED_EDGE('',*,*,#1879,.F.);
#2665=ORIENTED_EDGE('',*,*,#1880,.F.);
#2666=ORIENTED_EDGE('',*,*,#1881,.F.);
#2667=ORIENTED_EDGE('',*,*,#1882,.T.);
#2668=ORIENTED_EDGE('',*,*,#1883,.F.);
#2669=ORIENTED_EDGE('',*,*,#1884,.T.);
#2670=ORIENTED_EDGE('',*,*,#1885,.F.);
#2671=ORIENTED_EDGE('',*,*,#1886,.T.);
#2672=ORIENTED_EDGE('',*,*,#1887,.F.);
#2673=ORIENTED_EDGE('',*,*,#1888,.F.);
#2674=ORIENTED_EDGE('',*,*,#1854,.F.);
#2675=ORIENTED_EDGE('',*,*,#1814,.T.);
#2676=ORIENTED_EDGE('',*,*,#1889,.F.);
#2677=ORIENTED_EDGE('',*,*,#1868,.T.);
#2678=ORIENTED_EDGE('',*,*,#1851,.F.);
#2679=ORIENTED_EDGE('',*,*,#1856,.T.);
#2680=ORIENTED_EDGE('',*,*,#1855,.F.);
#2681=ORIENTED_EDGE('',*,*,#1890,.T.);
#2682=ORIENTED_EDGE('',*,*,#1891,.T.);
#2683=ORIENTED_EDGE('',*,*,#1892,.T.);
#2684=ORIENTED_EDGE('',*,*,#1893,.T.);
#2685=ORIENTED_EDGE('',*,*,#1892,.F.);
#2686=ORIENTED_EDGE('',*,*,#1894,.T.);
#2687=ORIENTED_EDGE('',*,*,#1895,.T.);
#2688=ORIENTED_EDGE('',*,*,#1896,.T.);
#2689=ORIENTED_EDGE('',*,*,#1895,.F.);
#2690=ORIENTED_EDGE('',*,*,#1897,.T.);
#2691=ORIENTED_EDGE('',*,*,#1898,.T.);
#2692=ORIENTED_EDGE('',*,*,#1899,.T.);
#2693=ORIENTED_EDGE('',*,*,#1898,.F.);
#2694=ORIENTED_EDGE('',*,*,#1900,.T.);
#2695=ORIENTED_EDGE('',*,*,#1901,.T.);
#2696=ORIENTED_EDGE('',*,*,#1902,.T.);
#2697=ORIENTED_EDGE('',*,*,#1901,.F.);
#2698=ORIENTED_EDGE('',*,*,#1903,.T.);
#2699=ORIENTED_EDGE('',*,*,#1904,.T.);
#2700=ORIENTED_EDGE('',*,*,#1791,.T.);
#2701=ORIENTED_EDGE('',*,*,#1905,.T.);
#2702=ORIENTED_EDGE('',*,*,#1783,.T.);
#2703=ORIENTED_EDGE('',*,*,#1904,.F.);
#2704=ORIENTED_EDGE('',*,*,#1906,.T.);
#2705=ORIENTED_EDGE('',*,*,#1907,.T.);
#2706=ORIENTED_EDGE('',*,*,#1781,.T.);
#2707=ORIENTED_EDGE('',*,*,#1905,.F.);
#2708=ORIENTED_EDGE('',*,*,#1908,.T.);
#2709=ORIENTED_EDGE('',*,*,#1909,.T.);
#2710=ORIENTED_EDGE('',*,*,#1779,.T.);
#2711=ORIENTED_EDGE('',*,*,#1907,.F.);
#2712=ORIENTED_EDGE('',*,*,#1910,.T.);
#2713=ORIENTED_EDGE('',*,*,#1843,.T.);
#2714=ORIENTED_EDGE('',*,*,#1775,.T.);
#2715=ORIENTED_EDGE('',*,*,#1909,.F.);
#2716=ORIENTED_EDGE('',*,*,#1911,.T.);
#2717=ORIENTED_EDGE('',*,*,#1844,.T.);
#2718=ORIENTED_EDGE('',*,*,#1911,.F.);
#2719=ORIENTED_EDGE('',*,*,#1910,.F.);
#2720=ORIENTED_EDGE('',*,*,#1908,.F.);
#2721=ORIENTED_EDGE('',*,*,#1906,.F.);
#2722=ORIENTED_EDGE('',*,*,#1903,.F.);
#2723=ORIENTED_EDGE('',*,*,#1900,.F.);
#2724=ORIENTED_EDGE('',*,*,#1897,.F.);
#2725=ORIENTED_EDGE('',*,*,#1894,.F.);
#2726=ORIENTED_EDGE('',*,*,#1891,.F.);
#2727=ORIENTED_EDGE('',*,*,#1912,.F.);
#2728=ORIENTED_EDGE('',*,*,#1913,.T.);
#2729=ORIENTED_EDGE('',*,*,#1914,.F.);
#2730=ORIENTED_EDGE('',*,*,#1915,.F.);
#2731=ORIENTED_EDGE('',*,*,#1916,.T.);
#2732=ORIENTED_EDGE('',*,*,#1917,.T.);
#2733=ORIENTED_EDGE('',*,*,#1918,.F.);
#2734=ORIENTED_EDGE('',*,*,#1919,.F.);
#2735=ORIENTED_EDGE('',*,*,#1920,.F.);
#2736=ORIENTED_EDGE('',*,*,#1921,.F.);
#2737=ORIENTED_EDGE('',*,*,#1922,.F.);
#2738=ORIENTED_EDGE('',*,*,#1923,.F.);
#2739=ORIENTED_EDGE('',*,*,#1924,.F.);
#2740=ORIENTED_EDGE('',*,*,#1925,.F.);
#2741=ORIENTED_EDGE('',*,*,#1926,.F.);
#2742=ORIENTED_EDGE('',*,*,#1927,.F.);
#2743=ORIENTED_EDGE('',*,*,#1928,.F.);
#2744=ORIENTED_EDGE('',*,*,#1929,.F.);
#2745=ORIENTED_EDGE('',*,*,#1930,.F.);
#2746=ORIENTED_EDGE('',*,*,#1931,.F.);
#2747=ORIENTED_EDGE('',*,*,#1932,.F.);
#2748=ORIENTED_EDGE('',*,*,#1933,.F.);
#2749=ORIENTED_EDGE('',*,*,#1934,.F.);
#2750=ORIENTED_EDGE('',*,*,#1935,.F.);
#2751=ORIENTED_EDGE('',*,*,#1936,.F.);
#2752=ORIENTED_EDGE('',*,*,#1937,.F.);
#2753=ORIENTED_EDGE('',*,*,#1938,.F.);
#2754=ORIENTED_EDGE('',*,*,#1939,.F.);
#2755=ORIENTED_EDGE('',*,*,#1940,.F.);
#2756=ORIENTED_EDGE('',*,*,#1941,.F.);
#2757=ORIENTED_EDGE('',*,*,#1942,.F.);
#2758=ORIENTED_EDGE('',*,*,#1943,.F.);
#2759=ORIENTED_EDGE('',*,*,#1944,.F.);
#2760=ORIENTED_EDGE('',*,*,#1945,.F.);
#2761=ORIENTED_EDGE('',*,*,#1946,.F.);
#2762=ORIENTED_EDGE('',*,*,#1947,.F.);
#2763=ORIENTED_EDGE('',*,*,#1948,.F.);
#2764=ORIENTED_EDGE('',*,*,#1949,.F.);
#2765=ORIENTED_EDGE('',*,*,#1950,.F.);
#2766=ORIENTED_EDGE('',*,*,#1951,.F.);
#2767=ORIENTED_EDGE('',*,*,#1952,.F.);
#2768=ORIENTED_EDGE('',*,*,#1953,.F.);
#2769=ORIENTED_EDGE('',*,*,#1954,.F.);
#2770=ORIENTED_EDGE('',*,*,#1955,.F.);
#2771=ORIENTED_EDGE('',*,*,#1956,.F.);
#2772=ORIENTED_EDGE('',*,*,#1957,.F.);
#2773=ORIENTED_EDGE('',*,*,#1958,.F.);
#2774=ORIENTED_EDGE('',*,*,#1959,.F.);
#2775=ORIENTED_EDGE('',*,*,#1960,.F.);
#2776=ORIENTED_EDGE('',*,*,#1961,.F.);
#2777=ORIENTED_EDGE('',*,*,#1962,.F.);
#2778=ORIENTED_EDGE('',*,*,#1963,.F.);
#2779=ORIENTED_EDGE('',*,*,#1964,.F.);
#2780=ORIENTED_EDGE('',*,*,#1965,.F.);
#2781=ORIENTED_EDGE('',*,*,#1966,.F.);
#2782=ORIENTED_EDGE('',*,*,#1967,.F.);
#2783=ORIENTED_EDGE('',*,*,#1968,.F.);
#2784=ORIENTED_EDGE('',*,*,#1969,.F.);
#2785=ORIENTED_EDGE('',*,*,#1970,.F.);
#2786=ORIENTED_EDGE('',*,*,#1971,.F.);
#2787=ORIENTED_EDGE('',*,*,#1972,.F.);
#2788=ORIENTED_EDGE('',*,*,#1973,.F.);
#2789=ORIENTED_EDGE('',*,*,#1974,.F.);
#2790=ORIENTED_EDGE('',*,*,#1975,.F.);
#2791=ORIENTED_EDGE('',*,*,#1976,.F.);
#2792=ORIENTED_EDGE('',*,*,#1977,.F.);
#2793=ORIENTED_EDGE('',*,*,#1978,.F.);
#2794=ORIENTED_EDGE('',*,*,#1979,.F.);
#2795=ORIENTED_EDGE('',*,*,#1980,.F.);
#2796=ORIENTED_EDGE('',*,*,#1981,.F.);
#2797=ORIENTED_EDGE('',*,*,#1982,.F.);
#2798=ORIENTED_EDGE('',*,*,#1983,.F.);
#2799=ORIENTED_EDGE('',*,*,#1984,.F.);
#2800=ORIENTED_EDGE('',*,*,#1985,.F.);
#2801=ORIENTED_EDGE('',*,*,#1986,.F.);
#2802=ORIENTED_EDGE('',*,*,#1987,.F.);
#2803=ORIENTED_EDGE('',*,*,#1988,.F.);
#2804=ORIENTED_EDGE('',*,*,#1989,.F.);
#2805=ORIENTED_EDGE('',*,*,#1990,.F.);
#2806=ORIENTED_EDGE('',*,*,#1991,.F.);
#2807=ORIENTED_EDGE('',*,*,#1992,.F.);
#2808=ORIENTED_EDGE('',*,*,#1993,.F.);
#2809=ORIENTED_EDGE('',*,*,#1994,.F.);
#2810=ORIENTED_EDGE('',*,*,#1995,.F.);
#2811=ORIENTED_EDGE('',*,*,#1996,.F.);
#2812=ORIENTED_EDGE('',*,*,#1997,.F.);
#2813=ORIENTED_EDGE('',*,*,#1998,.T.);
#2814=ORIENTED_EDGE('',*,*,#1999,.T.);
#2815=ORIENTED_EDGE('',*,*,#2000,.T.);
#2816=ORIENTED_EDGE('',*,*,#2001,.T.);
#2817=ORIENTED_EDGE('',*,*,#2002,.T.);
#2818=ORIENTED_EDGE('',*,*,#2003,.T.);
#2819=ORIENTED_EDGE('',*,*,#2004,.T.);
#2820=ORIENTED_EDGE('',*,*,#2005,.T.);
#2821=ORIENTED_EDGE('',*,*,#2006,.T.);
#2822=ORIENTED_EDGE('',*,*,#2007,.T.);
#2823=ORIENTED_EDGE('',*,*,#2008,.T.);
#2824=ORIENTED_EDGE('',*,*,#2009,.T.);
#2825=ORIENTED_EDGE('',*,*,#2010,.T.);
#2826=ORIENTED_EDGE('',*,*,#2011,.T.);
#2827=ORIENTED_EDGE('',*,*,#2012,.T.);
#2828=ORIENTED_EDGE('',*,*,#2013,.T.);
#2829=ORIENTED_EDGE('',*,*,#2014,.T.);
#2830=ORIENTED_EDGE('',*,*,#2015,.T.);
#2831=ORIENTED_EDGE('',*,*,#2016,.T.);
#2832=ORIENTED_EDGE('',*,*,#2017,.T.);
#2833=ORIENTED_EDGE('',*,*,#2018,.T.);
#2834=ORIENTED_EDGE('',*,*,#2019,.T.);
#2835=ORIENTED_EDGE('',*,*,#2020,.T.);
#2836=ORIENTED_EDGE('',*,*,#2021,.T.);
#2837=ORIENTED_EDGE('',*,*,#2022,.T.);
#2838=ORIENTED_EDGE('',*,*,#2023,.T.);
#2839=ORIENTED_EDGE('',*,*,#2024,.T.);
#2840=ORIENTED_EDGE('',*,*,#2025,.T.);
#2841=ORIENTED_EDGE('',*,*,#2026,.T.);
#2842=ORIENTED_EDGE('',*,*,#2027,.T.);
#2843=ORIENTED_EDGE('',*,*,#2028,.T.);
#2844=ORIENTED_EDGE('',*,*,#2029,.T.);
#2845=ORIENTED_EDGE('',*,*,#2030,.T.);
#2846=ORIENTED_EDGE('',*,*,#2031,.T.);
#2847=ORIENTED_EDGE('',*,*,#2032,.T.);
#2848=ORIENTED_EDGE('',*,*,#2033,.T.);
#2849=ORIENTED_EDGE('',*,*,#2034,.T.);
#2850=ORIENTED_EDGE('',*,*,#2035,.T.);
#2851=ORIENTED_EDGE('',*,*,#2036,.T.);
#2852=ORIENTED_EDGE('',*,*,#2037,.T.);
#2853=ORIENTED_EDGE('',*,*,#2038,.T.);
#2854=ORIENTED_EDGE('',*,*,#2039,.T.);
#2855=ORIENTED_EDGE('',*,*,#2040,.T.);
#2856=ORIENTED_EDGE('',*,*,#2041,.T.);
#2857=ORIENTED_EDGE('',*,*,#2042,.T.);
#2858=ORIENTED_EDGE('',*,*,#2043,.T.);
#2859=ORIENTED_EDGE('',*,*,#2044,.T.);
#2860=ORIENTED_EDGE('',*,*,#2045,.T.);
#2861=ORIENTED_EDGE('',*,*,#2046,.T.);
#2862=ORIENTED_EDGE('',*,*,#2047,.T.);
#2863=ORIENTED_EDGE('',*,*,#2048,.T.);
#2864=ORIENTED_EDGE('',*,*,#2049,.T.);
#2865=ORIENTED_EDGE('',*,*,#2050,.T.);
#2866=ORIENTED_EDGE('',*,*,#2051,.T.);
#2867=ORIENTED_EDGE('',*,*,#2052,.T.);
#2868=ORIENTED_EDGE('',*,*,#2053,.T.);
#2869=ORIENTED_EDGE('',*,*,#2054,.T.);
#2870=ORIENTED_EDGE('',*,*,#2055,.T.);
#2871=ORIENTED_EDGE('',*,*,#2056,.T.);
#2872=ORIENTED_EDGE('',*,*,#2057,.T.);
#2873=ORIENTED_EDGE('',*,*,#2058,.T.);
#2874=ORIENTED_EDGE('',*,*,#2059,.T.);
#2875=ORIENTED_EDGE('',*,*,#2060,.T.);
#2876=ORIENTED_EDGE('',*,*,#2061,.T.);
#2877=ORIENTED_EDGE('',*,*,#2062,.T.);
#2878=ORIENTED_EDGE('',*,*,#2063,.T.);
#2879=ORIENTED_EDGE('',*,*,#2064,.T.);
#2880=ORIENTED_EDGE('',*,*,#2065,.T.);
#2881=ORIENTED_EDGE('',*,*,#2066,.T.);
#2882=ORIENTED_EDGE('',*,*,#2067,.T.);
#2883=ORIENTED_EDGE('',*,*,#2068,.T.);
#2884=ORIENTED_EDGE('',*,*,#2069,.T.);
#2885=ORIENTED_EDGE('',*,*,#2070,.T.);
#2886=ORIENTED_EDGE('',*,*,#2071,.T.);
#2887=ORIENTED_EDGE('',*,*,#2072,.T.);
#2888=ORIENTED_EDGE('',*,*,#2073,.T.);
#2889=ORIENTED_EDGE('',*,*,#2074,.T.);
#2890=ORIENTED_EDGE('',*,*,#2075,.T.);
#2891=ORIENTED_EDGE('',*,*,#1795,.T.);
#2892=ORIENTED_EDGE('',*,*,#1870,.T.);
#2893=ORIENTED_EDGE('',*,*,#1829,.T.);
#2894=ORIENTED_EDGE('',*,*,#1786,.T.);
#2895=ORIENTED_EDGE('',*,*,#1875,.T.);
#2896=ORIENTED_EDGE('',*,*,#2076,.T.);
#2897=ORIENTED_EDGE('',*,*,#2077,.T.);
#2898=ORIENTED_EDGE('',*,*,#2078,.T.);
#2899=ORIENTED_EDGE('',*,*,#2079,.T.);
#2900=ORIENTED_EDGE('',*,*,#2080,.T.);
#2901=ORIENTED_EDGE('',*,*,#2077,.F.);
#2902=ORIENTED_EDGE('',*,*,#2081,.T.);
#2903=ORIENTED_EDGE('',*,*,#1877,.T.);
#2904=ORIENTED_EDGE('',*,*,#2082,.T.);
#2905=ORIENTED_EDGE('',*,*,#2079,.F.);
#2906=ORIENTED_EDGE('',*,*,#2083,.T.);
#2907=ORIENTED_EDGE('',*,*,#2083,.F.);
#2908=ORIENTED_EDGE('',*,*,#2084,.T.);
#2909=ORIENTED_EDGE('',*,*,#2085,.F.);
#2910=ORIENTED_EDGE('',*,*,#1878,.T.);
#2911=ORIENTED_EDGE('',*,*,#2081,.F.);
#2912=ORIENTED_EDGE('',*,*,#2086,.T.);
#2913=ORIENTED_EDGE('',*,*,#2087,.F.);
#2914=ORIENTED_EDGE('',*,*,#2084,.F.);
#2915=ORIENTED_EDGE('',*,*,#2076,.F.);
#2916=ORIENTED_EDGE('',*,*,#1874,.T.);
#2917=ORIENTED_EDGE('',*,*,#2088,.F.);
#2918=ORIENTED_EDGE('',*,*,#2086,.F.);
#2919=ORIENTED_EDGE('',*,*,#1885,.T.);
#2920=ORIENTED_EDGE('',*,*,#2089,.T.);
#2921=ORIENTED_EDGE('',*,*,#2090,.T.);
#2922=ORIENTED_EDGE('',*,*,#2091,.T.);
#2923=ORIENTED_EDGE('',*,*,#2092,.T.);
#2924=ORIENTED_EDGE('',*,*,#2093,.T.);
#2925=ORIENTED_EDGE('',*,*,#2090,.F.);
#2926=ORIENTED_EDGE('',*,*,#2094,.T.);
#2927=ORIENTED_EDGE('',*,*,#1883,.T.);
#2928=ORIENTED_EDGE('',*,*,#2095,.T.);
#2929=ORIENTED_EDGE('',*,*,#2092,.F.);
#2930=ORIENTED_EDGE('',*,*,#2096,.T.);
#2931=ORIENTED_EDGE('',*,*,#2096,.F.);
#2932=ORIENTED_EDGE('',*,*,#2094,.F.);
#2933=ORIENTED_EDGE('',*,*,#2089,.F.);
#2934=ORIENTED_EDGE('',*,*,#1884,.F.);
#2935=ORIENTED_EDGE('',*,*,#2097,.F.);
#2936=ORIENTED_EDGE('',*,*,#2098,.F.);
#2937=ORIENTED_EDGE('',*,*,#1873,.T.);
#2938=ORIENTED_EDGE('',*,*,#2099,.T.);
#2939=ORIENTED_EDGE('',*,*,#2100,.T.);
#2940=ORIENTED_EDGE('',*,*,#2101,.T.);
#2941=ORIENTED_EDGE('',*,*,#1888,.T.);
#2942=ORIENTED_EDGE('',*,*,#2102,.T.);
#2943=ORIENTED_EDGE('',*,*,#2103,.T.);
#2944=ORIENTED_EDGE('',*,*,#2099,.F.);
#2945=ORIENTED_EDGE('',*,*,#2104,.T.);
#2946=ORIENTED_EDGE('',*,*,#2105,.T.);
#2947=ORIENTED_EDGE('',*,*,#1881,.T.);
#2948=ORIENTED_EDGE('',*,*,#2106,.T.);
#2949=ORIENTED_EDGE('',*,*,#1887,.T.);
#2950=ORIENTED_EDGE('',*,*,#2107,.T.);
#2951=ORIENTED_EDGE('',*,*,#2108,.T.);
#2952=ORIENTED_EDGE('',*,*,#2102,.F.);
#2953=ORIENTED_EDGE('',*,*,#2109,.T.);
#2954=ORIENTED_EDGE('',*,*,#2110,.T.);
#2955=ORIENTED_EDGE('',*,*,#2111,.T.);
#2956=ORIENTED_EDGE('',*,*,#2107,.F.);
#2957=ORIENTED_EDGE('',*,*,#2112,.T.);
#2958=ORIENTED_EDGE('',*,*,#2113,.T.);
#2959=ORIENTED_EDGE('',*,*,#2110,.F.);
#2960=ORIENTED_EDGE('',*,*,#2114,.T.);
#2961=ORIENTED_EDGE('',*,*,#2115,.T.);
#2962=ORIENTED_EDGE('',*,*,#2112,.F.);
#2963=ORIENTED_EDGE('',*,*,#2116,.T.);
#2964=ORIENTED_EDGE('',*,*,#2105,.F.);
#2965=ORIENTED_EDGE('',*,*,#2117,.T.);
#2966=ORIENTED_EDGE('',*,*,#2106,.F.);
#2967=ORIENTED_EDGE('',*,*,#1880,.T.);
#2968=ORIENTED_EDGE('',*,*,#2118,.T.);
#2969=ORIENTED_EDGE('',*,*,#2119,.T.);
#2970=ORIENTED_EDGE('',*,*,#2118,.F.);
#2971=ORIENTED_EDGE('',*,*,#1879,.T.);
#2972=ORIENTED_EDGE('',*,*,#2120,.F.);
#2973=ORIENTED_EDGE('',*,*,#2121,.T.);
#2974=ORIENTED_EDGE('',*,*,#2122,.T.);
#2975=ORIENTED_EDGE('',*,*,#2088,.T.);
#2976=ORIENTED_EDGE('',*,*,#2101,.F.);
#2977=ORIENTED_EDGE('',*,*,#2123,.T.);
#2978=ORIENTED_EDGE('',*,*,#2087,.T.);
#2979=ORIENTED_EDGE('',*,*,#2122,.F.);
#2980=ORIENTED_EDGE('',*,*,#2124,.T.);
#2981=ORIENTED_EDGE('',*,*,#2085,.T.);
#2982=ORIENTED_EDGE('',*,*,#2123,.F.);
#2983=ORIENTED_EDGE('',*,*,#2125,.T.);
#2984=ORIENTED_EDGE('',*,*,#2120,.T.);
#2985=ORIENTED_EDGE('',*,*,#2103,.F.);
#2986=ORIENTED_EDGE('',*,*,#2126,.F.);
#2987=ORIENTED_EDGE('',*,*,#2127,.F.);
#2988=ORIENTED_EDGE('',*,*,#2128,.T.);
#2989=ORIENTED_EDGE('',*,*,#2108,.F.);
#2990=ORIENTED_EDGE('',*,*,#2111,.F.);
#2991=ORIENTED_EDGE('',*,*,#2113,.F.);
#2992=ORIENTED_EDGE('',*,*,#2115,.F.);
#2993=ORIENTED_EDGE('',*,*,#2104,.F.);
#2994=ORIENTED_EDGE('',*,*,#2129,.F.);
#2995=ORIENTED_EDGE('',*,*,#2130,.T.);
#2996=ORIENTED_EDGE('',*,*,#2126,.T.);
#2997=ORIENTED_EDGE('',*,*,#2131,.T.);
#2998=ORIENTED_EDGE('',*,*,#2132,.T.);
#2999=ORIENTED_EDGE('',*,*,#1889,.T.);
#3000=ORIENTED_EDGE('',*,*,#1813,.T.);
#3001=ORIENTED_EDGE('',*,*,#1831,.F.);
#3002=ORIENTED_EDGE('',*,*,#1869,.T.);
#3003=ORIENTED_EDGE('',*,*,#2133,.T.);
#3004=ORIENTED_EDGE('',*,*,#1871,.T.);
#3005=ORIENTED_EDGE('',*,*,#1793,.F.);
#3006=ORIENTED_EDGE('',*,*,#2134,.F.);
#3007=ORIENTED_EDGE('',*,*,#1838,.F.);
#3008=ORIENTED_EDGE('',*,*,#1837,.F.);
#3009=ORIENTED_EDGE('',*,*,#1841,.T.);
#3010=ORIENTED_EDGE('',*,*,#1835,.F.);
#3011=ORIENTED_EDGE('',*,*,#1872,.T.);
#3012=ORIENTED_EDGE('',*,*,#2133,.F.);
#3013=ORIENTED_EDGE('',*,*,#2135,.F.);
#3014=ORIENTED_EDGE('',*,*,#2136,.F.);
#3015=ORIENTED_EDGE('',*,*,#2137,.T.);
#3016=ORIENTED_EDGE('',*,*,#2138,.T.);
#3017=ORIENTED_EDGE('',*,*,#2139,.F.);
#3018=ORIENTED_EDGE('',*,*,#2140,.T.);
#3019=ORIENTED_EDGE('',*,*,#2139,.T.);
#3020=ORIENTED_EDGE('',*,*,#2141,.T.);
#3021=ORIENTED_EDGE('',*,*,#2142,.T.);
#3022=ORIENTED_EDGE('',*,*,#2082,.F.);
#3023=ORIENTED_EDGE('',*,*,#1876,.T.);
#3024=ORIENTED_EDGE('',*,*,#2078,.F.);
#3025=ORIENTED_EDGE('',*,*,#2080,.F.);
#3026=ORIENTED_EDGE('',*,*,#2143,.T.);
#3027=ORIENTED_EDGE('',*,*,#2144,.T.);
#3028=ORIENTED_EDGE('',*,*,#2145,.T.);
#3029=ORIENTED_EDGE('',*,*,#2146,.T.);
#3030=ORIENTED_EDGE('',*,*,#2147,.F.);
#3031=ORIENTED_EDGE('',*,*,#1912,.T.);
#3032=ORIENTED_EDGE('',*,*,#1890,.F.);
#3033=ORIENTED_EDGE('',*,*,#2148,.T.);
#3034=ORIENTED_EDGE('',*,*,#1852,.F.);
#3035=ORIENTED_EDGE('',*,*,#1849,.F.);
#3036=ORIENTED_EDGE('',*,*,#2149,.F.);
#3037=ORIENTED_EDGE('',*,*,#2143,.F.);
#3038=ORIENTED_EDGE('',*,*,#2150,.F.);
#3039=ORIENTED_EDGE('',*,*,#2142,.F.);
#3040=ORIENTED_EDGE('',*,*,#2151,.F.);
#3041=ORIENTED_EDGE('',*,*,#1998,.F.);
#3042=ORIENTED_EDGE('',*,*,#2152,.F.);
#3043=ORIENTED_EDGE('',*,*,#2153,.T.);
#3044=ORIENTED_EDGE('',*,*,#2154,.F.);
#3045=ORIENTED_EDGE('',*,*,#2000,.F.);
#3046=ORIENTED_EDGE('',*,*,#2155,.F.);
#3047=ORIENTED_EDGE('',*,*,#2156,.T.);
#3048=ORIENTED_EDGE('',*,*,#2157,.F.);
#3049=ORIENTED_EDGE('',*,*,#2002,.F.);
#3050=ORIENTED_EDGE('',*,*,#2158,.F.);
#3051=ORIENTED_EDGE('',*,*,#2159,.T.);
#3052=ORIENTED_EDGE('',*,*,#2160,.F.);
#3053=ORIENTED_EDGE('',*,*,#2004,.F.);
#3054=ORIENTED_EDGE('',*,*,#2161,.F.);
#3055=ORIENTED_EDGE('',*,*,#2162,.T.);
#3056=ORIENTED_EDGE('',*,*,#2163,.F.);
#3057=ORIENTED_EDGE('',*,*,#2006,.F.);
#3058=ORIENTED_EDGE('',*,*,#2164,.F.);
#3059=ORIENTED_EDGE('',*,*,#2165,.T.);
#3060=ORIENTED_EDGE('',*,*,#2166,.F.);
#3061=ORIENTED_EDGE('',*,*,#2008,.F.);
#3062=ORIENTED_EDGE('',*,*,#2167,.F.);
#3063=ORIENTED_EDGE('',*,*,#2168,.T.);
#3064=ORIENTED_EDGE('',*,*,#2169,.F.);
#3065=ORIENTED_EDGE('',*,*,#2010,.F.);
#3066=ORIENTED_EDGE('',*,*,#2170,.F.);
#3067=ORIENTED_EDGE('',*,*,#2171,.T.);
#3068=ORIENTED_EDGE('',*,*,#2172,.F.);
#3069=ORIENTED_EDGE('',*,*,#2012,.F.);
#3070=ORIENTED_EDGE('',*,*,#2173,.F.);
#3071=ORIENTED_EDGE('',*,*,#2174,.T.);
#3072=ORIENTED_EDGE('',*,*,#2175,.F.);
#3073=ORIENTED_EDGE('',*,*,#2014,.F.);
#3074=ORIENTED_EDGE('',*,*,#2176,.F.);
#3075=ORIENTED_EDGE('',*,*,#2177,.T.);
#3076=ORIENTED_EDGE('',*,*,#2178,.F.);
#3077=ORIENTED_EDGE('',*,*,#2016,.F.);
#3078=ORIENTED_EDGE('',*,*,#2179,.F.);
#3079=ORIENTED_EDGE('',*,*,#2180,.T.);
#3080=ORIENTED_EDGE('',*,*,#2181,.F.);
#3081=ORIENTED_EDGE('',*,*,#2018,.F.);
#3082=ORIENTED_EDGE('',*,*,#2182,.F.);
#3083=ORIENTED_EDGE('',*,*,#2183,.T.);
#3084=ORIENTED_EDGE('',*,*,#2184,.F.);
#3085=ORIENTED_EDGE('',*,*,#2020,.F.);
#3086=ORIENTED_EDGE('',*,*,#2185,.F.);
#3087=ORIENTED_EDGE('',*,*,#2186,.T.);
#3088=ORIENTED_EDGE('',*,*,#2187,.F.);
#3089=ORIENTED_EDGE('',*,*,#2022,.F.);
#3090=ORIENTED_EDGE('',*,*,#2188,.F.);
#3091=ORIENTED_EDGE('',*,*,#2189,.T.);
#3092=ORIENTED_EDGE('',*,*,#2190,.F.);
#3093=ORIENTED_EDGE('',*,*,#2024,.F.);
#3094=ORIENTED_EDGE('',*,*,#2191,.F.);
#3095=ORIENTED_EDGE('',*,*,#2192,.T.);
#3096=ORIENTED_EDGE('',*,*,#2193,.F.);
#3097=ORIENTED_EDGE('',*,*,#2026,.F.);
#3098=ORIENTED_EDGE('',*,*,#2194,.F.);
#3099=ORIENTED_EDGE('',*,*,#2195,.T.);
#3100=ORIENTED_EDGE('',*,*,#2196,.F.);
#3101=ORIENTED_EDGE('',*,*,#2028,.F.);
#3102=ORIENTED_EDGE('',*,*,#2197,.F.);
#3103=ORIENTED_EDGE('',*,*,#2198,.T.);
#3104=ORIENTED_EDGE('',*,*,#2199,.F.);
#3105=ORIENTED_EDGE('',*,*,#2030,.F.);
#3106=ORIENTED_EDGE('',*,*,#2200,.F.);
#3107=ORIENTED_EDGE('',*,*,#2201,.T.);
#3108=ORIENTED_EDGE('',*,*,#2202,.F.);
#3109=ORIENTED_EDGE('',*,*,#2032,.F.);
#3110=ORIENTED_EDGE('',*,*,#2203,.F.);
#3111=ORIENTED_EDGE('',*,*,#2204,.T.);
#3112=ORIENTED_EDGE('',*,*,#2205,.F.);
#3113=ORIENTED_EDGE('',*,*,#2034,.F.);
#3114=ORIENTED_EDGE('',*,*,#2206,.F.);
#3115=ORIENTED_EDGE('',*,*,#2207,.T.);
#3116=ORIENTED_EDGE('',*,*,#2208,.F.);
#3117=ORIENTED_EDGE('',*,*,#2036,.F.);
#3118=ORIENTED_EDGE('',*,*,#2209,.F.);
#3119=ORIENTED_EDGE('',*,*,#2210,.T.);
#3120=ORIENTED_EDGE('',*,*,#2211,.F.);
#3121=ORIENTED_EDGE('',*,*,#2038,.F.);
#3122=ORIENTED_EDGE('',*,*,#2212,.F.);
#3123=ORIENTED_EDGE('',*,*,#2213,.T.);
#3124=ORIENTED_EDGE('',*,*,#2214,.F.);
#3125=ORIENTED_EDGE('',*,*,#2040,.F.);
#3126=ORIENTED_EDGE('',*,*,#2215,.F.);
#3127=ORIENTED_EDGE('',*,*,#2216,.T.);
#3128=ORIENTED_EDGE('',*,*,#2217,.F.);
#3129=ORIENTED_EDGE('',*,*,#2042,.F.);
#3130=ORIENTED_EDGE('',*,*,#2218,.F.);
#3131=ORIENTED_EDGE('',*,*,#2219,.T.);
#3132=ORIENTED_EDGE('',*,*,#2220,.F.);
#3133=ORIENTED_EDGE('',*,*,#2044,.F.);
#3134=ORIENTED_EDGE('',*,*,#2221,.F.);
#3135=ORIENTED_EDGE('',*,*,#2222,.T.);
#3136=ORIENTED_EDGE('',*,*,#2223,.F.);
#3137=ORIENTED_EDGE('',*,*,#2046,.F.);
#3138=ORIENTED_EDGE('',*,*,#2224,.F.);
#3139=ORIENTED_EDGE('',*,*,#2225,.T.);
#3140=ORIENTED_EDGE('',*,*,#1917,.F.);
#3141=ORIENTED_EDGE('',*,*,#2226,.T.);
#3142=ORIENTED_EDGE('',*,*,#2227,.T.);
#3143=ORIENTED_EDGE('',*,*,#2228,.F.);
#3144=ORIENTED_EDGE('',*,*,#2100,.F.);
#3145=ORIENTED_EDGE('',*,*,#2128,.F.);
#3146=ORIENTED_EDGE('',*,*,#2229,.F.);
#3147=ORIENTED_EDGE('',*,*,#2230,.T.);
#3148=ORIENTED_EDGE('',*,*,#2119,.F.);
#3149=ORIENTED_EDGE('',*,*,#2125,.F.);
#3150=ORIENTED_EDGE('',*,*,#2124,.F.);
#3151=ORIENTED_EDGE('',*,*,#2121,.F.);
#3152=ORIENTED_EDGE('',*,*,#2137,.F.);
#3153=ORIENTED_EDGE('',*,*,#2231,.F.);
#3154=ORIENTED_EDGE('',*,*,#1863,.T.);
#3155=ORIENTED_EDGE('',*,*,#2232,.T.);
#3156=ORIENTED_EDGE('',*,*,#2233,.T.);
#3157=ORIENTED_EDGE('',*,*,#2234,.F.);
#3158=ORIENTED_EDGE('',*,*,#1864,.T.);
#3159=ORIENTED_EDGE('',*,*,#2234,.T.);
#3160=ORIENTED_EDGE('',*,*,#2235,.T.);
#3161=ORIENTED_EDGE('',*,*,#2236,.F.);
#3162=ORIENTED_EDGE('',*,*,#2061,.F.);
#3163=ORIENTED_EDGE('',*,*,#2237,.T.);
#3164=ORIENTED_EDGE('',*,*,#2238,.T.);
#3165=ORIENTED_EDGE('',*,*,#2239,.F.);
#3166=ORIENTED_EDGE('',*,*,#2240,.F.);
#3167=ORIENTED_EDGE('',*,*,#2059,.F.);
#3168=ORIENTED_EDGE('',*,*,#2241,.T.);
#3169=ORIENTED_EDGE('',*,*,#2242,.T.);
#3170=ORIENTED_EDGE('',*,*,#2058,.F.);
#3171=ORIENTED_EDGE('',*,*,#2243,.T.);
#3172=ORIENTED_EDGE('',*,*,#2244,.T.);
#3173=ORIENTED_EDGE('',*,*,#2241,.F.);
#3174=ORIENTED_EDGE('',*,*,#2057,.F.);
#3175=ORIENTED_EDGE('',*,*,#2245,.T.);
#3176=ORIENTED_EDGE('',*,*,#2246,.T.);
#3177=ORIENTED_EDGE('',*,*,#2243,.F.);
#3178=ORIENTED_EDGE('',*,*,#2056,.F.);
#3179=ORIENTED_EDGE('',*,*,#2247,.T.);
#3180=ORIENTED_EDGE('',*,*,#2248,.T.);
#3181=ORIENTED_EDGE('',*,*,#2245,.F.);
#3182=ORIENTED_EDGE('',*,*,#2055,.F.);
#3183=ORIENTED_EDGE('',*,*,#2249,.T.);
#3184=ORIENTED_EDGE('',*,*,#2250,.T.);
#3185=ORIENTED_EDGE('',*,*,#2247,.F.);
#3186=ORIENTED_EDGE('',*,*,#2054,.F.);
#3187=ORIENTED_EDGE('',*,*,#2251,.T.);
#3188=ORIENTED_EDGE('',*,*,#2252,.T.);
#3189=ORIENTED_EDGE('',*,*,#2249,.F.);
#3190=ORIENTED_EDGE('',*,*,#2253,.F.);
#3191=ORIENTED_EDGE('',*,*,#2052,.F.);
#3192=ORIENTED_EDGE('',*,*,#2254,.T.);
#3193=ORIENTED_EDGE('',*,*,#2255,.T.);
#3194=ORIENTED_EDGE('',*,*,#2051,.F.);
#3195=ORIENTED_EDGE('',*,*,#2256,.T.);
#3196=ORIENTED_EDGE('',*,*,#2257,.T.);
#3197=ORIENTED_EDGE('',*,*,#2254,.F.);
#3198=ORIENTED_EDGE('',*,*,#2050,.F.);
#3199=ORIENTED_EDGE('',*,*,#2258,.T.);
#3200=ORIENTED_EDGE('',*,*,#2259,.T.);
#3201=ORIENTED_EDGE('',*,*,#2256,.F.);
#3202=ORIENTED_EDGE('',*,*,#2049,.F.);
#3203=ORIENTED_EDGE('',*,*,#2260,.T.);
#3204=ORIENTED_EDGE('',*,*,#2261,.T.);
#3205=ORIENTED_EDGE('',*,*,#2258,.F.);
#3206=ORIENTED_EDGE('',*,*,#2048,.F.);
#3207=ORIENTED_EDGE('',*,*,#2239,.T.);
#3208=ORIENTED_EDGE('',*,*,#2262,.T.);
#3209=ORIENTED_EDGE('',*,*,#2260,.F.);
#3210=ORIENTED_EDGE('',*,*,#1913,.F.);
#3211=ORIENTED_EDGE('',*,*,#2147,.T.);
#3212=ORIENTED_EDGE('',*,*,#2263,.T.);
#3213=ORIENTED_EDGE('',*,*,#2264,.F.);
#3214=ORIENTED_EDGE('',*,*,#1867,.T.);
#3215=ORIENTED_EDGE('',*,*,#2265,.T.);
#3216=ORIENTED_EDGE('',*,*,#2266,.T.);
#3217=ORIENTED_EDGE('',*,*,#2145,.F.);
#3218=ORIENTED_EDGE('',*,*,#1848,.F.);
#3219=ORIENTED_EDGE('',*,*,#1866,.T.);
#3220=ORIENTED_EDGE('',*,*,#2267,.T.);
#3221=ORIENTED_EDGE('',*,*,#2268,.T.);
#3222=ORIENTED_EDGE('',*,*,#2265,.F.);
#3223=ORIENTED_EDGE('',*,*,#1865,.T.);
#3224=ORIENTED_EDGE('',*,*,#2236,.T.);
#3225=ORIENTED_EDGE('',*,*,#2269,.T.);
#3226=ORIENTED_EDGE('',*,*,#2267,.F.);
#3227=ORIENTED_EDGE('',*,*,#2235,.F.);
#3228=ORIENTED_EDGE('',*,*,#2233,.F.);
#3229=ORIENTED_EDGE('',*,*,#2270,.F.);
#3230=ORIENTED_EDGE('',*,*,#2263,.F.);
#3231=ORIENTED_EDGE('',*,*,#2146,.F.);
#3232=ORIENTED_EDGE('',*,*,#2266,.F.);
#3233=ORIENTED_EDGE('',*,*,#2268,.F.);
#3234=ORIENTED_EDGE('',*,*,#2269,.F.);
#3235=ORIENTED_EDGE('',*,*,#2262,.F.);
#3236=ORIENTED_EDGE('',*,*,#2238,.F.);
#3237=ORIENTED_EDGE('',*,*,#2271,.F.);
#3238=ORIENTED_EDGE('',*,*,#2242,.F.);
#3239=ORIENTED_EDGE('',*,*,#2244,.F.);
#3240=ORIENTED_EDGE('',*,*,#2246,.F.);
#3241=ORIENTED_EDGE('',*,*,#2248,.F.);
#3242=ORIENTED_EDGE('',*,*,#2250,.F.);
#3243=ORIENTED_EDGE('',*,*,#2252,.F.);
#3244=ORIENTED_EDGE('',*,*,#2272,.F.);
#3245=ORIENTED_EDGE('',*,*,#2255,.F.);
#3246=ORIENTED_EDGE('',*,*,#2257,.F.);
#3247=ORIENTED_EDGE('',*,*,#2259,.F.);
#3248=ORIENTED_EDGE('',*,*,#2261,.F.);
#3249=ORIENTED_EDGE('',*,*,#2075,.F.);
#3250=ORIENTED_EDGE('',*,*,#2273,.T.);
#3251=ORIENTED_EDGE('',*,*,#1816,.T.);
#3252=ORIENTED_EDGE('',*,*,#2274,.F.);
#3253=ORIENTED_EDGE('',*,*,#2074,.F.);
#3254=ORIENTED_EDGE('',*,*,#2275,.T.);
#3255=ORIENTED_EDGE('',*,*,#1817,.T.);
#3256=ORIENTED_EDGE('',*,*,#2273,.F.);
#3257=ORIENTED_EDGE('',*,*,#2073,.F.);
#3258=ORIENTED_EDGE('',*,*,#2276,.T.);
#3259=ORIENTED_EDGE('',*,*,#1818,.T.);
#3260=ORIENTED_EDGE('',*,*,#2275,.F.);
#3261=ORIENTED_EDGE('',*,*,#2072,.F.);
#3262=ORIENTED_EDGE('',*,*,#2277,.T.);
#3263=ORIENTED_EDGE('',*,*,#1819,.T.);
#3264=ORIENTED_EDGE('',*,*,#2276,.F.);
#3265=ORIENTED_EDGE('',*,*,#2278,.F.);
#3266=ORIENTED_EDGE('',*,*,#2070,.F.);
#3267=ORIENTED_EDGE('',*,*,#2279,.T.);
#3268=ORIENTED_EDGE('',*,*,#1821,.T.);
#3269=ORIENTED_EDGE('',*,*,#2069,.F.);
#3270=ORIENTED_EDGE('',*,*,#2280,.T.);
#3271=ORIENTED_EDGE('',*,*,#1822,.T.);
#3272=ORIENTED_EDGE('',*,*,#2279,.F.);
#3273=ORIENTED_EDGE('',*,*,#2068,.F.);
#3274=ORIENTED_EDGE('',*,*,#2281,.T.);
#3275=ORIENTED_EDGE('',*,*,#1823,.T.);
#3276=ORIENTED_EDGE('',*,*,#2280,.F.);
#3277=ORIENTED_EDGE('',*,*,#2067,.F.);
#3278=ORIENTED_EDGE('',*,*,#2282,.T.);
#3279=ORIENTED_EDGE('',*,*,#1824,.T.);
#3280=ORIENTED_EDGE('',*,*,#2281,.F.);
#3281=ORIENTED_EDGE('',*,*,#2066,.F.);
#3282=ORIENTED_EDGE('',*,*,#2283,.T.);
#3283=ORIENTED_EDGE('',*,*,#1825,.T.);
#3284=ORIENTED_EDGE('',*,*,#2282,.F.);
#3285=ORIENTED_EDGE('',*,*,#2065,.F.);
#3286=ORIENTED_EDGE('',*,*,#2284,.T.);
#3287=ORIENTED_EDGE('',*,*,#1826,.T.);
#3288=ORIENTED_EDGE('',*,*,#2283,.F.);
#3289=ORIENTED_EDGE('',*,*,#2285,.F.);
#3290=ORIENTED_EDGE('',*,*,#2063,.F.);
#3291=ORIENTED_EDGE('',*,*,#2286,.T.);
#3292=ORIENTED_EDGE('',*,*,#1828,.T.);
#3293=ORIENTED_EDGE('',*,*,#2062,.F.);
#3294=ORIENTED_EDGE('',*,*,#2274,.T.);
#3295=ORIENTED_EDGE('',*,*,#1815,.T.);
#3296=ORIENTED_EDGE('',*,*,#2286,.F.);
#3297=ORIENTED_EDGE('',*,*,#1806,.F.);
#3298=ORIENTED_EDGE('',*,*,#2287,.F.);
#3299=ORIENTED_EDGE('',*,*,#1896,.F.);
#3300=ORIENTED_EDGE('',*,*,#2288,.T.);
#3301=ORIENTED_EDGE('',*,*,#1803,.F.);
#3302=ORIENTED_EDGE('',*,*,#2288,.F.);
#3303=ORIENTED_EDGE('',*,*,#1899,.F.);
#3304=ORIENTED_EDGE('',*,*,#2289,.T.);
#3305=ORIENTED_EDGE('',*,*,#1800,.F.);
#3306=ORIENTED_EDGE('',*,*,#2289,.F.);
#3307=ORIENTED_EDGE('',*,*,#1902,.F.);
#3308=ORIENTED_EDGE('',*,*,#1790,.T.);
#3309=ORIENTED_EDGE('',*,*,#1809,.F.);
#3310=ORIENTED_EDGE('',*,*,#1853,.F.);
#3311=ORIENTED_EDGE('',*,*,#2148,.F.);
#3312=ORIENTED_EDGE('',*,*,#1893,.F.);
#3313=ORIENTED_EDGE('',*,*,#2287,.T.);
#3314=ORIENTED_EDGE('',*,*,#2290,.F.);
#3315=ORIENTED_EDGE('',*,*,#2291,.T.);
#3316=ORIENTED_EDGE('',*,*,#2292,.F.);
#3317=ORIENTED_EDGE('',*,*,#2132,.F.);
#3318=ORIENTED_EDGE('',*,*,#2291,.F.);
#3319=ORIENTED_EDGE('',*,*,#2293,.F.);
#3320=ORIENTED_EDGE('',*,*,#2294,.F.);
#3321=ORIENTED_EDGE('',*,*,#2295,.F.);
#3322=ORIENTED_EDGE('',*,*,#2296,.F.);
#3323=ORIENTED_EDGE('',*,*,#2294,.T.);
#3324=ORIENTED_EDGE('',*,*,#2297,.T.);
#3325=ORIENTED_EDGE('',*,*,#2098,.T.);
#3326=ORIENTED_EDGE('',*,*,#2093,.F.);
#3327=ORIENTED_EDGE('',*,*,#2298,.T.);
#3328=ORIENTED_EDGE('',*,*,#2114,.F.);
#3329=ORIENTED_EDGE('',*,*,#2299,.F.);
#3330=ORIENTED_EDGE('',*,*,#2091,.F.);
#3331=ORIENTED_EDGE('',*,*,#2299,.T.);
#3332=ORIENTED_EDGE('',*,*,#2109,.F.);
#3333=ORIENTED_EDGE('',*,*,#1886,.F.);
#3334=ORIENTED_EDGE('',*,*,#2095,.F.);
#3335=ORIENTED_EDGE('',*,*,#1882,.F.);
#3336=ORIENTED_EDGE('',*,*,#2116,.F.);
#3337=ORIENTED_EDGE('',*,*,#2298,.F.);
#3338=ORIENTED_EDGE('',*,*,#2300,.F.);
#3339=ORIENTED_EDGE('',*,*,#2301,.F.);
#3340=ORIENTED_EDGE('',*,*,#2302,.T.);
#3341=ORIENTED_EDGE('',*,*,#1997,.T.);
#3342=ORIENTED_EDGE('',*,*,#2303,.F.);
#3343=ORIENTED_EDGE('',*,*,#2304,.F.);
#3344=ORIENTED_EDGE('',*,*,#2305,.T.);
#3345=ORIENTED_EDGE('',*,*,#1995,.T.);
#3346=ORIENTED_EDGE('',*,*,#2306,.F.);
#3347=ORIENTED_EDGE('',*,*,#2307,.F.);
#3348=ORIENTED_EDGE('',*,*,#2308,.T.);
#3349=ORIENTED_EDGE('',*,*,#1993,.T.);
#3350=ORIENTED_EDGE('',*,*,#2309,.F.);
#3351=ORIENTED_EDGE('',*,*,#2310,.F.);
#3352=ORIENTED_EDGE('',*,*,#2311,.T.);
#3353=ORIENTED_EDGE('',*,*,#1991,.T.);
#3354=ORIENTED_EDGE('',*,*,#2312,.F.);
#3355=ORIENTED_EDGE('',*,*,#2313,.F.);
#3356=ORIENTED_EDGE('',*,*,#2314,.T.);
#3357=ORIENTED_EDGE('',*,*,#1989,.T.);
#3358=ORIENTED_EDGE('',*,*,#2315,.F.);
#3359=ORIENTED_EDGE('',*,*,#2316,.F.);
#3360=ORIENTED_EDGE('',*,*,#2317,.T.);
#3361=ORIENTED_EDGE('',*,*,#1987,.T.);
#3362=ORIENTED_EDGE('',*,*,#2318,.F.);
#3363=ORIENTED_EDGE('',*,*,#2319,.F.);
#3364=ORIENTED_EDGE('',*,*,#2320,.T.);
#3365=ORIENTED_EDGE('',*,*,#1985,.T.);
#3366=ORIENTED_EDGE('',*,*,#2321,.F.);
#3367=ORIENTED_EDGE('',*,*,#2322,.F.);
#3368=ORIENTED_EDGE('',*,*,#2323,.T.);
#3369=ORIENTED_EDGE('',*,*,#1983,.T.);
#3370=ORIENTED_EDGE('',*,*,#2324,.F.);
#3371=ORIENTED_EDGE('',*,*,#2325,.F.);
#3372=ORIENTED_EDGE('',*,*,#2326,.T.);
#3373=ORIENTED_EDGE('',*,*,#1981,.T.);
#3374=ORIENTED_EDGE('',*,*,#2327,.F.);
#3375=ORIENTED_EDGE('',*,*,#2328,.F.);
#3376=ORIENTED_EDGE('',*,*,#2329,.T.);
#3377=ORIENTED_EDGE('',*,*,#1979,.T.);
#3378=ORIENTED_EDGE('',*,*,#2330,.F.);
#3379=ORIENTED_EDGE('',*,*,#2331,.F.);
#3380=ORIENTED_EDGE('',*,*,#2332,.T.);
#3381=ORIENTED_EDGE('',*,*,#1977,.T.);
#3382=ORIENTED_EDGE('',*,*,#2333,.F.);
#3383=ORIENTED_EDGE('',*,*,#2334,.F.);
#3384=ORIENTED_EDGE('',*,*,#2335,.T.);
#3385=ORIENTED_EDGE('',*,*,#1975,.T.);
#3386=ORIENTED_EDGE('',*,*,#2336,.F.);
#3387=ORIENTED_EDGE('',*,*,#2337,.F.);
#3388=ORIENTED_EDGE('',*,*,#2338,.T.);
#3389=ORIENTED_EDGE('',*,*,#1973,.T.);
#3390=ORIENTED_EDGE('',*,*,#2339,.F.);
#3391=ORIENTED_EDGE('',*,*,#2340,.F.);
#3392=ORIENTED_EDGE('',*,*,#2341,.T.);
#3393=ORIENTED_EDGE('',*,*,#1971,.T.);
#3394=ORIENTED_EDGE('',*,*,#2342,.F.);
#3395=ORIENTED_EDGE('',*,*,#2343,.F.);
#3396=ORIENTED_EDGE('',*,*,#2344,.T.);
#3397=ORIENTED_EDGE('',*,*,#1969,.T.);
#3398=ORIENTED_EDGE('',*,*,#2345,.F.);
#3399=ORIENTED_EDGE('',*,*,#2346,.F.);
#3400=ORIENTED_EDGE('',*,*,#2347,.T.);
#3401=ORIENTED_EDGE('',*,*,#1967,.T.);
#3402=ORIENTED_EDGE('',*,*,#2348,.F.);
#3403=ORIENTED_EDGE('',*,*,#2349,.F.);
#3404=ORIENTED_EDGE('',*,*,#2350,.T.);
#3405=ORIENTED_EDGE('',*,*,#1965,.T.);
#3406=ORIENTED_EDGE('',*,*,#2351,.F.);
#3407=ORIENTED_EDGE('',*,*,#2352,.F.);
#3408=ORIENTED_EDGE('',*,*,#2353,.T.);
#3409=ORIENTED_EDGE('',*,*,#1963,.T.);
#3410=ORIENTED_EDGE('',*,*,#2354,.F.);
#3411=ORIENTED_EDGE('',*,*,#2355,.F.);
#3412=ORIENTED_EDGE('',*,*,#2356,.T.);
#3413=ORIENTED_EDGE('',*,*,#1961,.T.);
#3414=ORIENTED_EDGE('',*,*,#2357,.F.);
#3415=ORIENTED_EDGE('',*,*,#2358,.F.);
#3416=ORIENTED_EDGE('',*,*,#2359,.T.);
#3417=ORIENTED_EDGE('',*,*,#1959,.T.);
#3418=ORIENTED_EDGE('',*,*,#2360,.F.);
#3419=ORIENTED_EDGE('',*,*,#2361,.F.);
#3420=ORIENTED_EDGE('',*,*,#2362,.T.);
#3421=ORIENTED_EDGE('',*,*,#1957,.T.);
#3422=ORIENTED_EDGE('',*,*,#2363,.F.);
#3423=ORIENTED_EDGE('',*,*,#2364,.F.);
#3424=ORIENTED_EDGE('',*,*,#2365,.T.);
#3425=ORIENTED_EDGE('',*,*,#1955,.T.);
#3426=ORIENTED_EDGE('',*,*,#2366,.F.);
#3427=ORIENTED_EDGE('',*,*,#2367,.F.);
#3428=ORIENTED_EDGE('',*,*,#2368,.T.);
#3429=ORIENTED_EDGE('',*,*,#1953,.T.);
#3430=ORIENTED_EDGE('',*,*,#2369,.F.);
#3431=ORIENTED_EDGE('',*,*,#2370,.F.);
#3432=ORIENTED_EDGE('',*,*,#2371,.T.);
#3433=ORIENTED_EDGE('',*,*,#1951,.T.);
#3434=ORIENTED_EDGE('',*,*,#2372,.F.);
#3435=ORIENTED_EDGE('',*,*,#2373,.F.);
#3436=ORIENTED_EDGE('',*,*,#2374,.T.);
#3437=ORIENTED_EDGE('',*,*,#1949,.T.);
#3438=ORIENTED_EDGE('',*,*,#1919,.T.);
#3439=ORIENTED_EDGE('',*,*,#2375,.T.);
#3440=ORIENTED_EDGE('',*,*,#2376,.F.);
#3441=ORIENTED_EDGE('',*,*,#2377,.F.);
#3442=ORIENTED_EDGE('',*,*,#1916,.F.);
#3443=ORIENTED_EDGE('',*,*,#2377,.T.);
#3444=ORIENTED_EDGE('',*,*,#2378,.T.);
#3445=ORIENTED_EDGE('',*,*,#2226,.F.);
#3446=ORIENTED_EDGE('',*,*,#1918,.T.);
#3447=ORIENTED_EDGE('',*,*,#2228,.T.);
#3448=ORIENTED_EDGE('',*,*,#2379,.F.);
#3449=ORIENTED_EDGE('',*,*,#2375,.F.);
#3450=ORIENTED_EDGE('',*,*,#2380,.F.);
#3451=ORIENTED_EDGE('',*,*,#2229,.T.);
#3452=ORIENTED_EDGE('',*,*,#2127,.T.);
#3453=ORIENTED_EDGE('',*,*,#2130,.F.);
#3454=ORIENTED_EDGE('',*,*,#2378,.F.);
#3455=ORIENTED_EDGE('',*,*,#2376,.T.);
#3456=ORIENTED_EDGE('',*,*,#2379,.T.);
#3457=ORIENTED_EDGE('',*,*,#2227,.F.);
#3458=ORIENTED_EDGE('',*,*,#2381,.F.);
#3459=ORIENTED_EDGE('',*,*,#2153,.F.);
#3460=ORIENTED_EDGE('',*,*,#2382,.F.);
#3461=ORIENTED_EDGE('',*,*,#2156,.F.);
#3462=ORIENTED_EDGE('',*,*,#2383,.F.);
#3463=ORIENTED_EDGE('',*,*,#2159,.F.);
#3464=ORIENTED_EDGE('',*,*,#2384,.F.);
#3465=ORIENTED_EDGE('',*,*,#2162,.F.);
#3466=ORIENTED_EDGE('',*,*,#2385,.F.);
#3467=ORIENTED_EDGE('',*,*,#2165,.F.);
#3468=ORIENTED_EDGE('',*,*,#2386,.F.);
#3469=ORIENTED_EDGE('',*,*,#2168,.F.);
#3470=ORIENTED_EDGE('',*,*,#2387,.F.);
#3471=ORIENTED_EDGE('',*,*,#2171,.F.);
#3472=ORIENTED_EDGE('',*,*,#2388,.F.);
#3473=ORIENTED_EDGE('',*,*,#2174,.F.);
#3474=ORIENTED_EDGE('',*,*,#2389,.F.);
#3475=ORIENTED_EDGE('',*,*,#2177,.F.);
#3476=ORIENTED_EDGE('',*,*,#2390,.F.);
#3477=ORIENTED_EDGE('',*,*,#2180,.F.);
#3478=ORIENTED_EDGE('',*,*,#2391,.F.);
#3479=ORIENTED_EDGE('',*,*,#2183,.F.);
#3480=ORIENTED_EDGE('',*,*,#2392,.F.);
#3481=ORIENTED_EDGE('',*,*,#2186,.F.);
#3482=ORIENTED_EDGE('',*,*,#2393,.F.);
#3483=ORIENTED_EDGE('',*,*,#2189,.F.);
#3484=ORIENTED_EDGE('',*,*,#2394,.F.);
#3485=ORIENTED_EDGE('',*,*,#2192,.F.);
#3486=ORIENTED_EDGE('',*,*,#2395,.F.);
#3487=ORIENTED_EDGE('',*,*,#2195,.F.);
#3488=ORIENTED_EDGE('',*,*,#2396,.F.);
#3489=ORIENTED_EDGE('',*,*,#2198,.F.);
#3490=ORIENTED_EDGE('',*,*,#2397,.F.);
#3491=ORIENTED_EDGE('',*,*,#2201,.F.);
#3492=ORIENTED_EDGE('',*,*,#2398,.F.);
#3493=ORIENTED_EDGE('',*,*,#2204,.F.);
#3494=ORIENTED_EDGE('',*,*,#2399,.F.);
#3495=ORIENTED_EDGE('',*,*,#2207,.F.);
#3496=ORIENTED_EDGE('',*,*,#2400,.F.);
#3497=ORIENTED_EDGE('',*,*,#2210,.F.);
#3498=ORIENTED_EDGE('',*,*,#2401,.F.);
#3499=ORIENTED_EDGE('',*,*,#2213,.F.);
#3500=ORIENTED_EDGE('',*,*,#2402,.F.);
#3501=ORIENTED_EDGE('',*,*,#2216,.F.);
#3502=ORIENTED_EDGE('',*,*,#2403,.F.);
#3503=ORIENTED_EDGE('',*,*,#2219,.F.);
#3504=ORIENTED_EDGE('',*,*,#2404,.F.);
#3505=ORIENTED_EDGE('',*,*,#2222,.F.);
#3506=ORIENTED_EDGE('',*,*,#2405,.F.);
#3507=ORIENTED_EDGE('',*,*,#2225,.F.);
#3508=ORIENTED_EDGE('',*,*,#2373,.T.);
#3509=ORIENTED_EDGE('',*,*,#2406,.T.);
#3510=ORIENTED_EDGE('',*,*,#2370,.T.);
#3511=ORIENTED_EDGE('',*,*,#2407,.T.);
#3512=ORIENTED_EDGE('',*,*,#2367,.T.);
#3513=ORIENTED_EDGE('',*,*,#2408,.T.);
#3514=ORIENTED_EDGE('',*,*,#2364,.T.);
#3515=ORIENTED_EDGE('',*,*,#2409,.T.);
#3516=ORIENTED_EDGE('',*,*,#2361,.T.);
#3517=ORIENTED_EDGE('',*,*,#2410,.T.);
#3518=ORIENTED_EDGE('',*,*,#2358,.T.);
#3519=ORIENTED_EDGE('',*,*,#2411,.T.);
#3520=ORIENTED_EDGE('',*,*,#2355,.T.);
#3521=ORIENTED_EDGE('',*,*,#2412,.T.);
#3522=ORIENTED_EDGE('',*,*,#2352,.T.);
#3523=ORIENTED_EDGE('',*,*,#2413,.T.);
#3524=ORIENTED_EDGE('',*,*,#2349,.T.);
#3525=ORIENTED_EDGE('',*,*,#2414,.T.);
#3526=ORIENTED_EDGE('',*,*,#2346,.T.);
#3527=ORIENTED_EDGE('',*,*,#2415,.T.);
#3528=ORIENTED_EDGE('',*,*,#2343,.T.);
#3529=ORIENTED_EDGE('',*,*,#2416,.T.);
#3530=ORIENTED_EDGE('',*,*,#2340,.T.);
#3531=ORIENTED_EDGE('',*,*,#2417,.T.);
#3532=ORIENTED_EDGE('',*,*,#2337,.T.);
#3533=ORIENTED_EDGE('',*,*,#2418,.T.);
#3534=ORIENTED_EDGE('',*,*,#2334,.T.);
#3535=ORIENTED_EDGE('',*,*,#2419,.T.);
#3536=ORIENTED_EDGE('',*,*,#2331,.T.);
#3537=ORIENTED_EDGE('',*,*,#2420,.T.);
#3538=ORIENTED_EDGE('',*,*,#2328,.T.);
#3539=ORIENTED_EDGE('',*,*,#2421,.T.);
#3540=ORIENTED_EDGE('',*,*,#2325,.T.);
#3541=ORIENTED_EDGE('',*,*,#2422,.T.);
#3542=ORIENTED_EDGE('',*,*,#2322,.T.);
#3543=ORIENTED_EDGE('',*,*,#2423,.T.);
#3544=ORIENTED_EDGE('',*,*,#2319,.T.);
#3545=ORIENTED_EDGE('',*,*,#2424,.T.);
#3546=ORIENTED_EDGE('',*,*,#2316,.T.);
#3547=ORIENTED_EDGE('',*,*,#2425,.T.);
#3548=ORIENTED_EDGE('',*,*,#2313,.T.);
#3549=ORIENTED_EDGE('',*,*,#2426,.T.);
#3550=ORIENTED_EDGE('',*,*,#2310,.T.);
#3551=ORIENTED_EDGE('',*,*,#2427,.T.);
#3552=ORIENTED_EDGE('',*,*,#2307,.T.);
#3553=ORIENTED_EDGE('',*,*,#2428,.T.);
#3554=ORIENTED_EDGE('',*,*,#2304,.T.);
#3555=ORIENTED_EDGE('',*,*,#2429,.T.);
#3556=ORIENTED_EDGE('',*,*,#2301,.T.);
#3557=ORIENTED_EDGE('',*,*,#2430,.T.);
#3558=ORIENTED_EDGE('',*,*,#2117,.F.);
#3559=ORIENTED_EDGE('',*,*,#2230,.F.);
#3560=ORIENTED_EDGE('',*,*,#2380,.T.);
#3561=ORIENTED_EDGE('',*,*,#2129,.T.);
#3562=ORIENTED_EDGE('',*,*,#1861,.F.);
#3563=ORIENTED_EDGE('',*,*,#2431,.T.);
#3564=ORIENTED_EDGE('',*,*,#2432,.F.);
#3565=ORIENTED_EDGE('',*,*,#2433,.F.);
#3566=ORIENTED_EDGE('',*,*,#1860,.F.);
#3567=ORIENTED_EDGE('',*,*,#2434,.T.);
#3568=ORIENTED_EDGE('',*,*,#2435,.F.);
#3569=ORIENTED_EDGE('',*,*,#2431,.F.);
#3570=ORIENTED_EDGE('',*,*,#1935,.T.);
#3571=ORIENTED_EDGE('',*,*,#2436,.T.);
#3572=ORIENTED_EDGE('',*,*,#2437,.F.);
#3573=ORIENTED_EDGE('',*,*,#2438,.F.);
#3574=ORIENTED_EDGE('',*,*,#2439,.F.);
#3575=ORIENTED_EDGE('',*,*,#2440,.F.);
#3576=ORIENTED_EDGE('',*,*,#2441,.F.);
#3577=ORIENTED_EDGE('',*,*,#1937,.T.);
#3578=ORIENTED_EDGE('',*,*,#1938,.T.);
#3579=ORIENTED_EDGE('',*,*,#2441,.T.);
#3580=ORIENTED_EDGE('',*,*,#2442,.F.);
#3581=ORIENTED_EDGE('',*,*,#2443,.F.);
#3582=ORIENTED_EDGE('',*,*,#1939,.T.);
#3583=ORIENTED_EDGE('',*,*,#2443,.T.);
#3584=ORIENTED_EDGE('',*,*,#2444,.F.);
#3585=ORIENTED_EDGE('',*,*,#2445,.F.);
#3586=ORIENTED_EDGE('',*,*,#1940,.T.);
#3587=ORIENTED_EDGE('',*,*,#2445,.T.);
#3588=ORIENTED_EDGE('',*,*,#2446,.F.);
#3589=ORIENTED_EDGE('',*,*,#2447,.F.);
#3590=ORIENTED_EDGE('',*,*,#1941,.T.);
#3591=ORIENTED_EDGE('',*,*,#2447,.T.);
#3592=ORIENTED_EDGE('',*,*,#2448,.F.);
#3593=ORIENTED_EDGE('',*,*,#2449,.F.);
#3594=ORIENTED_EDGE('',*,*,#1942,.T.);
#3595=ORIENTED_EDGE('',*,*,#2449,.T.);
#3596=ORIENTED_EDGE('',*,*,#2450,.F.);
#3597=ORIENTED_EDGE('',*,*,#2451,.F.);
#3598=ORIENTED_EDGE('',*,*,#2452,.F.);
#3599=ORIENTED_EDGE('',*,*,#2453,.F.);
#3600=ORIENTED_EDGE('',*,*,#2454,.F.);
#3601=ORIENTED_EDGE('',*,*,#1944,.T.);
#3602=ORIENTED_EDGE('',*,*,#1945,.T.);
#3603=ORIENTED_EDGE('',*,*,#2454,.T.);
#3604=ORIENTED_EDGE('',*,*,#2455,.F.);
#3605=ORIENTED_EDGE('',*,*,#2456,.F.);
#3606=ORIENTED_EDGE('',*,*,#1946,.T.);
#3607=ORIENTED_EDGE('',*,*,#2456,.T.);
#3608=ORIENTED_EDGE('',*,*,#2457,.F.);
#3609=ORIENTED_EDGE('',*,*,#2458,.F.);
#3610=ORIENTED_EDGE('',*,*,#1947,.T.);
#3611=ORIENTED_EDGE('',*,*,#2458,.T.);
#3612=ORIENTED_EDGE('',*,*,#2459,.F.);
#3613=ORIENTED_EDGE('',*,*,#2460,.F.);
#3614=ORIENTED_EDGE('',*,*,#1934,.T.);
#3615=ORIENTED_EDGE('',*,*,#2460,.T.);
#3616=ORIENTED_EDGE('',*,*,#2461,.F.);
#3617=ORIENTED_EDGE('',*,*,#2436,.F.);
#3618=ORIENTED_EDGE('',*,*,#1915,.T.);
#3619=ORIENTED_EDGE('',*,*,#2462,.T.);
#3620=ORIENTED_EDGE('',*,*,#2463,.F.);
#3621=ORIENTED_EDGE('',*,*,#1845,.F.);
#3622=ORIENTED_EDGE('',*,*,#1842,.T.);
#3623=ORIENTED_EDGE('',*,*,#2464,.F.);
#3624=ORIENTED_EDGE('',*,*,#2465,.F.);
#3625=ORIENTED_EDGE('',*,*,#1857,.F.);
#3626=ORIENTED_EDGE('',*,*,#1833,.F.);
#3627=ORIENTED_EDGE('',*,*,#1858,.F.);
#3628=ORIENTED_EDGE('',*,*,#2465,.T.);
#3629=ORIENTED_EDGE('',*,*,#2466,.F.);
#3630=ORIENTED_EDGE('',*,*,#2467,.F.);
#3631=ORIENTED_EDGE('',*,*,#1859,.F.);
#3632=ORIENTED_EDGE('',*,*,#2467,.T.);
#3633=ORIENTED_EDGE('',*,*,#2468,.F.);
#3634=ORIENTED_EDGE('',*,*,#2434,.F.);
#3635=ORIENTED_EDGE('',*,*,#2435,.T.);
#3636=ORIENTED_EDGE('',*,*,#2468,.T.);
#3637=ORIENTED_EDGE('',*,*,#2466,.T.);
#3638=ORIENTED_EDGE('',*,*,#2464,.T.);
#3639=ORIENTED_EDGE('',*,*,#1846,.T.);
#3640=ORIENTED_EDGE('',*,*,#2463,.T.);
#3641=ORIENTED_EDGE('',*,*,#2469,.T.);
#3642=ORIENTED_EDGE('',*,*,#2432,.T.);
#3643=ORIENTED_EDGE('',*,*,#2461,.T.);
#3644=ORIENTED_EDGE('',*,*,#2459,.T.);
#3645=ORIENTED_EDGE('',*,*,#2457,.T.);
#3646=ORIENTED_EDGE('',*,*,#2455,.T.);
#3647=ORIENTED_EDGE('',*,*,#2453,.T.);
#3648=ORIENTED_EDGE('',*,*,#2470,.T.);
#3649=ORIENTED_EDGE('',*,*,#2450,.T.);
#3650=ORIENTED_EDGE('',*,*,#2448,.T.);
#3651=ORIENTED_EDGE('',*,*,#2446,.T.);
#3652=ORIENTED_EDGE('',*,*,#2444,.T.);
#3653=ORIENTED_EDGE('',*,*,#2442,.T.);
#3654=ORIENTED_EDGE('',*,*,#2440,.T.);
#3655=ORIENTED_EDGE('',*,*,#2471,.T.);
#3656=ORIENTED_EDGE('',*,*,#2437,.T.);
#3657=ORIENTED_EDGE('',*,*,#1921,.T.);
#3658=ORIENTED_EDGE('',*,*,#2472,.T.);
#3659=ORIENTED_EDGE('',*,*,#2473,.F.);
#3660=ORIENTED_EDGE('',*,*,#2474,.F.);
#3661=ORIENTED_EDGE('',*,*,#1922,.T.);
#3662=ORIENTED_EDGE('',*,*,#2474,.T.);
#3663=ORIENTED_EDGE('',*,*,#2475,.F.);
#3664=ORIENTED_EDGE('',*,*,#2476,.F.);
#3665=ORIENTED_EDGE('',*,*,#1923,.T.);
#3666=ORIENTED_EDGE('',*,*,#2476,.T.);
#3667=ORIENTED_EDGE('',*,*,#2477,.F.);
#3668=ORIENTED_EDGE('',*,*,#2478,.F.);
#3669=ORIENTED_EDGE('',*,*,#1924,.T.);
#3670=ORIENTED_EDGE('',*,*,#2478,.T.);
#3671=ORIENTED_EDGE('',*,*,#2479,.F.);
#3672=ORIENTED_EDGE('',*,*,#2480,.F.);
#3673=ORIENTED_EDGE('',*,*,#2481,.F.);
#3674=ORIENTED_EDGE('',*,*,#2482,.F.);
#3675=ORIENTED_EDGE('',*,*,#2483,.F.);
#3676=ORIENTED_EDGE('',*,*,#1926,.T.);
#3677=ORIENTED_EDGE('',*,*,#1927,.T.);
#3678=ORIENTED_EDGE('',*,*,#2483,.T.);
#3679=ORIENTED_EDGE('',*,*,#2484,.F.);
#3680=ORIENTED_EDGE('',*,*,#2485,.F.);
#3681=ORIENTED_EDGE('',*,*,#1928,.T.);
#3682=ORIENTED_EDGE('',*,*,#2485,.T.);
#3683=ORIENTED_EDGE('',*,*,#2486,.F.);
#3684=ORIENTED_EDGE('',*,*,#2487,.F.);
#3685=ORIENTED_EDGE('',*,*,#1929,.T.);
#3686=ORIENTED_EDGE('',*,*,#2487,.T.);
#3687=ORIENTED_EDGE('',*,*,#2488,.F.);
#3688=ORIENTED_EDGE('',*,*,#2489,.F.);
#3689=ORIENTED_EDGE('',*,*,#1930,.T.);
#3690=ORIENTED_EDGE('',*,*,#2489,.T.);
#3691=ORIENTED_EDGE('',*,*,#2490,.F.);
#3692=ORIENTED_EDGE('',*,*,#2491,.F.);
#3693=ORIENTED_EDGE('',*,*,#1931,.T.);
#3694=ORIENTED_EDGE('',*,*,#2491,.T.);
#3695=ORIENTED_EDGE('',*,*,#2492,.F.);
#3696=ORIENTED_EDGE('',*,*,#2493,.F.);
#3697=ORIENTED_EDGE('',*,*,#2494,.F.);
#3698=ORIENTED_EDGE('',*,*,#2495,.F.);
#3699=ORIENTED_EDGE('',*,*,#2496,.F.);
#3700=ORIENTED_EDGE('',*,*,#1933,.T.);
#3701=ORIENTED_EDGE('',*,*,#1920,.T.);
#3702=ORIENTED_EDGE('',*,*,#2496,.T.);
#3703=ORIENTED_EDGE('',*,*,#2497,.F.);
#3704=ORIENTED_EDGE('',*,*,#2472,.F.);
#3705=ORIENTED_EDGE('',*,*,#1839,.F.);
#3706=ORIENTED_EDGE('',*,*,#2135,.T.);
#3707=ORIENTED_EDGE('',*,*,#2134,.T.);
#3708=ORIENTED_EDGE('',*,*,#1792,.T.);
#3709=ORIENTED_EDGE('',*,*,#1761,.F.);
#3710=ORIENTED_EDGE('',*,*,#1763,.F.);
#3711=ORIENTED_EDGE('',*,*,#1766,.F.);
#3712=ORIENTED_EDGE('',*,*,#1769,.F.);
#3713=ORIENTED_EDGE('',*,*,#1772,.F.);
#3714=ORIENTED_EDGE('',*,*,#2497,.T.);
#3715=ORIENTED_EDGE('',*,*,#2495,.T.);
#3716=ORIENTED_EDGE('',*,*,#2498,.T.);
#3717=ORIENTED_EDGE('',*,*,#2492,.T.);
#3718=ORIENTED_EDGE('',*,*,#2490,.T.);
#3719=ORIENTED_EDGE('',*,*,#2488,.T.);
#3720=ORIENTED_EDGE('',*,*,#2486,.T.);
#3721=ORIENTED_EDGE('',*,*,#2484,.T.);
#3722=ORIENTED_EDGE('',*,*,#2482,.T.);
#3723=ORIENTED_EDGE('',*,*,#2499,.T.);
#3724=ORIENTED_EDGE('',*,*,#2479,.T.);
#3725=ORIENTED_EDGE('',*,*,#2477,.T.);
#3726=ORIENTED_EDGE('',*,*,#2475,.T.);
#3727=ORIENTED_EDGE('',*,*,#2473,.T.);
#3728=ORIENTED_EDGE('',*,*,#1914,.T.);
#3729=ORIENTED_EDGE('',*,*,#2264,.T.);
#3730=ORIENTED_EDGE('',*,*,#2270,.T.);
#3731=ORIENTED_EDGE('',*,*,#2232,.F.);
#3732=ORIENTED_EDGE('',*,*,#1862,.F.);
#3733=ORIENTED_EDGE('',*,*,#2433,.T.);
#3734=ORIENTED_EDGE('',*,*,#2469,.F.);
#3735=ORIENTED_EDGE('',*,*,#2462,.F.);
#3736=ORIENTED_EDGE('',*,*,#2136,.T.);
#3737=ORIENTED_EDGE('',*,*,#2140,.F.);
#3738=ORIENTED_EDGE('',*,*,#2138,.F.);
#3739=ORIENTED_EDGE('',*,*,#2231,.T.);
#3740=ORIENTED_EDGE('',*,*,#2149,.T.);
#3741=ORIENTED_EDGE('',*,*,#2141,.F.);
#3742=ORIENTED_EDGE('',*,*,#2150,.T.);
#3743=ORIENTED_EDGE('',*,*,#2144,.F.);
#3744=ORIENTED_EDGE('',*,*,#2151,.T.);
#3745=ORIENTED_EDGE('',*,*,#2381,.T.);
#3746=ORIENTED_EDGE('',*,*,#2152,.T.);
#3747=ORIENTED_EDGE('',*,*,#1999,.F.);
#3748=ORIENTED_EDGE('',*,*,#2154,.T.);
#3749=ORIENTED_EDGE('',*,*,#2382,.T.);
#3750=ORIENTED_EDGE('',*,*,#2155,.T.);
#3751=ORIENTED_EDGE('',*,*,#2001,.F.);
#3752=ORIENTED_EDGE('',*,*,#2157,.T.);
#3753=ORIENTED_EDGE('',*,*,#2383,.T.);
#3754=ORIENTED_EDGE('',*,*,#2158,.T.);
#3755=ORIENTED_EDGE('',*,*,#2003,.F.);
#3756=ORIENTED_EDGE('',*,*,#2160,.T.);
#3757=ORIENTED_EDGE('',*,*,#2384,.T.);
#3758=ORIENTED_EDGE('',*,*,#2161,.T.);
#3759=ORIENTED_EDGE('',*,*,#2005,.F.);
#3760=ORIENTED_EDGE('',*,*,#2163,.T.);
#3761=ORIENTED_EDGE('',*,*,#2385,.T.);
#3762=ORIENTED_EDGE('',*,*,#2164,.T.);
#3763=ORIENTED_EDGE('',*,*,#2007,.F.);
#3764=ORIENTED_EDGE('',*,*,#2166,.T.);
#3765=ORIENTED_EDGE('',*,*,#2386,.T.);
#3766=ORIENTED_EDGE('',*,*,#2167,.T.);
#3767=ORIENTED_EDGE('',*,*,#2009,.F.);
#3768=ORIENTED_EDGE('',*,*,#2169,.T.);
#3769=ORIENTED_EDGE('',*,*,#2387,.T.);
#3770=ORIENTED_EDGE('',*,*,#2170,.T.);
#3771=ORIENTED_EDGE('',*,*,#2011,.F.);
#3772=ORIENTED_EDGE('',*,*,#2172,.T.);
#3773=ORIENTED_EDGE('',*,*,#2388,.T.);
#3774=ORIENTED_EDGE('',*,*,#2173,.T.);
#3775=ORIENTED_EDGE('',*,*,#2013,.F.);
#3776=ORIENTED_EDGE('',*,*,#2175,.T.);
#3777=ORIENTED_EDGE('',*,*,#2389,.T.);
#3778=ORIENTED_EDGE('',*,*,#2176,.T.);
#3779=ORIENTED_EDGE('',*,*,#2015,.F.);
#3780=ORIENTED_EDGE('',*,*,#2178,.T.);
#3781=ORIENTED_EDGE('',*,*,#2390,.T.);
#3782=ORIENTED_EDGE('',*,*,#2179,.T.);
#3783=ORIENTED_EDGE('',*,*,#2017,.F.);
#3784=ORIENTED_EDGE('',*,*,#2181,.T.);
#3785=ORIENTED_EDGE('',*,*,#2391,.T.);
#3786=ORIENTED_EDGE('',*,*,#2182,.T.);
#3787=ORIENTED_EDGE('',*,*,#2019,.F.);
#3788=ORIENTED_EDGE('',*,*,#2184,.T.);
#3789=ORIENTED_EDGE('',*,*,#2392,.T.);
#3790=ORIENTED_EDGE('',*,*,#2185,.T.);
#3791=ORIENTED_EDGE('',*,*,#2021,.F.);
#3792=ORIENTED_EDGE('',*,*,#2187,.T.);
#3793=ORIENTED_EDGE('',*,*,#2393,.T.);
#3794=ORIENTED_EDGE('',*,*,#2188,.T.);
#3795=ORIENTED_EDGE('',*,*,#2023,.F.);
#3796=ORIENTED_EDGE('',*,*,#2190,.T.);
#3797=ORIENTED_EDGE('',*,*,#2394,.T.);
#3798=ORIENTED_EDGE('',*,*,#2191,.T.);
#3799=ORIENTED_EDGE('',*,*,#2025,.F.);
#3800=ORIENTED_EDGE('',*,*,#2193,.T.);
#3801=ORIENTED_EDGE('',*,*,#2395,.T.);
#3802=ORIENTED_EDGE('',*,*,#2194,.T.);
#3803=ORIENTED_EDGE('',*,*,#2027,.F.);
#3804=ORIENTED_EDGE('',*,*,#2196,.T.);
#3805=ORIENTED_EDGE('',*,*,#2396,.T.);
#3806=ORIENTED_EDGE('',*,*,#2197,.T.);
#3807=ORIENTED_EDGE('',*,*,#2029,.F.);
#3808=ORIENTED_EDGE('',*,*,#2199,.T.);
#3809=ORIENTED_EDGE('',*,*,#2397,.T.);
#3810=ORIENTED_EDGE('',*,*,#2200,.T.);
#3811=ORIENTED_EDGE('',*,*,#2031,.F.);
#3812=ORIENTED_EDGE('',*,*,#2202,.T.);
#3813=ORIENTED_EDGE('',*,*,#2398,.T.);
#3814=ORIENTED_EDGE('',*,*,#2203,.T.);
#3815=ORIENTED_EDGE('',*,*,#2033,.F.);
#3816=ORIENTED_EDGE('',*,*,#2205,.T.);
#3817=ORIENTED_EDGE('',*,*,#2399,.T.);
#3818=ORIENTED_EDGE('',*,*,#2206,.T.);
#3819=ORIENTED_EDGE('',*,*,#2035,.F.);
#3820=ORIENTED_EDGE('',*,*,#2208,.T.);
#3821=ORIENTED_EDGE('',*,*,#2400,.T.);
#3822=ORIENTED_EDGE('',*,*,#2209,.T.);
#3823=ORIENTED_EDGE('',*,*,#2037,.F.);
#3824=ORIENTED_EDGE('',*,*,#2211,.T.);
#3825=ORIENTED_EDGE('',*,*,#2401,.T.);
#3826=ORIENTED_EDGE('',*,*,#2212,.T.);
#3827=ORIENTED_EDGE('',*,*,#2039,.F.);
#3828=ORIENTED_EDGE('',*,*,#2214,.T.);
#3829=ORIENTED_EDGE('',*,*,#2402,.T.);
#3830=ORIENTED_EDGE('',*,*,#2215,.T.);
#3831=ORIENTED_EDGE('',*,*,#2041,.F.);
#3832=ORIENTED_EDGE('',*,*,#2217,.T.);
#3833=ORIENTED_EDGE('',*,*,#2403,.T.);
#3834=ORIENTED_EDGE('',*,*,#2218,.T.);
#3835=ORIENTED_EDGE('',*,*,#2043,.F.);
#3836=ORIENTED_EDGE('',*,*,#2220,.T.);
#3837=ORIENTED_EDGE('',*,*,#2404,.T.);
#3838=ORIENTED_EDGE('',*,*,#2221,.T.);
#3839=ORIENTED_EDGE('',*,*,#2045,.F.);
#3840=ORIENTED_EDGE('',*,*,#2223,.T.);
#3841=ORIENTED_EDGE('',*,*,#2405,.T.);
#3842=ORIENTED_EDGE('',*,*,#2224,.T.);
#3843=ORIENTED_EDGE('',*,*,#2047,.F.);
#3844=ORIENTED_EDGE('',*,*,#2240,.T.);
#3845=ORIENTED_EDGE('',*,*,#2271,.T.);
#3846=ORIENTED_EDGE('',*,*,#2237,.F.);
#3847=ORIENTED_EDGE('',*,*,#2060,.F.);
#3848=ORIENTED_EDGE('',*,*,#2253,.T.);
#3849=ORIENTED_EDGE('',*,*,#2272,.T.);
#3850=ORIENTED_EDGE('',*,*,#2251,.F.);
#3851=ORIENTED_EDGE('',*,*,#2053,.F.);
#3852=ORIENTED_EDGE('',*,*,#2278,.T.);
#3853=ORIENTED_EDGE('',*,*,#1820,.T.);
#3854=ORIENTED_EDGE('',*,*,#2277,.F.);
#3855=ORIENTED_EDGE('',*,*,#2071,.F.);
#3856=ORIENTED_EDGE('',*,*,#2285,.T.);
#3857=ORIENTED_EDGE('',*,*,#1827,.T.);
#3858=ORIENTED_EDGE('',*,*,#2284,.F.);
#3859=ORIENTED_EDGE('',*,*,#2064,.F.);
#3860=ORIENTED_EDGE('',*,*,#2290,.T.);
#3861=ORIENTED_EDGE('',*,*,#2131,.F.);
#3862=ORIENTED_EDGE('',*,*,#2292,.T.);
#3863=ORIENTED_EDGE('',*,*,#2293,.T.);
#3864=ORIENTED_EDGE('',*,*,#2296,.T.);
#3865=ORIENTED_EDGE('',*,*,#2097,.T.);
#3866=ORIENTED_EDGE('',*,*,#2297,.F.);
#3867=ORIENTED_EDGE('',*,*,#2295,.T.);
#3868=ORIENTED_EDGE('',*,*,#2300,.T.);
#3869=ORIENTED_EDGE('',*,*,#1996,.T.);
#3870=ORIENTED_EDGE('',*,*,#2302,.F.);
#3871=ORIENTED_EDGE('',*,*,#2430,.F.);
#3872=ORIENTED_EDGE('',*,*,#2303,.T.);
#3873=ORIENTED_EDGE('',*,*,#1994,.T.);
#3874=ORIENTED_EDGE('',*,*,#2305,.F.);
#3875=ORIENTED_EDGE('',*,*,#2429,.F.);
#3876=ORIENTED_EDGE('',*,*,#2306,.T.);
#3877=ORIENTED_EDGE('',*,*,#1992,.T.);
#3878=ORIENTED_EDGE('',*,*,#2308,.F.);
#3879=ORIENTED_EDGE('',*,*,#2428,.F.);
#3880=ORIENTED_EDGE('',*,*,#2309,.T.);
#3881=ORIENTED_EDGE('',*,*,#1990,.T.);
#3882=ORIENTED_EDGE('',*,*,#2311,.F.);
#3883=ORIENTED_EDGE('',*,*,#2427,.F.);
#3884=ORIENTED_EDGE('',*,*,#2312,.T.);
#3885=ORIENTED_EDGE('',*,*,#1988,.T.);
#3886=ORIENTED_EDGE('',*,*,#2314,.F.);
#3887=ORIENTED_EDGE('',*,*,#2426,.F.);
#3888=ORIENTED_EDGE('',*,*,#2315,.T.);
#3889=ORIENTED_EDGE('',*,*,#1986,.T.);
#3890=ORIENTED_EDGE('',*,*,#2317,.F.);
#3891=ORIENTED_EDGE('',*,*,#2425,.F.);
#3892=ORIENTED_EDGE('',*,*,#2318,.T.);
#3893=ORIENTED_EDGE('',*,*,#1984,.T.);
#3894=ORIENTED_EDGE('',*,*,#2320,.F.);
#3895=ORIENTED_EDGE('',*,*,#2424,.F.);
#3896=ORIENTED_EDGE('',*,*,#2321,.T.);
#3897=ORIENTED_EDGE('',*,*,#1982,.T.);
#3898=ORIENTED_EDGE('',*,*,#2323,.F.);
#3899=ORIENTED_EDGE('',*,*,#2423,.F.);
#3900=ORIENTED_EDGE('',*,*,#2324,.T.);
#3901=ORIENTED_EDGE('',*,*,#1980,.T.);
#3902=ORIENTED_EDGE('',*,*,#2326,.F.);
#3903=ORIENTED_EDGE('',*,*,#2422,.F.);
#3904=ORIENTED_EDGE('',*,*,#2327,.T.);
#3905=ORIENTED_EDGE('',*,*,#1978,.T.);
#3906=ORIENTED_EDGE('',*,*,#2329,.F.);
#3907=ORIENTED_EDGE('',*,*,#2421,.F.);
#3908=ORIENTED_EDGE('',*,*,#2330,.T.);
#3909=ORIENTED_EDGE('',*,*,#1976,.T.);
#3910=ORIENTED_EDGE('',*,*,#2332,.F.);
#3911=ORIENTED_EDGE('',*,*,#2420,.F.);
#3912=ORIENTED_EDGE('',*,*,#2333,.T.);
#3913=ORIENTED_EDGE('',*,*,#1974,.T.);
#3914=ORIENTED_EDGE('',*,*,#2335,.F.);
#3915=ORIENTED_EDGE('',*,*,#2419,.F.);
#3916=ORIENTED_EDGE('',*,*,#2336,.T.);
#3917=ORIENTED_EDGE('',*,*,#1972,.T.);
#3918=ORIENTED_EDGE('',*,*,#2338,.F.);
#3919=ORIENTED_EDGE('',*,*,#2418,.F.);
#3920=ORIENTED_EDGE('',*,*,#2339,.T.);
#3921=ORIENTED_EDGE('',*,*,#1970,.T.);
#3922=ORIENTED_EDGE('',*,*,#2341,.F.);
#3923=ORIENTED_EDGE('',*,*,#2417,.F.);
#3924=ORIENTED_EDGE('',*,*,#2342,.T.);
#3925=ORIENTED_EDGE('',*,*,#1968,.T.);
#3926=ORIENTED_EDGE('',*,*,#2344,.F.);
#3927=ORIENTED_EDGE('',*,*,#2416,.F.);
#3928=ORIENTED_EDGE('',*,*,#2345,.T.);
#3929=ORIENTED_EDGE('',*,*,#1966,.T.);
#3930=ORIENTED_EDGE('',*,*,#2347,.F.);
#3931=ORIENTED_EDGE('',*,*,#2415,.F.);
#3932=ORIENTED_EDGE('',*,*,#2348,.T.);
#3933=ORIENTED_EDGE('',*,*,#1964,.T.);
#3934=ORIENTED_EDGE('',*,*,#2350,.F.);
#3935=ORIENTED_EDGE('',*,*,#2414,.F.);
#3936=ORIENTED_EDGE('',*,*,#2351,.T.);
#3937=ORIENTED_EDGE('',*,*,#1962,.T.);
#3938=ORIENTED_EDGE('',*,*,#2353,.F.);
#3939=ORIENTED_EDGE('',*,*,#2413,.F.);
#3940=ORIENTED_EDGE('',*,*,#2354,.T.);
#3941=ORIENTED_EDGE('',*,*,#1960,.T.);
#3942=ORIENTED_EDGE('',*,*,#2356,.F.);
#3943=ORIENTED_EDGE('',*,*,#2412,.F.);
#3944=ORIENTED_EDGE('',*,*,#2357,.T.);
#3945=ORIENTED_EDGE('',*,*,#1958,.T.);
#3946=ORIENTED_EDGE('',*,*,#2359,.F.);
#3947=ORIENTED_EDGE('',*,*,#2411,.F.);
#3948=ORIENTED_EDGE('',*,*,#2360,.T.);
#3949=ORIENTED_EDGE('',*,*,#1956,.T.);
#3950=ORIENTED_EDGE('',*,*,#2362,.F.);
#3951=ORIENTED_EDGE('',*,*,#2410,.F.);
#3952=ORIENTED_EDGE('',*,*,#2363,.T.);
#3953=ORIENTED_EDGE('',*,*,#1954,.T.);
#3954=ORIENTED_EDGE('',*,*,#2365,.F.);
#3955=ORIENTED_EDGE('',*,*,#2409,.F.);
#3956=ORIENTED_EDGE('',*,*,#2366,.T.);
#3957=ORIENTED_EDGE('',*,*,#1952,.T.);
#3958=ORIENTED_EDGE('',*,*,#2368,.F.);
#3959=ORIENTED_EDGE('',*,*,#2408,.F.);
#3960=ORIENTED_EDGE('',*,*,#2369,.T.);
#3961=ORIENTED_EDGE('',*,*,#1950,.T.);
#3962=ORIENTED_EDGE('',*,*,#2371,.F.);
#3963=ORIENTED_EDGE('',*,*,#2407,.F.);
#3964=ORIENTED_EDGE('',*,*,#2372,.T.);
#3965=ORIENTED_EDGE('',*,*,#1948,.T.);
#3966=ORIENTED_EDGE('',*,*,#2374,.F.);
#3967=ORIENTED_EDGE('',*,*,#2406,.F.);
#3968=ORIENTED_EDGE('',*,*,#2439,.T.);
#3969=ORIENTED_EDGE('',*,*,#1936,.T.);
#3970=ORIENTED_EDGE('',*,*,#2438,.T.);
#3971=ORIENTED_EDGE('',*,*,#2471,.F.);
#3972=ORIENTED_EDGE('',*,*,#2452,.T.);
#3973=ORIENTED_EDGE('',*,*,#1943,.T.);
#3974=ORIENTED_EDGE('',*,*,#2451,.T.);
#3975=ORIENTED_EDGE('',*,*,#2470,.F.);
#3976=ORIENTED_EDGE('',*,*,#2481,.T.);
#3977=ORIENTED_EDGE('',*,*,#1925,.T.);
#3978=ORIENTED_EDGE('',*,*,#2480,.T.);
#3979=ORIENTED_EDGE('',*,*,#2499,.F.);
#3980=ORIENTED_EDGE('',*,*,#2494,.T.);
#3981=ORIENTED_EDGE('',*,*,#1932,.T.);
#3982=ORIENTED_EDGE('',*,*,#2493,.T.);
#3983=ORIENTED_EDGE('',*,*,#2498,.F.);
#3984=EDGE_LOOP('',(#2500,#2501,#2502,#2503));
#3985=EDGE_LOOP('',(#2504,#2505,#2506,#2507));
#3986=EDGE_LOOP('',(#2508,#2509,#2510,#2511));
#3987=EDGE_LOOP('',(#2512,#2513,#2514,#2515));
#3988=EDGE_LOOP('',(#2516,#2517,#2518,#2519));
#3989=EDGE_LOOP('',(#2520,#2521,#2522,#2523,#2524));
#3990=EDGE_LOOP('',(#2525,#2526,#2527,#2528));
#3991=EDGE_LOOP('',(#2529,#2530,#2531,#2532));
#3992=EDGE_LOOP('',(#2533,#2534,#2535,#2536));
#3993=EDGE_LOOP('',(#2537,#2538,#2539,#2540,#2541,#2542,#2543,#2544,#2545,
#2546));
#3994=EDGE_LOOP('',(#2547,#2548,#2549,#2550,#2551,#2552,#2553));
#3995=EDGE_LOOP('',(#2554,#2555,#2556,#2557));
#3996=EDGE_LOOP('',(#2558,#2559,#2560,#2561));
#3997=EDGE_LOOP('',(#2562,#2563,#2564,#2565));
#3998=EDGE_LOOP('',(#2566,#2567,#2568,#2569));
#3999=EDGE_LOOP('',(#2570,#2571,#2572,#2573));
#4000=EDGE_LOOP('',(#2574,#2575,#2576,#2577,#2578,#2579,#2580,#2581,#2582));
#4001=EDGE_LOOP('',(#2583,#2584,#2585,#2586,#2587,#2588,#2589,#2590,#2591,
#2592,#2593,#2594,#2595,#2596));
#4002=EDGE_LOOP('',(#2597,#2598,#2599,#2600,#2601,#2602,#2603));
#4003=EDGE_LOOP('',(#2604,#2605,#2606,#2607,#2608));
#4004=EDGE_LOOP('',(#2609,#2610,#2611,#2612,#2613,#2614,#2615,#2616));
#4005=EDGE_LOOP('',(#2617,#2618,#2619,#2620,#2621,#2622,#2623,#2624));
#4006=EDGE_LOOP('',(#2625,#2626,#2627,#2628,#2629));
#4007=EDGE_LOOP('',(#2630,#2631,#2632,#2633,#2634,#2635,#2636,#2637));
#4008=EDGE_LOOP('',(#2638,#2639,#2640,#2641,#2642,#2643,#2644,#2645,#2646,
#2647,#2648,#2649,#2650,#2651,#2652,#2653,#2654,#2655,#2656,#2657));
#4009=EDGE_LOOP('',(#2658,#2659,#2660,#2661,#2662,#2663,#2664,#2665,#2666,
#2667,#2668,#2669,#2670,#2671,#2672,#2673));
#4010=EDGE_LOOP('',(#2674,#2675,#2676,#2677,#2678,#2679,#2680));
#4011=EDGE_LOOP('',(#2681,#2682,#2683,#2684));
#4012=EDGE_LOOP('',(#2685,#2686,#2687,#2688));
#4013=EDGE_LOOP('',(#2689,#2690,#2691,#2692));
#4014=EDGE_LOOP('',(#2693,#2694,#2695,#2696));
#4015=EDGE_LOOP('',(#2697,#2698,#2699,#2700));
#4016=EDGE_LOOP('',(#2701,#2702,#2703,#2704));
#4017=EDGE_LOOP('',(#2705,#2706,#2707,#2708));
#4018=EDGE_LOOP('',(#2709,#2710,#2711,#2712));
#4019=EDGE_LOOP('',(#2713,#2714,#2715,#2716));
#4020=EDGE_LOOP('',(#2717,#2718,#2719,#2720,#2721,#2722,#2723,#2724,#2725,
#2726,#2727,#2728,#2729,#2730));
#4021=EDGE_LOOP('',(#2731,#2732,#2733,#2734));
#4022=EDGE_LOOP('',(#2735,#2736,#2737,#2738,#2739,#2740,#2741,#2742,#2743,
#2744,#2745,#2746,#2747,#2748));
#4023=EDGE_LOOP('',(#2749,#2750,#2751,#2752,#2753,#2754,#2755,#2756,#2757,
#2758,#2759,#2760,#2761,#2762));
#4024=EDGE_LOOP('',(#2763,#2764));
#4025=EDGE_LOOP('',(#2765,#2766));
#4026=EDGE_LOOP('',(#2767,#2768));
#4027=EDGE_LOOP('',(#2769,#2770));
#4028=EDGE_LOOP('',(#2771,#2772));
#4029=EDGE_LOOP('',(#2773,#2774));
#4030=EDGE_LOOP('',(#2775,#2776));
#4031=EDGE_LOOP('',(#2777,#2778));
#4032=EDGE_LOOP('',(#2779,#2780));
#4033=EDGE_LOOP('',(#2781,#2782));
#4034=EDGE_LOOP('',(#2783,#2784));
#4035=EDGE_LOOP('',(#2785,#2786));
#4036=EDGE_LOOP('',(#2787,#2788));
#4037=EDGE_LOOP('',(#2789,#2790));
#4038=EDGE_LOOP('',(#2791,#2792));
#4039=EDGE_LOOP('',(#2793,#2794));
#4040=EDGE_LOOP('',(#2795,#2796));
#4041=EDGE_LOOP('',(#2797,#2798));
#4042=EDGE_LOOP('',(#2799,#2800));
#4043=EDGE_LOOP('',(#2801,#2802));
#4044=EDGE_LOOP('',(#2803,#2804));
#4045=EDGE_LOOP('',(#2805,#2806));
#4046=EDGE_LOOP('',(#2807,#2808));
#4047=EDGE_LOOP('',(#2809,#2810));
#4048=EDGE_LOOP('',(#2811,#2812));
#4049=EDGE_LOOP('',(#2813,#2814));
#4050=EDGE_LOOP('',(#2815,#2816));
#4051=EDGE_LOOP('',(#2817,#2818));
#4052=EDGE_LOOP('',(#2819,#2820));
#4053=EDGE_LOOP('',(#2821,#2822));
#4054=EDGE_LOOP('',(#2823,#2824));
#4055=EDGE_LOOP('',(#2825,#2826));
#4056=EDGE_LOOP('',(#2827,#2828));
#4057=EDGE_LOOP('',(#2829,#2830));
#4058=EDGE_LOOP('',(#2831,#2832));
#4059=EDGE_LOOP('',(#2833,#2834));
#4060=EDGE_LOOP('',(#2835,#2836));
#4061=EDGE_LOOP('',(#2837,#2838));
#4062=EDGE_LOOP('',(#2839,#2840));
#4063=EDGE_LOOP('',(#2841,#2842));
#4064=EDGE_LOOP('',(#2843,#2844));
#4065=EDGE_LOOP('',(#2845,#2846));
#4066=EDGE_LOOP('',(#2847,#2848));
#4067=EDGE_LOOP('',(#2849,#2850));
#4068=EDGE_LOOP('',(#2851,#2852));
#4069=EDGE_LOOP('',(#2853,#2854));
#4070=EDGE_LOOP('',(#2855,#2856));
#4071=EDGE_LOOP('',(#2857,#2858));
#4072=EDGE_LOOP('',(#2859,#2860));
#4073=EDGE_LOOP('',(#2861,#2862));
#4074=EDGE_LOOP('',(#2863,#2864,#2865,#2866,#2867,#2868,#2869,#2870,#2871,
#2872,#2873,#2874,#2875,#2876));
#4075=EDGE_LOOP('',(#2877,#2878,#2879,#2880,#2881,#2882,#2883,#2884,#2885,
#2886,#2887,#2888,#2889,#2890));
#4076=EDGE_LOOP('',(#2891,#2892,#2893,#2894));
#4077=EDGE_LOOP('',(#2895,#2896,#2897,#2898));
#4078=EDGE_LOOP('',(#2899,#2900,#2901,#2902));
#4079=EDGE_LOOP('',(#2903,#2904,#2905,#2906));
#4080=EDGE_LOOP('',(#2907,#2908,#2909,#2910));
#4081=EDGE_LOOP('',(#2911,#2912,#2913,#2914));
#4082=EDGE_LOOP('',(#2915,#2916,#2917,#2918));
#4083=EDGE_LOOP('',(#2919,#2920,#2921,#2922));
#4084=EDGE_LOOP('',(#2923,#2924,#2925,#2926));
#4085=EDGE_LOOP('',(#2927,#2928,#2929,#2930));
#4086=EDGE_LOOP('',(#2931,#2932,#2933,#2934));
#4087=EDGE_LOOP('',(#2935,#2936));
#4088=EDGE_LOOP('',(#2937,#2938,#2939,#2940));
#4089=EDGE_LOOP('',(#2941,#2942,#2943,#2944));
#4090=EDGE_LOOP('',(#2945,#2946,#2947,#2948));
#4091=EDGE_LOOP('',(#2949,#2950,#2951,#2952));
#4092=EDGE_LOOP('',(#2953,#2954,#2955,#2956));
#4093=EDGE_LOOP('',(#2957,#2958,#2959,#2960));
#4094=EDGE_LOOP('',(#2961,#2962,#2963,#2964));
#4095=EDGE_LOOP('',(#2965,#2966,#2967,#2968));
#4096=EDGE_LOOP('',(#2969,#2970,#2971,#2972));
#4097=EDGE_LOOP('',(#2973,#2974,#2975,#2976));
#4098=EDGE_LOOP('',(#2977,#2978,#2979,#2980));
#4099=EDGE_LOOP('',(#2981,#2982,#2983,#2984));
#4100=EDGE_LOOP('',(#2985,#2986,#2987,#2988));
#4101=EDGE_LOOP('',(#2989,#2990,#2991,#2992,#2993,#2994,#2995,#2996));
#4102=EDGE_LOOP('',(#2997,#2998));
#4103=EDGE_LOOP('',(#2999,#3000,#3001,#3002));
#4104=EDGE_LOOP('',(#3003,#3004,#3005,#3006));
#4105=EDGE_LOOP('',(#3007,#3008,#3009,#3010,#3011,#3012,#3013));
#4106=EDGE_LOOP('',(#3014,#3015,#3016,#3017));
#4107=EDGE_LOOP('',(#3018,#3019));
#4108=EDGE_LOOP('',(#3020,#3021));
#4109=EDGE_LOOP('',(#3022,#3023,#3024,#3025));
#4110=EDGE_LOOP('',(#3026,#3027));
#4111=EDGE_LOOP('',(#3028,#3029,#3030,#3031,#3032,#3033,#3034,#3035));
#4112=EDGE_LOOP('',(#3036,#3037,#3038,#3039));
#4113=EDGE_LOOP('',(#3040,#3041,#3042,#3043));
#4114=EDGE_LOOP('',(#3044,#3045,#3046,#3047));
#4115=EDGE_LOOP('',(#3048,#3049,#3050,#3051));
#4116=EDGE_LOOP('',(#3052,#3053,#3054,#3055));
#4117=EDGE_LOOP('',(#3056,#3057,#3058,#3059));
#4118=EDGE_LOOP('',(#3060,#3061,#3062,#3063));
#4119=EDGE_LOOP('',(#3064,#3065,#3066,#3067));
#4120=EDGE_LOOP('',(#3068,#3069,#3070,#3071));
#4121=EDGE_LOOP('',(#3072,#3073,#3074,#3075));
#4122=EDGE_LOOP('',(#3076,#3077,#3078,#3079));
#4123=EDGE_LOOP('',(#3080,#3081,#3082,#3083));
#4124=EDGE_LOOP('',(#3084,#3085,#3086,#3087));
#4125=EDGE_LOOP('',(#3088,#3089,#3090,#3091));
#4126=EDGE_LOOP('',(#3092,#3093,#3094,#3095));
#4127=EDGE_LOOP('',(#3096,#3097,#3098,#3099));
#4128=EDGE_LOOP('',(#3100,#3101,#3102,#3103));
#4129=EDGE_LOOP('',(#3104,#3105,#3106,#3107));
#4130=EDGE_LOOP('',(#3108,#3109,#3110,#3111));
#4131=EDGE_LOOP('',(#3112,#3113,#3114,#3115));
#4132=EDGE_LOOP('',(#3116,#3117,#3118,#3119));
#4133=EDGE_LOOP('',(#3120,#3121,#3122,#3123));
#4134=EDGE_LOOP('',(#3124,#3125,#3126,#3127));
#4135=EDGE_LOOP('',(#3128,#3129,#3130,#3131));
#4136=EDGE_LOOP('',(#3132,#3133,#3134,#3135));
#4137=EDGE_LOOP('',(#3136,#3137,#3138,#3139));
#4138=EDGE_LOOP('',(#3140,#3141,#3142,#3143));
#4139=EDGE_LOOP('',(#3144,#3145,#3146,#3147,#3148,#3149,#3150,#3151));
#4140=EDGE_LOOP('',(#3152,#3153));
#4141=EDGE_LOOP('',(#3154,#3155,#3156,#3157));
#4142=EDGE_LOOP('',(#3158,#3159,#3160,#3161));
#4143=EDGE_LOOP('',(#3162,#3163,#3164,#3165));
#4144=EDGE_LOOP('',(#3166,#3167,#3168,#3169));
#4145=EDGE_LOOP('',(#3170,#3171,#3172,#3173));
#4146=EDGE_LOOP('',(#3174,#3175,#3176,#3177));
#4147=EDGE_LOOP('',(#3178,#3179,#3180,#3181));
#4148=EDGE_LOOP('',(#3182,#3183,#3184,#3185));
#4149=EDGE_LOOP('',(#3186,#3187,#3188,#3189));
#4150=EDGE_LOOP('',(#3190,#3191,#3192,#3193));
#4151=EDGE_LOOP('',(#3194,#3195,#3196,#3197));
#4152=EDGE_LOOP('',(#3198,#3199,#3200,#3201));
#4153=EDGE_LOOP('',(#3202,#3203,#3204,#3205));
#4154=EDGE_LOOP('',(#3206,#3207,#3208,#3209));
#4155=EDGE_LOOP('',(#3210,#3211,#3212,#3213));
#4156=EDGE_LOOP('',(#3214,#3215,#3216,#3217,#3218));
#4157=EDGE_LOOP('',(#3219,#3220,#3221,#3222));
#4158=EDGE_LOOP('',(#3223,#3224,#3225,#3226));
#4159=EDGE_LOOP('',(#3227,#3228,#3229,#3230,#3231,#3232,#3233,#3234));
#4160=EDGE_LOOP('',(#3235,#3236,#3237,#3238,#3239,#3240,#3241,#3242,#3243,
#3244,#3245,#3246,#3247,#3248));
#4161=EDGE_LOOP('',(#3249,#3250,#3251,#3252));
#4162=EDGE_LOOP('',(#3253,#3254,#3255,#3256));
#4163=EDGE_LOOP('',(#3257,#3258,#3259,#3260));
#4164=EDGE_LOOP('',(#3261,#3262,#3263,#3264));
#4165=EDGE_LOOP('',(#3265,#3266,#3267,#3268));
#4166=EDGE_LOOP('',(#3269,#3270,#3271,#3272));
#4167=EDGE_LOOP('',(#3273,#3274,#3275,#3276));
#4168=EDGE_LOOP('',(#3277,#3278,#3279,#3280));
#4169=EDGE_LOOP('',(#3281,#3282,#3283,#3284));
#4170=EDGE_LOOP('',(#3285,#3286,#3287,#3288));
#4171=EDGE_LOOP('',(#3289,#3290,#3291,#3292));
#4172=EDGE_LOOP('',(#3293,#3294,#3295,#3296));
#4173=EDGE_LOOP('',(#3297,#3298,#3299,#3300));
#4174=EDGE_LOOP('',(#3301,#3302,#3303,#3304));
#4175=EDGE_LOOP('',(#3305,#3306,#3307,#3308));
#4176=EDGE_LOOP('',(#3309,#3310,#3311,#3312,#3313));
#4177=EDGE_LOOP('',(#3314,#3315,#3316,#3317));
#4178=EDGE_LOOP('',(#3318,#3319));
#4179=EDGE_LOOP('',(#3320,#3321));
#4180=EDGE_LOOP('',(#3322,#3323,#3324,#3325));
#4181=EDGE_LOOP('',(#3326,#3327,#3328,#3329));
#4182=EDGE_LOOP('',(#3330,#3331,#3332,#3333));
#4183=EDGE_LOOP('',(#3334,#3335,#3336,#3337));
#4184=EDGE_LOOP('',(#3338,#3339,#3340,#3341));
#4185=EDGE_LOOP('',(#3342,#3343,#3344,#3345));
#4186=EDGE_LOOP('',(#3346,#3347,#3348,#3349));
#4187=EDGE_LOOP('',(#3350,#3351,#3352,#3353));
#4188=EDGE_LOOP('',(#3354,#3355,#3356,#3357));
#4189=EDGE_LOOP('',(#3358,#3359,#3360,#3361));
#4190=EDGE_LOOP('',(#3362,#3363,#3364,#3365));
#4191=EDGE_LOOP('',(#3366,#3367,#3368,#3369));
#4192=EDGE_LOOP('',(#3370,#3371,#3372,#3373));
#4193=EDGE_LOOP('',(#3374,#3375,#3376,#3377));
#4194=EDGE_LOOP('',(#3378,#3379,#3380,#3381));
#4195=EDGE_LOOP('',(#3382,#3383,#3384,#3385));
#4196=EDGE_LOOP('',(#3386,#3387,#3388,#3389));
#4197=EDGE_LOOP('',(#3390,#3391,#3392,#3393));
#4198=EDGE_LOOP('',(#3394,#3395,#3396,#3397));
#4199=EDGE_LOOP('',(#3398,#3399,#3400,#3401));
#4200=EDGE_LOOP('',(#3402,#3403,#3404,#3405));
#4201=EDGE_LOOP('',(#3406,#3407,#3408,#3409));
#4202=EDGE_LOOP('',(#3410,#3411,#3412,#3413));
#4203=EDGE_LOOP('',(#3414,#3415,#3416,#3417));
#4204=EDGE_LOOP('',(#3418,#3419,#3420,#3421));
#4205=EDGE_LOOP('',(#3422,#3423,#3424,#3425));
#4206=EDGE_LOOP('',(#3426,#3427,#3428,#3429));
#4207=EDGE_LOOP('',(#3430,#3431,#3432,#3433));
#4208=EDGE_LOOP('',(#3434,#3435,#3436,#3437));
#4209=EDGE_LOOP('',(#3438,#3439,#3440,#3441));
#4210=EDGE_LOOP('',(#3442,#3443,#3444,#3445));
#4211=EDGE_LOOP('',(#3446,#3447,#3448,#3449));
#4212=EDGE_LOOP('',(#3450,#3451,#3452,#3453));
#4213=EDGE_LOOP('',(#3454,#3455,#3456,#3457));
#4214=EDGE_LOOP('',(#3458,#3459));
#4215=EDGE_LOOP('',(#3460,#3461));
#4216=EDGE_LOOP('',(#3462,#3463));
#4217=EDGE_LOOP('',(#3464,#3465));
#4218=EDGE_LOOP('',(#3466,#3467));
#4219=EDGE_LOOP('',(#3468,#3469));
#4220=EDGE_LOOP('',(#3470,#3471));
#4221=EDGE_LOOP('',(#3472,#3473));
#4222=EDGE_LOOP('',(#3474,#3475));
#4223=EDGE_LOOP('',(#3476,#3477));
#4224=EDGE_LOOP('',(#3478,#3479));
#4225=EDGE_LOOP('',(#3480,#3481));
#4226=EDGE_LOOP('',(#3482,#3483));
#4227=EDGE_LOOP('',(#3484,#3485));
#4228=EDGE_LOOP('',(#3486,#3487));
#4229=EDGE_LOOP('',(#3488,#3489));
#4230=EDGE_LOOP('',(#3490,#3491));
#4231=EDGE_LOOP('',(#3492,#3493));
#4232=EDGE_LOOP('',(#3494,#3495));
#4233=EDGE_LOOP('',(#3496,#3497));
#4234=EDGE_LOOP('',(#3498,#3499));
#4235=EDGE_LOOP('',(#3500,#3501));
#4236=EDGE_LOOP('',(#3502,#3503));
#4237=EDGE_LOOP('',(#3504,#3505));
#4238=EDGE_LOOP('',(#3506,#3507));
#4239=EDGE_LOOP('',(#3508,#3509));
#4240=EDGE_LOOP('',(#3510,#3511));
#4241=EDGE_LOOP('',(#3512,#3513));
#4242=EDGE_LOOP('',(#3514,#3515));
#4243=EDGE_LOOP('',(#3516,#3517));
#4244=EDGE_LOOP('',(#3518,#3519));
#4245=EDGE_LOOP('',(#3520,#3521));
#4246=EDGE_LOOP('',(#3522,#3523));
#4247=EDGE_LOOP('',(#3524,#3525));
#4248=EDGE_LOOP('',(#3526,#3527));
#4249=EDGE_LOOP('',(#3528,#3529));
#4250=EDGE_LOOP('',(#3530,#3531));
#4251=EDGE_LOOP('',(#3532,#3533));
#4252=EDGE_LOOP('',(#3534,#3535));
#4253=EDGE_LOOP('',(#3536,#3537));
#4254=EDGE_LOOP('',(#3538,#3539));
#4255=EDGE_LOOP('',(#3540,#3541));
#4256=EDGE_LOOP('',(#3542,#3543));
#4257=EDGE_LOOP('',(#3544,#3545));
#4258=EDGE_LOOP('',(#3546,#3547));
#4259=EDGE_LOOP('',(#3548,#3549));
#4260=EDGE_LOOP('',(#3550,#3551));
#4261=EDGE_LOOP('',(#3552,#3553));
#4262=EDGE_LOOP('',(#3554,#3555));
#4263=EDGE_LOOP('',(#3556,#3557));
#4264=EDGE_LOOP('',(#3558,#3559,#3560,#3561));
#4265=EDGE_LOOP('',(#3562,#3563,#3564,#3565));
#4266=EDGE_LOOP('',(#3566,#3567,#3568,#3569));
#4267=EDGE_LOOP('',(#3570,#3571,#3572,#3573));
#4268=EDGE_LOOP('',(#3574,#3575,#3576,#3577));
#4269=EDGE_LOOP('',(#3578,#3579,#3580,#3581));
#4270=EDGE_LOOP('',(#3582,#3583,#3584,#3585));
#4271=EDGE_LOOP('',(#3586,#3587,#3588,#3589));
#4272=EDGE_LOOP('',(#3590,#3591,#3592,#3593));
#4273=EDGE_LOOP('',(#3594,#3595,#3596,#3597));
#4274=EDGE_LOOP('',(#3598,#3599,#3600,#3601));
#4275=EDGE_LOOP('',(#3602,#3603,#3604,#3605));
#4276=EDGE_LOOP('',(#3606,#3607,#3608,#3609));
#4277=EDGE_LOOP('',(#3610,#3611,#3612,#3613));
#4278=EDGE_LOOP('',(#3614,#3615,#3616,#3617));
#4279=EDGE_LOOP('',(#3618,#3619,#3620,#3621));
#4280=EDGE_LOOP('',(#3622,#3623,#3624,#3625,#3626));
#4281=EDGE_LOOP('',(#3627,#3628,#3629,#3630));
#4282=EDGE_LOOP('',(#3631,#3632,#3633,#3634));
#4283=EDGE_LOOP('',(#3635,#3636,#3637,#3638,#3639,#3640,#3641,#3642));
#4284=EDGE_LOOP('',(#3643,#3644,#3645,#3646,#3647,#3648,#3649,#3650,#3651,
#3652,#3653,#3654,#3655,#3656));
#4285=EDGE_LOOP('',(#3657,#3658,#3659,#3660));
#4286=EDGE_LOOP('',(#3661,#3662,#3663,#3664));
#4287=EDGE_LOOP('',(#3665,#3666,#3667,#3668));
#4288=EDGE_LOOP('',(#3669,#3670,#3671,#3672));
#4289=EDGE_LOOP('',(#3673,#3674,#3675,#3676));
#4290=EDGE_LOOP('',(#3677,#3678,#3679,#3680));
#4291=EDGE_LOOP('',(#3681,#3682,#3683,#3684));
#4292=EDGE_LOOP('',(#3685,#3686,#3687,#3688));
#4293=EDGE_LOOP('',(#3689,#3690,#3691,#3692));
#4294=EDGE_LOOP('',(#3693,#3694,#3695,#3696));
#4295=EDGE_LOOP('',(#3697,#3698,#3699,#3700));
#4296=EDGE_LOOP('',(#3701,#3702,#3703,#3704));
#4297=EDGE_LOOP('',(#3705,#3706,#3707,#3708,#3709,#3710,#3711,#3712,#3713));
#4298=EDGE_LOOP('',(#3714,#3715,#3716,#3717,#3718,#3719,#3720,#3721,#3722,
#3723,#3724,#3725,#3726,#3727));
#4299=EDGE_LOOP('',(#3728,#3729,#3730,#3731,#3732,#3733,#3734,#3735));
#4300=EDGE_LOOP('',(#3736,#3737,#3738,#3739));
#4301=EDGE_LOOP('',(#3740,#3741,#3742,#3743));
#4302=EDGE_LOOP('',(#3744,#3745,#3746,#3747));
#4303=EDGE_LOOP('',(#3748,#3749,#3750,#3751));
#4304=EDGE_LOOP('',(#3752,#3753,#3754,#3755));
#4305=EDGE_LOOP('',(#3756,#3757,#3758,#3759));
#4306=EDGE_LOOP('',(#3760,#3761,#3762,#3763));
#4307=EDGE_LOOP('',(#3764,#3765,#3766,#3767));
#4308=EDGE_LOOP('',(#3768,#3769,#3770,#3771));
#4309=EDGE_LOOP('',(#3772,#3773,#3774,#3775));
#4310=EDGE_LOOP('',(#3776,#3777,#3778,#3779));
#4311=EDGE_LOOP('',(#3780,#3781,#3782,#3783));
#4312=EDGE_LOOP('',(#3784,#3785,#3786,#3787));
#4313=EDGE_LOOP('',(#3788,#3789,#3790,#3791));
#4314=EDGE_LOOP('',(#3792,#3793,#3794,#3795));
#4315=EDGE_LOOP('',(#3796,#3797,#3798,#3799));
#4316=EDGE_LOOP('',(#3800,#3801,#3802,#3803));
#4317=EDGE_LOOP('',(#3804,#3805,#3806,#3807));
#4318=EDGE_LOOP('',(#3808,#3809,#3810,#3811));
#4319=EDGE_LOOP('',(#3812,#3813,#3814,#3815));
#4320=EDGE_LOOP('',(#3816,#3817,#3818,#3819));
#4321=EDGE_LOOP('',(#3820,#3821,#3822,#3823));
#4322=EDGE_LOOP('',(#3824,#3825,#3826,#3827));
#4323=EDGE_LOOP('',(#3828,#3829,#3830,#3831));
#4324=EDGE_LOOP('',(#3832,#3833,#3834,#3835));
#4325=EDGE_LOOP('',(#3836,#3837,#3838,#3839));
#4326=EDGE_LOOP('',(#3840,#3841,#3842,#3843));
#4327=EDGE_LOOP('',(#3844,#3845,#3846,#3847));
#4328=EDGE_LOOP('',(#3848,#3849,#3850,#3851));
#4329=EDGE_LOOP('',(#3852,#3853,#3854,#3855));
#4330=EDGE_LOOP('',(#3856,#3857,#3858,#3859));
#4331=EDGE_LOOP('',(#3860,#3861,#3862,#3863));
#4332=EDGE_LOOP('',(#3864,#3865,#3866,#3867));
#4333=EDGE_LOOP('',(#3868,#3869,#3870,#3871));
#4334=EDGE_LOOP('',(#3872,#3873,#3874,#3875));
#4335=EDGE_LOOP('',(#3876,#3877,#3878,#3879));
#4336=EDGE_LOOP('',(#3880,#3881,#3882,#3883));
#4337=EDGE_LOOP('',(#3884,#3885,#3886,#3887));
#4338=EDGE_LOOP('',(#3888,#3889,#3890,#3891));
#4339=EDGE_LOOP('',(#3892,#3893,#3894,#3895));
#4340=EDGE_LOOP('',(#3896,#3897,#3898,#3899));
#4341=EDGE_LOOP('',(#3900,#3901,#3902,#3903));
#4342=EDGE_LOOP('',(#3904,#3905,#3906,#3907));
#4343=EDGE_LOOP('',(#3908,#3909,#3910,#3911));
#4344=EDGE_LOOP('',(#3912,#3913,#3914,#3915));
#4345=EDGE_LOOP('',(#3916,#3917,#3918,#3919));
#4346=EDGE_LOOP('',(#3920,#3921,#3922,#3923));
#4347=EDGE_LOOP('',(#3924,#3925,#3926,#3927));
#4348=EDGE_LOOP('',(#3928,#3929,#3930,#3931));
#4349=EDGE_LOOP('',(#3932,#3933,#3934,#3935));
#4350=EDGE_LOOP('',(#3936,#3937,#3938,#3939));
#4351=EDGE_LOOP('',(#3940,#3941,#3942,#3943));
#4352=EDGE_LOOP('',(#3944,#3945,#3946,#3947));
#4353=EDGE_LOOP('',(#3948,#3949,#3950,#3951));
#4354=EDGE_LOOP('',(#3952,#3953,#3954,#3955));
#4355=EDGE_LOOP('',(#3956,#3957,#3958,#3959));
#4356=EDGE_LOOP('',(#3960,#3961,#3962,#3963));
#4357=EDGE_LOOP('',(#3964,#3965,#3966,#3967));
#4358=EDGE_LOOP('',(#3968,#3969,#3970,#3971));
#4359=EDGE_LOOP('',(#3972,#3973,#3974,#3975));
#4360=EDGE_LOOP('',(#3976,#3977,#3978,#3979));
#4361=EDGE_LOOP('',(#3980,#3981,#3982,#3983));
#4362=FACE_BOUND('',#3984,.T.);
#4363=FACE_BOUND('',#3985,.T.);
#4364=FACE_BOUND('',#3986,.T.);
#4365=FACE_BOUND('',#3987,.T.);
#4366=FACE_BOUND('',#3988,.T.);
#4367=FACE_BOUND('',#3989,.T.);
#4368=FACE_BOUND('',#3990,.T.);
#4369=FACE_BOUND('',#3991,.T.);
#4370=FACE_BOUND('',#3992,.T.);
#4371=FACE_BOUND('',#3993,.T.);
#4372=FACE_BOUND('',#3994,.T.);
#4373=FACE_BOUND('',#3995,.T.);
#4374=FACE_BOUND('',#3996,.T.);
#4375=FACE_BOUND('',#3997,.T.);
#4376=FACE_BOUND('',#3998,.T.);
#4377=FACE_BOUND('',#3999,.T.);
#4378=FACE_BOUND('',#4000,.T.);
#4379=FACE_BOUND('',#4001,.T.);
#4380=FACE_BOUND('',#4002,.T.);
#4381=FACE_BOUND('',#4003,.T.);
#4382=FACE_BOUND('',#4004,.T.);
#4383=FACE_BOUND('',#4005,.T.);
#4384=FACE_BOUND('',#4006,.T.);
#4385=FACE_BOUND('',#4007,.T.);
#4386=FACE_BOUND('',#4008,.T.);
#4387=FACE_BOUND('',#4009,.T.);
#4388=FACE_BOUND('',#4010,.T.);
#4389=FACE_BOUND('',#4011,.T.);
#4390=FACE_BOUND('',#4012,.T.);
#4391=FACE_BOUND('',#4013,.T.);
#4392=FACE_BOUND('',#4014,.T.);
#4393=FACE_BOUND('',#4015,.T.);
#4394=FACE_BOUND('',#4016,.T.);
#4395=FACE_BOUND('',#4017,.T.);
#4396=FACE_BOUND('',#4018,.T.);
#4397=FACE_BOUND('',#4019,.T.);
#4398=FACE_BOUND('',#4020,.T.);
#4399=FACE_BOUND('',#4021,.T.);
#4400=FACE_BOUND('',#4022,.T.);
#4401=FACE_BOUND('',#4023,.T.);
#4402=FACE_BOUND('',#4024,.T.);
#4403=FACE_BOUND('',#4025,.T.);
#4404=FACE_BOUND('',#4026,.T.);
#4405=FACE_BOUND('',#4027,.T.);
#4406=FACE_BOUND('',#4028,.T.);
#4407=FACE_BOUND('',#4029,.T.);
#4408=FACE_BOUND('',#4030,.T.);
#4409=FACE_BOUND('',#4031,.T.);
#4410=FACE_BOUND('',#4032,.T.);
#4411=FACE_BOUND('',#4033,.T.);
#4412=FACE_BOUND('',#4034,.T.);
#4413=FACE_BOUND('',#4035,.T.);
#4414=FACE_BOUND('',#4036,.T.);
#4415=FACE_BOUND('',#4037,.T.);
#4416=FACE_BOUND('',#4038,.T.);
#4417=FACE_BOUND('',#4039,.T.);
#4418=FACE_BOUND('',#4040,.T.);
#4419=FACE_BOUND('',#4041,.T.);
#4420=FACE_BOUND('',#4042,.T.);
#4421=FACE_BOUND('',#4043,.T.);
#4422=FACE_BOUND('',#4044,.T.);
#4423=FACE_BOUND('',#4045,.T.);
#4424=FACE_BOUND('',#4046,.T.);
#4425=FACE_BOUND('',#4047,.T.);
#4426=FACE_BOUND('',#4048,.T.);
#4427=FACE_BOUND('',#4049,.T.);
#4428=FACE_BOUND('',#4050,.T.);
#4429=FACE_BOUND('',#4051,.T.);
#4430=FACE_BOUND('',#4052,.T.);
#4431=FACE_BOUND('',#4053,.T.);
#4432=FACE_BOUND('',#4054,.T.);
#4433=FACE_BOUND('',#4055,.T.);
#4434=FACE_BOUND('',#4056,.T.);
#4435=FACE_BOUND('',#4057,.T.);
#4436=FACE_BOUND('',#4058,.T.);
#4437=FACE_BOUND('',#4059,.T.);
#4438=FACE_BOUND('',#4060,.T.);
#4439=FACE_BOUND('',#4061,.T.);
#4440=FACE_BOUND('',#4062,.T.);
#4441=FACE_BOUND('',#4063,.T.);
#4442=FACE_BOUND('',#4064,.T.);
#4443=FACE_BOUND('',#4065,.T.);
#4444=FACE_BOUND('',#4066,.T.);
#4445=FACE_BOUND('',#4067,.T.);
#4446=FACE_BOUND('',#4068,.T.);
#4447=FACE_BOUND('',#4069,.T.);
#4448=FACE_BOUND('',#4070,.T.);
#4449=FACE_BOUND('',#4071,.T.);
#4450=FACE_BOUND('',#4072,.T.);
#4451=FACE_BOUND('',#4073,.T.);
#4452=FACE_BOUND('',#4074,.T.);
#4453=FACE_BOUND('',#4075,.T.);
#4454=FACE_BOUND('',#4076,.T.);
#4455=FACE_BOUND('',#4077,.T.);
#4456=FACE_BOUND('',#4078,.T.);
#4457=FACE_BOUND('',#4079,.T.);
#4458=FACE_BOUND('',#4080,.T.);
#4459=FACE_BOUND('',#4081,.T.);
#4460=FACE_BOUND('',#4082,.T.);
#4461=FACE_BOUND('',#4083,.T.);
#4462=FACE_BOUND('',#4084,.T.);
#4463=FACE_BOUND('',#4085,.T.);
#4464=FACE_BOUND('',#4086,.T.);
#4465=FACE_BOUND('',#4087,.T.);
#4466=FACE_BOUND('',#4088,.T.);
#4467=FACE_BOUND('',#4089,.T.);
#4468=FACE_BOUND('',#4090,.T.);
#4469=FACE_BOUND('',#4091,.T.);
#4470=FACE_BOUND('',#4092,.T.);
#4471=FACE_BOUND('',#4093,.T.);
#4472=FACE_BOUND('',#4094,.T.);
#4473=FACE_BOUND('',#4095,.T.);
#4474=FACE_BOUND('',#4096,.T.);
#4475=FACE_BOUND('',#4097,.T.);
#4476=FACE_BOUND('',#4098,.T.);
#4477=FACE_BOUND('',#4099,.T.);
#4478=FACE_BOUND('',#4100,.T.);
#4479=FACE_BOUND('',#4101,.T.);
#4480=FACE_BOUND('',#4102,.T.);
#4481=FACE_BOUND('',#4103,.T.);
#4482=FACE_BOUND('',#4104,.T.);
#4483=FACE_BOUND('',#4105,.T.);
#4484=FACE_BOUND('',#4106,.T.);
#4485=FACE_BOUND('',#4107,.T.);
#4486=FACE_BOUND('',#4108,.T.);
#4487=FACE_BOUND('',#4109,.T.);
#4488=FACE_BOUND('',#4110,.T.);
#4489=FACE_BOUND('',#4111,.T.);
#4490=FACE_BOUND('',#4112,.T.);
#4491=FACE_BOUND('',#4113,.T.);
#4492=FACE_BOUND('',#4114,.T.);
#4493=FACE_BOUND('',#4115,.T.);
#4494=FACE_BOUND('',#4116,.T.);
#4495=FACE_BOUND('',#4117,.T.);
#4496=FACE_BOUND('',#4118,.T.);
#4497=FACE_BOUND('',#4119,.T.);
#4498=FACE_BOUND('',#4120,.T.);
#4499=FACE_BOUND('',#4121,.T.);
#4500=FACE_BOUND('',#4122,.T.);
#4501=FACE_BOUND('',#4123,.T.);
#4502=FACE_BOUND('',#4124,.T.);
#4503=FACE_BOUND('',#4125,.T.);
#4504=FACE_BOUND('',#4126,.T.);
#4505=FACE_BOUND('',#4127,.T.);
#4506=FACE_BOUND('',#4128,.T.);
#4507=FACE_BOUND('',#4129,.T.);
#4508=FACE_BOUND('',#4130,.T.);
#4509=FACE_BOUND('',#4131,.T.);
#4510=FACE_BOUND('',#4132,.T.);
#4511=FACE_BOUND('',#4133,.T.);
#4512=FACE_BOUND('',#4134,.T.);
#4513=FACE_BOUND('',#4135,.T.);
#4514=FACE_BOUND('',#4136,.T.);
#4515=FACE_BOUND('',#4137,.T.);
#4516=FACE_BOUND('',#4138,.T.);
#4517=FACE_BOUND('',#4139,.T.);
#4518=FACE_BOUND('',#4140,.T.);
#4519=FACE_BOUND('',#4141,.T.);
#4520=FACE_BOUND('',#4142,.T.);
#4521=FACE_BOUND('',#4143,.T.);
#4522=FACE_BOUND('',#4144,.T.);
#4523=FACE_BOUND('',#4145,.T.);
#4524=FACE_BOUND('',#4146,.T.);
#4525=FACE_BOUND('',#4147,.T.);
#4526=FACE_BOUND('',#4148,.T.);
#4527=FACE_BOUND('',#4149,.T.);
#4528=FACE_BOUND('',#4150,.T.);
#4529=FACE_BOUND('',#4151,.T.);
#4530=FACE_BOUND('',#4152,.T.);
#4531=FACE_BOUND('',#4153,.T.);
#4532=FACE_BOUND('',#4154,.T.);
#4533=FACE_BOUND('',#4155,.T.);
#4534=FACE_BOUND('',#4156,.T.);
#4535=FACE_BOUND('',#4157,.T.);
#4536=FACE_BOUND('',#4158,.T.);
#4537=FACE_BOUND('',#4159,.T.);
#4538=FACE_BOUND('',#4160,.T.);
#4539=FACE_BOUND('',#4161,.T.);
#4540=FACE_BOUND('',#4162,.T.);
#4541=FACE_BOUND('',#4163,.T.);
#4542=FACE_BOUND('',#4164,.T.);
#4543=FACE_BOUND('',#4165,.T.);
#4544=FACE_BOUND('',#4166,.T.);
#4545=FACE_BOUND('',#4167,.T.);
#4546=FACE_BOUND('',#4168,.T.);
#4547=FACE_BOUND('',#4169,.T.);
#4548=FACE_BOUND('',#4170,.T.);
#4549=FACE_BOUND('',#4171,.T.);
#4550=FACE_BOUND('',#4172,.T.);
#4551=FACE_BOUND('',#4173,.T.);
#4552=FACE_BOUND('',#4174,.T.);
#4553=FACE_BOUND('',#4175,.T.);
#4554=FACE_BOUND('',#4176,.T.);
#4555=FACE_BOUND('',#4177,.T.);
#4556=FACE_BOUND('',#4178,.T.);
#4557=FACE_BOUND('',#4179,.T.);
#4558=FACE_BOUND('',#4180,.T.);
#4559=FACE_BOUND('',#4181,.T.);
#4560=FACE_BOUND('',#4182,.T.);
#4561=FACE_BOUND('',#4183,.T.);
#4562=FACE_BOUND('',#4184,.T.);
#4563=FACE_BOUND('',#4185,.T.);
#4564=FACE_BOUND('',#4186,.T.);
#4565=FACE_BOUND('',#4187,.T.);
#4566=FACE_BOUND('',#4188,.T.);
#4567=FACE_BOUND('',#4189,.T.);
#4568=FACE_BOUND('',#4190,.T.);
#4569=FACE_BOUND('',#4191,.T.);
#4570=FACE_BOUND('',#4192,.T.);
#4571=FACE_BOUND('',#4193,.T.);
#4572=FACE_BOUND('',#4194,.T.);
#4573=FACE_BOUND('',#4195,.T.);
#4574=FACE_BOUND('',#4196,.T.);
#4575=FACE_BOUND('',#4197,.T.);
#4576=FACE_BOUND('',#4198,.T.);
#4577=FACE_BOUND('',#4199,.T.);
#4578=FACE_BOUND('',#4200,.T.);
#4579=FACE_BOUND('',#4201,.T.);
#4580=FACE_BOUND('',#4202,.T.);
#4581=FACE_BOUND('',#4203,.T.);
#4582=FACE_BOUND('',#4204,.T.);
#4583=FACE_BOUND('',#4205,.T.);
#4584=FACE_BOUND('',#4206,.T.);
#4585=FACE_BOUND('',#4207,.T.);
#4586=FACE_BOUND('',#4208,.T.);
#4587=FACE_BOUND('',#4209,.T.);
#4588=FACE_BOUND('',#4210,.T.);
#4589=FACE_BOUND('',#4211,.T.);
#4590=FACE_BOUND('',#4212,.T.);
#4591=FACE_BOUND('',#4213,.T.);
#4592=FACE_BOUND('',#4214,.T.);
#4593=FACE_BOUND('',#4215,.T.);
#4594=FACE_BOUND('',#4216,.T.);
#4595=FACE_BOUND('',#4217,.T.);
#4596=FACE_BOUND('',#4218,.T.);
#4597=FACE_BOUND('',#4219,.T.);
#4598=FACE_BOUND('',#4220,.T.);
#4599=FACE_BOUND('',#4221,.T.);
#4600=FACE_BOUND('',#4222,.T.);
#4601=FACE_BOUND('',#4223,.T.);
#4602=FACE_BOUND('',#4224,.T.);
#4603=FACE_BOUND('',#4225,.T.);
#4604=FACE_BOUND('',#4226,.T.);
#4605=FACE_BOUND('',#4227,.T.);
#4606=FACE_BOUND('',#4228,.T.);
#4607=FACE_BOUND('',#4229,.T.);
#4608=FACE_BOUND('',#4230,.T.);
#4609=FACE_BOUND('',#4231,.T.);
#4610=FACE_BOUND('',#4232,.T.);
#4611=FACE_BOUND('',#4233,.T.);
#4612=FACE_BOUND('',#4234,.T.);
#4613=FACE_BOUND('',#4235,.T.);
#4614=FACE_BOUND('',#4236,.T.);
#4615=FACE_BOUND('',#4237,.T.);
#4616=FACE_BOUND('',#4238,.T.);
#4617=FACE_BOUND('',#4239,.T.);
#4618=FACE_BOUND('',#4240,.T.);
#4619=FACE_BOUND('',#4241,.T.);
#4620=FACE_BOUND('',#4242,.T.);
#4621=FACE_BOUND('',#4243,.T.);
#4622=FACE_BOUND('',#4244,.T.);
#4623=FACE_BOUND('',#4245,.T.);
#4624=FACE_BOUND('',#4246,.T.);
#4625=FACE_BOUND('',#4247,.T.);
#4626=FACE_BOUND('',#4248,.T.);
#4627=FACE_BOUND('',#4249,.T.);
#4628=FACE_BOUND('',#4250,.T.);
#4629=FACE_BOUND('',#4251,.T.);
#4630=FACE_BOUND('',#4252,.T.);
#4631=FACE_BOUND('',#4253,.T.);
#4632=FACE_BOUND('',#4254,.T.);
#4633=FACE_BOUND('',#4255,.T.);
#4634=FACE_BOUND('',#4256,.T.);
#4635=FACE_BOUND('',#4257,.T.);
#4636=FACE_BOUND('',#4258,.T.);
#4637=FACE_BOUND('',#4259,.T.);
#4638=FACE_BOUND('',#4260,.T.);
#4639=FACE_BOUND('',#4261,.T.);
#4640=FACE_BOUND('',#4262,.T.);
#4641=FACE_BOUND('',#4263,.T.);
#4642=FACE_BOUND('',#4264,.T.);
#4643=FACE_BOUND('',#4265,.T.);
#4644=FACE_BOUND('',#4266,.T.);
#4645=FACE_BOUND('',#4267,.T.);
#4646=FACE_BOUND('',#4268,.T.);
#4647=FACE_BOUND('',#4269,.T.);
#4648=FACE_BOUND('',#4270,.T.);
#4649=FACE_BOUND('',#4271,.T.);
#4650=FACE_BOUND('',#4272,.T.);
#4651=FACE_BOUND('',#4273,.T.);
#4652=FACE_BOUND('',#4274,.T.);
#4653=FACE_BOUND('',#4275,.T.);
#4654=FACE_BOUND('',#4276,.T.);
#4655=FACE_BOUND('',#4277,.T.);
#4656=FACE_BOUND('',#4278,.T.);
#4657=FACE_BOUND('',#4279,.T.);
#4658=FACE_BOUND('',#4280,.T.);
#4659=FACE_BOUND('',#4281,.T.);
#4660=FACE_BOUND('',#4282,.T.);
#4661=FACE_BOUND('',#4283,.T.);
#4662=FACE_BOUND('',#4284,.T.);
#4663=FACE_BOUND('',#4285,.T.);
#4664=FACE_BOUND('',#4286,.T.);
#4665=FACE_BOUND('',#4287,.T.);
#4666=FACE_BOUND('',#4288,.T.);
#4667=FACE_BOUND('',#4289,.T.);
#4668=FACE_BOUND('',#4290,.T.);
#4669=FACE_BOUND('',#4291,.T.);
#4670=FACE_BOUND('',#4292,.T.);
#4671=FACE_BOUND('',#4293,.T.);
#4672=FACE_BOUND('',#4294,.T.);
#4673=FACE_BOUND('',#4295,.T.);
#4674=FACE_BOUND('',#4296,.T.);
#4675=FACE_BOUND('',#4297,.T.);
#4676=FACE_BOUND('',#4298,.T.);
#4677=FACE_BOUND('',#4299,.T.);
#4678=FACE_BOUND('',#4300,.T.);
#4679=FACE_BOUND('',#4301,.T.);
#4680=FACE_BOUND('',#4302,.T.);
#4681=FACE_BOUND('',#4303,.T.);
#4682=FACE_BOUND('',#4304,.T.);
#4683=FACE_BOUND('',#4305,.T.);
#4684=FACE_BOUND('',#4306,.T.);
#4685=FACE_BOUND('',#4307,.T.);
#4686=FACE_BOUND('',#4308,.T.);
#4687=FACE_BOUND('',#4309,.T.);
#4688=FACE_BOUND('',#4310,.T.);
#4689=FACE_BOUND('',#4311,.T.);
#4690=FACE_BOUND('',#4312,.T.);
#4691=FACE_BOUND('',#4313,.T.);
#4692=FACE_BOUND('',#4314,.T.);
#4693=FACE_BOUND('',#4315,.T.);
#4694=FACE_BOUND('',#4316,.T.);
#4695=FACE_BOUND('',#4317,.T.);
#4696=FACE_BOUND('',#4318,.T.);
#4697=FACE_BOUND('',#4319,.T.);
#4698=FACE_BOUND('',#4320,.T.);
#4699=FACE_BOUND('',#4321,.T.);
#4700=FACE_BOUND('',#4322,.T.);
#4701=FACE_BOUND('',#4323,.T.);
#4702=FACE_BOUND('',#4324,.T.);
#4703=FACE_BOUND('',#4325,.T.);
#4704=FACE_BOUND('',#4326,.T.);
#4705=FACE_BOUND('',#4327,.T.);
#4706=FACE_BOUND('',#4328,.T.);
#4707=FACE_BOUND('',#4329,.T.);
#4708=FACE_BOUND('',#4330,.T.);
#4709=FACE_BOUND('',#4331,.T.);
#4710=FACE_BOUND('',#4332,.T.);
#4711=FACE_BOUND('',#4333,.T.);
#4712=FACE_BOUND('',#4334,.T.);
#4713=FACE_BOUND('',#4335,.T.);
#4714=FACE_BOUND('',#4336,.T.);
#4715=FACE_BOUND('',#4337,.T.);
#4716=FACE_BOUND('',#4338,.T.);
#4717=FACE_BOUND('',#4339,.T.);
#4718=FACE_BOUND('',#4340,.T.);
#4719=FACE_BOUND('',#4341,.T.);
#4720=FACE_BOUND('',#4342,.T.);
#4721=FACE_BOUND('',#4343,.T.);
#4722=FACE_BOUND('',#4344,.T.);
#4723=FACE_BOUND('',#4345,.T.);
#4724=FACE_BOUND('',#4346,.T.);
#4725=FACE_BOUND('',#4347,.T.);
#4726=FACE_BOUND('',#4348,.T.);
#4727=FACE_BOUND('',#4349,.T.);
#4728=FACE_BOUND('',#4350,.T.);
#4729=FACE_BOUND('',#4351,.T.);
#4730=FACE_BOUND('',#4352,.T.);
#4731=FACE_BOUND('',#4353,.T.);
#4732=FACE_BOUND('',#4354,.T.);
#4733=FACE_BOUND('',#4355,.T.);
#4734=FACE_BOUND('',#4356,.T.);
#4735=FACE_BOUND('',#4357,.T.);
#4736=FACE_BOUND('',#4358,.T.);
#4737=FACE_BOUND('',#4359,.T.);
#4738=FACE_BOUND('',#4360,.T.);
#4739=FACE_BOUND('',#4361,.T.);
#4740=ADVANCED_FACE('',(#4362),#8276,.T.);
#4741=ADVANCED_FACE('',(#4363),#494,.T.);
#4742=ADVANCED_FACE('',(#4364),#8277,.T.);
#4743=ADVANCED_FACE('',(#4365),#495,.T.);
#4744=ADVANCED_FACE('',(#4366),#8278,.T.);
#4745=ADVANCED_FACE('',(#4367),#8279,.T.);
#4746=ADVANCED_FACE('',(#4368),#112,.T.);
#4747=ADVANCED_FACE('',(#4369),#8280,.T.);
#4748=ADVANCED_FACE('',(#4370),#113,.T.);
#4749=ADVANCED_FACE('',(#4371),#8281,.T.);
#4750=ADVANCED_FACE('',(#4372),#496,.T.);
#4751=ADVANCED_FACE('',(#4373),#8282,.T.);
#4752=ADVANCED_FACE('',(#4374),#497,.T.);
#4753=ADVANCED_FACE('',(#4375),#8283,.T.);
#4754=ADVANCED_FACE('',(#4376),#498,.T.);
#4755=ADVANCED_FACE('',(#4377),#8284,.T.);
#4756=ADVANCED_FACE('',(#4378,#4379),#8285,.T.);
#4757=ADVANCED_FACE('',(#4380),#499,.T.);
#4758=ADVANCED_FACE('',(#4381),#8286,.T.);
#4759=ADVANCED_FACE('',(#4382),#104,.T.);
#4760=ADVANCED_FACE('',(#4383),#8287,.T.);
#4761=ADVANCED_FACE('',(#4384),#8288,.T.);
#4762=ADVANCED_FACE('',(#4385),#105,.T.);
#4763=ADVANCED_FACE('',(#4386,#4387),#8289,.T.);
#4764=ADVANCED_FACE('',(#4388),#500,.T.);
#4765=ADVANCED_FACE('',(#4389),#8290,.T.);
#4766=ADVANCED_FACE('',(#4390),#501,.T.);
#4767=ADVANCED_FACE('',(#4391),#8291,.T.);
#4768=ADVANCED_FACE('',(#4392),#502,.T.);
#4769=ADVANCED_FACE('',(#4393),#8292,.T.);
#4770=ADVANCED_FACE('',(#4394),#503,.T.);
#4771=ADVANCED_FACE('',(#4395),#8293,.T.);
#4772=ADVANCED_FACE('',(#4396),#504,.T.);
#4773=ADVANCED_FACE('',(#4397),#8294,.T.);
#4774=ADVANCED_FACE('',(#4398,#4399,#4400,#4401,#4402,#4403,#4404,#4405,
#4406,#4407,#4408,#4409,#4410,#4411,#4412,#4413,#4414,#4415,#4416,#4417,
#4418,#4419,#4420,#4421,#4422,#4423,#4424,#4425,#4426,#4427,#4428,#4429,
#4430,#4431,#4432,#4433,#4434,#4435,#4436,#4437,#4438,#4439,#4440,#4441,
#4442,#4443,#4444,#4445,#4446,#4447,#4448,#4449,#4450,#4451,#4452,#4453),
#8295,.F.);
#4775=ADVANCED_FACE('',(#4454),#8296,.T.);
#4776=ADVANCED_FACE('',(#4455),#8297,.T.);
#4777=ADVANCED_FACE('',(#4456),#505,.T.);
#4778=ADVANCED_FACE('',(#4457),#8298,.T.);
#4779=ADVANCED_FACE('',(#4458),#8299,.F.);
#4780=ADVANCED_FACE('',(#4459),#114,.T.);
#4781=ADVANCED_FACE('',(#4460),#8300,.F.);
#4782=ADVANCED_FACE('',(#4461),#8301,.T.);
#4783=ADVANCED_FACE('',(#4462),#506,.T.);
#4784=ADVANCED_FACE('',(#4463),#8302,.T.);
#4785=ADVANCED_FACE('',(#4464,#4465),#8303,.T.);
#4786=ADVANCED_FACE('',(#4466),#8304,.T.);
#4787=ADVANCED_FACE('',(#4467),#8305,.T.);
#4788=ADVANCED_FACE('',(#4468),#8306,.T.);
#4789=ADVANCED_FACE('',(#4469),#8307,.T.);
#4790=ADVANCED_FACE('',(#4470),#8308,.T.);
#4791=ADVANCED_FACE('',(#4471),#507,.T.);
#4792=ADVANCED_FACE('',(#4472),#8309,.T.);
#4793=ADVANCED_FACE('',(#4473),#8310,.T.);
#4794=ADVANCED_FACE('',(#4474),#8311,.T.);
#4795=ADVANCED_FACE('',(#4475),#8312,.T.);
#4796=ADVANCED_FACE('',(#4476),#508,.T.);
#4797=ADVANCED_FACE('',(#4477),#8313,.T.);
#4798=ADVANCED_FACE('',(#4478),#8314,.T.);
#4799=ADVANCED_FACE('',(#4479,#4480),#8315,.T.);
#4800=ADVANCED_FACE('',(#4481),#8316,.T.);
#4801=ADVANCED_FACE('',(#4482),#8317,.T.);
#4802=ADVANCED_FACE('',(#4483),#509,.T.);
#4803=ADVANCED_FACE('',(#4484),#115,.F.);
#4804=ADVANCED_FACE('',(#4485,#4486),#8318,.T.);
#4805=ADVANCED_FACE('',(#4487,#4488),#8319,.F.);
#4806=ADVANCED_FACE('',(#4489),#8320,.F.);
#4807=ADVANCED_FACE('',(#4490),#116,.F.);
#4808=ADVANCED_FACE('',(#4491),#117,.F.);
#4809=ADVANCED_FACE('',(#4492),#118,.F.);
#4810=ADVANCED_FACE('',(#4493),#119,.F.);
#4811=ADVANCED_FACE('',(#4494),#120,.F.);
#4812=ADVANCED_FACE('',(#4495),#121,.F.);
#4813=ADVANCED_FACE('',(#4496),#122,.F.);
#4814=ADVANCED_FACE('',(#4497),#123,.F.);
#4815=ADVANCED_FACE('',(#4498),#124,.F.);
#4816=ADVANCED_FACE('',(#4499),#125,.F.);
#4817=ADVANCED_FACE('',(#4500),#126,.F.);
#4818=ADVANCED_FACE('',(#4501),#127,.F.);
#4819=ADVANCED_FACE('',(#4502),#128,.F.);
#4820=ADVANCED_FACE('',(#4503),#129,.F.);
#4821=ADVANCED_FACE('',(#4504),#130,.F.);
#4822=ADVANCED_FACE('',(#4505),#131,.F.);
#4823=ADVANCED_FACE('',(#4506),#132,.F.);
#4824=ADVANCED_FACE('',(#4507),#133,.F.);
#4825=ADVANCED_FACE('',(#4508),#134,.F.);
#4826=ADVANCED_FACE('',(#4509),#135,.F.);
#4827=ADVANCED_FACE('',(#4510),#136,.F.);
#4828=ADVANCED_FACE('',(#4511),#137,.F.);
#4829=ADVANCED_FACE('',(#4512),#138,.F.);
#4830=ADVANCED_FACE('',(#4513),#139,.F.);
#4831=ADVANCED_FACE('',(#4514),#140,.F.);
#4832=ADVANCED_FACE('',(#4515),#141,.F.);
#4833=ADVANCED_FACE('',(#4516),#8321,.F.);
#4834=ADVANCED_FACE('',(#4517,#4518),#8322,.F.);
#4835=ADVANCED_FACE('',(#4519),#142,.T.);
#4836=ADVANCED_FACE('',(#4520),#8323,.F.);
#4837=ADVANCED_FACE('',(#4521),#143,.T.);
#4838=ADVANCED_FACE('',(#4522),#144,.F.);
#4839=ADVANCED_FACE('',(#4523),#145,.T.);
#4840=ADVANCED_FACE('',(#4524),#8324,.F.);
#4841=ADVANCED_FACE('',(#4525),#146,.F.);
#4842=ADVANCED_FACE('',(#4526),#8325,.F.);
#4843=ADVANCED_FACE('',(#4527),#147,.T.);
#4844=ADVANCED_FACE('',(#4528),#148,.F.);
#4845=ADVANCED_FACE('',(#4529),#149,.T.);
#4846=ADVANCED_FACE('',(#4530),#8326,.F.);
#4847=ADVANCED_FACE('',(#4531),#150,.F.);
#4848=ADVANCED_FACE('',(#4532),#8327,.F.);
#4849=ADVANCED_FACE('',(#4533),#151,.T.);
#4850=ADVANCED_FACE('',(#4534),#152,.T.);
#4851=ADVANCED_FACE('',(#4535),#8328,.F.);
#4852=ADVANCED_FACE('',(#4536),#153,.T.);
#4853=ADVANCED_FACE('',(#4537,#4538),#8329,.T.);
#4854=ADVANCED_FACE('',(#4539),#8330,.F.);
#4855=ADVANCED_FACE('',(#4540),#154,.F.);
#4856=ADVANCED_FACE('',(#4541),#8331,.F.);
#4857=ADVANCED_FACE('',(#4542),#155,.T.);
#4858=ADVANCED_FACE('',(#4543),#156,.F.);
#4859=ADVANCED_FACE('',(#4544),#157,.T.);
#4860=ADVANCED_FACE('',(#4545),#8332,.F.);
#4861=ADVANCED_FACE('',(#4546),#158,.F.);
#4862=ADVANCED_FACE('',(#4547),#8333,.F.);
#4863=ADVANCED_FACE('',(#4548),#159,.T.);
#4864=ADVANCED_FACE('',(#4549),#160,.F.);
#4865=ADVANCED_FACE('',(#4550),#161,.T.);
#4866=ADVANCED_FACE('',(#4551),#162,.T.);
#4867=ADVANCED_FACE('',(#4552),#8334,.F.);
#4868=ADVANCED_FACE('',(#4553),#163,.T.);
#4869=ADVANCED_FACE('',(#4554),#8335,.F.);
#4870=ADVANCED_FACE('',(#4555),#164,.F.);
#4871=ADVANCED_FACE('',(#4556,#4557),#8336,.F.);
#4872=ADVANCED_FACE('',(#4558),#165,.F.);
#4873=ADVANCED_FACE('',(#4559),#166,.T.);
#4874=ADVANCED_FACE('',(#4560),#8337,.T.);
#4875=ADVANCED_FACE('',(#4561),#8338,.T.);
#4876=ADVANCED_FACE('',(#4562),#167,.F.);
#4877=ADVANCED_FACE('',(#4563),#168,.F.);
#4878=ADVANCED_FACE('',(#4564),#169,.F.);
#4879=ADVANCED_FACE('',(#4565),#170,.F.);
#4880=ADVANCED_FACE('',(#4566),#171,.F.);
#4881=ADVANCED_FACE('',(#4567),#172,.F.);
#4882=ADVANCED_FACE('',(#4568),#173,.F.);
#4883=ADVANCED_FACE('',(#4569),#174,.F.);
#4884=ADVANCED_FACE('',(#4570),#175,.F.);
#4885=ADVANCED_FACE('',(#4571),#176,.F.);
#4886=ADVANCED_FACE('',(#4572),#177,.F.);
#4887=ADVANCED_FACE('',(#4573),#178,.F.);
#4888=ADVANCED_FACE('',(#4574),#179,.F.);
#4889=ADVANCED_FACE('',(#4575),#180,.F.);
#4890=ADVANCED_FACE('',(#4576),#181,.F.);
#4891=ADVANCED_FACE('',(#4577),#182,.F.);
#4892=ADVANCED_FACE('',(#4578),#183,.F.);
#4893=ADVANCED_FACE('',(#4579),#184,.F.);
#4894=ADVANCED_FACE('',(#4580),#185,.F.);
#4895=ADVANCED_FACE('',(#4581),#186,.F.);
#4896=ADVANCED_FACE('',(#4582),#187,.F.);
#4897=ADVANCED_FACE('',(#4583),#188,.F.);
#4898=ADVANCED_FACE('',(#4584),#189,.F.);
#4899=ADVANCED_FACE('',(#4585),#190,.F.);
#4900=ADVANCED_FACE('',(#4586),#191,.F.);
#4901=ADVANCED_FACE('',(#4587),#8339,.T.);
#4902=ADVANCED_FACE('',(#4588),#8340,.T.);
#4903=ADVANCED_FACE('',(#4589),#8341,.T.);
#4904=ADVANCED_FACE('',(#4590,#4591,#4592,#4593,#4594,#4595,#4596,#4597,
#4598,#4599,#4600,#4601,#4602,#4603,#4604,#4605,#4606,#4607,#4608,#4609,
#4610,#4611,#4612,#4613,#4614,#4615,#4616,#4617,#4618,#4619,#4620,#4621,
#4622,#4623,#4624,#4625,#4626,#4627,#4628,#4629,#4630,#4631,#4632,#4633,
#4634,#4635,#4636,#4637,#4638,#4639,#4640,#4641),#8342,.F.);
#4905=ADVANCED_FACE('',(#4642),#8343,.T.);
#4906=ADVANCED_FACE('',(#4643),#192,.T.);
#4907=ADVANCED_FACE('',(#4644),#8344,.T.);
#4908=ADVANCED_FACE('',(#4645),#193,.T.);
#4909=ADVANCED_FACE('',(#4646),#194,.F.);
#4910=ADVANCED_FACE('',(#4647),#195,.T.);
#4911=ADVANCED_FACE('',(#4648),#8345,.T.);
#4912=ADVANCED_FACE('',(#4649),#196,.F.);
#4913=ADVANCED_FACE('',(#4650),#8346,.T.);
#4914=ADVANCED_FACE('',(#4651),#197,.T.);
#4915=ADVANCED_FACE('',(#4652),#198,.F.);
#4916=ADVANCED_FACE('',(#4653),#199,.T.);
#4917=ADVANCED_FACE('',(#4654),#8347,.T.);
#4918=ADVANCED_FACE('',(#4655),#200,.F.);
#4919=ADVANCED_FACE('',(#4656),#8348,.T.);
#4920=ADVANCED_FACE('',(#4657),#201,.T.);
#4921=ADVANCED_FACE('',(#4658),#202,.T.);
#4922=ADVANCED_FACE('',(#4659),#8349,.T.);
#4923=ADVANCED_FACE('',(#4660),#203,.T.);
#4924=ADVANCED_FACE('',(#4661,#4662),#8350,.F.);
#4925=ADVANCED_FACE('',(#4663),#8351,.T.);
#4926=ADVANCED_FACE('',(#4664),#204,.F.);
#4927=ADVANCED_FACE('',(#4665),#8352,.T.);
#4928=ADVANCED_FACE('',(#4666),#205,.T.);
#4929=ADVANCED_FACE('',(#4667),#206,.F.);
#4930=ADVANCED_FACE('',(#4668),#207,.T.);
#4931=ADVANCED_FACE('',(#4669),#8353,.T.);
#4932=ADVANCED_FACE('',(#4670),#208,.F.);
#4933=ADVANCED_FACE('',(#4671),#8354,.T.);
#4934=ADVANCED_FACE('',(#4672),#209,.T.);
#4935=ADVANCED_FACE('',(#4673),#210,.F.);
#4936=ADVANCED_FACE('',(#4674),#211,.T.);
#4937=ADVANCED_FACE('',(#4675,#4676),#8355,.F.);
#4938=ADVANCED_FACE('',(#4677),#8356,.T.);
#4939=ADVANCED_FACE('',(#4678),#212,.F.);
#4940=ADVANCED_FACE('',(#4679),#213,.F.);
#4941=ADVANCED_FACE('',(#4680),#214,.F.);
#4942=ADVANCED_FACE('',(#4681),#215,.F.);
#4943=ADVANCED_FACE('',(#4682),#216,.F.);
#4944=ADVANCED_FACE('',(#4683),#217,.F.);
#4945=ADVANCED_FACE('',(#4684),#218,.F.);
#4946=ADVANCED_FACE('',(#4685),#219,.F.);
#4947=ADVANCED_FACE('',(#4686),#220,.F.);
#4948=ADVANCED_FACE('',(#4687),#221,.F.);
#4949=ADVANCED_FACE('',(#4688),#222,.F.);
#4950=ADVANCED_FACE('',(#4689),#223,.F.);
#4951=ADVANCED_FACE('',(#4690),#224,.F.);
#4952=ADVANCED_FACE('',(#4691),#225,.F.);
#4953=ADVANCED_FACE('',(#4692),#226,.F.);
#4954=ADVANCED_FACE('',(#4693),#227,.F.);
#4955=ADVANCED_FACE('',(#4694),#228,.F.);
#4956=ADVANCED_FACE('',(#4695),#229,.F.);
#4957=ADVANCED_FACE('',(#4696),#230,.F.);
#4958=ADVANCED_FACE('',(#4697),#231,.F.);
#4959=ADVANCED_FACE('',(#4698),#232,.F.);
#4960=ADVANCED_FACE('',(#4699),#233,.F.);
#4961=ADVANCED_FACE('',(#4700),#234,.F.);
#4962=ADVANCED_FACE('',(#4701),#235,.F.);
#4963=ADVANCED_FACE('',(#4702),#236,.F.);
#4964=ADVANCED_FACE('',(#4703),#237,.F.);
#4965=ADVANCED_FACE('',(#4704),#238,.F.);
#4966=ADVANCED_FACE('',(#4705),#239,.F.);
#4967=ADVANCED_FACE('',(#4706),#240,.F.);
#4968=ADVANCED_FACE('',(#4707),#241,.F.);
#4969=ADVANCED_FACE('',(#4708),#242,.F.);
#4970=ADVANCED_FACE('',(#4709),#243,.F.);
#4971=ADVANCED_FACE('',(#4710),#244,.F.);
#4972=ADVANCED_FACE('',(#4711),#245,.F.);
#4973=ADVANCED_FACE('',(#4712),#246,.F.);
#4974=ADVANCED_FACE('',(#4713),#247,.F.);
#4975=ADVANCED_FACE('',(#4714),#248,.F.);
#4976=ADVANCED_FACE('',(#4715),#249,.F.);
#4977=ADVANCED_FACE('',(#4716),#250,.F.);
#4978=ADVANCED_FACE('',(#4717),#251,.F.);
#4979=ADVANCED_FACE('',(#4718),#252,.F.);
#4980=ADVANCED_FACE('',(#4719),#253,.F.);
#4981=ADVANCED_FACE('',(#4720),#254,.F.);
#4982=ADVANCED_FACE('',(#4721),#255,.F.);
#4983=ADVANCED_FACE('',(#4722),#256,.F.);
#4984=ADVANCED_FACE('',(#4723),#257,.F.);
#4985=ADVANCED_FACE('',(#4724),#258,.F.);
#4986=ADVANCED_FACE('',(#4725),#259,.F.);
#4987=ADVANCED_FACE('',(#4726),#260,.F.);
#4988=ADVANCED_FACE('',(#4727),#261,.F.);
#4989=ADVANCED_FACE('',(#4728),#262,.F.);
#4990=ADVANCED_FACE('',(#4729),#263,.F.);
#4991=ADVANCED_FACE('',(#4730),#264,.F.);
#4992=ADVANCED_FACE('',(#4731),#265,.F.);
#4993=ADVANCED_FACE('',(#4732),#266,.F.);
#4994=ADVANCED_FACE('',(#4733),#267,.F.);
#4995=ADVANCED_FACE('',(#4734),#268,.F.);
#4996=ADVANCED_FACE('',(#4735),#269,.F.);
#4997=ADVANCED_FACE('',(#4736),#270,.F.);
#4998=ADVANCED_FACE('',(#4737),#271,.F.);
#4999=ADVANCED_FACE('',(#4738),#272,.F.);
#5000=ADVANCED_FACE('',(#4739),#273,.F.);
#5001=AXIS2_PLACEMENT_3D('',#6733,#5482,$);
#5002=AXIS2_PLACEMENT_3D('',#6744,#5486,#5487);
#5003=AXIS2_PLACEMENT_3D('',#6748,#5489,#5490);
#5004=AXIS2_PLACEMENT_3D('',#6749,#5491,#5492);
#5005=AXIS2_PLACEMENT_3D('',#6750,#5493,$);
#5006=AXIS2_PLACEMENT_3D('',#6756,#5497,#5498);
#5007=AXIS2_PLACEMENT_3D('',#6760,#5500,#5501);
#5008=AXIS2_PLACEMENT_3D('',#6761,#5502,#5503);
#5009=AXIS2_PLACEMENT_3D('',#6762,#5504,$);
#5010=AXIS2_PLACEMENT_3D('',#6771,#5507,$);
#5011=AXIS2_PLACEMENT_3D('',#6788,#5511,#5512);
#5012=AXIS2_PLACEMENT_3D('',#6791,#5514,#5515);
#5013=AXIS2_PLACEMENT_3D('',#6792,#5516,$);
#5014=AXIS2_PLACEMENT_3D('',#6796,#5519,#5520);
#5015=AXIS2_PLACEMENT_3D('',#6799,#5522,#5523);
#5016=AXIS2_PLACEMENT_3D('',#6800,#5524,$);
#5017=AXIS2_PLACEMENT_3D('',#6824,#5529,#5530);
#5018=AXIS2_PLACEMENT_3D('',#6825,#5531,#5532);
#5019=AXIS2_PLACEMENT_3D('',#6829,#5534,#5535);
#5020=AXIS2_PLACEMENT_3D('',#6834,#5536,$);
#5021=AXIS2_PLACEMENT_3D('',#6842,#5539,#5540);
#5022=AXIS2_PLACEMENT_3D('',#6846,#5542,#5543);
#5023=AXIS2_PLACEMENT_3D('',#6847,#5544,#5545);
#5024=AXIS2_PLACEMENT_3D('',#6848,#5546,$);
#5025=AXIS2_PLACEMENT_3D('',#6854,#5550,#5551);
#5026=AXIS2_PLACEMENT_3D('',#6858,#5553,#5554);
#5027=AXIS2_PLACEMENT_3D('',#6859,#5555,#5556);
#5028=AXIS2_PLACEMENT_3D('',#6860,#5557,$);
#5029=AXIS2_PLACEMENT_3D('',#6869,#5560,$);
#5030=AXIS2_PLACEMENT_3D('',#6878,#5561,#5562);
#5031=AXIS2_PLACEMENT_3D('',#6882,#5564,#5565);
#5032=AXIS2_PLACEMENT_3D('',#6883,#5566,#5567);
#5033=AXIS2_PLACEMENT_3D('',#6888,#5569,#5570);
#5034=AXIS2_PLACEMENT_3D('',#6892,#5572,#5573);
#5035=AXIS2_PLACEMENT_3D('',#6894,#5574,#5575);
#5036=AXIS2_PLACEMENT_3D('',#6897,#5576,#5577);
#5037=AXIS2_PLACEMENT_3D('',#6901,#5579,#5580);
#5038=AXIS2_PLACEMENT_3D('',#6905,#5582,#5583);
#5039=AXIS2_PLACEMENT_3D('',#6907,#5584,#5585);
#5040=AXIS2_PLACEMENT_3D('',#6909,#5586,#5587);
#5041=AXIS2_PLACEMENT_3D('',#6914,#5588,#5589);
#5042=AXIS2_PLACEMENT_3D('',#6917,#5591,$);
#5043=AXIS2_PLACEMENT_3D('',#6921,#5593,#5594);
#5044=AXIS2_PLACEMENT_3D('',#7004,#5596,$);
#5045=AXIS2_PLACEMENT_3D('',#7014,#5602,$);
#5046=AXIS2_PLACEMENT_3D('',#7018,#5604,#5605);
#5047=AXIS2_PLACEMENT_3D('',#7108,#5607,$);
#5048=AXIS2_PLACEMENT_3D('',#7109,#5608,#5609);
#5049=AXIS2_PLACEMENT_3D('',#7113,#5611,#5612);
#5050=AXIS2_PLACEMENT_3D('',#7117,#5614,#5615);
#5051=AXIS2_PLACEMENT_3D('',#7121,#5617,#5618);
#5052=AXIS2_PLACEMENT_3D('',#7125,#5620,#5621);
#5053=AXIS2_PLACEMENT_3D('',#7129,#5623,#5624);
#5054=AXIS2_PLACEMENT_3D('',#7130,#5625,#5626);
#5055=AXIS2_PLACEMENT_3D('',#7136,#5630,#5631);
#5056=AXIS2_PLACEMENT_3D('',#7169,#5648,#5649);
#5057=AXIS2_PLACEMENT_3D('',#7171,#5651,$);
#5058=AXIS2_PLACEMENT_3D('',#7180,#5656,#5657);
#5059=AXIS2_PLACEMENT_3D('',#7181,#5658,#5659);
#5060=AXIS2_PLACEMENT_3D('',#7185,#5661,#5662);
#5061=AXIS2_PLACEMENT_3D('',#7186,#5663,$);
#5062=AXIS2_PLACEMENT_3D('',#7192,#5667,#5668);
#5063=AXIS2_PLACEMENT_3D('',#7193,#5669,#5670);
#5064=AXIS2_PLACEMENT_3D('',#7196,#5672,#5673);
#5065=AXIS2_PLACEMENT_3D('',#7197,#5674,$);
#5066=AXIS2_PLACEMENT_3D('',#7201,#5677,#5678);
#5067=AXIS2_PLACEMENT_3D('',#7204,#5680,#5681);
#5068=AXIS2_PLACEMENT_3D('',#7205,#5682,$);
#5069=AXIS2_PLACEMENT_3D('',#7209,#5685,#5686);
#5070=AXIS2_PLACEMENT_3D('',#7212,#5688,#5689);
#5071=AXIS2_PLACEMENT_3D('',#7213,#5690,$);
#5072=AXIS2_PLACEMENT_3D('',#7215,#5692,$);
#5073=AXIS2_PLACEMENT_3D('',#7218,#5694,#5695);
#5074=AXIS2_PLACEMENT_3D('',#7222,#5697,#5698);
#5075=AXIS2_PLACEMENT_3D('',#7231,#5703,#5704);
#5076=AXIS2_PLACEMENT_3D('',#7236,#5706,#5707);
#5077=AXIS2_PLACEMENT_3D('',#7240,#5709,#5710);
#5078=AXIS2_PLACEMENT_3D('',#7242,#5711,#5712);
#5079=AXIS2_PLACEMENT_3D('',#7245,#5713,#5714);
#5080=AXIS2_PLACEMENT_3D('',#7249,#5716,#5717);
#5081=AXIS2_PLACEMENT_3D('',#7253,#5719,#5720);
#5082=AXIS2_PLACEMENT_3D('',#7255,#5721,#5722);
#5083=AXIS2_PLACEMENT_3D('',#7260,#5724,#5725);
#5084=AXIS2_PLACEMENT_3D('',#7262,#5726,#5727);
#5085=AXIS2_PLACEMENT_3D('',#7265,#5728,#5729);
#5086=AXIS2_PLACEMENT_3D('',#7269,#5731,#5732);
#5087=AXIS2_PLACEMENT_3D('',#7273,#5734,#5735);
#5088=AXIS2_PLACEMENT_3D('',#7275,#5736,#5737);
#5089=AXIS2_PLACEMENT_3D('',#7278,#5738,#5739);
#5090=AXIS2_PLACEMENT_3D('',#7282,#5741,#5742);
#5091=AXIS2_PLACEMENT_3D('',#7283,#5743,#5744);
#5092=AXIS2_PLACEMENT_3D('',#7286,#5745,#5746);
#5093=AXIS2_PLACEMENT_3D('',#7289,#5747,#5748);
#5094=AXIS2_PLACEMENT_3D('',#7292,#5749,#5750);
#5095=AXIS2_PLACEMENT_3D('',#7295,#5751,#5752);
#5096=AXIS2_PLACEMENT_3D('',#7298,#5753,#5754);
#5097=AXIS2_PLACEMENT_3D('',#7301,#5755,#5756);
#5098=AXIS2_PLACEMENT_3D('',#7304,#5757,#5758);
#5099=AXIS2_PLACEMENT_3D('',#7307,#5759,#5760);
#5100=AXIS2_PLACEMENT_3D('',#7310,#5761,#5762);
#5101=AXIS2_PLACEMENT_3D('',#7313,#5763,#5764);
#5102=AXIS2_PLACEMENT_3D('',#7316,#5765,#5766);
#5103=AXIS2_PLACEMENT_3D('',#7319,#5767,#5768);
#5104=AXIS2_PLACEMENT_3D('',#7322,#5769,#5770);
#5105=AXIS2_PLACEMENT_3D('',#7325,#5771,#5772);
#5106=AXIS2_PLACEMENT_3D('',#7328,#5773,#5774);
#5107=AXIS2_PLACEMENT_3D('',#7331,#5775,#5776);
#5108=AXIS2_PLACEMENT_3D('',#7334,#5777,#5778);
#5109=AXIS2_PLACEMENT_3D('',#7337,#5779,#5780);
#5110=AXIS2_PLACEMENT_3D('',#7340,#5781,#5782);
#5111=AXIS2_PLACEMENT_3D('',#7343,#5783,#5784);
#5112=AXIS2_PLACEMENT_3D('',#7346,#5785,#5786);
#5113=AXIS2_PLACEMENT_3D('',#7349,#5787,#5788);
#5114=AXIS2_PLACEMENT_3D('',#7352,#5789,#5790);
#5115=AXIS2_PLACEMENT_3D('',#7355,#5791,#5792);
#5116=AXIS2_PLACEMENT_3D('',#7358,#5793,#5794);
#5117=AXIS2_PLACEMENT_3D('',#7361,#5795,#5796);
#5118=AXIS2_PLACEMENT_3D('',#7364,#5797,#5798);
#5119=AXIS2_PLACEMENT_3D('',#7367,#5799,#5800);
#5120=AXIS2_PLACEMENT_3D('',#7370,#5801,#5802);
#5121=AXIS2_PLACEMENT_3D('',#7373,#5803,#5804);
#5122=AXIS2_PLACEMENT_3D('',#7376,#5805,#5806);
#5123=AXIS2_PLACEMENT_3D('',#7379,#5807,#5808);
#5124=AXIS2_PLACEMENT_3D('',#7382,#5809,#5810);
#5125=AXIS2_PLACEMENT_3D('',#7385,#5811,#5812);
#5126=AXIS2_PLACEMENT_3D('',#7388,#5813,#5814);
#5127=AXIS2_PLACEMENT_3D('',#7391,#5815,#5816);
#5128=AXIS2_PLACEMENT_3D('',#7394,#5817,#5818);
#5129=AXIS2_PLACEMENT_3D('',#7397,#5819,#5820);
#5130=AXIS2_PLACEMENT_3D('',#7400,#5821,#5822);
#5131=AXIS2_PLACEMENT_3D('',#7403,#5823,#5824);
#5132=AXIS2_PLACEMENT_3D('',#7406,#5825,#5826);
#5133=AXIS2_PLACEMENT_3D('',#7409,#5827,#5828);
#5134=AXIS2_PLACEMENT_3D('',#7412,#5829,#5830);
#5135=AXIS2_PLACEMENT_3D('',#7415,#5831,#5832);
#5136=AXIS2_PLACEMENT_3D('',#7418,#5833,#5834);
#5137=AXIS2_PLACEMENT_3D('',#7421,#5835,#5836);
#5138=AXIS2_PLACEMENT_3D('',#7424,#5837,#5838);
#5139=AXIS2_PLACEMENT_3D('',#7427,#5839,#5840);
#5140=AXIS2_PLACEMENT_3D('',#7430,#5841,#5842);
#5141=AXIS2_PLACEMENT_3D('',#7436,#5844,#5845);
#5142=AXIS2_PLACEMENT_3D('',#7440,#5847,#5848);
#5143=AXIS2_PLACEMENT_3D('',#7442,#5849,#5850);
#5144=AXIS2_PLACEMENT_3D('',#7445,#5851,#5852);
#5145=AXIS2_PLACEMENT_3D('',#7449,#5854,#5855);
#5146=AXIS2_PLACEMENT_3D('',#7453,#5857,#5858);
#5147=AXIS2_PLACEMENT_3D('',#7455,#5859,#5860);
#5148=AXIS2_PLACEMENT_3D('',#7458,#5861,#5862);
#5149=AXIS2_PLACEMENT_3D('',#7459,#5863,#5864);
#5150=AXIS2_PLACEMENT_3D('',#7462,#5865,#5866);
#5151=AXIS2_PLACEMENT_3D('',#7465,#5867,#5868);
#5152=AXIS2_PLACEMENT_3D('',#7469,#5870,#5871);
#5153=AXIS2_PLACEMENT_3D('',#7473,#5873,#5874);
#5154=AXIS2_PLACEMENT_3D('',#7475,#5875,#5876);
#5155=AXIS2_PLACEMENT_3D('',#7478,#5877,#5878);
#5156=AXIS2_PLACEMENT_3D('',#7482,#5880,#5881);
#5157=AXIS2_PLACEMENT_3D('',#7485,#5883,$);
#5158=AXIS2_PLACEMENT_3D('',#7486,#5884,$);
#5159=AXIS2_PLACEMENT_3D('',#7492,#5888,#5889);
#5160=AXIS2_PLACEMENT_3D('',#7496,#5891,#5892);
#5161=AXIS2_PLACEMENT_3D('',#7497,#5893,#5894);
#5162=AXIS2_PLACEMENT_3D('',#7498,#5895,$);
#5163=AXIS2_PLACEMENT_3D('',#7501,#5898,$);
#5164=AXIS2_PLACEMENT_3D('',#7505,#5901,#5902);
#5165=AXIS2_PLACEMENT_3D('',#7508,#5904,#5905);
#5166=AXIS2_PLACEMENT_3D('',#7509,#5906,$);
#5167=AXIS2_PLACEMENT_3D('',#7511,#5908,$);
#5168=AXIS2_PLACEMENT_3D('',#7517,#5912,#5913);
#5169=AXIS2_PLACEMENT_3D('',#7521,#5915,#5916);
#5170=AXIS2_PLACEMENT_3D('',#7522,#5917,#5918);
#5171=AXIS2_PLACEMENT_3D('',#7523,#5919,$);
#5172=AXIS2_PLACEMENT_3D('',#7526,#5922,$);
#5173=AXIS2_PLACEMENT_3D('',#7527,#5923,#5924);
#5174=AXIS2_PLACEMENT_3D('',#7530,#5925,$);
#5175=AXIS2_PLACEMENT_3D('',#7536,#5929,$);
#5176=AXIS2_PLACEMENT_3D('',#7540,#5932,$);
#5177=AXIS2_PLACEMENT_3D('',#7546,#5936,$);
#5178=AXIS2_PLACEMENT_3D('',#7550,#5939,$);
#5179=AXIS2_PLACEMENT_3D('',#7556,#5943,#5944);
#5180=AXIS2_PLACEMENT_3D('',#7560,#5946,#5947);
#5181=AXIS2_PLACEMENT_3D('',#7561,#5948,#5949);
#5182=AXIS2_PLACEMENT_3D('',#7562,#5950,$);
#5183=AXIS2_PLACEMENT_3D('',#7565,#5953,$);
#5184=AXIS2_PLACEMENT_3D('',#7569,#5956,$);
#5185=AXIS2_PLACEMENT_3D('',#7573,#5959,$);
#5186=AXIS2_PLACEMENT_3D('',#7577,#5962,#5963);
#5187=AXIS2_PLACEMENT_3D('',#7580,#5965,#5966);
#5188=AXIS2_PLACEMENT_3D('',#7581,#5967,$);
#5189=AXIS2_PLACEMENT_3D('',#7583,#5969,$);
#5190=AXIS2_PLACEMENT_3D('',#7589,#5973,$);
#5191=AXIS2_PLACEMENT_3D('',#7593,#5976,#5977);
#5192=AXIS2_PLACEMENT_3D('',#7596,#5978,$);
#5193=AXIS2_PLACEMENT_3D('',#7597,#5979,$);
#5194=AXIS2_PLACEMENT_3D('',#7601,#5982,#5983);
#5195=AXIS2_PLACEMENT_3D('',#7602,#5984,#5985);
#5196=AXIS2_PLACEMENT_3D('',#7603,#5986,#5987);
#5197=AXIS2_PLACEMENT_3D('',#7607,#5989,#5990);
#5198=AXIS2_PLACEMENT_3D('',#7611,#5992,#5993);
#5199=AXIS2_PLACEMENT_3D('',#7612,#5994,$);
#5200=AXIS2_PLACEMENT_3D('',#7613,#5995,#5996);
#5201=AXIS2_PLACEMENT_3D('',#7616,#5997,$);
#5202=AXIS2_PLACEMENT_3D('',#7617,#5998,#5999);
#5203=AXIS2_PLACEMENT_3D('',#7620,#6000,$);
#5204=AXIS2_PLACEMENT_3D('',#7627,#6005,#6006);
#5205=AXIS2_PLACEMENT_3D('',#7630,#6009,#6010);
#5206=AXIS2_PLACEMENT_3D('',#7635,#6013,#6014);
#5207=AXIS2_PLACEMENT_3D('',#7636,#6015,#6016);
#5208=AXIS2_PLACEMENT_3D('',#7641,#6019,#6020);
#5209=AXIS2_PLACEMENT_3D('',#7642,#6021,#6022);
#5210=AXIS2_PLACEMENT_3D('',#7647,#6025,#6026);
#5211=AXIS2_PLACEMENT_3D('',#7648,#6027,#6028);
#5212=AXIS2_PLACEMENT_3D('',#7653,#6031,#6032);
#5213=AXIS2_PLACEMENT_3D('',#7654,#6033,#6034);
#5214=AXIS2_PLACEMENT_3D('',#7659,#6037,#6038);
#5215=AXIS2_PLACEMENT_3D('',#7660,#6039,#6040);
#5216=AXIS2_PLACEMENT_3D('',#7665,#6043,#6044);
#5217=AXIS2_PLACEMENT_3D('',#7666,#6045,#6046);
#5218=AXIS2_PLACEMENT_3D('',#7671,#6049,#6050);
#5219=AXIS2_PLACEMENT_3D('',#7672,#6051,#6052);
#5220=AXIS2_PLACEMENT_3D('',#7677,#6055,#6056);
#5221=AXIS2_PLACEMENT_3D('',#7678,#6057,#6058);
#5222=AXIS2_PLACEMENT_3D('',#7683,#6061,#6062);
#5223=AXIS2_PLACEMENT_3D('',#7684,#6063,#6064);
#5224=AXIS2_PLACEMENT_3D('',#7689,#6067,#6068);
#5225=AXIS2_PLACEMENT_3D('',#7690,#6069,#6070);
#5226=AXIS2_PLACEMENT_3D('',#7695,#6073,#6074);
#5227=AXIS2_PLACEMENT_3D('',#7696,#6075,#6076);
#5228=AXIS2_PLACEMENT_3D('',#7701,#6079,#6080);
#5229=AXIS2_PLACEMENT_3D('',#7702,#6081,#6082);
#5230=AXIS2_PLACEMENT_3D('',#7707,#6085,#6086);
#5231=AXIS2_PLACEMENT_3D('',#7708,#6087,#6088);
#5232=AXIS2_PLACEMENT_3D('',#7713,#6091,#6092);
#5233=AXIS2_PLACEMENT_3D('',#7714,#6093,#6094);
#5234=AXIS2_PLACEMENT_3D('',#7719,#6097,#6098);
#5235=AXIS2_PLACEMENT_3D('',#7720,#6099,#6100);
#5236=AXIS2_PLACEMENT_3D('',#7725,#6103,#6104);
#5237=AXIS2_PLACEMENT_3D('',#7726,#6105,#6106);
#5238=AXIS2_PLACEMENT_3D('',#7731,#6109,#6110);
#5239=AXIS2_PLACEMENT_3D('',#7732,#6111,#6112);
#5240=AXIS2_PLACEMENT_3D('',#7737,#6115,#6116);
#5241=AXIS2_PLACEMENT_3D('',#7738,#6117,#6118);
#5242=AXIS2_PLACEMENT_3D('',#7743,#6121,#6122);
#5243=AXIS2_PLACEMENT_3D('',#7744,#6123,#6124);
#5244=AXIS2_PLACEMENT_3D('',#7749,#6127,#6128);
#5245=AXIS2_PLACEMENT_3D('',#7750,#6129,#6130);
#5246=AXIS2_PLACEMENT_3D('',#7755,#6133,#6134);
#5247=AXIS2_PLACEMENT_3D('',#7756,#6135,#6136);
#5248=AXIS2_PLACEMENT_3D('',#7761,#6139,#6140);
#5249=AXIS2_PLACEMENT_3D('',#7762,#6141,#6142);
#5250=AXIS2_PLACEMENT_3D('',#7767,#6145,#6146);
#5251=AXIS2_PLACEMENT_3D('',#7768,#6147,#6148);
#5252=AXIS2_PLACEMENT_3D('',#7773,#6151,#6152);
#5253=AXIS2_PLACEMENT_3D('',#7774,#6153,#6154);
#5254=AXIS2_PLACEMENT_3D('',#7779,#6157,#6158);
#5255=AXIS2_PLACEMENT_3D('',#7780,#6159,$);
#5256=AXIS2_PLACEMENT_3D('',#7786,#6163,$);
#5257=AXIS2_PLACEMENT_3D('',#7790,#6166,#6167);
#5258=AXIS2_PLACEMENT_3D('',#7793,#6169,#6170);
#5259=AXIS2_PLACEMENT_3D('',#7796,#6172,$);
#5260=AXIS2_PLACEMENT_3D('',#7800,#6175,#6176);
#5261=AXIS2_PLACEMENT_3D('',#7803,#6178,#6179);
#5262=AXIS2_PLACEMENT_3D('',#7806,#6181,#6182);
#5263=AXIS2_PLACEMENT_3D('',#7811,#6185,#6186);
#5264=AXIS2_PLACEMENT_3D('',#7812,#6187,#6188);
#5265=AXIS2_PLACEMENT_3D('',#7815,#6190,#6191);
#5266=AXIS2_PLACEMENT_3D('',#7816,#6192,$);
#5267=AXIS2_PLACEMENT_3D('',#7820,#6195,#6196);
#5268=AXIS2_PLACEMENT_3D('',#7823,#6198,#6199);
#5269=AXIS2_PLACEMENT_3D('',#7824,#6200,$);
#5270=AXIS2_PLACEMENT_3D('',#7828,#6203,#6204);
#5271=AXIS2_PLACEMENT_3D('',#7831,#6206,#6207);
#5272=AXIS2_PLACEMENT_3D('',#7832,#6208,#6209);
#5273=AXIS2_PLACEMENT_3D('',#7837,#6212,#6213);
#5274=AXIS2_PLACEMENT_3D('',#7838,#6214,#6215);
#5275=AXIS2_PLACEMENT_3D('',#7841,#6217,#6218);
#5276=AXIS2_PLACEMENT_3D('',#7842,#6219,$);
#5277=AXIS2_PLACEMENT_3D('',#7846,#6222,#6223);
#5278=AXIS2_PLACEMENT_3D('',#7849,#6225,#6226);
#5279=AXIS2_PLACEMENT_3D('',#7850,#6227,$);
#5280=AXIS2_PLACEMENT_3D('',#7852,#6229,#6230);
#5281=AXIS2_PLACEMENT_3D('',#7853,#6231,#6232);
#5282=AXIS2_PLACEMENT_3D('',#7856,#6234,#6235);
#5283=AXIS2_PLACEMENT_3D('',#7859,#6237,#6238);
#5284=AXIS2_PLACEMENT_3D('',#7860,#6239,$);
#5285=AXIS2_PLACEMENT_3D('',#7864,#6242,#6243);
#5286=AXIS2_PLACEMENT_3D('',#7865,#6244,#6245);
#5287=AXIS2_PLACEMENT_3D('',#7866,#6246,$);
#5288=AXIS2_PLACEMENT_3D('',#7868,#6248,$);
#5289=AXIS2_PLACEMENT_3D('',#7871,#6251,#6252);
#5290=AXIS2_PLACEMENT_3D('',#7873,#6254,$);
#5291=AXIS2_PLACEMENT_3D('',#7875,#6256,#6257);
#5292=AXIS2_PLACEMENT_3D('',#7877,#6259,#6260);
#5293=AXIS2_PLACEMENT_3D('',#7880,#6263,#6264);
#5294=AXIS2_PLACEMENT_3D('',#7882,#6266,$);
#5295=AXIS2_PLACEMENT_3D('',#7884,#6268,#6269);
#5296=AXIS2_PLACEMENT_3D('',#7886,#6271,$);
#5297=AXIS2_PLACEMENT_3D('',#7888,#6273,#6274);
#5298=AXIS2_PLACEMENT_3D('',#7890,#6276,#6277);
#5299=AXIS2_PLACEMENT_3D('',#7893,#6280,#6281);
#5300=AXIS2_PLACEMENT_3D('',#7894,#6282,#6283);
#5301=AXIS2_PLACEMENT_3D('',#7897,#6286,$);
#5302=AXIS2_PLACEMENT_3D('',#7899,#6288,#6289);
#5303=AXIS2_PLACEMENT_3D('',#7900,#6290,$);
#5304=AXIS2_PLACEMENT_3D('',#7901,#6291,#6292);
#5305=AXIS2_PLACEMENT_3D('',#7904,#6294,#6295);
#5306=AXIS2_PLACEMENT_3D('',#7907,#6297,$);
#5307=AXIS2_PLACEMENT_3D('',#7908,#6298,#6299);
#5308=AXIS2_PLACEMENT_3D('',#7911,#6300,#6301);
#5309=AXIS2_PLACEMENT_3D('',#7914,#6304,#6305);
#5310=AXIS2_PLACEMENT_3D('',#7917,#6308,$);
#5311=AXIS2_PLACEMENT_3D('',#7918,#6309,$);
#5312=AXIS2_PLACEMENT_3D('',#7919,#6310,#6311);
#5313=AXIS2_PLACEMENT_3D('',#7922,#6313,#6314);
#5314=AXIS2_PLACEMENT_3D('',#7925,#6316,#6317);
#5315=AXIS2_PLACEMENT_3D('',#7928,#6319,#6320);
#5316=AXIS2_PLACEMENT_3D('',#7931,#6322,#6323);
#5317=AXIS2_PLACEMENT_3D('',#7934,#6325,#6326);
#5318=AXIS2_PLACEMENT_3D('',#7937,#6328,#6329);
#5319=AXIS2_PLACEMENT_3D('',#7940,#6331,#6332);
#5320=AXIS2_PLACEMENT_3D('',#7943,#6334,#6335);
#5321=AXIS2_PLACEMENT_3D('',#7946,#6337,#6338);
#5322=AXIS2_PLACEMENT_3D('',#7949,#6340,#6341);
#5323=AXIS2_PLACEMENT_3D('',#7952,#6343,#6344);
#5324=AXIS2_PLACEMENT_3D('',#7955,#6346,#6347);
#5325=AXIS2_PLACEMENT_3D('',#7958,#6349,#6350);
#5326=AXIS2_PLACEMENT_3D('',#7961,#6352,#6353);
#5327=AXIS2_PLACEMENT_3D('',#7964,#6355,#6356);
#5328=AXIS2_PLACEMENT_3D('',#7967,#6358,#6359);
#5329=AXIS2_PLACEMENT_3D('',#7970,#6361,#6362);
#5330=AXIS2_PLACEMENT_3D('',#7973,#6364,#6365);
#5331=AXIS2_PLACEMENT_3D('',#7976,#6367,#6368);
#5332=AXIS2_PLACEMENT_3D('',#7979,#6370,#6371);
#5333=AXIS2_PLACEMENT_3D('',#7982,#6373,#6374);
#5334=AXIS2_PLACEMENT_3D('',#7985,#6376,#6377);
#5335=AXIS2_PLACEMENT_3D('',#7988,#6379,#6380);
#5336=AXIS2_PLACEMENT_3D('',#7991,#6382,#6383);
#5337=AXIS2_PLACEMENT_3D('',#7994,#6385,#6386);
#5338=AXIS2_PLACEMENT_3D('',#7997,#6388,#6389);
#5339=AXIS2_PLACEMENT_3D('',#8000,#6391,#6392);
#5340=AXIS2_PLACEMENT_3D('',#8003,#6394,#6395);
#5341=AXIS2_PLACEMENT_3D('',#8006,#6397,#6398);
#5342=AXIS2_PLACEMENT_3D('',#8009,#6400,#6401);
#5343=AXIS2_PLACEMENT_3D('',#8012,#6403,#6404);
#5344=AXIS2_PLACEMENT_3D('',#8015,#6406,#6407);
#5345=AXIS2_PLACEMENT_3D('',#8018,#6409,#6410);
#5346=AXIS2_PLACEMENT_3D('',#8021,#6412,#6413);
#5347=AXIS2_PLACEMENT_3D('',#8024,#6415,#6416);
#5348=AXIS2_PLACEMENT_3D('',#8027,#6418,#6419);
#5349=AXIS2_PLACEMENT_3D('',#8030,#6421,#6422);
#5350=AXIS2_PLACEMENT_3D('',#8033,#6424,#6425);
#5351=AXIS2_PLACEMENT_3D('',#8036,#6427,#6428);
#5352=AXIS2_PLACEMENT_3D('',#8039,#6430,#6431);
#5353=AXIS2_PLACEMENT_3D('',#8042,#6433,#6434);
#5354=AXIS2_PLACEMENT_3D('',#8045,#6436,#6437);
#5355=AXIS2_PLACEMENT_3D('',#8048,#6439,#6440);
#5356=AXIS2_PLACEMENT_3D('',#8051,#6442,#6443);
#5357=AXIS2_PLACEMENT_3D('',#8054,#6445,#6446);
#5358=AXIS2_PLACEMENT_3D('',#8057,#6448,#6449);
#5359=AXIS2_PLACEMENT_3D('',#8060,#6451,#6452);
#5360=AXIS2_PLACEMENT_3D('',#8063,#6454,#6455);
#5361=AXIS2_PLACEMENT_3D('',#8066,#6457,#6458);
#5362=AXIS2_PLACEMENT_3D('',#8069,#6460,$);
#5363=AXIS2_PLACEMENT_3D('',#8075,#6464,$);
#5364=AXIS2_PLACEMENT_3D('',#8077,#6466,$);
#5365=AXIS2_PLACEMENT_3D('',#8079,#6468,$);
#5366=AXIS2_PLACEMENT_3D('',#8081,#6470,$);
#5367=AXIS2_PLACEMENT_3D('',#8082,#6471,#6472);
#5368=AXIS2_PLACEMENT_3D('',#8085,#6474,#6475);
#5369=AXIS2_PLACEMENT_3D('',#8088,#6477,$);
#5370=AXIS2_PLACEMENT_3D('',#8092,#6480,#6481);
#5371=AXIS2_PLACEMENT_3D('',#8095,#6483,#6484);
#5372=AXIS2_PLACEMENT_3D('',#8098,#6486,#6487);
#5373=AXIS2_PLACEMENT_3D('',#8101,#6489,#6490);
#5374=AXIS2_PLACEMENT_3D('',#8104,#6492,#6493);
#5375=AXIS2_PLACEMENT_3D('',#8105,#6494,#6495);
#5376=AXIS2_PLACEMENT_3D('',#8108,#6497,$);
#5377=AXIS2_PLACEMENT_3D('',#8112,#6500,#6501);
#5378=AXIS2_PLACEMENT_3D('',#8113,#6502,#6503);
#5379=AXIS2_PLACEMENT_3D('',#8116,#6505,$);
#5380=AXIS2_PLACEMENT_3D('',#8120,#6508,#6509);
#5381=AXIS2_PLACEMENT_3D('',#8121,#6510,#6511);
#5382=AXIS2_PLACEMENT_3D('',#8124,#6513,#6514);
#5383=AXIS2_PLACEMENT_3D('',#8127,#6516,#6517);
#5384=AXIS2_PLACEMENT_3D('',#8130,#6519,#6520);
#5385=AXIS2_PLACEMENT_3D('',#8131,#6521,#6522);
#5386=AXIS2_PLACEMENT_3D('',#8134,#6524,$);
#5387=AXIS2_PLACEMENT_3D('',#8138,#6527,#6528);
#5388=AXIS2_PLACEMENT_3D('',#8139,#6529,#6530);
#5389=AXIS2_PLACEMENT_3D('',#8142,#6532,$);
#5390=AXIS2_PLACEMENT_3D('',#8144,#6534,#6535);
#5391=AXIS2_PLACEMENT_3D('',#8147,#6537,#6538);
#5392=AXIS2_PLACEMENT_3D('',#8148,#6539,#6540);
#5393=AXIS2_PLACEMENT_3D('',#8149,#6541,#6542);
#5394=AXIS2_PLACEMENT_3D('',#8152,#6544,$);
#5395=AXIS2_PLACEMENT_3D('',#8156,#6547,#6548);
#5396=AXIS2_PLACEMENT_3D('',#8157,#6549,#6550);
#5397=AXIS2_PLACEMENT_3D('',#8158,#6551,$);
#5398=AXIS2_PLACEMENT_3D('',#8160,#6553,$);
#5399=AXIS2_PLACEMENT_3D('',#8166,#6557,#6558);
#5400=AXIS2_PLACEMENT_3D('',#8167,#6559,#6560);
#5401=AXIS2_PLACEMENT_3D('',#8170,#6562,$);
#5402=AXIS2_PLACEMENT_3D('',#8174,#6565,#6566);
#5403=AXIS2_PLACEMENT_3D('',#8175,#6567,#6568);
#5404=AXIS2_PLACEMENT_3D('',#8178,#6570,#6571);
#5405=AXIS2_PLACEMENT_3D('',#8181,#6573,#6574);
#5406=AXIS2_PLACEMENT_3D('',#8184,#6576,#6577);
#5407=AXIS2_PLACEMENT_3D('',#8185,#6578,#6579);
#5408=AXIS2_PLACEMENT_3D('',#8188,#6581,$);
#5409=AXIS2_PLACEMENT_3D('',#8192,#6584,#6585);
#5410=AXIS2_PLACEMENT_3D('',#8193,#6586,#6587);
#5411=AXIS2_PLACEMENT_3D('',#8196,#6589,$);
#5412=AXIS2_PLACEMENT_3D('',#8200,#6592,#6593);
#5413=AXIS2_PLACEMENT_3D('',#8201,#6594,#6595);
#5414=AXIS2_PLACEMENT_3D('',#8204,#6597,#6598);
#5415=AXIS2_PLACEMENT_3D('',#8207,#6600,#6601);
#5416=AXIS2_PLACEMENT_3D('',#8210,#6603,#6604);
#5417=AXIS2_PLACEMENT_3D('',#8211,#6605,#6606);
#5418=AXIS2_PLACEMENT_3D('',#8212,#6607,$);
#5419=AXIS2_PLACEMENT_3D('',#8213,#6608,$);
#5420=AXIS2_PLACEMENT_3D('',#8214,#6609,#6610);
#5421=AXIS2_PLACEMENT_3D('',#8215,#6611,#6612);
#5422=AXIS2_PLACEMENT_3D('',#8216,#6613,#6614);
#5423=AXIS2_PLACEMENT_3D('',#8217,#6615,#6616);
#5424=AXIS2_PLACEMENT_3D('',#8218,#6617,#6618);
#5425=AXIS2_PLACEMENT_3D('',#8219,#6619,#6620);
#5426=AXIS2_PLACEMENT_3D('',#8220,#6621,#6622);
#5427=AXIS2_PLACEMENT_3D('',#8221,#6623,#6624);
#5428=AXIS2_PLACEMENT_3D('',#8222,#6625,#6626);
#5429=AXIS2_PLACEMENT_3D('',#8223,#6627,#6628);
#5430=AXIS2_PLACEMENT_3D('',#8224,#6629,#6630);
#5431=AXIS2_PLACEMENT_3D('',#8225,#6631,#6632);
#5432=AXIS2_PLACEMENT_3D('',#8226,#6633,#6634);
#5433=AXIS2_PLACEMENT_3D('',#8227,#6635,#6636);
#5434=AXIS2_PLACEMENT_3D('',#8228,#6637,#6638);
#5435=AXIS2_PLACEMENT_3D('',#8229,#6639,#6640);
#5436=AXIS2_PLACEMENT_3D('',#8230,#6641,#6642);
#5437=AXIS2_PLACEMENT_3D('',#8231,#6643,#6644);
#5438=AXIS2_PLACEMENT_3D('',#8232,#6645,#6646);
#5439=AXIS2_PLACEMENT_3D('',#8233,#6647,#6648);
#5440=AXIS2_PLACEMENT_3D('',#8234,#6649,#6650);
#5441=AXIS2_PLACEMENT_3D('',#8235,#6651,#6652);
#5442=AXIS2_PLACEMENT_3D('',#8236,#6653,#6654);
#5443=AXIS2_PLACEMENT_3D('',#8237,#6655,#6656);
#5444=AXIS2_PLACEMENT_3D('',#8238,#6657,#6658);
#5445=AXIS2_PLACEMENT_3D('',#8239,#6659,#6660);
#5446=AXIS2_PLACEMENT_3D('',#8240,#6661,#6662);
#5447=AXIS2_PLACEMENT_3D('',#8241,#6663,#6664);
#5448=AXIS2_PLACEMENT_3D('',#8242,#6665,#6666);
#5449=AXIS2_PLACEMENT_3D('',#8243,#6667,#6668);
#5450=AXIS2_PLACEMENT_3D('',#8244,#6669,#6670);
#5451=AXIS2_PLACEMENT_3D('',#8245,#6671,#6672);
#5452=AXIS2_PLACEMENT_3D('',#8246,#6673,#6674);
#5453=AXIS2_PLACEMENT_3D('',#8247,#6675,#6676);
#5454=AXIS2_PLACEMENT_3D('',#8248,#6677,#6678);
#5455=AXIS2_PLACEMENT_3D('',#8249,#6679,#6680);
#5456=AXIS2_PLACEMENT_3D('',#8250,#6681,#6682);
#5457=AXIS2_PLACEMENT_3D('',#8251,#6683,#6684);
#5458=AXIS2_PLACEMENT_3D('',#8252,#6685,#6686);
#5459=AXIS2_PLACEMENT_3D('',#8253,#6687,#6688);
#5460=AXIS2_PLACEMENT_3D('',#8254,#6689,#6690);
#5461=AXIS2_PLACEMENT_3D('',#8255,#6691,#6692);
#5462=AXIS2_PLACEMENT_3D('',#8256,#6693,#6694);
#5463=AXIS2_PLACEMENT_3D('',#8257,#6695,#6696);
#5464=AXIS2_PLACEMENT_3D('',#8258,#6697,#6698);
#5465=AXIS2_PLACEMENT_3D('',#8259,#6699,#6700);
#5466=AXIS2_PLACEMENT_3D('',#8260,#6701,#6702);
#5467=AXIS2_PLACEMENT_3D('',#8261,#6703,#6704);
#5468=AXIS2_PLACEMENT_3D('',#8262,#6705,#6706);
#5469=AXIS2_PLACEMENT_3D('',#8263,#6707,#6708);
#5470=AXIS2_PLACEMENT_3D('',#8264,#6709,#6710);
#5471=AXIS2_PLACEMENT_3D('',#8265,#6711,#6712);
#5472=AXIS2_PLACEMENT_3D('',#8266,#6713,#6714);
#5473=AXIS2_PLACEMENT_3D('',#8267,#6715,#6716);
#5474=AXIS2_PLACEMENT_3D('',#8268,#6717,#6718);
#5475=AXIS2_PLACEMENT_3D('',#8269,#6719,#6720);
#5476=AXIS2_PLACEMENT_3D('',#8270,#6721,#6722);
#5477=AXIS2_PLACEMENT_3D('',#8271,#6723,#6724);
#5478=AXIS2_PLACEMENT_3D('',#8272,#6725,#6726);
#5479=AXIS2_PLACEMENT_3D('',#8273,#6727,#6728);
#5480=AXIS2_PLACEMENT_3D('',#8274,#6729,#6730);
#5481=AXIS2_PLACEMENT_3D('',#8275,#6731,#6732);
#5482=DIRECTION('',(0.,-0.707106781186548,0.707106781186548));
#5483=DIRECTION('',(1.,0.,0.));
#5484=DIRECTION('',(-7.88860905221012E-31,0.707106781186547,0.707106781186547));
#5485=DIRECTION('',(-1.,0.,0.));
#5486=DIRECTION('',(0.,0.,-1.));
#5487=DIRECTION('',(3.10862446895045E-14,-3.50000000000004,0.));
#5488=DIRECTION('',(-0.707106781186547,5.62721137192265E-13,0.707106781186547));
#5489=DIRECTION('',(0.,0.,-1.));
#5490=DIRECTION('',(2.66453525910038E-14,-3.00000000000004,0.));
#5491=DIRECTION('',(0.,0.,1.));
#5492=DIRECTION('',(3.5527136788005E-14,-4.00000000000004,0.));
#5493=DIRECTION('',(0.707106781186548,-4.35225654402657E-15,0.707106781186548));
#5494=DIRECTION('',(-0.707106781186547,0.,0.707106781186547));
#5495=DIRECTION('',(0.,-1.,0.));
#5496=DIRECTION('',(0.,1.,0.));
#5497=DIRECTION('',(0.,0.,-1.));
#5498=DIRECTION('',(0.,9.272058490763,0.));
#5499=DIRECTION('',(7.03401421490331E-13,-0.707106781186547,0.707106781186547));
#5500=DIRECTION('',(0.,0.,-1.));
#5501=DIRECTION('',(0.,8.77205849076299,0.));
#5502=DIRECTION('',(0.,0.,1.));
#5503=DIRECTION('',(0.,9.772058490763,0.));
#5504=DIRECTION('',(-6.30822550817881E-13,0.707106781186805,0.70710678118629));
#5505=DIRECTION('',(1.,8.04210232585829E-13,0.));
#5506=DIRECTION('',(-1.,-8.92690731419047E-13,2.11005471151374E-10));
#5507=DIRECTION('',(-8.92117806817113E-13,1.,0.));
#5508=DIRECTION('',(0.,0.,1.));
#5509=DIRECTION('',(1.,8.86711032231082E-13,0.));
#5510=DIRECTION('',(0.,1.829117171419E-13,1.));
#5511=DIRECTION('',(0.,0.,1.));
#5512=DIRECTION('',(0.,-9.772058490763,0.));
#5513=DIRECTION('',(0.,0.,1.));
#5514=DIRECTION('',(0.,0.,-1.));
#5515=DIRECTION('',(0.,9.772058490763,0.));
#5516=DIRECTION('',(1.,-6.15502023148943E-15,0.));
#5517=DIRECTION('',(0.,0.,1.));
#5518=DIRECTION('',(0.,-1.,0.));
#5519=DIRECTION('',(0.,0.,1.));
#5520=DIRECTION('',(3.5527136788005E-14,-4.00000000000004,0.));
#5521=DIRECTION('',(0.,0.,1.));
#5522=DIRECTION('',(0.,0.,-1.));
#5523=DIRECTION('',(3.5527136788005E-14,-4.00000000000004,0.));
#5524=DIRECTION('',(0.,-1.,0.));
#5525=DIRECTION('',(1.,0.,0.));
#5526=DIRECTION('',(1.,0.,0.));
#5527=DIRECTION('',(0.,0.,1.));
#5528=DIRECTION('',(-1.,0.,0.));
#5529=DIRECTION('',(0.,0.,-1.));
#5530=DIRECTION('',(0.,-14.272058490763,0.));
#5531=DIRECTION('',(0.,0.,1.));
#5532=DIRECTION('',(0.,9.77205849076299,0.));
#5533=DIRECTION('',(-0.707106781186548,-4.56652668872294E-13,-0.707106781186548));
#5534=DIRECTION('',(0.,0.,1.));
#5535=DIRECTION('',(0.,-18.772058490763,0.));
#5536=DIRECTION('',(0.,-0.707106781186548,0.707106781186548));
#5537=DIRECTION('',(-1.,0.,0.));
#5538=DIRECTION('',(-7.88860905221012E-31,-0.707106781186547,-0.707106781186547));
#5539=DIRECTION('',(0.,0.,-1.));
#5540=DIRECTION('',(-3.10862446895045E-14,-3.50000000000004,0.));
#5541=DIRECTION('',(-0.707106781186547,-5.62721137192265E-13,-0.707106781186547));
#5542=DIRECTION('',(0.,0.,1.));
#5543=DIRECTION('',(-3.5527136788005E-14,-4.00000000000004,0.));
#5544=DIRECTION('',(0.,0.,-1.));
#5545=DIRECTION('',(-2.66453525910038E-14,-3.00000000000004,0.));
#5546=DIRECTION('',(-0.707106781186541,-4.35225654402653E-15,0.707106781186554));
#5547=DIRECTION('',(-0.707106781186547,0.,-0.707106781186547));
#5548=DIRECTION('',(0.,-1.,0.));
#5549=DIRECTION('',(0.,1.,0.));
#5550=DIRECTION('',(0.,0.,-1.));
#5551=DIRECTION('',(0.,9.272058490763,0.));
#5552=DIRECTION('',(7.03401421490331E-13,0.707106781186547,-0.707106781186547));
#5553=DIRECTION('',(0.,0.,1.));
#5554=DIRECTION('',(0.,9.772058490763,0.));
#5555=DIRECTION('',(0.,0.,-1.));
#5556=DIRECTION('',(0.,8.77205849076299,0.));
#5557=DIRECTION('',(6.30822550817881E-13,0.707106781186805,0.70710678118629));
#5558=DIRECTION('',(-1.,8.92690731435539E-13,-2.01741767743458E-10));
#5559=DIRECTION('',(1.,-8.04210232585829E-13,0.));
#5560=DIRECTION('',(0.,0.,1.));
#5561=DIRECTION('',(0.,0.,-1.));
#5562=DIRECTION('',(0.,9.77205849076299,0.));
#5563=DIRECTION('',(-6.91824274019784E-13,-1.,0.));
#5564=DIRECTION('',(0.,0.,-1.));
#5565=DIRECTION('',(2.55795384873636E-12,4.00000000000004,0.));
#5566=DIRECTION('',(0.,0.,-1.));
#5567=DIRECTION('',(-0.707106781186546,0.707106781186546,0.));
#5568=DIRECTION('',(0.707106781185778,0.707106781187317,0.));
#5569=DIRECTION('',(0.,0.,1.));
#5570=DIRECTION('',(0.353553390596382,-0.35355339059354,0.));
#5571=DIRECTION('',(-0.707106781186647,-0.707106781186448,0.));
#5572=DIRECTION('',(0.,0.,-1.));
#5573=DIRECTION('',(0.820792935868155,0.57122583662581,0.));
#5574=DIRECTION('',(0.,0.,1.));
#5575=DIRECTION('',(-7.5,0.,0.));
#5576=DIRECTION('',(0.,0.,-1.));
#5577=DIRECTION('',(0.707106781186155,-0.707106781186918,0.));
#5578=DIRECTION('',(-0.707106781186548,-0.707106781186548,0.));
#5579=DIRECTION('',(0.,0.,1.));
#5580=DIRECTION('',(-0.353553390593557,0.353553390594072,0.));
#5581=DIRECTION('',(0.707106781187245,0.707106781185849,0.));
#5582=DIRECTION('',(0.,0.,-1.));
#5583=DIRECTION('',(-0.820792935868528,-0.57122583662526,0.));
#5584=DIRECTION('',(0.,0.,1.));
#5585=DIRECTION('',(-7.5,0.,0.));
#5586=DIRECTION('',(0.,0.,-1.));
#5587=DIRECTION('',(0.,-14.272058490763,0.));
#5588=DIRECTION('',(0.,0.,1.));
#5589=DIRECTION('',(0.,-18.772058490763,0.));
#5590=DIRECTION('',(-0.707106781186548,4.56652668872294E-13,0.707106781186548));
#5591=DIRECTION('',(0.707106781186548,0.,0.707106781186548));
#5592=DIRECTION('',(0.,1.,0.));
#5593=DIRECTION('',(-0.707106781186548,0.,-0.707106781186548));
#5594=DIRECTION('',(9.77205849076244,0.,-9.77205849076244));
#5595=DIRECTION('',(0.,-1.,0.));
#5596=DIRECTION('',(1.,0.,0.));
#5597=DIRECTION('',(0.,0.,1.));
#5598=DIRECTION('',(0.,0.707106781186226,0.707106781186869));
#5599=DIRECTION('',(0.,-1.,0.));
#5600=DIRECTION('',(0.,0.,1.));
#5601=DIRECTION('',(0.,1.,0.));
#5602=DIRECTION('',(-0.707106781186548,0.,0.707106781186548));
#5603=DIRECTION('',(0.,1.,0.));
#5604=DIRECTION('',(0.707106781186548,0.,-0.707106781186548));
#5605=DIRECTION('',(-9.77205849076244,0.,-9.77205849076244));
#5606=DIRECTION('',(0.,-1.,0.));
#5607=DIRECTION('',(0.,0.,1.));
#5608=DIRECTION('',(0.,0.,-1.));
#5609=DIRECTION('',(9.77205849076242,0.,0.));
#5610=DIRECTION('',(-1.,5.17022155657506E-14,0.));
#5611=DIRECTION('',(0.,0.,-1.));
#5612=DIRECTION('',(-4.00000000000002,-1.24344978758017E-13,0.));
#5613=DIRECTION('',(-1.72340566481775E-14,1.,0.));
#5614=DIRECTION('',(0.,0.,-1.));
#5615=DIRECTION('',(9.77205849076242,0.,0.));
#5616=DIRECTION('',(-1.,0.,0.));
#5617=DIRECTION('',(0.,0.,1.));
#5618=DIRECTION('',(-9.77205849076242,0.,0.));
#5619=DIRECTION('',(1.72340566481775E-14,1.,0.));
#5620=DIRECTION('',(0.,0.,1.));
#5621=DIRECTION('',(4.00000000000002,-1.24344978758017E-13,0.));
#5622=DIRECTION('',(1.,5.17022155657506E-14,0.));
#5623=DIRECTION('',(0.,0.,1.));
#5624=DIRECTION('',(-9.77205849076242,0.,0.));
#5625=DIRECTION('',(0.,0.,1.));
#5626=DIRECTION('',(8.31335000839309E-12,13.,0.));
#5627=DIRECTION('',(6.22888047427042E-13,1.,0.));
#5628=DIRECTION('',(-1.,0.,0.));
#5629=DIRECTION('',(6.22888047427042E-13,-1.,0.));
#5630=DIRECTION('',(0.,0.,1.));
#5631=DIRECTION('',(-8.31335000839309E-12,13.,0.));
#5632=DIRECTION('',(0.,-1.,0.));
#5633=DIRECTION('',(1.,0.,0.));
#5634=DIRECTION('',(0.654653670707961,-0.755928946018468,0.));
#5635=DIRECTION('',(0.,-1.,0.));
#5636=DIRECTION('',(-0.654653670707961,-0.755928946018468,0.));
#5637=DIRECTION('',(-1.,0.,0.));
#5638=DIRECTION('',(0.,-1.,0.));
#5639=DIRECTION('',(-1.,5.58853837114686E-16,0.));
#5640=DIRECTION('',(0.,1.,0.));
#5641=DIRECTION('',(1.,0.,0.));
#5642=DIRECTION('',(-0.654653670707961,0.755928946018468,0.));
#5643=DIRECTION('',(0.,-1.,0.));
#5644=DIRECTION('',(0.654653670707961,0.755928946018468,0.));
#5645=DIRECTION('',(-1.,0.,0.));
#5646=DIRECTION('',(0.,1.,0.));
#5647=DIRECTION('',(1.,0.,0.));
#5648=DIRECTION('',(0.,0.,-1.));
#5649=DIRECTION('',(5.43565192856474E-12,8.50000000000004,0.));
#5650=DIRECTION('',(-0.707106781186532,4.39905015979677E-13,0.707106781186563));
#5651=DIRECTION('',(6.30822550817948E-13,0.70710678118688,-0.707106781186215));
#5652=DIRECTION('',(0.,-0.707106781186226,-0.707106781186869));
#5653=DIRECTION('',(-1.,8.84744932381224E-13,0.));
#5654=DIRECTION('',(7.03401421490646E-13,0.707106781186231,0.707106781186864));
#5655=DIRECTION('',(1.,-8.86711032231082E-13,0.));
#5656=DIRECTION('',(0.,0.,1.));
#5657=DIRECTION('',(0.,9.272058490763,0.));
#5658=DIRECTION('',(0.,0.,1.));
#5659=DIRECTION('',(0.,8.77205849076299,0.));
#5660=DIRECTION('',(-0.707106781186547,0.,0.707106781186547));
#5661=DIRECTION('',(0.,0.,-1.));
#5662=DIRECTION('',(0.,9.772058490763,0.));
#5663=DIRECTION('',(-0.707106781186548,-4.35225654402657E-15,-0.707106781186548));
#5664=DIRECTION('',(0.,-1.,0.));
#5665=DIRECTION('',(-0.707106781186547,7.88860905221012E-31,0.707106781186547));
#5666=DIRECTION('',(0.,1.,0.));
#5667=DIRECTION('',(0.,0.,1.));
#5668=DIRECTION('',(-3.10862446895045E-14,-3.50000000000004,0.));
#5669=DIRECTION('',(0.,0.,1.));
#5670=DIRECTION('',(-2.66453525910038E-14,-3.00000000000004,0.));
#5671=DIRECTION('',(-7.88860905221012E-31,-0.707106781186547,0.707106781186547));
#5672=DIRECTION('',(0.,0.,-1.));
#5673=DIRECTION('',(-3.5527136788005E-14,-4.00000000000004,0.));
#5674=DIRECTION('',(0.,-0.707106781186548,-0.707106781186548));
#5675=DIRECTION('',(1.,0.,0.));
#5676=DIRECTION('',(7.88860905221012E-31,-0.707106781186547,0.707106781186547));
#5677=DIRECTION('',(0.,0.,1.));
#5678=DIRECTION('',(3.10862446895045E-14,-3.50000000000004,0.));
#5679=DIRECTION('',(0.707106781186547,-5.62721137192265E-13,0.707106781186547));
#5680=DIRECTION('',(0.,0.,1.));
#5681=DIRECTION('',(2.66453525910038E-14,-3.00000000000004,0.));
#5682=DIRECTION('',(0.707106781186548,-4.35225654402657E-15,-0.707106781186548));
#5683=DIRECTION('',(0.707106781186547,0.,0.707106781186547));
#5684=DIRECTION('',(0.,1.,0.));
#5685=DIRECTION('',(0.,0.,1.));
#5686=DIRECTION('',(0.,9.272058490763,0.));
#5687=DIRECTION('',(-7.03401421490331E-13,0.707106781186547,0.707106781186547));
#5688=DIRECTION('',(0.,0.,1.));
#5689=DIRECTION('',(0.,8.77205849076299,0.));
#5690=DIRECTION('',(-6.30822550817948E-13,0.70710678118688,-0.707106781186215));
#5691=DIRECTION('',(-1.,-7.60880641847852E-13,0.));
#5692=DIRECTION('',(0.,0.,1.));
#5693=DIRECTION('',(0.,-1.,0.));
#5694=DIRECTION('',(0.,0.,-1.));
#5695=DIRECTION('',(-3.99999999999995,-5.09317391816922E-6,0.));
#5696=DIRECTION('',(-1.,0.,0.));
#5697=DIRECTION('',(0.,0.,1.));
#5698=DIRECTION('',(3.99999999999995,-5.09317391816922E-6,0.));
#5699=DIRECTION('',(-1.,0.,0.));
#5700=DIRECTION('',(0.,-1.,0.));
#5701=DIRECTION('',(-1.,0.,0.));
#5702=DIRECTION('',(0.,-1.,0.));
#5703=DIRECTION('',(0.,0.,1.));
#5704=DIRECTION('',(0.707106781186546,0.707106781186546,0.));
#5705=DIRECTION('',(-0.707106781185778,0.707106781187317,0.));
#5706=DIRECTION('',(0.,0.,-1.));
#5707=DIRECTION('',(-0.353553390596382,-0.35355339059354,0.));
#5708=DIRECTION('',(0.707106781186647,-0.707106781186448,0.));
#5709=DIRECTION('',(0.,0.,1.));
#5710=DIRECTION('',(-0.820792935868155,0.57122583662581,0.));
#5711=DIRECTION('',(0.,0.,-1.));
#5712=DIRECTION('',(7.5,0.,0.));
#5713=DIRECTION('',(0.,0.,1.));
#5714=DIRECTION('',(-0.707106781186155,-0.707106781186918,0.));
#5715=DIRECTION('',(0.707106781186548,-0.707106781186548,0.));
#5716=DIRECTION('',(0.,0.,-1.));
#5717=DIRECTION('',(0.353553390593557,0.353553390594072,0.));
#5718=DIRECTION('',(-0.707106781187245,0.707106781185849,0.));
#5719=DIRECTION('',(0.,0.,1.));
#5720=DIRECTION('',(0.820792935868528,-0.57122583662526,0.));
#5721=DIRECTION('',(0.,0.,-1.));
#5722=DIRECTION('',(7.5,0.,0.));
#5723=DIRECTION('',(-0.707106781186548,-0.707106781186548,0.));
#5724=DIRECTION('',(0.,0.,1.));
#5725=DIRECTION('',(0.571225836625828,0.82079293586819,0.));
#5726=DIRECTION('',(0.,0.,-1.));
#5727=DIRECTION('',(7.5,0.,0.));
#5728=DIRECTION('',(0.,0.,1.));
#5729=DIRECTION('',(-0.707106781186581,0.707106781186493,0.));
#5730=DIRECTION('',(-0.707106781186377,-0.707106781186718,0.));
#5731=DIRECTION('',(0.,0.,-1.));
#5732=DIRECTION('',(0.353553390593273,-0.353553390593273,0.));
#5733=DIRECTION('',(0.707106781186548,0.707106781186548,0.));
#5734=DIRECTION('',(0.,0.,1.));
#5735=DIRECTION('',(-0.571225836625828,-0.82079293586819,0.));
#5736=DIRECTION('',(0.,0.,-1.));
#5737=DIRECTION('',(7.5,0.,0.));
#5738=DIRECTION('',(0.,0.,1.));
#5739=DIRECTION('',(0.7071067811866,-0.707106781186493,0.));
#5740=DIRECTION('',(0.707106781186481,0.707106781186614,0.));
#5741=DIRECTION('',(0.,0.,-1.));
#5742=DIRECTION('',(-0.353553390593273,0.353553390593273,0.));
#5743=DIRECTION('',(0.,0.,-1.));
#5744=DIRECTION('',(1.4,0.,0.));
#5745=DIRECTION('',(0.,0.,-1.));
#5746=DIRECTION('',(1.4,0.,0.));
#5747=DIRECTION('',(0.,0.,-1.));
#5748=DIRECTION('',(1.4,0.,0.));
#5749=DIRECTION('',(0.,0.,-1.));
#5750=DIRECTION('',(1.40000000000001,0.,0.));
#5751=DIRECTION('',(0.,0.,-1.));
#5752=DIRECTION('',(1.4,0.,0.));
#5753=DIRECTION('',(0.,0.,-1.));
#5754=DIRECTION('',(1.40000000000001,0.,0.));
#5755=DIRECTION('',(0.,0.,-1.));
#5756=DIRECTION('',(1.4,0.,0.));
#5757=DIRECTION('',(0.,0.,-1.));
#5758=DIRECTION('',(1.40000000000001,0.,0.));
#5759=DIRECTION('',(0.,0.,-1.));
#5760=DIRECTION('',(1.4,0.,0.));
#5761=DIRECTION('',(0.,0.,-1.));
#5762=DIRECTION('',(1.40000000000001,0.,0.));
#5763=DIRECTION('',(0.,0.,-1.));
#5764=DIRECTION('',(1.4,0.,0.));
#5765=DIRECTION('',(0.,0.,-1.));
#5766=DIRECTION('',(1.40000000000001,0.,0.));
#5767=DIRECTION('',(0.,0.,-1.));
#5768=DIRECTION('',(1.40000000000001,0.,0.));
#5769=DIRECTION('',(0.,0.,-1.));
#5770=DIRECTION('',(1.40000000000001,0.,0.));
#5771=DIRECTION('',(0.,0.,-1.));
#5772=DIRECTION('',(1.4,0.,0.));
#5773=DIRECTION('',(0.,0.,-1.));
#5774=DIRECTION('',(1.4,0.,0.));
#5775=DIRECTION('',(0.,0.,-1.));
#5776=DIRECTION('',(1.40000000000001,0.,0.));
#5777=DIRECTION('',(0.,0.,-1.));
#5778=DIRECTION('',(1.4,0.,0.));
#5779=DIRECTION('',(0.,0.,-1.));
#5780=DIRECTION('',(1.4,0.,0.));
#5781=DIRECTION('',(0.,0.,-1.));
#5782=DIRECTION('',(1.40000000000001,0.,0.));
#5783=DIRECTION('',(0.,0.,-1.));
#5784=DIRECTION('',(1.4,0.,0.));
#5785=DIRECTION('',(0.,0.,-1.));
#5786=DIRECTION('',(1.40000000000001,0.,0.));
#5787=DIRECTION('',(0.,0.,-1.));
#5788=DIRECTION('',(1.40000000000001,0.,0.));
#5789=DIRECTION('',(0.,0.,-1.));
#5790=DIRECTION('',(1.40000000000001,0.,0.));
#5791=DIRECTION('',(0.,0.,-1.));
#5792=DIRECTION('',(1.40000000000001,0.,0.));
#5793=DIRECTION('',(0.,0.,1.));
#5794=DIRECTION('',(-1.40000000000001,0.,0.));
#5795=DIRECTION('',(0.,0.,1.));
#5796=DIRECTION('',(-1.40000000000001,0.,0.));
#5797=DIRECTION('',(0.,0.,1.));
#5798=DIRECTION('',(-1.40000000000001,0.,0.));
#5799=DIRECTION('',(0.,0.,1.));
#5800=DIRECTION('',(-1.40000000000001,0.,0.));
#5801=DIRECTION('',(0.,0.,1.));
#5802=DIRECTION('',(-1.4,0.,0.));
#5803=DIRECTION('',(0.,0.,1.));
#5804=DIRECTION('',(-1.40000000000001,0.,0.));
#5805=DIRECTION('',(0.,0.,1.));
#5806=DIRECTION('',(-1.4,0.,0.));
#5807=DIRECTION('',(0.,0.,1.));
#5808=DIRECTION('',(-1.4,0.,0.));
#5809=DIRECTION('',(0.,0.,1.));
#5810=DIRECTION('',(-1.40000000000001,0.,0.));
#5811=DIRECTION('',(0.,0.,1.));
#5812=DIRECTION('',(-1.4,0.,0.));
#5813=DIRECTION('',(0.,0.,1.));
#5814=DIRECTION('',(-1.4,0.,0.));
#5815=DIRECTION('',(0.,0.,1.));
#5816=DIRECTION('',(-1.40000000000001,0.,0.));
#5817=DIRECTION('',(0.,0.,1.));
#5818=DIRECTION('',(-1.40000000000001,0.,0.));
#5819=DIRECTION('',(0.,0.,1.));
#5820=DIRECTION('',(-1.40000000000001,0.,0.));
#5821=DIRECTION('',(0.,0.,1.));
#5822=DIRECTION('',(-1.4,0.,0.));
#5823=DIRECTION('',(0.,0.,1.));
#5824=DIRECTION('',(-1.40000000000001,0.,0.));
#5825=DIRECTION('',(0.,0.,1.));
#5826=DIRECTION('',(-1.4,0.,0.));
#5827=DIRECTION('',(0.,0.,1.));
#5828=DIRECTION('',(-1.40000000000001,0.,0.));
#5829=DIRECTION('',(0.,0.,1.));
#5830=DIRECTION('',(-1.4,0.,0.));
#5831=DIRECTION('',(0.,0.,1.));
#5832=DIRECTION('',(-1.40000000000001,0.,0.));
#5833=DIRECTION('',(0.,0.,1.));
#5834=DIRECTION('',(-1.4,0.,0.));
#5835=DIRECTION('',(0.,0.,1.));
#5836=DIRECTION('',(-1.40000000000001,0.,0.));
#5837=DIRECTION('',(0.,0.,1.));
#5838=DIRECTION('',(-1.4,0.,0.));
#5839=DIRECTION('',(0.,0.,1.));
#5840=DIRECTION('',(-1.4,0.,0.));
#5841=DIRECTION('',(0.,0.,1.));
#5842=DIRECTION('',(-1.4,0.,0.));
#5843=DIRECTION('',(0.707106781186548,-0.707106781186548,0.));
#5844=DIRECTION('',(0.,0.,1.));
#5845=DIRECTION('',(0.353553390593273,0.353553390593273,0.));
#5846=DIRECTION('',(-0.707106781186481,0.707106781186614,0.));
#5847=DIRECTION('',(0.,0.,-1.));
#5848=DIRECTION('',(-0.7071067811866,-0.707106781186493,0.));
#5849=DIRECTION('',(0.,0.,1.));
#5850=DIRECTION('',(-7.5,0.,0.));
#5851=DIRECTION('',(0.,0.,-1.));
#5852=DIRECTION('',(0.571225836625828,-0.82079293586819,0.));
#5853=DIRECTION('',(-0.707106781186548,0.707106781186548,0.));
#5854=DIRECTION('',(0.,0.,1.));
#5855=DIRECTION('',(-0.353553390593273,-0.353553390593273,0.));
#5856=DIRECTION('',(0.707106781186377,-0.707106781186718,0.));
#5857=DIRECTION('',(0.,0.,-1.));
#5858=DIRECTION('',(0.707106781186581,0.707106781186493,0.));
#5859=DIRECTION('',(0.,0.,1.));
#5860=DIRECTION('',(-7.5,0.,0.));
#5861=DIRECTION('',(0.,0.,-1.));
#5862=DIRECTION('',(-0.571225836625828,0.82079293586819,0.));
#5863=DIRECTION('',(0.,0.,-1.));
#5864=DIRECTION('',(-0.707106781186546,0.707106781186546,0.));
#5865=DIRECTION('',(0.,0.,1.));
#5866=DIRECTION('',(-7.5,0.,0.));
#5867=DIRECTION('',(0.,0.,-1.));
#5868=DIRECTION('',(-0.820792935868528,-0.57122583662526,0.));
#5869=DIRECTION('',(0.707106781187245,0.707106781185849,0.));
#5870=DIRECTION('',(0.,0.,1.));
#5871=DIRECTION('',(-0.353553390593557,0.353553390594072,0.));
#5872=DIRECTION('',(-0.707106781186548,-0.707106781186548,0.));
#5873=DIRECTION('',(0.,0.,-1.));
#5874=DIRECTION('',(0.707106781186155,-0.707106781186918,0.));
#5875=DIRECTION('',(0.,0.,1.));
#5876=DIRECTION('',(-7.5,0.,0.));
#5877=DIRECTION('',(0.,0.,-1.));
#5878=DIRECTION('',(0.820792935868155,0.57122583662581,0.));
#5879=DIRECTION('',(-0.707106781186647,-0.707106781186448,0.));
#5880=DIRECTION('',(0.,0.,1.));
#5881=DIRECTION('',(0.353553390596382,-0.35355339059354,0.));
#5882=DIRECTION('',(0.707106781185778,0.707106781187317,0.));
#5883=DIRECTION('',(0.,-0.707106781186548,0.707106781186548));
#5884=DIRECTION('',(-0.707106781186548,-0.612372435695794,0.353553390593274));
#5885=DIRECTION('',(0.,0.500000000000002,0.866025403784437));
#5886=DIRECTION('',(-0.707106781186547,0.612372435695795,-0.353553390593274));
#5887=DIRECTION('',(0.,-0.499999999999999,-0.866025403784439));
#5888=DIRECTION('',(1.,0.,0.));
#5889=DIRECTION('',(0.,5.62916512459886,3.25));
#5890=DIRECTION('',(-0.70710678118655,-0.61237243569579,-0.353553390593275));
#5891=DIRECTION('',(1.,0.,0.));
#5892=DIRECTION('',(0.,5.19615242270665,3.));
#5893=DIRECTION('',(-1.,3.20237617487712E-32,4.31408307542741E-32));
#5894=DIRECTION('',(3.45126646034193E-31,6.06217782649107,3.49999999999999));
#5895=DIRECTION('',(-0.707106781186535,0.612372435695805,0.35355339059328));
#5896=DIRECTION('',(0.,-0.499999999999998,0.86602540378444));
#5897=DIRECTION('',(0.,0.500000000000001,-0.866025403784438));
#5898=DIRECTION('',(-2.08320957691553E-16,-0.866025403784438,-0.5));
#5899=DIRECTION('',(1.,0.,-1.23259516440783E-32));
#5900=DIRECTION('',(0.,-0.500000000000001,0.866025403784438));
#5901=DIRECTION('',(-1.,2.40548322002117E-16,1.23259516440783E-32));
#5902=DIRECTION('',(1.45824670384087E-15,6.06217782649108,3.5));
#5903=DIRECTION('',(1.,0.,-1.23259516440783E-32));
#5904=DIRECTION('',(1.,-3.20237617487712E-32,-4.3140830754274E-32));
#5905=DIRECTION('',(3.45126646034193E-31,6.06217782649107,3.49999999999999));
#5906=DIRECTION('',(2.08320957691553E-16,0.866025403784439,-0.5));
#5907=DIRECTION('',(0.,-0.500000000000002,-0.866025403784437));
#5908=DIRECTION('',(0.707106781186548,-0.612372435695794,0.353553390593274));
#5909=DIRECTION('',(0.,0.499999999999999,0.866025403784439));
#5910=DIRECTION('',(-0.707106781186547,-0.612372435695795,0.353553390593274));
#5911=DIRECTION('',(0.,-0.500000000000002,-0.866025403784437));
#5912=DIRECTION('',(-1.,0.,0.));
#5913=DIRECTION('',(0.,5.62916512459886,3.25));
#5914=DIRECTION('',(-0.70710678118655,0.61237243569579,0.353553390593275));
#5915=DIRECTION('',(1.,3.20237617487712E-32,4.31408307542741E-32));
#5916=DIRECTION('',(-3.45126646034193E-31,6.06217782649107,3.49999999999999));
#5917=DIRECTION('',(-1.,0.,0.));
#5918=DIRECTION('',(0.,5.19615242270665,3.));
#5919=DIRECTION('',(0.707106781186542,0.612372435695799,0.353553390593277));
#5920=DIRECTION('',(0.,-0.500000000000001,0.866025403784438));
#5921=DIRECTION('',(0.,0.499999999999998,-0.86602540378444));
#5922=DIRECTION('',(1.,0.,0.));
#5923=DIRECTION('',(1.,0.,0.));
#5924=DIRECTION('',(0.,2.1,0.));
#5925=DIRECTION('',(0.707106781186548,0.,0.707106781186548));
#5926=DIRECTION('',(0.577350269189626,0.577350269189626,-0.577350269189626));
#5927=DIRECTION('',(0.,1.,0.));
#5928=DIRECTION('',(-0.654653670707981,-0.377964473009212,0.654653670707981));
#5929=DIRECTION('',(0.,0.707106781186548,0.707106781186548));
#5930=DIRECTION('',(-0.577350269189626,0.577350269189626,-0.577350269189626));
#5931=DIRECTION('',(-1.,0.,0.));
#5932=DIRECTION('',(-0.707106781186548,0.,0.707106781186548));
#5933=DIRECTION('',(0.,-1.,0.));
#5934=DIRECTION('',(0.654653670707981,0.377964473009212,0.654653670707981));
#5935=DIRECTION('',(-0.577350269189626,-0.577350269189626,-0.577350269189626));
#5936=DIRECTION('',(-0.707106781186548,0.,0.707106781186548));
#5937=DIRECTION('',(-0.654653670707981,0.377964473009212,-0.654653670707981));
#5938=DIRECTION('',(0.,-1.,0.));
#5939=DIRECTION('',(-0.70710678118654,-0.612372435695801,0.353553390593277));
#5940=DIRECTION('',(0.,0.500000000000002,0.866025403784437));
#5941=DIRECTION('',(-0.70710678118655,0.61237243569579,-0.353553390593275));
#5942=DIRECTION('',(0.,-0.500000000000003,-0.866025403784437));
#5943=DIRECTION('',(1.,0.,0.));
#5944=DIRECTION('',(0.,5.62916512459886,3.25));
#5945=DIRECTION('',(-0.70710678118655,-0.61237243569579,-0.353553390593275));
#5946=DIRECTION('',(1.,0.,0.));
#5947=DIRECTION('',(0.,5.19615242270665,3.));
#5948=DIRECTION('',(-1.,-3.20237617487712E-32,-4.31408307542741E-32));
#5949=DIRECTION('',(-3.45126646034193E-31,6.06217782649107,3.49999999999999));
#5950=DIRECTION('',(-0.707106781186531,0.612372435695809,0.353553390593282));
#5951=DIRECTION('',(0.,-0.500000000000002,0.866025403784437));
#5952=DIRECTION('',(0.,0.500000000000001,-0.866025403784438));
#5953=DIRECTION('',(-2.85471356124324E-16,-0.707106781186551,0.707106781186544));
#5954=DIRECTION('',(1.,0.,0.));
#5955=DIRECTION('',(0.577350269189607,-0.577350269189664,-0.577350269189607));
#5956=DIRECTION('',(0.707106781186548,0.,0.707106781186548));
#5957=DIRECTION('',(0.,1.,0.));
#5958=DIRECTION('',(-0.654653670707981,0.377964473009212,0.654653670707981));
#5959=DIRECTION('',(0.707106781186537,-0.612372435695804,0.353553390593279));
#5960=DIRECTION('',(0.,0.500000000000002,0.866025403784437));
#5961=DIRECTION('',(-0.707106781186553,-0.612372435695786,0.353553390593277));
#5962=DIRECTION('',(-1.,0.,0.));
#5963=DIRECTION('',(0.,5.62916512459886,3.25));
#5964=DIRECTION('',(-0.70710678118655,0.61237243569579,0.353553390593275));
#5965=DIRECTION('',(-1.,0.,0.));
#5966=DIRECTION('',(0.,5.19615242270665,3.));
#5967=DIRECTION('',(0.707106781186537,0.612372435695804,0.35355339059328));
#5968=DIRECTION('',(0.,0.500000000000002,-0.866025403784437));
#5969=DIRECTION('',(0.,1.,0.));
#5970=DIRECTION('',(0.,0.,1.));
#5971=DIRECTION('',(1.,0.,0.));
#5972=DIRECTION('',(0.,0.,1.));
#5973=DIRECTION('',(-1.,0.,0.));
#5974=DIRECTION('',(0.,0.,1.));
#5975=DIRECTION('',(0.,-1.,0.));
#5976=DIRECTION('',(1.,0.,0.));
#5977=DIRECTION('',(0.,3.75,0.));
#5978=DIRECTION('',(0.707106781186548,-4.43930167490945E-13,0.707106781186548));
#5979=DIRECTION('',(-0.707106781186547,-4.43930167490945E-13,0.707106781186548));
#5980=DIRECTION('',(-0.707106781186532,-4.39905015979677E-13,-0.707106781186563));
#5981=DIRECTION('',(6.91824274019784E-13,-1.,0.));
#5982=DIRECTION('',(0.,0.,-1.));
#5983=DIRECTION('',(-5.43565192856474E-12,8.50000000000004,0.));
#5984=DIRECTION('',(0.,0.,1.));
#5985=DIRECTION('',(-2.55795384873636E-12,4.00000000000004,0.));
#5986=DIRECTION('',(1.,-1.85037170770859E-16,0.));
#5987=DIRECTION('',(6.93889390390721E-16,3.75,0.));
#5988=DIRECTION('',(-1.,1.85037170770859E-16,0.));
#5989=DIRECTION('',(1.,0.,0.));
#5990=DIRECTION('',(0.,3.75,0.));
#5991=DIRECTION('',(-1.,0.,0.));
#5992=DIRECTION('',(1.,-2.34347867994754E-16,0.));
#5993=DIRECTION('',(8.78804504980327E-16,3.75,0.));
#5994=DIRECTION('',(1.,-2.34347867994754E-16,0.));
#5995=DIRECTION('',(-1.,2.34347867994754E-16,0.));
#5996=DIRECTION('',(4.92130522788983E-16,2.1,0.));
#5997=DIRECTION('',(1.,0.,0.));
#5998=DIRECTION('',(1.,0.,0.));
#5999=DIRECTION('',(0.,2.1,0.));
#6000=DIRECTION('',(1.,0.,0.));
#6001=DIRECTION('',(0.,0.,1.));
#6002=DIRECTION('',(0.,1.,0.));
#6003=DIRECTION('',(0.,0.,1.));
#6004=DIRECTION('',(0.,1.829117171419E-13,1.));
#6005=DIRECTION('',(-1.,2.40548322002117E-16,0.));
#6006=DIRECTION('',(5.05151476204446E-16,2.1,0.));
#6007=DIRECTION('',(1.,-2.40548322002117E-16,0.));
#6008=DIRECTION('',(-1.,0.,0.));
#6009=DIRECTION('',(0.,0.,-1.));
#6010=DIRECTION('',(-1.40000000000001,0.,0.));
#6011=DIRECTION('',(0.,0.,1.));
#6012=DIRECTION('',(0.,0.,-1.));
#6013=DIRECTION('',(0.,0.,1.));
#6014=DIRECTION('',(-1.40000000000001,0.,0.));
#6015=DIRECTION('',(0.,0.,-1.));
#6016=DIRECTION('',(-1.40000000000001,0.,0.));
#6017=DIRECTION('',(0.,0.,1.));
#6018=DIRECTION('',(0.,0.,-1.));
#6019=DIRECTION('',(0.,0.,1.));
#6020=DIRECTION('',(-1.40000000000001,0.,0.));
#6021=DIRECTION('',(0.,0.,-1.));
#6022=DIRECTION('',(-1.40000000000001,0.,0.));
#6023=DIRECTION('',(0.,0.,1.));
#6024=DIRECTION('',(0.,0.,-1.));
#6025=DIRECTION('',(0.,0.,1.));
#6026=DIRECTION('',(-1.40000000000001,0.,0.));
#6027=DIRECTION('',(0.,0.,-1.));
#6028=DIRECTION('',(-1.40000000000001,0.,0.));
#6029=DIRECTION('',(0.,0.,1.));
#6030=DIRECTION('',(0.,0.,-1.));
#6031=DIRECTION('',(0.,0.,1.));
#6032=DIRECTION('',(-1.40000000000001,0.,0.));
#6033=DIRECTION('',(0.,0.,-1.));
#6034=DIRECTION('',(-1.4,0.,0.));
#6035=DIRECTION('',(0.,0.,1.));
#6036=DIRECTION('',(0.,0.,-1.));
#6037=DIRECTION('',(0.,0.,1.));
#6038=DIRECTION('',(-1.4,0.,0.));
#6039=DIRECTION('',(0.,0.,-1.));
#6040=DIRECTION('',(-1.40000000000001,0.,0.));
#6041=DIRECTION('',(0.,0.,1.));
#6042=DIRECTION('',(0.,0.,-1.));
#6043=DIRECTION('',(0.,0.,1.));
#6044=DIRECTION('',(-1.40000000000001,0.,0.));
#6045=DIRECTION('',(0.,0.,-1.));
#6046=DIRECTION('',(-1.4,0.,0.));
#6047=DIRECTION('',(0.,0.,1.));
#6048=DIRECTION('',(0.,0.,-1.));
#6049=DIRECTION('',(0.,0.,1.));
#6050=DIRECTION('',(-1.4,0.,0.));
#6051=DIRECTION('',(0.,0.,-1.));
#6052=DIRECTION('',(-1.4,0.,0.));
#6053=DIRECTION('',(0.,0.,1.));
#6054=DIRECTION('',(0.,0.,-1.));
#6055=DIRECTION('',(0.,0.,1.));
#6056=DIRECTION('',(-1.4,0.,0.));
#6057=DIRECTION('',(0.,0.,-1.));
#6058=DIRECTION('',(-1.40000000000001,0.,0.));
#6059=DIRECTION('',(0.,0.,1.));
#6060=DIRECTION('',(0.,0.,-1.));
#6061=DIRECTION('',(0.,0.,1.));
#6062=DIRECTION('',(-1.40000000000001,0.,0.));
#6063=DIRECTION('',(0.,0.,-1.));
#6064=DIRECTION('',(-1.4,0.,0.));
#6065=DIRECTION('',(0.,0.,1.));
#6066=DIRECTION('',(0.,0.,-1.));
#6067=DIRECTION('',(0.,0.,1.));
#6068=DIRECTION('',(-1.4,0.,0.));
#6069=DIRECTION('',(0.,0.,-1.));
#6070=DIRECTION('',(-1.4,0.,0.));
#6071=DIRECTION('',(0.,0.,1.));
#6072=DIRECTION('',(0.,0.,-1.));
#6073=DIRECTION('',(0.,0.,1.));
#6074=DIRECTION('',(-1.4,0.,0.));
#6075=DIRECTION('',(0.,0.,-1.));
#6076=DIRECTION('',(-1.40000000000001,0.,0.));
#6077=DIRECTION('',(0.,0.,1.));
#6078=DIRECTION('',(0.,0.,-1.));
#6079=DIRECTION('',(0.,0.,1.));
#6080=DIRECTION('',(-1.40000000000001,0.,0.));
#6081=DIRECTION('',(0.,0.,-1.));
#6082=DIRECTION('',(-1.40000000000001,0.,0.));
#6083=DIRECTION('',(0.,0.,1.));
#6084=DIRECTION('',(0.,0.,-1.));
#6085=DIRECTION('',(0.,0.,1.));
#6086=DIRECTION('',(-1.40000000000001,0.,0.));
#6087=DIRECTION('',(0.,0.,-1.));
#6088=DIRECTION('',(-1.40000000000001,0.,0.));
#6089=DIRECTION('',(0.,0.,1.));
#6090=DIRECTION('',(0.,0.,-1.));
#6091=DIRECTION('',(0.,0.,1.));
#6092=DIRECTION('',(-1.40000000000001,0.,0.));
#6093=DIRECTION('',(0.,0.,-1.));
#6094=DIRECTION('',(-1.4,0.,0.));
#6095=DIRECTION('',(0.,0.,1.));
#6096=DIRECTION('',(0.,0.,-1.));
#6097=DIRECTION('',(0.,0.,1.));
#6098=DIRECTION('',(-1.4,0.,0.));
#6099=DIRECTION('',(0.,0.,-1.));
#6100=DIRECTION('',(-1.40000000000001,0.,0.));
#6101=DIRECTION('',(0.,0.,1.));
#6102=DIRECTION('',(0.,0.,-1.));
#6103=DIRECTION('',(0.,0.,1.));
#6104=DIRECTION('',(-1.40000000000001,0.,0.));
#6105=DIRECTION('',(0.,0.,-1.));
#6106=DIRECTION('',(-1.4,0.,0.));
#6107=DIRECTION('',(0.,0.,1.));
#6108=DIRECTION('',(0.,0.,-1.));
#6109=DIRECTION('',(0.,0.,1.));
#6110=DIRECTION('',(-1.4,0.,0.));
#6111=DIRECTION('',(0.,0.,-1.));
#6112=DIRECTION('',(-1.40000000000001,0.,0.));
#6113=DIRECTION('',(0.,0.,1.));
#6114=DIRECTION('',(0.,0.,-1.));
#6115=DIRECTION('',(0.,0.,1.));
#6116=DIRECTION('',(-1.40000000000001,0.,0.));
#6117=DIRECTION('',(0.,0.,-1.));
#6118=DIRECTION('',(-1.4,0.,0.));
#6119=DIRECTION('',(0.,0.,1.));
#6120=DIRECTION('',(0.,0.,-1.));
#6121=DIRECTION('',(0.,0.,1.));
#6122=DIRECTION('',(-1.4,0.,0.));
#6123=DIRECTION('',(0.,0.,-1.));
#6124=DIRECTION('',(-1.40000000000001,0.,0.));
#6125=DIRECTION('',(0.,0.,1.));
#6126=DIRECTION('',(0.,0.,-1.));
#6127=DIRECTION('',(0.,0.,1.));
#6128=DIRECTION('',(-1.40000000000001,0.,0.));
#6129=DIRECTION('',(0.,0.,-1.));
#6130=DIRECTION('',(-1.4,0.,0.));
#6131=DIRECTION('',(0.,0.,1.));
#6132=DIRECTION('',(-1.95399252334028E-15,0.,-1.));
#6133=DIRECTION('',(0.,0.,1.));
#6134=DIRECTION('',(-1.4,0.,0.));
#6135=DIRECTION('',(0.,0.,-1.));
#6136=DIRECTION('',(-1.40000000000001,0.,0.));
#6137=DIRECTION('',(0.,0.,1.));
#6138=DIRECTION('',(0.,0.,-1.));
#6139=DIRECTION('',(0.,0.,1.));
#6140=DIRECTION('',(-1.40000000000001,0.,0.));
#6141=DIRECTION('',(0.,0.,-1.));
#6142=DIRECTION('',(-1.4,0.,0.));
#6143=DIRECTION('',(0.,0.,1.));
#6144=DIRECTION('',(-1.95399252334028E-15,0.,-1.));
#6145=DIRECTION('',(0.,0.,1.));
#6146=DIRECTION('',(-1.4,0.,0.));
#6147=DIRECTION('',(0.,0.,-1.));
#6148=DIRECTION('',(-1.4,0.,0.));
#6149=DIRECTION('',(0.,0.,1.));
#6150=DIRECTION('',(0.,0.,-1.));
#6151=DIRECTION('',(0.,0.,1.));
#6152=DIRECTION('',(-1.4,0.,0.));
#6153=DIRECTION('',(0.,0.,-1.));
#6154=DIRECTION('',(-1.4,0.,0.));
#6155=DIRECTION('',(0.,0.,1.));
#6156=DIRECTION('',(0.,0.,-1.));
#6157=DIRECTION('',(0.,0.,1.));
#6158=DIRECTION('',(-1.4,0.,0.));
#6159=DIRECTION('',(-1.,0.,0.));
#6160=DIRECTION('',(0.,0.,1.));
#6161=DIRECTION('',(0.,-1.,0.));
#6162=DIRECTION('',(0.,0.,1.));
#6163=DIRECTION('',(-1.,0.,0.));
#6164=DIRECTION('',(0.,-1.,0.));
#6165=DIRECTION('',(0.,0.,1.));
#6166=DIRECTION('',(0.,0.,-1.));
#6167=DIRECTION('',(-9.77205849076242,0.,0.));
#6168=DIRECTION('',(0.,0.,1.));
#6169=DIRECTION('',(0.,0.,-1.));
#6170=DIRECTION('',(-9.77205849076242,0.,0.));
#6171=DIRECTION('',(0.,0.,1.));
#6172=DIRECTION('',(-1.,1.53875505787301E-14,0.));
#6173=DIRECTION('',(-1.72340566481775E-14,-1.,0.));
#6174=DIRECTION('',(0.,0.,1.));
#6175=DIRECTION('',(0.,0.,-1.));
#6176=DIRECTION('',(-0.571225836625828,0.82079293586819,0.));
#6177=DIRECTION('',(0.,0.,1.));
#6178=DIRECTION('',(0.,0.,-1.));
#6179=DIRECTION('',(-0.571225836625828,0.82079293586819,0.));
#6180=DIRECTION('',(0.,0.,1.));
#6181=DIRECTION('',(0.,0.,-1.));
#6182=DIRECTION('',(-7.5,0.,0.));
#6183=DIRECTION('',(0.,0.,1.));
#6184=DIRECTION('',(0.,0.,1.));
#6185=DIRECTION('',(0.,0.,1.));
#6186=DIRECTION('',(-7.5,0.,0.));
#6187=DIRECTION('',(0.,0.,-1.));
#6188=DIRECTION('',(0.707106781186581,0.707106781186493,0.));
#6189=DIRECTION('',(0.,0.,1.));
#6190=DIRECTION('',(0.,0.,-1.));
#6191=DIRECTION('',(0.707106781186581,0.707106781186493,0.));
#6192=DIRECTION('',(-0.707106781186577,-0.707106781186518,0.));
#6193=DIRECTION('',(0.,0.,1.));
#6194=DIRECTION('',(0.707106781186377,-0.707106781186718,0.));
#6195=DIRECTION('',(0.,0.,-1.));
#6196=DIRECTION('',(-0.353553390593273,-0.353553390593273,0.));
#6197=DIRECTION('',(0.,0.,1.));
#6198=DIRECTION('',(0.,0.,1.));
#6199=DIRECTION('',(-0.353553390593273,-0.353553390593273,0.));
#6200=DIRECTION('',(0.707106781186542,0.707106781186553,0.));
#6201=DIRECTION('',(0.,0.,1.));
#6202=DIRECTION('',(-0.707106781186548,0.707106781186548,0.));
#6203=DIRECTION('',(0.,0.,-1.));
#6204=DIRECTION('',(0.571225836625828,-0.82079293586819,0.));
#6205=DIRECTION('',(0.,0.,1.));
#6206=DIRECTION('',(0.,0.,-1.));
#6207=DIRECTION('',(0.571225836625828,-0.82079293586819,0.));
#6208=DIRECTION('',(0.,0.,-1.));
#6209=DIRECTION('',(5.30330085889918,5.30330085889904,0.));
#6210=DIRECTION('',(0.,0.,1.));
#6211=DIRECTION('',(0.,0.,1.));
#6212=DIRECTION('',(0.,0.,1.));
#6213=DIRECTION('',(-7.5,0.,0.));
#6214=DIRECTION('',(0.,0.,-1.));
#6215=DIRECTION('',(-0.7071067811866,-0.707106781186493,0.));
#6216=DIRECTION('',(0.,0.,1.));
#6217=DIRECTION('',(0.,0.,-1.));
#6218=DIRECTION('',(-0.7071067811866,-0.707106781186493,0.));
#6219=DIRECTION('',(0.707106781186577,0.707106781186518,0.));
#6220=DIRECTION('',(0.,0.,1.));
#6221=DIRECTION('',(-0.707106781186481,0.707106781186614,0.));
#6222=DIRECTION('',(0.,0.,-1.));
#6223=DIRECTION('',(0.353553390593273,0.353553390593273,0.));
#6224=DIRECTION('',(0.,0.,1.));
#6225=DIRECTION('',(0.,0.,1.));
#6226=DIRECTION('',(0.353553390593273,0.353553390593273,0.));
#6227=DIRECTION('',(-0.707106781186542,-0.707106781186553,0.));
#6228=DIRECTION('',(0.707106781186548,-0.707106781186548,0.));
#6229=DIRECTION('',(0.,0.,-1.));
#6230=DIRECTION('',(-3.99999999999995,-5.09317391816922E-6,0.));
#6231=DIRECTION('',(0.,0.,-1.));
#6232=DIRECTION('',(-3.99999999999995,-5.09317391816922E-6,0.));
#6233=DIRECTION('',(0.,0.,1.));
#6234=DIRECTION('',(0.,0.,-1.));
#6235=DIRECTION('',(-9.77205849076242,0.,0.));
#6236=DIRECTION('',(0.,0.,1.));
#6237=DIRECTION('',(0.,0.,-1.));
#6238=DIRECTION('',(-9.77205849076242,0.,0.));
#6239=DIRECTION('',(-5.53952309633043E-14,1.,0.));
#6240=DIRECTION('',(0.,0.,1.));
#6241=DIRECTION('',(-1.,-5.17022155657506E-14,0.));
#6242=DIRECTION('',(0.,0.,-1.));
#6243=DIRECTION('',(4.00000000000002,-1.24344978758017E-13,0.));
#6244=DIRECTION('',(0.,0.,-1.));
#6245=DIRECTION('',(4.00000000000002,-1.24344978758017E-13,0.));
#6246=DIRECTION('',(0.,0.,1.));
#6247=DIRECTION('',(1.,-5.53951820834383E-13,0.));
#6248=DIRECTION('',(0.707106781187468,-0.707106781185628,0.));
#6249=DIRECTION('',(0.,0.,1.));
#6250=DIRECTION('',(0.,0.,1.));
#6251=DIRECTION('',(0.,0.,-1.));
#6252=DIRECTION('',(0.353553390596382,-0.35355339059354,0.));
#6253=DIRECTION('',(0.,0.,1.));
#6254=DIRECTION('',(-0.707106781187509,0.707106781185586,0.));
#6255=DIRECTION('',(0.,0.,1.));
#6256=DIRECTION('',(0.,0.,-1.));
#6257=DIRECTION('',(0.820792935868155,0.57122583662581,0.));
#6258=DIRECTION('',(0.,0.,1.));
#6259=DIRECTION('',(0.,0.,-1.));
#6260=DIRECTION('',(-7.5,0.,0.));
#6261=DIRECTION('',(0.,0.,1.));
#6262=DIRECTION('',(0.,0.,1.));
#6263=DIRECTION('',(0.,0.,-1.));
#6264=DIRECTION('',(0.707106781186155,-0.707106781186918,0.));
#6265=DIRECTION('',(0.,0.,1.));
#6266=DIRECTION('',(-0.707106781186506,0.707106781186589,0.));
#6267=DIRECTION('',(0.,0.,1.));
#6268=DIRECTION('',(0.,0.,-1.));
#6269=DIRECTION('',(-0.353553390593557,0.353553390594072,0.));
#6270=DIRECTION('',(0.,0.,1.));
#6271=DIRECTION('',(0.707106781185865,-0.70710678118723,0.));
#6272=DIRECTION('',(0.,0.,1.));
#6273=DIRECTION('',(0.,0.,-1.));
#6274=DIRECTION('',(-0.820792935868528,-0.57122583662526,0.));
#6275=DIRECTION('',(0.,0.,1.));
#6276=DIRECTION('',(0.,0.,-1.));
#6277=DIRECTION('',(5.30330085889742,-5.30330085890079,0.));
#6278=DIRECTION('',(0.,0.,1.));
#6279=DIRECTION('',(0.,0.,1.));
#6280=DIRECTION('',(0.,0.,-1.));
#6281=DIRECTION('',(-0.707106781186546,0.707106781186546,0.));
#6282=DIRECTION('',(0.,0.,-1.));
#6283=DIRECTION('',(0.,-9.772058490763,0.));
#6284=DIRECTION('',(0.,0.,1.));
#6285=DIRECTION('',(0.,0.,1.));
#6286=DIRECTION('',(1.,6.15502023148943E-15,0.));
#6287=DIRECTION('',(0.,0.,1.));
#6288=DIRECTION('',(0.,0.,-1.));
#6289=DIRECTION('',(-3.5527136788005E-14,-4.00000000000004,0.));
#6290=DIRECTION('',(-8.92117806817113E-13,-1.,0.));
#6291=DIRECTION('',(1.,1.85037170770859E-16,0.));
#6292=DIRECTION('',(-6.93889390390721E-16,3.75,0.));
#6293=DIRECTION('',(-1.,-1.85037170770859E-16,0.));
#6294=DIRECTION('',(1.,2.34347867994754E-16,0.));
#6295=DIRECTION('',(-8.78804504980327E-16,3.75,0.));
#6296=DIRECTION('',(1.,0.,0.));
#6297=DIRECTION('',(1.,2.34347867994754E-16,0.));
#6298=DIRECTION('',(-1.,-2.34347867994754E-16,0.));
#6299=DIRECTION('',(-4.92130522788983E-16,2.1,0.));
#6300=DIRECTION('',(-1.,-2.40548322002117E-16,0.));
#6301=DIRECTION('',(-5.05151476204446E-16,2.1,0.));
#6302=DIRECTION('',(1.,2.40548322002117E-16,0.));
#6303=DIRECTION('',(1.,0.,0.));
#6304=DIRECTION('',(-1.,-2.40548322002117E-16,-1.23259516440783E-32));
#6305=DIRECTION('',(-1.45824670384087E-15,6.06217782649108,3.5));
#6306=DIRECTION('',(-1.,0.,-1.23259516440783E-32));
#6307=DIRECTION('',(-1.,0.,-1.23259516440783E-32));
#6308=DIRECTION('',(2.08320957691553E-16,-0.866025403784439,0.5));
#6309=DIRECTION('',(-2.08320957691553E-16,0.866025403784438,0.5));
#6310=DIRECTION('',(0.,0.,1.));
#6311=DIRECTION('',(1.40000000000001,0.,0.));
#6312=DIRECTION('',(0.,0.,-1.));
#6313=DIRECTION('',(0.,0.,-1.));
#6314=DIRECTION('',(1.40000000000001,0.,0.));
#6315=DIRECTION('',(0.,0.,-1.));
#6316=DIRECTION('',(0.,0.,1.));
#6317=DIRECTION('',(1.40000000000001,0.,0.));
#6318=DIRECTION('',(0.,0.,-1.));
#6319=DIRECTION('',(0.,0.,-1.));
#6320=DIRECTION('',(1.40000000000001,0.,0.));
#6321=DIRECTION('',(0.,0.,-1.));
#6322=DIRECTION('',(0.,0.,1.));
#6323=DIRECTION('',(1.40000000000001,0.,0.));
#6324=DIRECTION('',(0.,0.,-1.));
#6325=DIRECTION('',(0.,0.,-1.));
#6326=DIRECTION('',(1.40000000000001,0.,0.));
#6327=DIRECTION('',(0.,0.,-1.));
#6328=DIRECTION('',(0.,0.,1.));
#6329=DIRECTION('',(1.40000000000001,0.,0.));
#6330=DIRECTION('',(0.,0.,-1.));
#6331=DIRECTION('',(0.,0.,-1.));
#6332=DIRECTION('',(1.40000000000001,0.,0.));
#6333=DIRECTION('',(0.,0.,-1.));
#6334=DIRECTION('',(0.,0.,1.));
#6335=DIRECTION('',(1.4,0.,0.));
#6336=DIRECTION('',(0.,0.,-1.));
#6337=DIRECTION('',(0.,0.,-1.));
#6338=DIRECTION('',(1.4,0.,0.));
#6339=DIRECTION('',(0.,0.,-1.));
#6340=DIRECTION('',(0.,0.,1.));
#6341=DIRECTION('',(1.40000000000001,0.,0.));
#6342=DIRECTION('',(0.,0.,-1.));
#6343=DIRECTION('',(0.,0.,-1.));
#6344=DIRECTION('',(1.40000000000001,0.,0.));
#6345=DIRECTION('',(0.,0.,-1.));
#6346=DIRECTION('',(0.,0.,1.));
#6347=DIRECTION('',(1.4,0.,0.));
#6348=DIRECTION('',(0.,0.,-1.));
#6349=DIRECTION('',(0.,0.,-1.));
#6350=DIRECTION('',(1.4,0.,0.));
#6351=DIRECTION('',(0.,0.,-1.));
#6352=DIRECTION('',(0.,0.,1.));
#6353=DIRECTION('',(1.4,0.,0.));
#6354=DIRECTION('',(0.,0.,-1.));
#6355=DIRECTION('',(0.,0.,-1.));
#6356=DIRECTION('',(1.4,0.,0.));
#6357=DIRECTION('',(0.,0.,-1.));
#6358=DIRECTION('',(0.,0.,1.));
#6359=DIRECTION('',(1.40000000000001,0.,0.));
#6360=DIRECTION('',(0.,0.,-1.));
#6361=DIRECTION('',(0.,0.,-1.));
#6362=DIRECTION('',(1.40000000000001,0.,0.));
#6363=DIRECTION('',(0.,0.,-1.));
#6364=DIRECTION('',(0.,0.,1.));
#6365=DIRECTION('',(1.4,0.,0.));
#6366=DIRECTION('',(0.,0.,-1.));
#6367=DIRECTION('',(0.,0.,-1.));
#6368=DIRECTION('',(1.4,0.,0.));
#6369=DIRECTION('',(0.,0.,-1.));
#6370=DIRECTION('',(0.,0.,1.));
#6371=DIRECTION('',(1.4,0.,0.));
#6372=DIRECTION('',(0.,0.,-1.));
#6373=DIRECTION('',(0.,0.,-1.));
#6374=DIRECTION('',(1.4,0.,0.));
#6375=DIRECTION('',(0.,0.,-1.));
#6376=DIRECTION('',(0.,0.,1.));
#6377=DIRECTION('',(1.40000000000001,0.,0.));
#6378=DIRECTION('',(0.,0.,-1.));
#6379=DIRECTION('',(0.,0.,-1.));
#6380=DIRECTION('',(1.40000000000001,0.,0.));
#6381=DIRECTION('',(0.,0.,-1.));
#6382=DIRECTION('',(0.,0.,1.));
#6383=DIRECTION('',(1.40000000000001,0.,0.));
#6384=DIRECTION('',(0.,0.,-1.));
#6385=DIRECTION('',(0.,0.,-1.));
#6386=DIRECTION('',(1.40000000000001,0.,0.));
#6387=DIRECTION('',(0.,0.,-1.));
#6388=DIRECTION('',(0.,0.,1.));
#6389=DIRECTION('',(1.40000000000001,0.,0.));
#6390=DIRECTION('',(0.,0.,-1.));
#6391=DIRECTION('',(0.,0.,-1.));
#6392=DIRECTION('',(1.40000000000001,0.,0.));
#6393=DIRECTION('',(0.,0.,-1.));
#6394=DIRECTION('',(0.,0.,1.));
#6395=DIRECTION('',(1.4,0.,0.));
#6396=DIRECTION('',(0.,0.,-1.));
#6397=DIRECTION('',(0.,0.,-1.));
#6398=DIRECTION('',(1.4,0.,0.));
#6399=DIRECTION('',(0.,0.,-1.));
#6400=DIRECTION('',(0.,0.,1.));
#6401=DIRECTION('',(1.40000000000001,0.,0.));
#6402=DIRECTION('',(0.,0.,-1.));
#6403=DIRECTION('',(0.,0.,-1.));
#6404=DIRECTION('',(1.40000000000001,0.,0.));
#6405=DIRECTION('',(0.,0.,-1.));
#6406=DIRECTION('',(0.,0.,1.));
#6407=DIRECTION('',(1.4,0.,0.));
#6408=DIRECTION('',(0.,0.,-1.));
#6409=DIRECTION('',(0.,0.,-1.));
#6410=DIRECTION('',(1.4,0.,0.));
#6411=DIRECTION('',(0.,0.,-1.));
#6412=DIRECTION('',(0.,0.,1.));
#6413=DIRECTION('',(1.40000000000001,0.,0.));
#6414=DIRECTION('',(0.,0.,-1.));
#6415=DIRECTION('',(0.,0.,-1.));
#6416=DIRECTION('',(1.40000000000001,0.,0.));
#6417=DIRECTION('',(0.,0.,-1.));
#6418=DIRECTION('',(0.,0.,1.));
#6419=DIRECTION('',(1.4,0.,0.));
#6420=DIRECTION('',(0.,0.,-1.));
#6421=DIRECTION('',(0.,0.,-1.));
#6422=DIRECTION('',(1.4,0.,0.));
#6423=DIRECTION('',(0.,0.,-1.));
#6424=DIRECTION('',(0.,0.,1.));
#6425=DIRECTION('',(1.40000000000001,0.,0.));
#6426=DIRECTION('',(0.,0.,-1.));
#6427=DIRECTION('',(0.,0.,-1.));
#6428=DIRECTION('',(1.40000000000001,0.,0.));
#6429=DIRECTION('',(0.,0.,-1.));
#6430=DIRECTION('',(0.,0.,1.));
#6431=DIRECTION('',(1.4,0.,0.));
#6432=DIRECTION('',(0.,0.,-1.));
#6433=DIRECTION('',(0.,0.,-1.));
#6434=DIRECTION('',(1.4,0.,0.));
#6435=DIRECTION('',(1.95399252334028E-15,0.,-1.));
#6436=DIRECTION('',(0.,0.,1.));
#6437=DIRECTION('',(1.40000000000001,0.,0.));
#6438=DIRECTION('',(0.,0.,-1.));
#6439=DIRECTION('',(0.,0.,-1.));
#6440=DIRECTION('',(1.40000000000001,0.,0.));
#6441=DIRECTION('',(0.,0.,-1.));
#6442=DIRECTION('',(0.,0.,1.));
#6443=DIRECTION('',(1.4,0.,0.));
#6444=DIRECTION('',(0.,0.,-1.));
#6445=DIRECTION('',(0.,0.,-1.));
#6446=DIRECTION('',(1.4,0.,0.));
#6447=DIRECTION('',(1.95399252334028E-15,0.,-1.));
#6448=DIRECTION('',(0.,0.,1.));
#6449=DIRECTION('',(1.4,0.,0.));
#6450=DIRECTION('',(0.,0.,-1.));
#6451=DIRECTION('',(0.,0.,-1.));
#6452=DIRECTION('',(1.4,0.,0.));
#6453=DIRECTION('',(0.,0.,-1.));
#6454=DIRECTION('',(0.,0.,1.));
#6455=DIRECTION('',(1.4,0.,0.));
#6456=DIRECTION('',(0.,0.,-1.));
#6457=DIRECTION('',(0.,0.,-1.));
#6458=DIRECTION('',(1.4,0.,0.));
#6459=DIRECTION('',(0.,0.,-1.));
#6460=DIRECTION('',(-1.,0.,0.));
#6461=DIRECTION('',(0.,0.,1.));
#6462=DIRECTION('',(0.,-1.,0.));
#6463=DIRECTION('',(0.,0.,1.));
#6464=DIRECTION('',(-1.09651656753102E-16,-1.,0.));
#6465=DIRECTION('',(-1.,0.,0.));
#6466=DIRECTION('',(0.,1.,0.));
#6467=DIRECTION('',(-1.,0.,0.));
#6468=DIRECTION('',(0.,0.,-1.));
#6469=DIRECTION('',(1.,0.,0.));
#6470=DIRECTION('',(-4.03717463500057E-16,-1.,0.));
#6471=DIRECTION('',(0.,0.,1.));
#6472=DIRECTION('',(9.77205849076242,0.,0.));
#6473=DIRECTION('',(0.,0.,1.));
#6474=DIRECTION('',(0.,0.,1.));
#6475=DIRECTION('',(9.77205849076242,0.,0.));
#6476=DIRECTION('',(0.,0.,1.));
#6477=DIRECTION('',(-1.,-1.53875505787301E-14,0.));
#6478=DIRECTION('',(0.,0.,1.));
#6479=DIRECTION('',(1.72340566481775E-14,-1.,0.));
#6480=DIRECTION('',(0.,0.,1.));
#6481=DIRECTION('',(0.571225836625828,0.82079293586819,0.));
#6482=DIRECTION('',(0.,0.,1.));
#6483=DIRECTION('',(0.,0.,1.));
#6484=DIRECTION('',(0.571225836625828,0.82079293586819,0.));
#6485=DIRECTION('',(0.,0.,1.));
#6486=DIRECTION('',(0.,0.,1.));
#6487=DIRECTION('',(7.5,0.,0.));
#6488=DIRECTION('',(0.,0.,-1.));
#6489=DIRECTION('',(0.,0.,-1.));
#6490=DIRECTION('',(7.5,0.,0.));
#6491=DIRECTION('',(0.,0.,1.));
#6492=DIRECTION('',(0.,0.,1.));
#6493=DIRECTION('',(-0.707106781186581,0.707106781186493,0.));
#6494=DIRECTION('',(0.,0.,1.));
#6495=DIRECTION('',(-0.707106781186581,0.707106781186493,0.));
#6496=DIRECTION('',(0.,0.,1.));
#6497=DIRECTION('',(-0.707106781186577,0.707106781186518,0.));
#6498=DIRECTION('',(-0.707106781186377,-0.707106781186718,0.));
#6499=DIRECTION('',(0.,0.,1.));
#6500=DIRECTION('',(0.,0.,1.));
#6501=DIRECTION('',(0.353553390593273,-0.353553390593273,0.));
#6502=DIRECTION('',(0.,0.,-1.));
#6503=DIRECTION('',(0.353553390593273,-0.353553390593273,0.));
#6504=DIRECTION('',(0.,0.,1.));
#6505=DIRECTION('',(0.707106781186542,-0.707106781186553,0.));
#6506=DIRECTION('',(0.707106781186548,0.707106781186548,0.));
#6507=DIRECTION('',(0.,0.,1.));
#6508=DIRECTION('',(0.,0.,1.));
#6509=DIRECTION('',(-0.571225836625828,-0.82079293586819,0.));
#6510=DIRECTION('',(0.,0.,1.));
#6511=DIRECTION('',(-0.571225836625828,-0.82079293586819,0.));
#6512=DIRECTION('',(0.,0.,1.));
#6513=DIRECTION('',(0.,0.,1.));
#6514=DIRECTION('',(-5.30330085889918,5.30330085889904,0.));
#6515=DIRECTION('',(0.,0.,-1.));
#6516=DIRECTION('',(0.,0.,-1.));
#6517=DIRECTION('',(7.5,0.,0.));
#6518=DIRECTION('',(0.,0.,1.));
#6519=DIRECTION('',(0.,0.,1.));
#6520=DIRECTION('',(0.7071067811866,-0.707106781186493,0.));
#6521=DIRECTION('',(0.,0.,1.));
#6522=DIRECTION('',(0.7071067811866,-0.707106781186493,0.));
#6523=DIRECTION('',(0.,0.,1.));
#6524=DIRECTION('',(0.707106781186577,-0.707106781186518,0.));
#6525=DIRECTION('',(0.707106781186481,0.707106781186614,0.));
#6526=DIRECTION('',(0.,0.,1.));
#6527=DIRECTION('',(0.,0.,1.));
#6528=DIRECTION('',(-0.353553390593273,0.353553390593273,0.));
#6529=DIRECTION('',(0.,0.,-1.));
#6530=DIRECTION('',(-0.353553390593273,0.353553390593273,0.));
#6531=DIRECTION('',(0.,0.,1.));
#6532=DIRECTION('',(-0.707106781186542,0.707106781186553,0.));
#6533=DIRECTION('',(-0.707106781186548,-0.707106781186548,0.));
#6534=DIRECTION('',(0.,0.,1.));
#6535=DIRECTION('',(3.99999999999995,-5.09317391816922E-6,0.));
#6536=DIRECTION('',(0.,0.,1.));
#6537=DIRECTION('',(0.,0.,1.));
#6538=DIRECTION('',(3.99999999999995,-5.09317391816922E-6,0.));
#6539=DIRECTION('',(0.,0.,1.));
#6540=DIRECTION('',(9.77205849076242,0.,0.));
#6541=DIRECTION('',(0.,0.,1.));
#6542=DIRECTION('',(9.77205849076242,0.,0.));
#6543=DIRECTION('',(0.,0.,1.));
#6544=DIRECTION('',(-5.53952309633043E-14,-1.,0.));
#6545=DIRECTION('',(1.,-5.17022155657506E-14,0.));
#6546=DIRECTION('',(0.,0.,1.));
#6547=DIRECTION('',(0.,0.,1.));
#6548=DIRECTION('',(-4.00000000000002,-1.24344978758017E-13,0.));
#6549=DIRECTION('',(0.,0.,1.));
#6550=DIRECTION('',(-4.00000000000002,-1.24344978758017E-13,0.));
#6551=DIRECTION('',(0.,0.,-1.));
#6552=DIRECTION('',(-1.,-5.53951820834383E-13,0.));
#6553=DIRECTION('',(0.707106781187468,0.707106781185628,0.));
#6554=DIRECTION('',(0.,0.,1.));
#6555=DIRECTION('',(-0.707106781185778,0.707106781187317,0.));
#6556=DIRECTION('',(0.,0.,1.));
#6557=DIRECTION('',(0.,0.,1.));
#6558=DIRECTION('',(-0.353553390596382,-0.35355339059354,0.));
#6559=DIRECTION('',(0.,0.,-1.));
#6560=DIRECTION('',(-0.353553390596382,-0.35355339059354,0.));
#6561=DIRECTION('',(0.,0.,1.));
#6562=DIRECTION('',(-0.707106781187509,-0.707106781185586,0.));
#6563=DIRECTION('',(0.707106781186647,-0.707106781186448,0.));
#6564=DIRECTION('',(0.,0.,1.));
#6565=DIRECTION('',(0.,0.,1.));
#6566=DIRECTION('',(-0.820792935868155,0.57122583662581,0.));
#6567=DIRECTION('',(0.,0.,1.));
#6568=DIRECTION('',(-0.820792935868155,0.57122583662581,0.));
#6569=DIRECTION('',(0.,0.,1.));
#6570=DIRECTION('',(0.,0.,1.));
#6571=DIRECTION('',(7.5,0.,0.));
#6572=DIRECTION('',(0.,0.,-1.));
#6573=DIRECTION('',(0.,0.,-1.));
#6574=DIRECTION('',(7.5,0.,0.));
#6575=DIRECTION('',(0.,0.,1.));
#6576=DIRECTION('',(0.,0.,1.));
#6577=DIRECTION('',(-0.707106781186155,-0.707106781186918,0.));
#6578=DIRECTION('',(0.,0.,1.));
#6579=DIRECTION('',(-0.707106781186155,-0.707106781186918,0.));
#6580=DIRECTION('',(0.,0.,1.));
#6581=DIRECTION('',(-0.707106781186506,-0.707106781186589,0.));
#6582=DIRECTION('',(0.707106781186548,-0.707106781186548,0.));
#6583=DIRECTION('',(0.,0.,1.));
#6584=DIRECTION('',(0.,0.,1.));
#6585=DIRECTION('',(0.353553390593557,0.353553390594072,0.));
#6586=DIRECTION('',(0.,0.,-1.));
#6587=DIRECTION('',(0.353553390593557,0.353553390594072,0.));
#6588=DIRECTION('',(0.,0.,1.));
#6589=DIRECTION('',(0.707106781185865,0.70710678118723,0.));
#6590=DIRECTION('',(-0.707106781187245,0.707106781185849,0.));
#6591=DIRECTION('',(0.,0.,1.));
#6592=DIRECTION('',(0.,0.,1.));
#6593=DIRECTION('',(0.820792935868528,-0.57122583662526,0.));
#6594=DIRECTION('',(0.,0.,1.));
#6595=DIRECTION('',(0.820792935868528,-0.57122583662526,0.));
#6596=DIRECTION('',(0.,0.,1.));
#6597=DIRECTION('',(0.,0.,1.));
#6598=DIRECTION('',(-5.30330085889742,-5.30330085890079,0.));
#6599=DIRECTION('',(0.,0.,-1.));
#6600=DIRECTION('',(0.,0.,-1.));
#6601=DIRECTION('',(7.5,0.,0.));
#6602=DIRECTION('',(0.,0.,1.));
#6603=DIRECTION('',(0.,0.,1.));
#6604=DIRECTION('',(0.707106781186546,0.707106781186546,0.));
#6605=DIRECTION('',(0.,0.,1.));
#6606=DIRECTION('',(0.707106781186546,0.707106781186546,0.));
#6607=DIRECTION('',(0.,0.,-1.));
#6608=DIRECTION('',(0.,1.,0.));
#6609=DIRECTION('',(1.,-1.85037170770859E-16,0.));
#6610=DIRECTION('',(6.93889390390721E-16,3.75,0.));
#6611=DIRECTION('',(-1.,2.40548322002117E-16,0.));
#6612=DIRECTION('',(5.05151476204446E-16,2.1,0.));
#6613=DIRECTION('',(0.,0.,-1.));
#6614=DIRECTION('',(-1.40000000000001,0.,0.));
#6615=DIRECTION('',(0.,0.,-1.));
#6616=DIRECTION('',(-1.40000000000001,0.,0.));
#6617=DIRECTION('',(0.,0.,-1.));
#6618=DIRECTION('',(-1.40000000000001,0.,0.));
#6619=DIRECTION('',(0.,0.,-1.));
#6620=DIRECTION('',(-1.40000000000001,0.,0.));
#6621=DIRECTION('',(0.,0.,-1.));
#6622=DIRECTION('',(-1.4,0.,0.));
#6623=DIRECTION('',(0.,0.,-1.));
#6624=DIRECTION('',(-1.40000000000001,0.,0.));
#6625=DIRECTION('',(0.,0.,-1.));
#6626=DIRECTION('',(-1.4,0.,0.));
#6627=DIRECTION('',(0.,0.,-1.));
#6628=DIRECTION('',(-1.4,0.,0.));
#6629=DIRECTION('',(0.,0.,-1.));
#6630=DIRECTION('',(-1.40000000000001,0.,0.));
#6631=DIRECTION('',(0.,0.,-1.));
#6632=DIRECTION('',(-1.4,0.,0.));
#6633=DIRECTION('',(0.,0.,-1.));
#6634=DIRECTION('',(-1.4,0.,0.));
#6635=DIRECTION('',(0.,0.,-1.));
#6636=DIRECTION('',(-1.40000000000001,0.,0.));
#6637=DIRECTION('',(0.,0.,-1.));
#6638=DIRECTION('',(-1.40000000000001,0.,0.));
#6639=DIRECTION('',(0.,0.,-1.));
#6640=DIRECTION('',(-1.40000000000001,0.,0.));
#6641=DIRECTION('',(0.,0.,-1.));
#6642=DIRECTION('',(-1.4,0.,0.));
#6643=DIRECTION('',(0.,0.,-1.));
#6644=DIRECTION('',(-1.40000000000001,0.,0.));
#6645=DIRECTION('',(0.,0.,-1.));
#6646=DIRECTION('',(-1.4,0.,0.));
#6647=DIRECTION('',(0.,0.,-1.));
#6648=DIRECTION('',(-1.40000000000001,0.,0.));
#6649=DIRECTION('',(0.,0.,-1.));
#6650=DIRECTION('',(-1.4,0.,0.));
#6651=DIRECTION('',(0.,0.,-1.));
#6652=DIRECTION('',(-1.40000000000001,0.,0.));
#6653=DIRECTION('',(0.,0.,-1.));
#6654=DIRECTION('',(-1.4,0.,0.));
#6655=DIRECTION('',(0.,0.,-1.));
#6656=DIRECTION('',(-1.40000000000001,0.,0.));
#6657=DIRECTION('',(0.,0.,-1.));
#6658=DIRECTION('',(-1.4,0.,0.));
#6659=DIRECTION('',(0.,0.,-1.));
#6660=DIRECTION('',(-1.4,0.,0.));
#6661=DIRECTION('',(0.,0.,-1.));
#6662=DIRECTION('',(-1.4,0.,0.));
#6663=DIRECTION('',(0.,0.,-1.));
#6664=DIRECTION('',(-7.5,0.,0.));
#6665=DIRECTION('',(0.,0.,-1.));
#6666=DIRECTION('',(5.30330085889918,5.30330085889904,0.));
#6667=DIRECTION('',(0.,0.,-1.));
#6668=DIRECTION('',(-7.5,0.,0.));
#6669=DIRECTION('',(0.,0.,-1.));
#6670=DIRECTION('',(5.30330085889742,-5.30330085890079,0.));
#6671=DIRECTION('',(1.,1.85037170770859E-16,0.));
#6672=DIRECTION('',(-6.93889390390721E-16,3.75,0.));
#6673=DIRECTION('',(-1.,-2.40548322002117E-16,0.));
#6674=DIRECTION('',(-5.05151476204446E-16,2.1,0.));
#6675=DIRECTION('',(0.,0.,1.));
#6676=DIRECTION('',(1.40000000000001,0.,0.));
#6677=DIRECTION('',(0.,0.,1.));
#6678=DIRECTION('',(1.40000000000001,0.,0.));
#6679=DIRECTION('',(0.,0.,1.));
#6680=DIRECTION('',(1.40000000000001,0.,0.));
#6681=DIRECTION('',(0.,0.,1.));
#6682=DIRECTION('',(1.40000000000001,0.,0.));
#6683=DIRECTION('',(0.,0.,1.));
#6684=DIRECTION('',(1.4,0.,0.));
#6685=DIRECTION('',(0.,0.,1.));
#6686=DIRECTION('',(1.40000000000001,0.,0.));
#6687=DIRECTION('',(0.,0.,1.));
#6688=DIRECTION('',(1.4,0.,0.));
#6689=DIRECTION('',(0.,0.,1.));
#6690=DIRECTION('',(1.4,0.,0.));
#6691=DIRECTION('',(0.,0.,1.));
#6692=DIRECTION('',(1.40000000000001,0.,0.));
#6693=DIRECTION('',(0.,0.,1.));
#6694=DIRECTION('',(1.4,0.,0.));
#6695=DIRECTION('',(0.,0.,1.));
#6696=DIRECTION('',(1.4,0.,0.));
#6697=DIRECTION('',(0.,0.,1.));
#6698=DIRECTION('',(1.40000000000001,0.,0.));
#6699=DIRECTION('',(0.,0.,1.));
#6700=DIRECTION('',(1.40000000000001,0.,0.));
#6701=DIRECTION('',(0.,0.,1.));
#6702=DIRECTION('',(1.40000000000001,0.,0.));
#6703=DIRECTION('',(0.,0.,1.));
#6704=DIRECTION('',(1.4,0.,0.));
#6705=DIRECTION('',(0.,0.,1.));
#6706=DIRECTION('',(1.40000000000001,0.,0.));
#6707=DIRECTION('',(0.,0.,1.));
#6708=DIRECTION('',(1.4,0.,0.));
#6709=DIRECTION('',(0.,0.,1.));
#6710=DIRECTION('',(1.40000000000001,0.,0.));
#6711=DIRECTION('',(0.,0.,1.));
#6712=DIRECTION('',(1.4,0.,0.));
#6713=DIRECTION('',(0.,0.,1.));
#6714=DIRECTION('',(1.40000000000001,0.,0.));
#6715=DIRECTION('',(0.,0.,1.));
#6716=DIRECTION('',(1.4,0.,0.));
#6717=DIRECTION('',(0.,0.,1.));
#6718=DIRECTION('',(1.40000000000001,0.,0.));
#6719=DIRECTION('',(0.,0.,1.));
#6720=DIRECTION('',(1.4,0.,0.));
#6721=DIRECTION('',(0.,0.,1.));
#6722=DIRECTION('',(1.4,0.,0.));
#6723=DIRECTION('',(0.,0.,1.));
#6724=DIRECTION('',(1.4,0.,0.));
#6725=DIRECTION('',(0.,0.,1.));
#6726=DIRECTION('',(7.5,0.,0.));
#6727=DIRECTION('',(0.,0.,1.));
#6728=DIRECTION('',(-5.30330085889918,5.30330085889904,0.));
#6729=DIRECTION('',(0.,0.,1.));
#6730=DIRECTION('',(7.5,0.,0.));
#6731=DIRECTION('',(0.,0.,1.));
#6732=DIRECTION('',(-5.30330085889742,-5.30330085890079,0.));
#6733=CARTESIAN_POINT('',(50.8639707546188,-99.5,63.1));
#6734=CARTESIAN_POINT('',(105.921653434627,-99.,63.6));
#6735=CARTESIAN_POINT('',(105.808516543763,-99.4872000439256,63.1127999560744));
#6736=CARTESIAN_POINT('',(105.6953796529,-100.,62.6));
#6737=CARTESIAN_POINT('',(105.921653434627,-98.9999999999999,63.6));
#6738=CARTESIAN_POINT('',(105.6953796529,-100.,62.6000000000001));
#6739=CARTESIAN_POINT('',(105.6953796529,-100.,62.6));
#6740=CARTESIAN_POINT('',(116.,-100.,62.6));
#6741=CARTESIAN_POINT('',(116.,-100.,62.6));
#6742=CARTESIAN_POINT('',(116.,-99.,63.6));
#6743=CARTESIAN_POINT('',(116.,-99.,63.6));
#6744=CARTESIAN_POINT('',(116.,-96.,63.1));
#6745=CARTESIAN_POINT('',(120.,-96.000000000003,62.6));
#6746=CARTESIAN_POINT('',(120.,-96.000000000003,62.5999999999999));
#6747=CARTESIAN_POINT('',(119.,-96.0000000000022,63.5999999999999));
#6748=CARTESIAN_POINT('',(116.,-96.,63.6));
#6749=CARTESIAN_POINT('',(116.,-96.,62.6));
#6750=CARTESIAN_POINT('',(119.5,-48.0000000000008,63.1));
#6751=CARTESIAN_POINT('',(120.,-90.227941509237,62.6));
#6752=CARTESIAN_POINT('',(120.,-90.227941509237,62.5999999999999));
#6753=CARTESIAN_POINT('',(119.,-90.227941509237,63.5999999999999));
#6754=CARTESIAN_POINT('',(119.,-90.227941509237,63.6));
#6755=CARTESIAN_POINT('',(120.,-96.000000000003,62.6));
#6756=CARTESIAN_POINT('',(110.227941509237,-90.227941509237,63.1));
#6757=CARTESIAN_POINT('',(110.227941509231,-80.455883018474,62.6));
#6758=CARTESIAN_POINT('',(110.227941509234,-80.455883018474,62.6));
#6759=CARTESIAN_POINT('',(110.227941509234,-81.4558830184738,63.6000000000002));
#6760=CARTESIAN_POINT('',(110.227941509237,-90.227941509237,63.6));
#6761=CARTESIAN_POINT('',(110.227941509237,-90.227941509237,62.6));
#6762=CARTESIAN_POINT('',(103.091912263889,-80.95588301848,63.1));
#6763=CARTESIAN_POINT('',(102.258513594906,-81.4558830184808,63.6000000000004));
#6764=CARTESIAN_POINT('',(102.305294548707,-81.1707209664763,63.3148379479958));
#6765=CARTESIAN_POINT('',(102.345281395635,-80.8420528498002,62.9861698313194));
#6766=CARTESIAN_POINT('',(102.379813232392,-80.4558830194529,62.6000000009719));
#6767=CARTESIAN_POINT('',(102.258513594906,-81.4558830184804,63.6000000000001));
#6768=CARTESIAN_POINT('',(102.384081227648,-80.4583344157382,62.6006100015603));
#6769=CARTESIAN_POINT('',(102.258513594906,-81.4558830184804,63.6));
#6770=CARTESIAN_POINT('',(110.227941509231,-80.455883018474,62.6));
#6771=CARTESIAN_POINT('',(104.455883018468,-80.4558830184792,39.6));
#6772=CARTESIAN_POINT('',(110.227941509231,-80.455883018474,40.6));
#6773=CARTESIAN_POINT('',(110.227941509234,-80.455883018474,40.6));
#6774=CARTESIAN_POINT('',(103.,-80.4558830184804,40.6));
#6775=CARTESIAN_POINT('',(103.,-80.4558830184804,40.6));
#6776=CARTESIAN_POINT('',(103.,-80.4558830184804,40.6));
#6777=CARTESIAN_POINT('',(103.,-80.4570346496775,61.9666349941145));
#6778=CARTESIAN_POINT('',(102.38228237542,-80.4607858129954,62.602430807373));
#6779=CARTESIAN_POINT('',(102.428983034779,-80.4606691107927,62.5555122131462));
#6780=CARTESIAN_POINT('',(102.475566196214,-80.4605371106223,62.5084661923086));
#6781=CARTESIAN_POINT('',(102.522031975075,-80.4603923414998,62.4613025923569));
#6782=CARTESIAN_POINT('',(102.551102752751,-80.460301768371,62.4317952309777));
#6783=CARTESIAN_POINT('',(102.580132815746,-80.4602063496592,62.4022366909893));
#6784=CARTESIAN_POINT('',(102.609121739235,-80.4601066597709,62.3726297121395));
#6785=CARTESIAN_POINT('',(102.740268442623,-80.4596556599182,62.2386869089529));
#6786=CARTESIAN_POINT('',(102.870572432366,-80.4591140072703,62.1037503229857));
#6787=CARTESIAN_POINT('',(103.,-80.4585610177196,61.968093353807));
#6788=CARTESIAN_POINT('',(110.227941509237,-90.227941509237,39.6));
#6789=CARTESIAN_POINT('',(120.,-90.227941509237,40.6));
#6790=CARTESIAN_POINT('',(120.,-90.227941509237,40.6000000000001));
#6791=CARTESIAN_POINT('',(110.227941509237,-90.227941509237,40.6));
#6792=CARTESIAN_POINT('',(120.,-96.000000000003,39.6));
#6793=CARTESIAN_POINT('',(120.,-96.000000000003,40.6));
#6794=CARTESIAN_POINT('',(120.,-96.000000000003,40.6000000000001));
#6795=CARTESIAN_POINT('',(120.,-90.227941509237,40.6));
#6796=CARTESIAN_POINT('',(116.,-96.,39.6));
#6797=CARTESIAN_POINT('',(116.,-100.,40.6));
#6798=CARTESIAN_POINT('',(116.,-100.,40.6));
#6799=CARTESIAN_POINT('',(116.,-96.,40.6));
#6800=CARTESIAN_POINT('',(0.,-100.,39.6));
#6801=CARTESIAN_POINT('',(94.1999331228612,-100.,54.6));
#6802=CARTESIAN_POINT('',(101.504033454384,-100.,60.8364061685716));
#6803=CARTESIAN_POINT('',(105.6953796529,-100.,62.6));
#6804=CARTESIAN_POINT('',(94.1999331228612,-100.,54.6));
#6805=CARTESIAN_POINT('',(93.0395393201079,-100.,53.6));
#6806=CARTESIAN_POINT('',(93.6347890219321,-100.,54.1174671763536));
#6807=CARTESIAN_POINT('',(94.1999331228612,-100.,54.6));
#6808=CARTESIAN_POINT('',(93.0395393201079,-100.,53.6));
#6809=CARTESIAN_POINT('',(-93.0395393201079,-100.,53.6));
#6810=CARTESIAN_POINT('',(-93.0395393201079,-100.,53.6));
#6811=CARTESIAN_POINT('',(-94.1999331228612,-100.,54.6));
#6812=CARTESIAN_POINT('',(-93.6347890219336,-100.,54.1174671763549));
#6813=CARTESIAN_POINT('',(-93.0395393201079,-100.,53.6));
#6814=CARTESIAN_POINT('',(-94.1999331228612,-100.,54.6));
#6815=CARTESIAN_POINT('',(-105.6953796529,-100.,62.6));
#6816=CARTESIAN_POINT('',(-101.504033454384,-100.,60.8364061685716));
#6817=CARTESIAN_POINT('',(-94.1999331228612,-100.,54.6));
#6818=CARTESIAN_POINT('',(-105.6953796529,-100.,62.6000000000001));
#6819=CARTESIAN_POINT('',(-116.,-100.,62.6));
#6820=CARTESIAN_POINT('',(-116.,-100.,62.6));
#6821=CARTESIAN_POINT('',(-116.,-100.,40.6));
#6822=CARTESIAN_POINT('',(-116.,-100.,40.6));
#6823=CARTESIAN_POINT('',(116.,-100.,40.6));
#6824=CARTESIAN_POINT('',(110.227941509237,-90.227941509237,59.1));
#6825=CARTESIAN_POINT('',(110.227941509237,-90.227941509237,63.6));
#6826=CARTESIAN_POINT('',(100.455883018474,-90.2279415092432,63.6));
#6827=CARTESIAN_POINT('',(100.455883018474,-90.2279415092432,63.6));
#6828=CARTESIAN_POINT('',(91.455883018474,-90.227941509249,54.6));
#6829=CARTESIAN_POINT('',(110.227941509237,-90.227941509237,54.6));
#6830=CARTESIAN_POINT('',(93.6315211176207,-99.,54.6));
#6831=CARTESIAN_POINT('',(93.0395393201079,-100.,53.6));
#6832=CARTESIAN_POINT('',(93.3355302188639,-99.4912389387859,54.1087610612141));
#6833=CARTESIAN_POINT('',(93.6315211176207,-99.,54.6));
#6834=CARTESIAN_POINT('',(-50.8639707546188,-99.5,63.1));
#6835=CARTESIAN_POINT('',(-105.6953796529,-100.,62.6));
#6836=CARTESIAN_POINT('',(-105.808516543763,-99.4872000439256,63.1127999560744));
#6837=CARTESIAN_POINT('',(-105.921653434627,-99.,63.6));
#6838=CARTESIAN_POINT('',(-105.921653434627,-98.9999999999999,63.6));
#6839=CARTESIAN_POINT('',(-105.921653434627,-99.,63.6));
#6840=CARTESIAN_POINT('',(-116.,-99.,63.6));
#6841=CARTESIAN_POINT('',(-116.,-99.,63.6));
#6842=CARTESIAN_POINT('',(-116.,-96.,63.1));
#6843=CARTESIAN_POINT('',(-119.,-96.0000000000022,63.6));
#6844=CARTESIAN_POINT('',(-119.,-96.0000000000022,63.5999999999999));
#6845=CARTESIAN_POINT('',(-120.,-96.000000000003,62.5999999999999));
#6846=CARTESIAN_POINT('',(-116.,-96.,62.6));
#6847=CARTESIAN_POINT('',(-116.,-96.,63.6));
#6848=CARTESIAN_POINT('',(-119.5,-48.0000000000008,63.1));
#6849=CARTESIAN_POINT('',(-119.,-90.227941509237,63.6));
#6850=CARTESIAN_POINT('',(-119.,-90.227941509237,63.5999999999999));
#6851=CARTESIAN_POINT('',(-120.,-90.227941509237,62.5999999999999));
#6852=CARTESIAN_POINT('',(-120.,-90.227941509237,62.6));
#6853=CARTESIAN_POINT('',(-119.,-96.0000000000022,63.6));
#6854=CARTESIAN_POINT('',(-110.227941509237,-90.227941509237,63.1));
#6855=CARTESIAN_POINT('',(-110.227941509232,-81.455883018474,63.6));
#6856=CARTESIAN_POINT('',(-110.227941509234,-81.4558830184738,63.6000000000002));
#6857=CARTESIAN_POINT('',(-110.227941509234,-80.455883018474,62.6));
#6858=CARTESIAN_POINT('',(-110.227941509237,-90.227941509237,62.6));
#6859=CARTESIAN_POINT('',(-110.227941509237,-90.227941509237,63.6));
#6860=CARTESIAN_POINT('',(-103.091912263889,-80.95588301848,63.1));
#6861=CARTESIAN_POINT('',(-102.258513594906,-81.4558830184807,63.6000000000003));
#6862=CARTESIAN_POINT('',(-102.305268720991,-81.1708784041469,63.3149953856663));
#6863=CARTESIAN_POINT('',(-102.345265192201,-80.8422340529531,62.9863510344723));
#6864=CARTESIAN_POINT('',(-102.379813232396,-80.4558830194102,62.6000000009292));
#6865=CARTESIAN_POINT('',(-102.258513594906,-81.4558830184805,63.6000000000002));
#6866=CARTESIAN_POINT('',(-102.382257450411,-80.4583344159291,62.6012155019445));
#6867=CARTESIAN_POINT('',(-102.379813229319,-80.455883018481,62.6000000015833));
#6868=CARTESIAN_POINT('',(-110.227941509232,-81.455883018474,63.6));
#6869=CARTESIAN_POINT('',(-101.727941509238,1.58983937126322E-12,63.6));
#6870=CARTESIAN_POINT('',(-102.258513594906,-81.4558830184804,63.6));
#6871=CARTESIAN_POINT('',(-102.244855159304,-81.4414839612262,63.6));
#6872=CARTESIAN_POINT('',(-102.231232686136,-81.4271058341426,63.6000077964625));
#6873=CARTESIAN_POINT('',(-102.217646704041,-81.4127488508373,63.600022401932));
#6874=CARTESIAN_POINT('',(-102.166614847431,-81.3588209486621,63.6000772632012));
#6875=CARTESIAN_POINT('',(-102.115509030463,-81.3045684033145,63.6002281917299));
#6876=CARTESIAN_POINT('',(-102.064351441056,-81.249986304431,63.6004360421175));
#6877=CARTESIAN_POINT('',(-102.064357161145,-81.2497680786393,63.6002180210588));
#6878=CARTESIAN_POINT('',(-110.227941509237,-90.227941509237,63.6));
#6879=CARTESIAN_POINT('',(-100.455883018474,-90.2279415092432,63.6));
#6880=CARTESIAN_POINT('',(-100.45588301847,-84.4558830184803,63.6));
#6881=CARTESIAN_POINT('',(-100.45588301847,-84.4558830184803,63.5999999999999));
#6882=CARTESIAN_POINT('',(-104.45588301847,-84.4558830184777,63.6));
#6883=CARTESIAN_POINT('',(-115.083361120557,-97.2046814641166,63.6));
#6884=CARTESIAN_POINT('',(-115.790467901743,-96.49757468293,63.6));
#6885=CARTESIAN_POINT('',(-114.512135283931,-96.3838885282484,63.6));
#6886=CARTESIAN_POINT('',(-116.848528137421,-97.5556349186104,63.6));
#6887=CARTESIAN_POINT('',(-116.848528137421,-97.5556349186104,63.6));
#6888=CARTESIAN_POINT('',(-117.202081528017,-97.2020815280169,63.6));
#6889=CARTESIAN_POINT('',(-117.555634918612,-96.8485281374252,63.6));
#6890=CARTESIAN_POINT('',(-116.49757468293,-95.7904679017436,63.6));
#6891=CARTESIAN_POINT('',(-116.49757468293,-95.7904679017434,63.6));
#6892=CARTESIAN_POINT('',(-117.204681464117,-95.0833611205566,63.6));
#6893=CARTESIAN_POINT('',(-116.383888528248,-94.5121352839309,63.6));
#6894=CARTESIAN_POINT('',(-110.227941509237,-90.227941509237,63.6));
#6895=CARTESIAN_POINT('',(-117.727941509237,-90.2279415092309,63.6));
#6896=CARTESIAN_POINT('',(-105.943747734539,-84.0719944902287,63.6));
#6897=CARTESIAN_POINT('',(-105.372521897913,-83.2512015543609,63.6));
#6898=CARTESIAN_POINT('',(-104.665415116727,-83.9583083355478,63.6));
#6899=CARTESIAN_POINT('',(-103.607354881047,-82.9002480998678,63.6));
#6900=CARTESIAN_POINT('',(-103.607354881047,-82.9002480998678,63.6));
#6901=CARTESIAN_POINT('',(-103.253801490453,-83.2538014904619,63.6));
#6902=CARTESIAN_POINT('',(-102.900248099859,-83.6073548810559,63.6));
#6903=CARTESIAN_POINT('',(-103.95830833554,-84.6654151167349,63.6));
#6904=CARTESIAN_POINT('',(-103.95830833554,-84.6654151167349,63.6));
#6905=CARTESIAN_POINT('',(-103.251201554354,-85.3725218979219,63.6));
#6906=CARTESIAN_POINT('',(-104.071994490223,-85.9437477345472,63.6));
#6907=CARTESIAN_POINT('',(-110.227941509237,-90.227941509237,63.6));
#6908=CARTESIAN_POINT('',(-104.92464065034,-95.5312423681378,63.6));
#6909=CARTESIAN_POINT('',(-110.227941509237,-90.227941509237,59.1));
#6910=CARTESIAN_POINT('',(-93.6315211176207,-99.,54.6));
#6911=CARTESIAN_POINT('',(-93.3355302188639,-99.4912389387859,54.1087610612141));
#6912=CARTESIAN_POINT('',(-93.0395393201079,-100.,53.6));
#6913=CARTESIAN_POINT('',(-93.6315211176207,-99.,54.6));
#6914=CARTESIAN_POINT('',(-110.227941509237,-90.227941509237,54.6));
#6915=CARTESIAN_POINT('',(-91.455883018474,-90.227941509249,54.6));
#6916=CARTESIAN_POINT('',(-91.455883018474,-90.227941509249,54.6));
#6917=CARTESIAN_POINT('',(102.5,-40.2279415092402,54.1));
#6918=CARTESIAN_POINT('',(103.,-71.9500702088525,53.6));
#6919=CARTESIAN_POINT('',(103.,-71.9500702088525,53.6));
#6920=CARTESIAN_POINT('',(103.,90.2279415092374,53.6));
#6921=CARTESIAN_POINT('',(93.2279415092376,90.2279415092374,63.3720584907624));
#6922=CARTESIAN_POINT('',(102.,85.9216534346278,54.6));
#6923=CARTESIAN_POINT('',(102.,85.9216534346278,54.6));
#6924=CARTESIAN_POINT('',(101.999999999999,-71.6899659499885,54.6000000000015));
#6925=CARTESIAN_POINT('',(101.999999999997,-71.6899659499904,54.600000000003));
#6926=CARTESIAN_POINT('',(102.00284468912,-71.6865218431497,54.5971553108804));
#6927=CARTESIAN_POINT('',(102.005690913175,-71.6830777363091,54.5943090868249));
#6928=CARTESIAN_POINT('',(102.005666586639,-71.6831762086031,54.5944075574032));
#6929=CARTESIAN_POINT('',(102.005690913178,-71.6830777363053,54.5943090868217));
#6930=CARTESIAN_POINT('',(102.17140806936,-71.7269326534041,54.4285919306398));
#6931=CARTESIAN_POINT('',(102.337119713997,-71.7711180961583,54.2628802860029));
#6932=CARTESIAN_POINT('',(102.668531103032,-71.8601184991828,53.931468896968));
#6933=CARTESIAN_POINT('',(102.834303075329,-71.9049534079477,53.765696924671));
#6934=CARTESIAN_POINT('',(103.,-71.9500702088525,53.6));
#6935=CARTESIAN_POINT('',(103.,-71.9500702088525,53.6));
#6936=CARTESIAN_POINT('',(103.,-72.7237028665062,54.3689771540262));
#6937=CARTESIAN_POINT('',(103.,-74.0223831578332,55.6582625235835));
#6938=CARTESIAN_POINT('',(103.,-75.9826947539239,57.5994405028249));
#6939=CARTESIAN_POINT('',(103.,-77.6481391677388,59.2403090872918));
#6940=CARTESIAN_POINT('',(103.,-79.0195705724864,60.5811460493221));
#6941=CARTESIAN_POINT('',(103.,-80.6561390339358,62.1648163330976));
#6942=CARTESIAN_POINT('',(103.,-81.3676841395611,62.830858159741));
#6943=CARTESIAN_POINT('',(103.,-81.798734065796,63.2258633481555));
#6944=CARTESIAN_POINT('',(102.668462581092,-71.7394406072488,53.811904784968));
#6945=CARTESIAN_POINT('',(102.66866945191,-72.5145469736621,54.5795482580378));
#6946=CARTESIAN_POINT('',(102.669121541934,-73.8162016955617,55.8661618887105));
#6947=CARTESIAN_POINT('',(102.670183753327,-75.7825634242475,57.801984242891));
#6948=CARTESIAN_POINT('',(102.671814527151,-77.4557467580669,59.4361462056298));
#6949=CARTESIAN_POINT('',(102.674278342049,-78.8366982044621,60.7689526406179));
#6950=CARTESIAN_POINT('',(102.679235350113,-80.4894273700994,62.3393383940715));
#6951=CARTESIAN_POINT('',(102.684591708246,-81.2142116936614,62.9950272405648));
#6952=CARTESIAN_POINT('',(102.689277909914,-81.6550613116117,63.3826464282505));
#6953=CARTESIAN_POINT('',(102.336925162184,-71.528811005645,54.0238095699361));
#6954=CARTESIAN_POINT('',(102.33733890382,-72.3053910808181,54.7901193620494));
#6955=CARTESIAN_POINT('',(102.338243083867,-73.6100202332903,56.0740612538375));
#6956=CARTESIAN_POINT('',(102.340367506653,-75.5824320945711,58.0045279829571));
#6957=CARTESIAN_POINT('',(102.343629054303,-77.2633543483951,59.6319833239678));
#6958=CARTESIAN_POINT('',(102.348556684097,-78.6538258364377,60.9567592319136));
#6959=CARTESIAN_POINT('',(102.358470700226,-80.322715706263,62.5138604550454));
#6960=CARTESIAN_POINT('',(102.369183416492,-81.0607392477616,63.1591963213887));
#6961=CARTESIAN_POINT('',(102.378555819827,-81.5113885574274,63.5394295083454));
#6962=CARTESIAN_POINT('',(102.005387743275,-71.3181814040413,54.2357143549041));
#6963=CARTESIAN_POINT('',(102.006008355729,-72.096235187974,55.000690466061));
#6964=CARTESIAN_POINT('',(102.007364625801,-73.4038387710188,56.2819606189645));
#6965=CARTESIAN_POINT('',(102.01055125998,-75.3823007648946,58.2070717230232));
#6966=CARTESIAN_POINT('',(102.015443581454,-77.0709619387233,59.8278204423058));
#6967=CARTESIAN_POINT('',(102.022835026146,-78.4709534684133,61.1445658232094));
#6968=CARTESIAN_POINT('',(102.037706050339,-80.1560040424266,62.6883825160193));
#6969=CARTESIAN_POINT('',(102.053775124738,-80.9072668018619,63.3233654022126));
#6970=CARTESIAN_POINT('',(102.067833729741,-81.3677158032431,63.6962125884405));
#6971=CARTESIAN_POINT('',(102.005695931648,-71.6890738334585,54.6002023344618));
#6972=CARTESIAN_POINT('',(102.006231085747,-72.3073376314928,55.2074966891317));
#6973=CARTESIAN_POINT('',(102.007494529485,-73.4844911102237,56.3604381000848));
#6974=CARTESIAN_POINT('',(102.01055125998,-75.3823007648946,58.2070717230232));
#6975=CARTESIAN_POINT('',(102.015443581454,-77.0709619387233,59.8278204423058));
#6976=CARTESIAN_POINT('',(102.022835026146,-78.4709534684133,61.1445658232094));
#6977=CARTESIAN_POINT('',(102.032705341814,-79.5893687750477,62.1692402433747));
#6978=CARTESIAN_POINT('',(102.041003354398,-80.1702532184056,62.6835241873744));
#6979=CARTESIAN_POINT('',(102.046147081534,-80.4555145506512,62.9306751317759));
#6980=CARTESIAN_POINT('',(102.005696102337,-71.6890747228167,54.6002014288499));
#6981=CARTESIAN_POINT('',(102.046272725082,-80.4584221459263,62.9331938437186));
#6982=CARTESIAN_POINT('',(102.0462521106,-80.4613297412014,62.9357125556613));
#6983=CARTESIAN_POINT('',(102.051804026938,-80.7682227271458,63.2015135429407));
#6984=CARTESIAN_POINT('',(102.057849202062,-81.0228535044064,63.4147814909123));
#6985=CARTESIAN_POINT('',(102.064351441056,-81.2499863044309,63.6004360421175));
#6986=CARTESIAN_POINT('',(102.064357161145,-81.2497680786393,63.6002180210588));
#6987=CARTESIAN_POINT('',(102.064351441056,-81.2499863044309,63.6004360421175));
#6988=CARTESIAN_POINT('',(102.129151967409,-81.3191246039111,63.60017276125));
#6989=CARTESIAN_POINT('',(102.193887694598,-81.3877528119361,63.6));
#6990=CARTESIAN_POINT('',(102.258513594906,-81.4558830184804,63.6));
#6991=CARTESIAN_POINT('',(103.,-80.4555082816354,61.965176634422));
#6992=CARTESIAN_POINT('',(103.,-80.3043398331979,61.8207395028608));
#6993=CARTESIAN_POINT('',(103.,-79.874066473961,61.4080224059487));
#6994=CARTESIAN_POINT('',(103.,-79.0195705724864,60.5811460493221));
#6995=CARTESIAN_POINT('',(103.,-77.6481391677388,59.2403090872918));
#6996=CARTESIAN_POINT('',(103.,-75.9826947539239,57.5994405028249));
#6997=CARTESIAN_POINT('',(103.,-74.0223831578332,55.6582625235835));
#6998=CARTESIAN_POINT('',(103.,-72.7237028665062,54.3689771540262));
#6999=CARTESIAN_POINT('',(103.,-71.9500702088525,53.6));
#7000=CARTESIAN_POINT('',(102.005695931648,-71.6890738334585,54.6002023344618));
#7001=CARTESIAN_POINT('',(102.005694259139,-71.6871415831509,54.5983043667863));
#7002=CARTESIAN_POINT('',(102.005692587025,-71.6852085325647,54.596405598227));
#7003=CARTESIAN_POINT('',(102.005690915307,-71.6832746809009,54.5945060279847));
#7004=CARTESIAN_POINT('',(103.,-80.4558830184804,39.6));
#7005=CARTESIAN_POINT('',(103.,90.2279415092374,53.6));
#7006=CARTESIAN_POINT('',(103.,90.2279415092374,63.6));
#7007=CARTESIAN_POINT('',(103.,-81.4558830184795,39.6));
#7008=CARTESIAN_POINT('',(103.,-81.4558830184795,39.6));
#7009=CARTESIAN_POINT('',(103.,95.9999949068261,39.6));
#7010=CARTESIAN_POINT('',(103.,95.9999949068261,39.6));
#7011=CARTESIAN_POINT('',(103.,95.9999949068261,39.6));
#7012=CARTESIAN_POINT('',(103.,95.9999949068261,63.6));
#7013=CARTESIAN_POINT('',(103.,90.2279415092374,63.6));
#7014=CARTESIAN_POINT('',(-102.5,-40.2279415092402,54.1));
#7015=CARTESIAN_POINT('',(-102.,-71.6899659499867,54.6));
#7016=CARTESIAN_POINT('',(-101.999999999999,-71.6899659499885,54.6000000000015));
#7017=CARTESIAN_POINT('',(-102.,85.9216534346278,54.6));
#7018=CARTESIAN_POINT('',(-93.2279415092376,90.2279415092374,63.3720584907624));
#7019=CARTESIAN_POINT('',(-103.,90.2279415092374,53.6));
#7020=CARTESIAN_POINT('',(-103.,90.2279415092374,53.6));
#7021=CARTESIAN_POINT('',(-103.,-71.9500702088525,53.6));
#7022=CARTESIAN_POINT('',(-103.,-71.9500702088525,53.6));
#7023=CARTESIAN_POINT('',(-102.834312411885,-71.9049559501525,53.7656875881153));
#7024=CARTESIAN_POINT('',(-102.668549786641,-71.8601445085909,53.9314711695474));
#7025=CARTESIAN_POINT('',(-102.502781303599,-71.8156624921261,54.0972747350695));
#7026=CARTESIAN_POINT('',(-102.337141740014,-71.7712150696765,54.2629493538508));
#7027=CARTESIAN_POINT('',(-102.171419011609,-71.7270758020598,54.4287212409129));
#7028=CARTESIAN_POINT('',(-102.005690915347,-71.6832746751647,54.5945060222946));
#7029=CARTESIAN_POINT('',(-102.00566658665,-71.6831762086051,54.5944075574049));
#7030=CARTESIAN_POINT('',(-102.005690913175,-71.6830777363092,54.594309086825));
#7031=CARTESIAN_POINT('',(-102.00284468912,-71.6865218431498,54.5971553108805));
#7032=CARTESIAN_POINT('',(-101.999999999997,-71.6899659499904,54.600000000003));
#7033=CARTESIAN_POINT('',(-102.005387743275,-71.3181814040413,54.2357143549041));
#7034=CARTESIAN_POINT('',(-102.006008355729,-72.0962351879739,55.000690466061));
#7035=CARTESIAN_POINT('',(-102.007364625801,-73.4038387710187,56.2819606189645));
#7036=CARTESIAN_POINT('',(-102.010551259979,-75.3823007648945,58.2070717230231));
#7037=CARTESIAN_POINT('',(-102.015443581454,-77.0709619387231,59.8278204423057));
#7038=CARTESIAN_POINT('',(-102.022835026146,-78.4709534684132,61.1445658232093));
#7039=CARTESIAN_POINT('',(-102.037706050339,-80.1560040424265,62.6883825160192));
#7040=CARTESIAN_POINT('',(-102.053775124738,-80.9072668018618,63.3233654022125));
#7041=CARTESIAN_POINT('',(-102.067833729741,-81.3677158032429,63.6962125884403));
#7042=CARTESIAN_POINT('',(-102.336925162184,-71.528811005645,54.023809569936));
#7043=CARTESIAN_POINT('',(-102.33733890382,-72.305391080818,54.7901193620494));
#7044=CARTESIAN_POINT('',(-102.338243083867,-73.6100202332902,56.0740612538374));
#7045=CARTESIAN_POINT('',(-102.340367506653,-75.5824320945709,58.004527982957));
#7046=CARTESIAN_POINT('',(-102.343629054303,-77.263354348395,59.6319833239677));
#7047=CARTESIAN_POINT('',(-102.348556684097,-78.6538258364376,60.9567592319135));
#7048=CARTESIAN_POINT('',(-102.358470700226,-80.3227157062629,62.5138604550453));
#7049=CARTESIAN_POINT('',(-102.369183416492,-81.0607392477615,63.1591963213886));
#7050=CARTESIAN_POINT('',(-102.378555819827,-81.5113885574273,63.5394295083453));
#7051=CARTESIAN_POINT('',(-102.668462581092,-71.7394406072487,53.811904784968));
#7052=CARTESIAN_POINT('',(-102.66866945191,-72.5145469736621,54.5795482580377));
#7053=CARTESIAN_POINT('',(-102.669121541934,-73.8162016955617,55.8661618887104));
#7054=CARTESIAN_POINT('',(-102.670183753326,-75.7825634242473,57.8019842428909));
#7055=CARTESIAN_POINT('',(-102.671814527151,-77.4557467580668,59.4361462056297));
#7056=CARTESIAN_POINT('',(-102.674278342049,-78.836698204462,60.7689526406178));
#7057=CARTESIAN_POINT('',(-102.679235350113,-80.4894273700993,62.3393383940714));
#7058=CARTESIAN_POINT('',(-102.684591708246,-81.2142116936612,62.9950272405647));
#7059=CARTESIAN_POINT('',(-102.689277909914,-81.6550613116116,63.3826464282503));
#7060=CARTESIAN_POINT('',(-103.,-71.9500702088525,53.6));
#7061=CARTESIAN_POINT('',(-103.,-72.7237028665062,54.3689771540261));
#7062=CARTESIAN_POINT('',(-103.,-74.0223831578332,55.6582625235834));
#7063=CARTESIAN_POINT('',(-103.,-75.9826947539238,57.5994405028248));
#7064=CARTESIAN_POINT('',(-103.,-77.6481391677387,59.2403090872917));
#7065=CARTESIAN_POINT('',(-103.,-79.0195705724863,60.581146049322));
#7066=CARTESIAN_POINT('',(-103.,-80.6561390339357,62.1648163330974));
#7067=CARTESIAN_POINT('',(-103.,-81.367684139561,62.8308581597408));
#7068=CARTESIAN_POINT('',(-103.,-81.7987340657959,63.2258633481553));
#7069=CARTESIAN_POINT('',(-103.,-71.9500702088525,53.6));
#7070=CARTESIAN_POINT('',(-103.,-72.7237028665062,54.3689771540261));
#7071=CARTESIAN_POINT('',(-103.,-74.0223831578332,55.6582625235834));
#7072=CARTESIAN_POINT('',(-103.,-75.9826947539238,57.5994405028248));
#7073=CARTESIAN_POINT('',(-103.,-77.6481391677387,59.2403090872917));
#7074=CARTESIAN_POINT('',(-103.,-79.0195705724863,60.581146049322));
#7075=CARTESIAN_POINT('',(-103.,-79.874066473961,61.4080224059486));
#7076=CARTESIAN_POINT('',(-103.,-80.3043398331979,61.8207395028608));
#7077=CARTESIAN_POINT('',(-103.,-80.4555082816354,61.965176634422));
#7078=CARTESIAN_POINT('',(-103.,-80.4570346496775,61.9666349941145));
#7079=CARTESIAN_POINT('',(-103.,-80.4585610177196,61.968093353807));
#7080=CARTESIAN_POINT('',(-102.970667075134,-80.4586863449682,61.9988380842942));
#7081=CARTESIAN_POINT('',(-102.941289156553,-80.4588112507388,62.0295459446052));
#7082=CARTESIAN_POINT('',(-102.911866595761,-80.4589346364853,62.0602136259458));
#7083=CARTESIAN_POINT('',(-102.782073779846,-80.4594789325305,62.1954990875656));
#7084=CARTESIAN_POINT('',(-102.651411510554,-80.4599903616039,62.3300002193562));
#7085=CARTESIAN_POINT('',(-102.519915460428,-80.4603989266794,62.4634507290294));
#7086=CARTESIAN_POINT('',(-102.474151598134,-80.4605411173828,62.5098947913561));
#7087=CARTESIAN_POINT('',(-102.428273876276,-80.4606708810164,62.5562246799161));
#7088=CARTESIAN_POINT('',(-102.382282180646,-80.4607858133771,62.6024310029599));
#7089=CARTESIAN_POINT('',(-102.064351441056,-81.2499863044309,63.6004360421175));
#7090=CARTESIAN_POINT('',(-102.057849202062,-81.0228535044064,63.4147814909123));
#7091=CARTESIAN_POINT('',(-102.051804026938,-80.7682227271458,63.2015135429407));
#7092=CARTESIAN_POINT('',(-102.0462521106,-80.4613297412015,62.9357125556613));
#7093=CARTESIAN_POINT('',(-102.046272725082,-80.4584221459264,62.9331938437186));
#7094=CARTESIAN_POINT('',(-102.046147081534,-80.4555145506512,62.9306751317758));
#7095=CARTESIAN_POINT('',(-102.041003354398,-80.1702532184055,62.6835241873744));
#7096=CARTESIAN_POINT('',(-102.032705341814,-79.5893687750476,62.1692402433747));
#7097=CARTESIAN_POINT('',(-102.022835026146,-78.4709534684132,61.1445658232093));
#7098=CARTESIAN_POINT('',(-102.015443581454,-77.0709619387231,59.8278204423057));
#7099=CARTESIAN_POINT('',(-102.010551259979,-75.3823007648945,58.2070717230231));
#7100=CARTESIAN_POINT('',(-102.007494529485,-73.4844911102236,56.3604381000848));
#7101=CARTESIAN_POINT('',(-102.006231085747,-72.3073376314928,55.2074966891318));
#7102=CARTESIAN_POINT('',(-102.005695931648,-71.6890738334587,54.6002023344621));
#7103=CARTESIAN_POINT('',(-102.005696102336,-71.6890747228196,54.6002014288501));
#7104=CARTESIAN_POINT('',(-102.005690915307,-71.683274680901,54.5945060279848));
#7105=CARTESIAN_POINT('',(-102.005692587025,-71.6852085325649,54.5964055982272));
#7106=CARTESIAN_POINT('',(-102.005694259139,-71.687141583151,54.5983043667865));
#7107=CARTESIAN_POINT('',(-102.005695931648,-71.6890738334587,54.600202334462));
#7108=CARTESIAN_POINT('',(55.1139707546185,0.,54.6));
#7109=CARTESIAN_POINT('',(93.2279415092376,90.2279415092374,54.6));
#7110=CARTESIAN_POINT('',(93.2279415092395,80.4558830184747,54.6));
#7111=CARTESIAN_POINT('',(93.2279415092395,80.4558830184744,54.6));
#7112=CARTESIAN_POINT('',(87.4558881116491,80.4558830184763,54.6));
#7113=CARTESIAN_POINT('',(87.4558830184751,84.4558830184747,54.6));
#7114=CARTESIAN_POINT('',(83.4558830184751,84.4558830184745,54.6));
#7115=CARTESIAN_POINT('',(83.4558830184751,84.4558830184745,54.6));
#7116=CARTESIAN_POINT('',(83.4558830184751,90.2279415092381,54.6));
#7117=CARTESIAN_POINT('',(93.2279415092376,90.2279415092374,54.6));
#7118=CARTESIAN_POINT('',(93.2279415092376,99.9999999999999,54.6));
#7119=CARTESIAN_POINT('',(93.2279415092376,99.9999999999998,54.6));
#7120=CARTESIAN_POINT('',(-93.2279415092376,99.9999999999999,54.6));
#7121=CARTESIAN_POINT('',(-93.2279415092376,90.2279415092374,54.6));
#7122=CARTESIAN_POINT('',(-83.4558830184751,90.2279415092381,54.6));
#7123=CARTESIAN_POINT('',(-83.4558830184751,84.4558830184745,54.6));
#7124=CARTESIAN_POINT('',(-83.4558830184751,84.4558830184745,54.6));
#7125=CARTESIAN_POINT('',(-87.4558830184751,84.4558830184747,54.6));
#7126=CARTESIAN_POINT('',(-87.4558881116491,80.4558830184763,54.6));
#7127=CARTESIAN_POINT('',(-93.2279415092395,80.4558830184744,54.6));
#7128=CARTESIAN_POINT('',(-93.2279415092395,80.4558830184747,54.6));
#7129=CARTESIAN_POINT('',(-93.2279415092376,90.2279415092374,54.6));
#7130=CARTESIAN_POINT('',(-104.45588301847,-84.4558830184777,54.6));
#7131=CARTESIAN_POINT('',(-91.4558830184702,-84.455883018486,54.6000000000001));
#7132=CARTESIAN_POINT('',(-91.455883018474,-90.227941509249,54.6));
#7133=CARTESIAN_POINT('',(93.6315211176207,-99.,54.6));
#7134=CARTESIAN_POINT('',(91.4558830184704,-84.4558830184859,54.6));
#7135=CARTESIAN_POINT('',(91.4558830184702,-84.4558830184859,54.6000000000001));
#7136=CARTESIAN_POINT('',(104.45588301847,-84.4558830184777,54.6));
#7137=CARTESIAN_POINT('',(-89.,-12.7017059221716,54.6));
#7138=CARTESIAN_POINT('',(-89.,-12.7017059221716,54.6));
#7139=CARTESIAN_POINT('',(-89.,-86.,54.6));
#7140=CARTESIAN_POINT('',(-94.,-12.7017059221716,54.6));
#7141=CARTESIAN_POINT('',(-94.,-12.7017059221716,54.6));
#7142=CARTESIAN_POINT('',(-95.,-11.5470053837923,54.6));
#7143=CARTESIAN_POINT('',(-95.,-11.5470053837923,54.6));
#7144=CARTESIAN_POINT('',(-95.,11.5470053837927,54.6));
#7145=CARTESIAN_POINT('',(-95.,11.5470053837927,54.6));
#7146=CARTESIAN_POINT('',(-94.,12.701705922172,54.6));
#7147=CARTESIAN_POINT('',(-94.,12.701705922172,54.6));
#7148=CARTESIAN_POINT('',(-89.,12.701705922172,54.6));
#7149=CARTESIAN_POINT('',(-89.,12.701705922172,54.6));
#7150=CARTESIAN_POINT('',(-89.,79.5000000000001,54.6));
#7151=CARTESIAN_POINT('',(-89.,79.5000000000001,54.6));
#7152=CARTESIAN_POINT('',(89.,79.5,54.6));
#7153=CARTESIAN_POINT('',(89.,79.5,54.6));
#7154=CARTESIAN_POINT('',(89.,12.701705922172,54.6));
#7155=CARTESIAN_POINT('',(89.,12.701705922172,54.6));
#7156=CARTESIAN_POINT('',(89.,12.701705922172,54.6));
#7157=CARTESIAN_POINT('',(94.,12.701705922172,54.6));
#7158=CARTESIAN_POINT('',(95.,11.5470053837927,54.6));
#7159=CARTESIAN_POINT('',(95.,11.5470053837927,54.6));
#7160=CARTESIAN_POINT('',(95.,11.5470053837927,54.6));
#7161=CARTESIAN_POINT('',(95.,-11.5470053837923,54.6));
#7162=CARTESIAN_POINT('',(94.,-12.7017059221716,54.6));
#7163=CARTESIAN_POINT('',(94.,-12.7017059221716,54.6));
#7164=CARTESIAN_POINT('',(94.,-12.7017059221716,54.6));
#7165=CARTESIAN_POINT('',(89.,-12.7017059221716,54.6));
#7166=CARTESIAN_POINT('',(89.,-86.,54.6));
#7167=CARTESIAN_POINT('',(89.,-86.,54.6));
#7168=CARTESIAN_POINT('',(-89.,-86.,54.6));
#7169=CARTESIAN_POINT('',(-104.45588301847,-84.4558830184777,59.1));
#7170=CARTESIAN_POINT('',(-91.4558830184704,-84.4558830184859,54.6));
#7171=CARTESIAN_POINT('',(-24.670956131961,-80.9558830185499,40.1));
#7172=CARTESIAN_POINT('',(-103.,-80.4558830184804,40.6));
#7173=CARTESIAN_POINT('',(-103.,-80.4558830184804,40.6));
#7174=CARTESIAN_POINT('',(-103.,-81.4558830184795,39.6));
#7175=CARTESIAN_POINT('',(-103.,-81.4558830184795,39.6));
#7176=CARTESIAN_POINT('',(-110.227941509235,-81.4558830184736,39.6000000000001));
#7177=CARTESIAN_POINT('',(-110.227941509232,-81.4558830184731,39.6));
#7178=CARTESIAN_POINT('',(-110.227941509234,-80.455883018474,40.6));
#7179=CARTESIAN_POINT('',(-110.227941509231,-80.455883018474,40.6));
#7180=CARTESIAN_POINT('',(-110.227941509237,-90.227941509237,40.1));
#7181=CARTESIAN_POINT('',(-110.227941509237,-90.227941509237,39.6));
#7182=CARTESIAN_POINT('',(-119.,-90.227941509237,39.6000000000001));
#7183=CARTESIAN_POINT('',(-119.,-90.227941509237,39.6));
#7184=CARTESIAN_POINT('',(-120.,-90.227941509237,40.6000000000001));
#7185=CARTESIAN_POINT('',(-110.227941509237,-90.227941509237,40.6));
#7186=CARTESIAN_POINT('',(-119.5,-48.000000000002,40.1));
#7187=CARTESIAN_POINT('',(-119.,-90.227941509237,39.6));
#7188=CARTESIAN_POINT('',(-119.,-96.000000000003,39.6000000000001));
#7189=CARTESIAN_POINT('',(-119.,-96.000000000003,39.6));
#7190=CARTESIAN_POINT('',(-120.,-96.0000000000035,40.6000000000001));
#7191=CARTESIAN_POINT('',(-120.,-96.000000000003,40.6));
#7192=CARTESIAN_POINT('',(-116.,-96.,40.1));
#7193=CARTESIAN_POINT('',(-116.,-96.,39.6));
#7194=CARTESIAN_POINT('',(-116.,-99.,39.6));
#7195=CARTESIAN_POINT('',(-116.,-99.,39.6));
#7196=CARTESIAN_POINT('',(-116.,-96.,40.6));
#7197=CARTESIAN_POINT('',(27.5569853773093,-99.5,40.1));
#7198=CARTESIAN_POINT('',(-116.,-99.,39.6));
#7199=CARTESIAN_POINT('',(116.,-99.,39.6));
#7200=CARTESIAN_POINT('',(116.,-99.,39.6));
#7201=CARTESIAN_POINT('',(116.,-96.,40.1));
#7202=CARTESIAN_POINT('',(119.,-96.0000000000022,39.6));
#7203=CARTESIAN_POINT('',(119.,-96.0000000000022,39.6000000000001));
#7204=CARTESIAN_POINT('',(116.,-96.,39.6));
#7205=CARTESIAN_POINT('',(119.5,-48.0000000000017,40.1));
#7206=CARTESIAN_POINT('',(119.,-90.227941509237,39.6));
#7207=CARTESIAN_POINT('',(119.,-90.227941509237,39.6000000000001));
#7208=CARTESIAN_POINT('',(119.,-96.0000000000022,39.6));
#7209=CARTESIAN_POINT('',(110.227941509237,-90.227941509237,40.1));
#7210=CARTESIAN_POINT('',(110.227941509232,-81.455883018474,39.6));
#7211=CARTESIAN_POINT('',(110.227941509234,-81.4558830184738,39.5999999999998));
#7212=CARTESIAN_POINT('',(110.227941509237,-90.227941509237,39.6));
#7213=CARTESIAN_POINT('',(79.7849268865796,-80.9558830185007,40.1));
#7214=CARTESIAN_POINT('',(110.227941509232,-81.455883018474,39.6));
#7215=CARTESIAN_POINT('',(55.1139707546185,0.,39.6));
#7216=CARTESIAN_POINT('',(-103.,95.9999949068261,39.6));
#7217=CARTESIAN_POINT('',(-103.,95.9999949068261,39.6));
#7218=CARTESIAN_POINT('',(-99.0000000000001,96.,39.6));
#7219=CARTESIAN_POINT('',(-99.0000000000001,100.000000000002,39.6));
#7220=CARTESIAN_POINT('',(99.0000000000001,100.000000000003,39.6));
#7221=CARTESIAN_POINT('',(99.0000000000001,100.000000000002,39.6));
#7222=CARTESIAN_POINT('',(99.0000000000001,96.,39.6));
#7223=CARTESIAN_POINT('',(81.,71.5,39.6));
#7224=CARTESIAN_POINT('',(81.,71.5,39.6));
#7225=CARTESIAN_POINT('',(-81.,71.5,39.6));
#7226=CARTESIAN_POINT('',(-81.,71.5,39.6));
#7227=CARTESIAN_POINT('',(-81.,-78.,39.6));
#7228=CARTESIAN_POINT('',(81.,-78.,39.6));
#7229=CARTESIAN_POINT('',(81.,-78.,39.6));
#7230=CARTESIAN_POINT('',(81.,71.5,39.6));
#7231=CARTESIAN_POINT('',(115.083361120557,-97.2046814641166,39.6));
#7232=CARTESIAN_POINT('',(115.790467901743,-96.49757468293,39.6));
#7233=CARTESIAN_POINT('',(114.512135283931,-96.3838885282484,39.6));
#7234=CARTESIAN_POINT('',(116.848528137421,-97.5556349186104,39.6));
#7235=CARTESIAN_POINT('',(116.848528137421,-97.5556349186104,39.6));
#7236=CARTESIAN_POINT('',(117.202081528017,-97.2020815280169,39.6));
#7237=CARTESIAN_POINT('',(117.555634918612,-96.8485281374252,39.6));
#7238=CARTESIAN_POINT('',(116.49757468293,-95.7904679017436,39.6));
#7239=CARTESIAN_POINT('',(116.49757468293,-95.7904679017434,39.6));
#7240=CARTESIAN_POINT('',(117.204681464117,-95.0833611205566,39.6));
#7241=CARTESIAN_POINT('',(116.383888528248,-94.5121352839309,39.6));
#7242=CARTESIAN_POINT('',(110.227941509237,-90.227941509237,39.6));
#7243=CARTESIAN_POINT('',(117.727941509237,-90.2279415092309,39.6));
#7244=CARTESIAN_POINT('',(105.943747734539,-84.0719944902287,39.6));
#7245=CARTESIAN_POINT('',(105.372521897913,-83.2512015543609,39.6));
#7246=CARTESIAN_POINT('',(104.665415116727,-83.9583083355478,39.6));
#7247=CARTESIAN_POINT('',(103.607354881047,-82.9002480998678,39.6));
#7248=CARTESIAN_POINT('',(103.607354881047,-82.9002480998678,39.6));
#7249=CARTESIAN_POINT('',(103.253801490453,-83.2538014904619,39.6));
#7250=CARTESIAN_POINT('',(102.900248099859,-83.6073548810559,39.6));
#7251=CARTESIAN_POINT('',(103.95830833554,-84.6654151167349,39.6));
#7252=CARTESIAN_POINT('',(103.95830833554,-84.6654151167349,39.6));
#7253=CARTESIAN_POINT('',(103.251201554354,-85.3725218979219,39.6));
#7254=CARTESIAN_POINT('',(104.071994490223,-85.9437477345472,39.6));
#7255=CARTESIAN_POINT('',(110.227941509237,-90.227941509237,39.6));
#7256=CARTESIAN_POINT('',(104.92464065034,-95.5312423681378,39.6));
#7257=CARTESIAN_POINT('',(87.6654151167314,83.9583083355444,39.6));
#7258=CARTESIAN_POINT('',(87.6654151167314,83.9583083355444,39.6));
#7259=CARTESIAN_POINT('',(86.6073548810483,82.9002480998613,39.6));
#7260=CARTESIAN_POINT('',(88.3725218979179,83.2512015543578,39.6));
#7261=CARTESIAN_POINT('',(88.9437477345438,84.071994490226,39.6));
#7262=CARTESIAN_POINT('',(93.2279415092376,90.2279415092374,39.6));
#7263=CARTESIAN_POINT('',(100.727941509238,90.2279415092313,39.6));
#7264=CARTESIAN_POINT('',(99.3838885282488,94.5121352839313,39.6));
#7265=CARTESIAN_POINT('',(100.204681464117,95.0833611205572,39.6));
#7266=CARTESIAN_POINT('',(99.4975746829303,95.7904679017438,39.6));
#7267=CARTESIAN_POINT('',(100.555634918613,96.8485281374268,39.6));
#7268=CARTESIAN_POINT('',(100.555634918613,96.8485281374268,39.6));
#7269=CARTESIAN_POINT('',(100.20208152802,97.2020815280201,39.6));
#7270=CARTESIAN_POINT('',(99.8485281374269,97.5556349186134,39.6));
#7271=CARTESIAN_POINT('',(98.7904679017438,96.4975746829303,39.6));
#7272=CARTESIAN_POINT('',(98.7904679017438,96.4975746829303,39.6));
#7273=CARTESIAN_POINT('',(98.0833611205573,97.2046814641169,39.6));
#7274=CARTESIAN_POINT('',(97.5121352839314,96.3838885282487,39.6));
#7275=CARTESIAN_POINT('',(93.2279415092376,90.2279415092374,39.6));
#7276=CARTESIAN_POINT('',(87.9246406503384,95.5312423681364,39.6));
#7277=CARTESIAN_POINT('',(87.0719944902264,85.9437477345433,39.6));
#7278=CARTESIAN_POINT('',(86.2512015543582,85.3725218979175,39.6));
#7279=CARTESIAN_POINT('',(86.9583083355448,84.665415116731,39.6));
#7280=CARTESIAN_POINT('',(85.9002480998618,83.6073548810478,39.6));
#7281=CARTESIAN_POINT('',(85.9002480998618,83.6073548810478,39.6));
#7282=CARTESIAN_POINT('',(86.253801490455,83.2538014904546,39.6));
#7283=CARTESIAN_POINT('',(32.5,-81.5,39.6));
#7284=CARTESIAN_POINT('',(33.9,-81.4999999975975,39.6));
#7285=CARTESIAN_POINT('',(31.1,-81.5,39.6));
#7286=CARTESIAN_POINT('',(19.5,-81.5,39.6));
#7287=CARTESIAN_POINT('',(20.9,-81.5000000024025,39.6));
#7288=CARTESIAN_POINT('',(18.1,-81.5,39.6));
#7289=CARTESIAN_POINT('',(6.49999999999999,-81.5,39.6));
#7290=CARTESIAN_POINT('',(7.89999999999999,-81.5000000024025,39.6));
#7291=CARTESIAN_POINT('',(5.09999999999999,-81.5,39.6));
#7292=CARTESIAN_POINT('',(84.5,-3.5,39.6));
#7293=CARTESIAN_POINT('',(85.9,-3.49999999759754,39.6));
#7294=CARTESIAN_POINT('',(83.1,-3.5,39.6));
#7295=CARTESIAN_POINT('',(6.49999999999999,74.5,39.6));
#7296=CARTESIAN_POINT('',(7.89999999999999,74.5000000024024,39.6));
#7297=CARTESIAN_POINT('',(5.09999999999999,74.5,39.6));
#7298=CARTESIAN_POINT('',(84.5,35.5,39.6));
#7299=CARTESIAN_POINT('',(85.9,35.5000000024025,39.6));
#7300=CARTESIAN_POINT('',(83.1,35.5,39.6));
#7301=CARTESIAN_POINT('',(45.5,-81.5,39.6));
#7302=CARTESIAN_POINT('',(46.9,-81.4999999975975,39.6));
#7303=CARTESIAN_POINT('',(44.1,-81.5,39.6));
#7304=CARTESIAN_POINT('',(84.5,-55.5,39.6));
#7305=CARTESIAN_POINT('',(85.9,-55.5000000024025,39.6));
#7306=CARTESIAN_POINT('',(83.1,-55.5,39.6));
#7307=CARTESIAN_POINT('',(71.5,74.5,39.6));
#7308=CARTESIAN_POINT('',(72.9,74.5000000024024,39.6));
#7309=CARTESIAN_POINT('',(70.1,74.5,39.6));
#7310=CARTESIAN_POINT('',(84.5,-29.5,39.6));
#7311=CARTESIAN_POINT('',(85.9,-29.5000000024025,39.6));
#7312=CARTESIAN_POINT('',(83.1,-29.5,39.6));
#7313=CARTESIAN_POINT('',(58.5,74.5,39.6));
#7314=CARTESIAN_POINT('',(59.9,74.5000000024024,39.6));
#7315=CARTESIAN_POINT('',(57.1,74.5,39.6));
#7316=CARTESIAN_POINT('',(84.5,61.5,39.6));
#7317=CARTESIAN_POINT('',(85.9,61.5000000024025,39.6));
#7318=CARTESIAN_POINT('',(83.1,61.5,39.6));
#7319=CARTESIAN_POINT('',(84.5,48.5,39.6));
#7320=CARTESIAN_POINT('',(85.9,48.5000000024025,39.6));
#7321=CARTESIAN_POINT('',(83.1,48.5,39.6));
#7322=CARTESIAN_POINT('',(84.5,-68.5,39.6));
#7323=CARTESIAN_POINT('',(85.9,-68.5000000024025,39.6));
#7324=CARTESIAN_POINT('',(83.1,-68.5,39.6));
#7325=CARTESIAN_POINT('',(19.5,74.5,39.6));
#7326=CARTESIAN_POINT('',(20.9,74.5000000024024,39.6));
#7327=CARTESIAN_POINT('',(18.1,74.5,39.6));
#7328=CARTESIAN_POINT('',(58.5,-81.5,39.6));
#7329=CARTESIAN_POINT('',(59.9,-81.4999999975975,39.6));
#7330=CARTESIAN_POINT('',(57.1,-81.5,39.6));
#7331=CARTESIAN_POINT('',(84.5,74.5,39.6));
#7332=CARTESIAN_POINT('',(85.9,74.5000000024024,39.6));
#7333=CARTESIAN_POINT('',(83.1,74.5,39.6));
#7334=CARTESIAN_POINT('',(45.5,74.5,39.6));
#7335=CARTESIAN_POINT('',(46.9,74.5000000024024,39.6));
#7336=CARTESIAN_POINT('',(44.1,74.5,39.6));
#7337=CARTESIAN_POINT('',(32.5,74.5,39.6));
#7338=CARTESIAN_POINT('',(33.9,74.5000000024024,39.6));
#7339=CARTESIAN_POINT('',(31.1,74.5,39.6));
#7340=CARTESIAN_POINT('',(84.5,-81.5,39.6));
#7341=CARTESIAN_POINT('',(85.9,-81.4999999975975,39.6));
#7342=CARTESIAN_POINT('',(83.1,-81.5,39.6));
#7343=CARTESIAN_POINT('',(71.5,-81.5,39.6));
#7344=CARTESIAN_POINT('',(72.9,-81.4999999975975,39.6));
#7345=CARTESIAN_POINT('',(70.1,-81.5,39.6));
#7346=CARTESIAN_POINT('',(84.5,22.5,39.6));
#7347=CARTESIAN_POINT('',(85.9,22.5000000024025,39.6));
#7348=CARTESIAN_POINT('',(83.1,22.5,39.6));
#7349=CARTESIAN_POINT('',(84.5,-42.5,39.6));
#7350=CARTESIAN_POINT('',(85.9,-42.4999999975975,39.6));
#7351=CARTESIAN_POINT('',(83.1,-42.5,39.6));
#7352=CARTESIAN_POINT('',(84.5,-16.5,39.6));
#7353=CARTESIAN_POINT('',(85.9,-16.4999999975975,39.6));
#7354=CARTESIAN_POINT('',(83.1,-16.5,39.6));
#7355=CARTESIAN_POINT('',(84.5,9.49999999999999,39.6));
#7356=CARTESIAN_POINT('',(85.9,9.50000000240245,39.6));
#7357=CARTESIAN_POINT('',(83.1,9.49999999999999,39.6));
#7358=CARTESIAN_POINT('',(-84.5,9.49999999999999,39.6));
#7359=CARTESIAN_POINT('',(-83.1,9.49999999999999,39.6));
#7360=CARTESIAN_POINT('',(-85.9,9.50000000240245,39.6));
#7361=CARTESIAN_POINT('',(-84.5,-16.5,39.6));
#7362=CARTESIAN_POINT('',(-83.1,-16.5,39.6));
#7363=CARTESIAN_POINT('',(-85.9,-16.4999999975975,39.6));
#7364=CARTESIAN_POINT('',(-84.5,-42.5,39.6));
#7365=CARTESIAN_POINT('',(-83.1,-42.5,39.6));
#7366=CARTESIAN_POINT('',(-85.9,-42.4999999975975,39.6));
#7367=CARTESIAN_POINT('',(-84.5,22.5,39.6));
#7368=CARTESIAN_POINT('',(-83.1,22.5,39.6));
#7369=CARTESIAN_POINT('',(-85.9,22.5000000024025,39.6));
#7370=CARTESIAN_POINT('',(-71.5,-81.5,39.6));
#7371=CARTESIAN_POINT('',(-70.1,-81.5,39.6));
#7372=CARTESIAN_POINT('',(-72.9,-81.4999999975975,39.6));
#7373=CARTESIAN_POINT('',(-84.5,-81.5,39.6));
#7374=CARTESIAN_POINT('',(-83.1,-81.5,39.6));
#7375=CARTESIAN_POINT('',(-85.9,-81.5000000024025,39.6));
#7376=CARTESIAN_POINT('',(-32.5,74.5,39.6));
#7377=CARTESIAN_POINT('',(-31.1,74.5,39.6));
#7378=CARTESIAN_POINT('',(-33.9,74.5000000024024,39.6));
#7379=CARTESIAN_POINT('',(-45.5,74.5,39.6));
#7380=CARTESIAN_POINT('',(-44.1,74.5,39.6));
#7381=CARTESIAN_POINT('',(-46.9,74.5000000024024,39.6));
#7382=CARTESIAN_POINT('',(-84.5,74.5,39.6));
#7383=CARTESIAN_POINT('',(-83.1,74.5,39.6));
#7384=CARTESIAN_POINT('',(-85.9,74.5000000024024,39.6));
#7385=CARTESIAN_POINT('',(-58.5,-81.5,39.6));
#7386=CARTESIAN_POINT('',(-57.1,-81.5,39.6));
#7387=CARTESIAN_POINT('',(-59.9,-81.5000000024025,39.6));
#7388=CARTESIAN_POINT('',(-19.5,74.5,39.6));
#7389=CARTESIAN_POINT('',(-18.1,74.5,39.6));
#7390=CARTESIAN_POINT('',(-20.9,74.5000000024024,39.6));
#7391=CARTESIAN_POINT('',(-84.5,-68.5,39.6));
#7392=CARTESIAN_POINT('',(-83.1,-68.5,39.6));
#7393=CARTESIAN_POINT('',(-85.9,-68.5000000024025,39.6));
#7394=CARTESIAN_POINT('',(-84.5,48.5,39.6));
#7395=CARTESIAN_POINT('',(-83.1,48.5,39.6));
#7396=CARTESIAN_POINT('',(-85.9,48.5000000024025,39.6));
#7397=CARTESIAN_POINT('',(-84.5,61.5,39.6));
#7398=CARTESIAN_POINT('',(-83.1,61.5,39.6));
#7399=CARTESIAN_POINT('',(-85.9,61.5000000024025,39.6));
#7400=CARTESIAN_POINT('',(-58.5,74.5,39.6));
#7401=CARTESIAN_POINT('',(-57.1,74.5,39.6));
#7402=CARTESIAN_POINT('',(-59.9,74.5000000024024,39.6));
#7403=CARTESIAN_POINT('',(-84.5,-29.5,39.6));
#7404=CARTESIAN_POINT('',(-83.1,-29.5,39.6));
#7405=CARTESIAN_POINT('',(-85.9,-29.5000000024025,39.6));
#7406=CARTESIAN_POINT('',(-71.5,74.5,39.6));
#7407=CARTESIAN_POINT('',(-70.1,74.5,39.6));
#7408=CARTESIAN_POINT('',(-72.9,74.5000000024024,39.6));
#7409=CARTESIAN_POINT('',(-84.5,-55.5,39.6));
#7410=CARTESIAN_POINT('',(-83.1,-55.5,39.6));
#7411=CARTESIAN_POINT('',(-85.9,-55.5000000024025,39.6));
#7412=CARTESIAN_POINT('',(-45.5,-81.5,39.6));
#7413=CARTESIAN_POINT('',(-44.1,-81.5,39.6));
#7414=CARTESIAN_POINT('',(-46.9,-81.4999999975975,39.6));
#7415=CARTESIAN_POINT('',(-84.5,35.5,39.6));
#7416=CARTESIAN_POINT('',(-83.1,35.5,39.6));
#7417=CARTESIAN_POINT('',(-85.9,35.5000000024025,39.6));
#7418=CARTESIAN_POINT('',(-6.49999999999999,74.5,39.6));
#7419=CARTESIAN_POINT('',(-5.09999999999999,74.5,39.6));
#7420=CARTESIAN_POINT('',(-7.89999999999999,74.5000000024024,39.6));
#7421=CARTESIAN_POINT('',(-84.5,-3.5,39.6));
#7422=CARTESIAN_POINT('',(-83.1,-3.5,39.6));
#7423=CARTESIAN_POINT('',(-85.9,-3.50000000240246,39.6));
#7424=CARTESIAN_POINT('',(-6.49999999999999,-81.5,39.6));
#7425=CARTESIAN_POINT('',(-5.09999999999999,-81.5,39.6));
#7426=CARTESIAN_POINT('',(-7.89999999999999,-81.4999999975975,39.6));
#7427=CARTESIAN_POINT('',(-19.5,-81.5,39.6));
#7428=CARTESIAN_POINT('',(-18.1,-81.5,39.6));
#7429=CARTESIAN_POINT('',(-20.9,-81.4999999975975,39.6));
#7430=CARTESIAN_POINT('',(-32.5,-81.5,39.6));
#7431=CARTESIAN_POINT('',(-31.1,-81.5,39.6));
#7432=CARTESIAN_POINT('',(-33.9,-81.5000000024025,39.6));
#7433=CARTESIAN_POINT('',(-87.6654151167314,83.9583083355444,39.6));
#7434=CARTESIAN_POINT('',(-87.6654151167314,83.9583083355444,39.6));
#7435=CARTESIAN_POINT('',(-86.6073548810483,82.9002480998613,39.6));
#7436=CARTESIAN_POINT('',(-86.253801490455,83.2538014904546,39.6));
#7437=CARTESIAN_POINT('',(-85.9002480998618,83.6073548810478,39.6));
#7438=CARTESIAN_POINT('',(-85.9002480998618,83.6073548810478,39.6));
#7439=CARTESIAN_POINT('',(-86.9583083355448,84.665415116731,39.6));
#7440=CARTESIAN_POINT('',(-86.2512015543582,85.3725218979175,39.6));
#7441=CARTESIAN_POINT('',(-87.0719944902264,85.9437477345433,39.6));
#7442=CARTESIAN_POINT('',(-93.2279415092376,90.2279415092374,39.6));
#7443=CARTESIAN_POINT('',(-87.9246406503384,95.5312423681364,39.6));
#7444=CARTESIAN_POINT('',(-97.5121352839314,96.3838885282487,39.6));
#7445=CARTESIAN_POINT('',(-98.0833611205573,97.2046814641169,39.6));
#7446=CARTESIAN_POINT('',(-98.7904679017438,96.4975746829303,39.6));
#7447=CARTESIAN_POINT('',(-98.7904679017438,96.4975746829303,39.6));
#7448=CARTESIAN_POINT('',(-99.8485281374269,97.5556349186134,39.6));
#7449=CARTESIAN_POINT('',(-100.20208152802,97.2020815280201,39.6));
#7450=CARTESIAN_POINT('',(-100.555634918613,96.8485281374268,39.6));
#7451=CARTESIAN_POINT('',(-100.555634918613,96.8485281374268,39.6));
#7452=CARTESIAN_POINT('',(-99.4975746829303,95.7904679017438,39.6));
#7453=CARTESIAN_POINT('',(-100.204681464117,95.0833611205572,39.6));
#7454=CARTESIAN_POINT('',(-99.3838885282488,94.5121352839313,39.6));
#7455=CARTESIAN_POINT('',(-93.2279415092376,90.2279415092374,39.6));
#7456=CARTESIAN_POINT('',(-100.727941509238,90.2279415092313,39.6));
#7457=CARTESIAN_POINT('',(-88.9437477345438,84.071994490226,39.6));
#7458=CARTESIAN_POINT('',(-88.3725218979179,83.2512015543578,39.6));
#7459=CARTESIAN_POINT('',(-115.083361120557,-97.2046814641166,39.6));
#7460=CARTESIAN_POINT('',(-115.790467901743,-96.49757468293,39.6));
#7461=CARTESIAN_POINT('',(-114.512135283931,-96.3838885282484,39.6));
#7462=CARTESIAN_POINT('',(-110.227941509237,-90.227941509237,39.6));
#7463=CARTESIAN_POINT('',(-104.92464065034,-95.5312423681378,39.6));
#7464=CARTESIAN_POINT('',(-104.071994490223,-85.9437477345472,39.6));
#7465=CARTESIAN_POINT('',(-103.251201554354,-85.3725218979219,39.6));
#7466=CARTESIAN_POINT('',(-103.95830833554,-84.6654151167349,39.6));
#7467=CARTESIAN_POINT('',(-103.95830833554,-84.6654151167349,39.6));
#7468=CARTESIAN_POINT('',(-102.900248099859,-83.6073548810559,39.6));
#7469=CARTESIAN_POINT('',(-103.253801490453,-83.2538014904619,39.6));
#7470=CARTESIAN_POINT('',(-103.607354881047,-82.9002480998678,39.6));
#7471=CARTESIAN_POINT('',(-103.607354881047,-82.9002480998678,39.6));
#7472=CARTESIAN_POINT('',(-104.665415116727,-83.9583083355478,39.6));
#7473=CARTESIAN_POINT('',(-105.372521897913,-83.2512015543609,39.6));
#7474=CARTESIAN_POINT('',(-105.943747734539,-84.0719944902287,39.6));
#7475=CARTESIAN_POINT('',(-110.227941509237,-90.227941509237,39.6));
#7476=CARTESIAN_POINT('',(-117.727941509237,-90.2279415092309,39.6));
#7477=CARTESIAN_POINT('',(-116.383888528248,-94.5121352839309,39.6));
#7478=CARTESIAN_POINT('',(-117.204681464117,-95.0833611205566,39.6));
#7479=CARTESIAN_POINT('',(-116.49757468293,-95.7904679017434,39.6));
#7480=CARTESIAN_POINT('',(-116.49757468293,-95.7904679017436,39.6));
#7481=CARTESIAN_POINT('',(-117.555634918612,-96.8485281374252,39.6));
#7482=CARTESIAN_POINT('',(-117.202081528017,-97.2020815280169,39.6));
#7483=CARTESIAN_POINT('',(-116.848528137421,-97.5556349186104,39.6));
#7484=CARTESIAN_POINT('',(-116.848528137421,-97.5556349186104,39.6));
#7485=CARTESIAN_POINT('',(27.5569853773093,-99.5,54.1));
#7486=CARTESIAN_POINT('',(-94.5,-9.05718234791206,59.9125));
#7487=CARTESIAN_POINT('',(-94.,-12.7017059221716,54.6));
#7488=CARTESIAN_POINT('',(-94.,-6.06217782649088,66.1));
#7489=CARTESIAN_POINT('',(-94.,-6.06217782649087,66.1));
#7490=CARTESIAN_POINT('',(-95.,-5.19615242270644,65.6));
#7491=CARTESIAN_POINT('',(-95.,-5.19615242270643,65.6));
#7492=CARTESIAN_POINT('',(-94.5,2.06834570853804E-13,62.6));
#7493=CARTESIAN_POINT('',(-94.,6.06217782649129,66.1));
#7494=CARTESIAN_POINT('',(-94.,6.06217782649129,66.1));
#7495=CARTESIAN_POINT('',(-95.,5.19615242270686,65.6));
#7496=CARTESIAN_POINT('',(-95.,2.06834570853804E-13,62.6));
#7497=CARTESIAN_POINT('',(-94.,2.06834570853805E-13,62.6));
#7498=CARTESIAN_POINT('',(-94.5,5.73741830007212,65.6625));
#7499=CARTESIAN_POINT('',(-95.,11.5470053837927,54.6));
#7500=CARTESIAN_POINT('',(-94.,6.06217782649129,66.1));
#7501=CARTESIAN_POINT('',(-103.,6.06217782649129,66.1));
#7502=CARTESIAN_POINT('',(-94.,6.06217782649129,66.1));
#7503=CARTESIAN_POINT('',(-89.,6.06217782649128,66.1));
#7504=CARTESIAN_POINT('',(-89.,12.701705922172,54.6));
#7505=CARTESIAN_POINT('',(-103.,2.08999505751824E-13,62.6));
#7506=CARTESIAN_POINT('',(-94.,-6.06217782649087,66.1));
#7507=CARTESIAN_POINT('',(-89.,-6.06217782649088,66.1));
#7508=CARTESIAN_POINT('',(-89.,2.05631829243794E-13,62.6));
#7509=CARTESIAN_POINT('',(-103.,-12.7017059221716,54.6));
#7510=CARTESIAN_POINT('',(-89.,-6.06217782649087,66.1));
#7511=CARTESIAN_POINT('',(94.5,-9.05718234791206,59.9125));
#7512=CARTESIAN_POINT('',(95.,-11.5470053837923,54.6));
#7513=CARTESIAN_POINT('',(95.,-5.19615242270644,65.6));
#7514=CARTESIAN_POINT('',(95.,-5.19615242270643,65.6));
#7515=CARTESIAN_POINT('',(94.,-6.06217782649088,66.1));
#7516=CARTESIAN_POINT('',(94.,-6.06217782649087,66.1));
#7517=CARTESIAN_POINT('',(94.5,2.06834570853804E-13,62.6));
#7518=CARTESIAN_POINT('',(95.,5.19615242270686,65.6));
#7519=CARTESIAN_POINT('',(95.,5.19615242270686,65.6));
#7520=CARTESIAN_POINT('',(94.,6.06217782649129,66.1));
#7521=CARTESIAN_POINT('',(94.,2.06834570853805E-13,62.6));
#7522=CARTESIAN_POINT('',(95.,2.06834570853804E-13,62.6));
#7523=CARTESIAN_POINT('',(94.5,5.73741830007212,65.6625));
#7524=CARTESIAN_POINT('',(94.,12.701705922172,54.6));
#7525=CARTESIAN_POINT('',(95.,5.19615242270686,65.6));
#7526=CARTESIAN_POINT('',(95.,2.11114473894338E-13,62.1));
#7527=CARTESIAN_POINT('',(95.,2.07075119175807E-13,62.6));
#7528=CARTESIAN_POINT('',(95.,2.10000000000021,62.6));
#7529=CARTESIAN_POINT('',(95.,-2.09999999999979,62.6));
#7530=CARTESIAN_POINT('',(-88.5,39.25,54.1));
#7531=CARTESIAN_POINT('',(-89.,-86.,54.6));
#7532=CARTESIAN_POINT('',(-88.,-85.,53.6));
#7533=CARTESIAN_POINT('',(-88.,-85.,53.6));
#7534=CARTESIAN_POINT('',(-88.,-12.124355652982,53.6));
#7535=CARTESIAN_POINT('',(-88.,-12.124355652982,53.6));
#7536=CARTESIAN_POINT('',(71.5569853773093,-85.5,54.1));
#7537=CARTESIAN_POINT('',(89.,-86.,54.6));
#7538=CARTESIAN_POINT('',(88.,-85.,53.6));
#7539=CARTESIAN_POINT('',(88.,-85.,53.6));
#7540=CARTESIAN_POINT('',(88.5,39.25,54.1));
#7541=CARTESIAN_POINT('',(88.,78.5,53.6));
#7542=CARTESIAN_POINT('',(88.,78.5,53.6));
#7543=CARTESIAN_POINT('',(88.,12.1243556529824,53.6));
#7544=CARTESIAN_POINT('',(88.,12.1243556529824,53.6));
#7545=CARTESIAN_POINT('',(89.,79.5,54.6));
#7546=CARTESIAN_POINT('',(88.5,39.25,54.1));
#7547=CARTESIAN_POINT('',(89.,-12.7017059221716,54.6));
#7548=CARTESIAN_POINT('',(88.,-12.124355652982,53.6));
#7549=CARTESIAN_POINT('',(88.,-12.124355652982,53.6));
#7550=CARTESIAN_POINT('',(88.5,-4.11607524419955,68.4707485492696));
#7551=CARTESIAN_POINT('',(89.,-12.7017059221716,54.6));
#7552=CARTESIAN_POINT('',(89.,-6.06217782649088,66.1));
#7553=CARTESIAN_POINT('',(89.,-6.06217782649087,66.1));
#7554=CARTESIAN_POINT('',(88.,-5.19615242270644,65.6));
#7555=CARTESIAN_POINT('',(88.,-5.19615242270644,65.6));
#7556=CARTESIAN_POINT('',(88.5,2.05631829243794E-13,62.6));
#7557=CARTESIAN_POINT('',(89.,6.06217782649129,66.1));
#7558=CARTESIAN_POINT('',(89.,6.06217782649128,66.1));
#7559=CARTESIAN_POINT('',(88.,5.19615242270686,65.6));
#7560=CARTESIAN_POINT('',(88.,2.05631829243794E-13,62.6));
#7561=CARTESIAN_POINT('',(89.,2.05631829243794E-13,62.6));
#7562=CARTESIAN_POINT('',(88.5,20.4213111963596,40.2292514507304));
#7563=CARTESIAN_POINT('',(88.,12.1243556529824,53.6));
#7564=CARTESIAN_POINT('',(89.,6.06217782649129,66.1));
#7565=CARTESIAN_POINT('',(27.5569853773093,79.,54.1));
#7566=CARTESIAN_POINT('',(-88.,78.5,53.6));
#7567=CARTESIAN_POINT('',(-88.,78.5000000000001,53.6));
#7568=CARTESIAN_POINT('',(-89.,79.5000000000001,54.6));
#7569=CARTESIAN_POINT('',(-88.5,39.25,54.1));
#7570=CARTESIAN_POINT('',(-88.,12.1243556529824,53.6));
#7571=CARTESIAN_POINT('',(-88.,12.1243556529824,53.6));
#7572=CARTESIAN_POINT('',(-88.,12.1243556529824,53.6));
#7573=CARTESIAN_POINT('',(-88.5,-4.11607524419955,68.4707485492696));
#7574=CARTESIAN_POINT('',(-88.,-12.124355652982,53.6));
#7575=CARTESIAN_POINT('',(-88.,-5.19615242270645,65.6));
#7576=CARTESIAN_POINT('',(-88.,-5.19615242270645,65.6));
#7577=CARTESIAN_POINT('',(-88.5,2.05631829243794E-13,62.6));
#7578=CARTESIAN_POINT('',(-88.,5.19615242270686,65.6));
#7579=CARTESIAN_POINT('',(-88.,5.19615242270686,65.6));
#7580=CARTESIAN_POINT('',(-88.,2.05631829243794E-13,62.6));
#7581=CARTESIAN_POINT('',(-88.5,20.4213111963596,40.2292514507304));
#7582=CARTESIAN_POINT('',(-88.,5.19615242270686,65.6));
#7583=CARTESIAN_POINT('',(88.,-85.,39.6));
#7584=CARTESIAN_POINT('',(88.,-85.,44.6));
#7585=CARTESIAN_POINT('',(88.,-85.,44.6));
#7586=CARTESIAN_POINT('',(-88.,-85.,44.6));
#7587=CARTESIAN_POINT('',(-88.,-85.,44.6));
#7588=CARTESIAN_POINT('',(-88.,-85.,44.6));
#7589=CARTESIAN_POINT('',(88.,78.5,39.6));
#7590=CARTESIAN_POINT('',(88.,78.5,44.6));
#7591=CARTESIAN_POINT('',(88.,78.5,44.6));
#7592=CARTESIAN_POINT('',(88.,78.5,44.6));
#7593=CARTESIAN_POINT('',(88.,2.05530225240117E-13,62.6));
#7594=CARTESIAN_POINT('',(88.,-3.7499999999998,62.6));
#7595=CARTESIAN_POINT('',(88.,3.7500000000002,62.6));
#7596=CARTESIAN_POINT('',(-95.9558830184439,-42.2279415091941,59.1));
#7597=CARTESIAN_POINT('',(95.9558830184439,-42.2279415092287,59.1));
#7598=CARTESIAN_POINT('',(100.45588301847,-84.4558830184803,63.6));
#7599=CARTESIAN_POINT('',(100.45588301847,-84.4558830184803,63.5999999999999));
#7600=CARTESIAN_POINT('',(100.45588301847,-84.4558830184803,63.6));
#7601=CARTESIAN_POINT('',(104.45588301847,-84.4558830184777,59.1));
#7602=CARTESIAN_POINT('',(104.45588301847,-84.4558830184777,63.6));
#7603=CARTESIAN_POINT('',(-88.,2.05530225240117E-13,62.6));
#7604=CARTESIAN_POINT('',(-91.,3.75000000000021,62.6));
#7605=CARTESIAN_POINT('',(-88.,3.7500000000002,62.6));
#7606=CARTESIAN_POINT('',(-91.,3.75000000000021,62.6));
#7607=CARTESIAN_POINT('',(-88.,2.05530225240117E-13,62.6));
#7608=CARTESIAN_POINT('',(-88.,-3.7499999999998,62.6));
#7609=CARTESIAN_POINT('',(-88.,-3.74999999999979,62.6));
#7610=CARTESIAN_POINT('',(-91.,-3.74999999999979,62.6));
#7611=CARTESIAN_POINT('',(-91.,2.06085336752429E-13,62.6));
#7612=CARTESIAN_POINT('',(-91.,2.0602985749594E-13,62.6));
#7613=CARTESIAN_POINT('',(-91.,2.06112925887798E-13,62.6));
#7614=CARTESIAN_POINT('',(-91.,-2.09999999999979,62.6));
#7615=CARTESIAN_POINT('',(-91.,2.10000000000021,62.6));
#7616=CARTESIAN_POINT('',(-95.,2.11114473894338E-13,62.1));
#7617=CARTESIAN_POINT('',(-95.,2.07075119175807E-13,62.6));
#7618=CARTESIAN_POINT('',(-95.,-2.09999999999979,62.6));
#7619=CARTESIAN_POINT('',(-95.,2.10000000000021,62.6));
#7620=CARTESIAN_POINT('',(-103.,-80.4558830184804,39.6));
#7621=CARTESIAN_POINT('',(-103.,90.2279415092374,53.6));
#7622=CARTESIAN_POINT('',(-103.,90.2279415092374,63.6));
#7623=CARTESIAN_POINT('',(-103.,90.2279415092374,63.6));
#7624=CARTESIAN_POINT('',(-103.,95.9999949068261,63.6));
#7625=CARTESIAN_POINT('',(-103.,95.9999949068261,39.6));
#7626=CARTESIAN_POINT('',(-103.,-80.4558830184804,40.6));
#7627=CARTESIAN_POINT('',(-103.,2.08999505751824E-13,62.6));
#7628=CARTESIAN_POINT('',(-83.,2.1000000000002,62.6));
#7629=CARTESIAN_POINT('',(-91.,-2.09999999999979,62.6));
#7630=CARTESIAN_POINT('',(-84.5,9.49999999999999,39.6));
#7631=CARTESIAN_POINT('',(-85.9,9.49999999999999,44.6));
#7632=CARTESIAN_POINT('',(-85.9,9.49999999999999,44.6));
#7633=CARTESIAN_POINT('',(-83.1,9.49999999999999,44.6));
#7634=CARTESIAN_POINT('',(-83.1,9.49999999999999,44.6));
#7635=CARTESIAN_POINT('',(-84.5,9.49999999999999,44.6));
#7636=CARTESIAN_POINT('',(-84.5,-16.5,39.6));
#7637=CARTESIAN_POINT('',(-85.9,-16.5,44.6));
#7638=CARTESIAN_POINT('',(-85.9,-16.5,44.6));
#7639=CARTESIAN_POINT('',(-83.1,-16.5,44.6));
#7640=CARTESIAN_POINT('',(-83.1,-16.5,44.6));
#7641=CARTESIAN_POINT('',(-84.5,-16.5,44.6));
#7642=CARTESIAN_POINT('',(-84.5,-42.5,39.6));
#7643=CARTESIAN_POINT('',(-85.9,-42.5,44.6));
#7644=CARTESIAN_POINT('',(-85.9,-42.5,44.6));
#7645=CARTESIAN_POINT('',(-83.1,-42.5,44.6));
#7646=CARTESIAN_POINT('',(-83.1,-42.5,44.6));
#7647=CARTESIAN_POINT('',(-84.5,-42.5,44.6));
#7648=CARTESIAN_POINT('',(-84.5,22.5,39.6));
#7649=CARTESIAN_POINT('',(-85.9,22.5,44.6));
#7650=CARTESIAN_POINT('',(-85.9,22.5,44.6));
#7651=CARTESIAN_POINT('',(-83.1,22.5,44.6));
#7652=CARTESIAN_POINT('',(-83.1,22.5,44.6));
#7653=CARTESIAN_POINT('',(-84.5,22.5,44.6));
#7654=CARTESIAN_POINT('',(-71.5,-81.5,39.6));
#7655=CARTESIAN_POINT('',(-72.9,-81.5,44.6));
#7656=CARTESIAN_POINT('',(-72.9,-81.5,44.6));
#7657=CARTESIAN_POINT('',(-70.1,-81.5,44.6));
#7658=CARTESIAN_POINT('',(-70.1,-81.5,44.6));
#7659=CARTESIAN_POINT('',(-71.5,-81.5,44.6));
#7660=CARTESIAN_POINT('',(-84.5,-81.5,39.6));
#7661=CARTESIAN_POINT('',(-85.9,-81.5,44.6));
#7662=CARTESIAN_POINT('',(-85.9,-81.5,44.6));
#7663=CARTESIAN_POINT('',(-83.1,-81.5,44.6));
#7664=CARTESIAN_POINT('',(-83.1,-81.5,44.6));
#7665=CARTESIAN_POINT('',(-84.5,-81.5,44.6));
#7666=CARTESIAN_POINT('',(-32.5,74.5,39.6));
#7667=CARTESIAN_POINT('',(-33.9,74.5,44.6));
#7668=CARTESIAN_POINT('',(-33.9,74.5,44.6));
#7669=CARTESIAN_POINT('',(-31.1,74.5,44.6));
#7670=CARTESIAN_POINT('',(-31.1,74.5,44.6));
#7671=CARTESIAN_POINT('',(-32.5,74.5,44.6));
#7672=CARTESIAN_POINT('',(-45.5,74.5,39.6));
#7673=CARTESIAN_POINT('',(-46.9,74.5,44.6));
#7674=CARTESIAN_POINT('',(-46.9,74.5,44.6));
#7675=CARTESIAN_POINT('',(-44.1,74.5,44.6));
#7676=CARTESIAN_POINT('',(-44.1,74.5,44.6));
#7677=CARTESIAN_POINT('',(-45.5,74.5,44.6));
#7678=CARTESIAN_POINT('',(-84.5,74.5,39.6));
#7679=CARTESIAN_POINT('',(-85.9,74.5,44.6));
#7680=CARTESIAN_POINT('',(-85.9,74.5,44.6));
#7681=CARTESIAN_POINT('',(-83.1,74.5,44.6));
#7682=CARTESIAN_POINT('',(-83.1,74.5,44.6));
#7683=CARTESIAN_POINT('',(-84.5,74.5,44.6));
#7684=CARTESIAN_POINT('',(-58.5,-81.5,39.6));
#7685=CARTESIAN_POINT('',(-59.9,-81.5,44.6));
#7686=CARTESIAN_POINT('',(-59.9,-81.5,44.6));
#7687=CARTESIAN_POINT('',(-57.1,-81.5,44.6));
#7688=CARTESIAN_POINT('',(-57.1,-81.5,44.6));
#7689=CARTESIAN_POINT('',(-58.5,-81.5,44.6));
#7690=CARTESIAN_POINT('',(-19.5,74.5,39.6));
#7691=CARTESIAN_POINT('',(-20.9,74.5,44.6));
#7692=CARTESIAN_POINT('',(-20.9,74.5,44.6));
#7693=CARTESIAN_POINT('',(-18.1,74.5,44.6));
#7694=CARTESIAN_POINT('',(-18.1,74.5,44.6));
#7695=CARTESIAN_POINT('',(-19.5,74.5,44.6));
#7696=CARTESIAN_POINT('',(-84.5,-68.5,39.6));
#7697=CARTESIAN_POINT('',(-85.9,-68.5,44.6));
#7698=CARTESIAN_POINT('',(-85.9,-68.5,44.6));
#7699=CARTESIAN_POINT('',(-83.1,-68.5,44.6));
#7700=CARTESIAN_POINT('',(-83.1,-68.5,44.6));
#7701=CARTESIAN_POINT('',(-84.5,-68.5,44.6));
#7702=CARTESIAN_POINT('',(-84.5,48.5,39.6));
#7703=CARTESIAN_POINT('',(-85.9,48.5,44.6));
#7704=CARTESIAN_POINT('',(-85.9,48.5,44.6));
#7705=CARTESIAN_POINT('',(-83.1,48.5,44.6));
#7706=CARTESIAN_POINT('',(-83.1,48.5,44.6));
#7707=CARTESIAN_POINT('',(-84.5,48.5,44.6));
#7708=CARTESIAN_POINT('',(-84.5,61.5,39.6));
#7709=CARTESIAN_POINT('',(-85.9,61.5,44.6));
#7710=CARTESIAN_POINT('',(-85.9,61.5,44.6));
#7711=CARTESIAN_POINT('',(-83.1,61.5,44.6));
#7712=CARTESIAN_POINT('',(-83.1,61.5,44.6));
#7713=CARTESIAN_POINT('',(-84.5,61.5,44.6));
#7714=CARTESIAN_POINT('',(-58.5,74.5,39.6));
#7715=CARTESIAN_POINT('',(-59.9,74.5,44.6));
#7716=CARTESIAN_POINT('',(-59.9,74.5,44.6));
#7717=CARTESIAN_POINT('',(-57.1,74.5,44.6));
#7718=CARTESIAN_POINT('',(-57.1,74.5,44.6));
#7719=CARTESIAN_POINT('',(-58.5,74.5,44.6));
#7720=CARTESIAN_POINT('',(-84.5,-29.5,39.6));
#7721=CARTESIAN_POINT('',(-85.9,-29.5,44.6));
#7722=CARTESIAN_POINT('',(-85.9,-29.5,44.6));
#7723=CARTESIAN_POINT('',(-83.1,-29.5,44.6));
#7724=CARTESIAN_POINT('',(-83.1,-29.5,44.6));
#7725=CARTESIAN_POINT('',(-84.5,-29.5,44.6));
#7726=CARTESIAN_POINT('',(-71.5,74.5,39.6));
#7727=CARTESIAN_POINT('',(-72.9,74.5,44.6));
#7728=CARTESIAN_POINT('',(-72.9,74.5,44.6));
#7729=CARTESIAN_POINT('',(-70.1,74.5,44.6));
#7730=CARTESIAN_POINT('',(-70.1,74.5,44.6));
#7731=CARTESIAN_POINT('',(-71.5,74.5,44.6));
#7732=CARTESIAN_POINT('',(-84.5,-55.5,39.6));
#7733=CARTESIAN_POINT('',(-85.9,-55.5,44.6));
#7734=CARTESIAN_POINT('',(-85.9,-55.5,44.6));
#7735=CARTESIAN_POINT('',(-83.1,-55.5,44.6));
#7736=CARTESIAN_POINT('',(-83.1,-55.5,44.6));
#7737=CARTESIAN_POINT('',(-84.5,-55.5,44.6));
#7738=CARTESIAN_POINT('',(-45.5,-81.5,39.6));
#7739=CARTESIAN_POINT('',(-46.9,-81.5,44.6));
#7740=CARTESIAN_POINT('',(-46.9,-81.5,44.6));
#7741=CARTESIAN_POINT('',(-44.1,-81.5,44.6));
#7742=CARTESIAN_POINT('',(-44.1,-81.5,44.6));
#7743=CARTESIAN_POINT('',(-45.5,-81.5,44.6));
#7744=CARTESIAN_POINT('',(-84.5,35.5,39.6));
#7745=CARTESIAN_POINT('',(-85.9,35.5,44.6));
#7746=CARTESIAN_POINT('',(-85.9,35.5,44.6));
#7747=CARTESIAN_POINT('',(-83.1,35.5,44.6));
#7748=CARTESIAN_POINT('',(-83.1,35.5,44.6));
#7749=CARTESIAN_POINT('',(-84.5,35.5,44.6));
#7750=CARTESIAN_POINT('',(-6.49999999999999,74.5,39.6));
#7751=CARTESIAN_POINT('',(-7.89999999999999,74.5,44.6));
#7752=CARTESIAN_POINT('',(-7.89999999999999,74.5,44.6));
#7753=CARTESIAN_POINT('',(-5.09999999999998,74.5,44.6));
#7754=CARTESIAN_POINT('',(-5.09999999999999,74.5,44.6));
#7755=CARTESIAN_POINT('',(-6.49999999999999,74.5,44.6));
#7756=CARTESIAN_POINT('',(-84.5,-3.5,39.6));
#7757=CARTESIAN_POINT('',(-85.9,-3.5,44.6));
#7758=CARTESIAN_POINT('',(-85.9,-3.5,44.6));
#7759=CARTESIAN_POINT('',(-83.1,-3.5,44.6));
#7760=CARTESIAN_POINT('',(-83.1,-3.5,44.6));
#7761=CARTESIAN_POINT('',(-84.5,-3.5,44.6));
#7762=CARTESIAN_POINT('',(-6.49999999999999,-81.5,39.6));
#7763=CARTESIAN_POINT('',(-7.89999999999999,-81.5,44.6));
#7764=CARTESIAN_POINT('',(-7.89999999999999,-81.5,44.6));
#7765=CARTESIAN_POINT('',(-5.09999999999998,-81.5,44.6));
#7766=CARTESIAN_POINT('',(-5.09999999999999,-81.5,44.6));
#7767=CARTESIAN_POINT('',(-6.49999999999999,-81.5,44.6));
#7768=CARTESIAN_POINT('',(-19.5,-81.5,39.6));
#7769=CARTESIAN_POINT('',(-20.9,-81.5,44.6));
#7770=CARTESIAN_POINT('',(-20.9,-81.5,44.6));
#7771=CARTESIAN_POINT('',(-18.1,-81.5,44.6));
#7772=CARTESIAN_POINT('',(-18.1,-81.5,44.6));
#7773=CARTESIAN_POINT('',(-19.5,-81.5,44.6));
#7774=CARTESIAN_POINT('',(-32.5,-81.5,39.6));
#7775=CARTESIAN_POINT('',(-33.9,-81.5,44.6));
#7776=CARTESIAN_POINT('',(-33.9,-81.5,44.6));
#7777=CARTESIAN_POINT('',(-31.1,-81.5,44.6));
#7778=CARTESIAN_POINT('',(-31.1,-81.5,44.6));
#7779=CARTESIAN_POINT('',(-32.5,-81.5,44.6));
#7780=CARTESIAN_POINT('',(-81.,71.5,39.6));
#7781=CARTESIAN_POINT('',(-81.,71.5,39.6));
#7782=CARTESIAN_POINT('',(-81.,71.5,44.6));
#7783=CARTESIAN_POINT('',(-81.,71.5,44.6));
#7784=CARTESIAN_POINT('',(-81.,-78.,44.6));
#7785=CARTESIAN_POINT('',(-81.,-78.,39.6));
#7786=CARTESIAN_POINT('',(-88.,78.5,39.6));
#7787=CARTESIAN_POINT('',(-88.,78.5,44.6));
#7788=CARTESIAN_POINT('',(-88.,78.5000000000001,44.6));
#7789=CARTESIAN_POINT('',(-88.,78.5,44.6));
#7790=CARTESIAN_POINT('',(-93.2279415092376,90.2279415092374,39.6));
#7791=CARTESIAN_POINT('',(-93.2279415092376,99.9999999999998,54.6));
#7792=CARTESIAN_POINT('',(-93.2279415092376,99.9999999999999,63.6));
#7793=CARTESIAN_POINT('',(-93.2279415092376,90.2279415092374,63.6));
#7794=CARTESIAN_POINT('',(-83.4558830184751,90.2279415092381,63.6));
#7795=CARTESIAN_POINT('',(-83.455883018475,90.2279415092381,54.6));
#7796=CARTESIAN_POINT('',(-83.455883018475,90.2279415092381,39.6));
#7797=CARTESIAN_POINT('',(-83.455883018475,90.2279415092381,63.6));
#7798=CARTESIAN_POINT('',(-83.4558830184751,84.4558830184745,63.6));
#7799=CARTESIAN_POINT('',(-83.4558830184751,84.4558830184745,54.6));
#7800=CARTESIAN_POINT('',(-88.3725218979179,83.2512015543578,39.6));
#7801=CARTESIAN_POINT('',(-88.9437477345438,84.071994490226,39.6));
#7802=CARTESIAN_POINT('',(-88.9437477345438,84.071994490226,63.6));
#7803=CARTESIAN_POINT('',(-88.3725218979179,83.2512015543578,63.6));
#7804=CARTESIAN_POINT('',(-87.6654151167314,83.9583083355444,63.6));
#7805=CARTESIAN_POINT('',(-87.6654151167314,83.9583083355444,39.6));
#7806=CARTESIAN_POINT('',(-93.2279415092376,90.2279415092374,39.6));
#7807=CARTESIAN_POINT('',(-100.727941509238,90.2279415092374,63.6));
#7808=CARTESIAN_POINT('',(-100.727941509238,90.2279415092374,63.6));
#7809=CARTESIAN_POINT('',(-99.3838885282488,94.5121352839313,39.6));
#7810=CARTESIAN_POINT('',(-99.3838885282488,94.5121352839313,63.6));
#7811=CARTESIAN_POINT('',(-93.2279415092376,90.2279415092374,63.6));
#7812=CARTESIAN_POINT('',(-100.204681464117,95.0833611205572,39.6));
#7813=CARTESIAN_POINT('',(-99.4975746829304,95.7904679017437,39.6));
#7814=CARTESIAN_POINT('',(-99.4975746829303,95.7904679017438,63.6));
#7815=CARTESIAN_POINT('',(-100.204681464117,95.0833611205572,63.6));
#7816=CARTESIAN_POINT('',(-100.555634918613,96.8485281374268,39.6));
#7817=CARTESIAN_POINT('',(-100.555634918613,96.8485281374268,39.6));
#7818=CARTESIAN_POINT('',(-100.555634918613,96.8485281374268,63.6));
#7819=CARTESIAN_POINT('',(-100.555634918613,96.8485281374268,63.6));
#7820=CARTESIAN_POINT('',(-100.20208152802,97.2020815280201,39.6));
#7821=CARTESIAN_POINT('',(-99.8485281374269,97.5556349186134,39.6));
#7822=CARTESIAN_POINT('',(-99.8485281374269,97.5556349186134,63.6));
#7823=CARTESIAN_POINT('',(-100.20208152802,97.2020815280201,63.6));
#7824=CARTESIAN_POINT('',(-98.7904679017438,96.4975746829303,39.6));
#7825=CARTESIAN_POINT('',(-98.7904679017438,96.4975746829303,39.6));
#7826=CARTESIAN_POINT('',(-98.7904679017438,96.4975746829303,63.6));
#7827=CARTESIAN_POINT('',(-98.7904679017438,96.4975746829303,63.6));
#7828=CARTESIAN_POINT('',(-98.0833611205573,97.2046814641169,39.6));
#7829=CARTESIAN_POINT('',(-97.5121352839314,96.3838885282487,39.6));
#7830=CARTESIAN_POINT('',(-97.5121352839314,96.3838885282487,63.6));
#7831=CARTESIAN_POINT('',(-98.0833611205573,97.2046814641169,63.6));
#7832=CARTESIAN_POINT('',(-93.2279415092376,90.2279415092374,39.6));
#7833=CARTESIAN_POINT('',(-87.9246406503384,95.5312423681364,63.6));
#7834=CARTESIAN_POINT('',(-87.9246406503384,95.5312423681364,63.6));
#7835=CARTESIAN_POINT('',(-87.0719944902264,85.9437477345433,39.6));
#7836=CARTESIAN_POINT('',(-87.0719944902264,85.9437477345433,63.6));
#7837=CARTESIAN_POINT('',(-93.2279415092376,90.2279415092374,63.6));
#7838=CARTESIAN_POINT('',(-86.2512015543582,85.3725218979175,39.6));
#7839=CARTESIAN_POINT('',(-86.9583083355448,84.665415116731,39.6));
#7840=CARTESIAN_POINT('',(-86.9583083355448,84.665415116731,63.6));
#7841=CARTESIAN_POINT('',(-86.2512015543582,85.3725218979175,63.6));
#7842=CARTESIAN_POINT('',(-85.9002480998618,83.6073548810478,39.6));
#7843=CARTESIAN_POINT('',(-85.9002480998618,83.6073548810478,39.6));
#7844=CARTESIAN_POINT('',(-85.9002480998618,83.6073548810478,63.6));
#7845=CARTESIAN_POINT('',(-85.9002480998618,83.6073548810478,63.6));
#7846=CARTESIAN_POINT('',(-86.253801490455,83.2538014904546,39.6));
#7847=CARTESIAN_POINT('',(-86.6073548810483,82.9002480998613,39.6));
#7848=CARTESIAN_POINT('',(-86.6073548810483,82.9002480998613,63.6));
#7849=CARTESIAN_POINT('',(-86.253801490455,83.2538014904546,63.6));
#7850=CARTESIAN_POINT('',(-87.6654151167314,83.9583083355444,39.6));
#7851=CARTESIAN_POINT('',(-87.6654151167314,83.9583083355444,63.6));
#7852=CARTESIAN_POINT('',(-99.0000000000001,96.,39.6));
#7853=CARTESIAN_POINT('',(-99.0000000000001,96.,63.6));
#7854=CARTESIAN_POINT('',(-99.0000000000001,100.000000000002,63.6));
#7855=CARTESIAN_POINT('',(-99.0000000000001,100.000000000003,39.6));
#7856=CARTESIAN_POINT('',(-93.2279415092376,90.2279415092374,39.6));
#7857=CARTESIAN_POINT('',(-93.2279415092395,80.4558830184744,54.6));
#7858=CARTESIAN_POINT('',(-93.2279415092395,80.4558830184747,63.6));
#7859=CARTESIAN_POINT('',(-93.2279415092376,90.2279415092374,63.6));
#7860=CARTESIAN_POINT('',(-87.4558881116491,80.4558830184747,39.6));
#7861=CARTESIAN_POINT('',(-87.4558881116491,80.4558830184747,54.6));
#7862=CARTESIAN_POINT('',(-87.4558881116491,80.4558830184763,63.6));
#7863=CARTESIAN_POINT('',(-87.4558881116491,80.4558830184747,63.6));
#7864=CARTESIAN_POINT('',(-87.4558830184751,84.4558830184747,39.6));
#7865=CARTESIAN_POINT('',(-87.4558830184751,84.4558830184747,63.6));
#7866=CARTESIAN_POINT('',(-101.727941509238,1.58983937126322E-12,63.6));
#7867=CARTESIAN_POINT('',(-99.0000000000001,100.000000000003,63.6));
#7868=CARTESIAN_POINT('',(-116.848528137421,-97.5556349186104,39.6));
#7869=CARTESIAN_POINT('',(-116.848528137421,-97.5556349186104,39.6));
#7870=CARTESIAN_POINT('',(-115.790467901743,-96.4975746829301,39.6));
#7871=CARTESIAN_POINT('',(-117.202081528017,-97.2020815280169,39.6));
#7872=CARTESIAN_POINT('',(-117.555634918612,-96.8485281374253,39.6));
#7873=CARTESIAN_POINT('',(-116.49757468293,-95.7904679017436,39.6));
#7874=CARTESIAN_POINT('',(-116.49757468293,-95.7904679017436,39.6));
#7875=CARTESIAN_POINT('',(-117.204681464117,-95.0833611205566,39.6));
#7876=CARTESIAN_POINT('',(-116.383888528248,-94.5121352839308,39.6));
#7877=CARTESIAN_POINT('',(-110.227941509237,-90.227941509237,39.6));
#7878=CARTESIAN_POINT('',(-117.727941509237,-90.227941509237,63.6));
#7879=CARTESIAN_POINT('',(-105.943747734539,-84.0719944902287,39.6));
#7880=CARTESIAN_POINT('',(-105.372521897913,-83.2512015543609,39.6));
#7881=CARTESIAN_POINT('',(-104.665415116727,-83.9583083355478,39.6));
#7882=CARTESIAN_POINT('',(-103.607354881047,-82.9002480998678,39.6));
#7883=CARTESIAN_POINT('',(-103.607354881047,-82.9002480998678,39.6));
#7884=CARTESIAN_POINT('',(-103.253801490453,-83.2538014904619,39.6));
#7885=CARTESIAN_POINT('',(-102.900248099859,-83.607354881056,39.6));
#7886=CARTESIAN_POINT('',(-103.95830833554,-84.6654151167349,39.6));
#7887=CARTESIAN_POINT('',(-103.95830833554,-84.6654151167349,39.6));
#7888=CARTESIAN_POINT('',(-103.251201554354,-85.3725218979219,39.6));
#7889=CARTESIAN_POINT('',(-104.071994490223,-85.9437477345472,39.6));
#7890=CARTESIAN_POINT('',(-110.227941509237,-90.227941509237,39.6));
#7891=CARTESIAN_POINT('',(-104.92464065034,-95.5312423681378,63.6));
#7892=CARTESIAN_POINT('',(-114.512135283931,-96.3838885282484,39.6));
#7893=CARTESIAN_POINT('',(-115.083361120557,-97.2046814641166,39.6));
#7894=CARTESIAN_POINT('',(-110.227941509237,-90.227941509237,39.6));
#7895=CARTESIAN_POINT('',(-110.227941509231,-80.455883018474,40.6));
#7896=CARTESIAN_POINT('',(-120.,-90.227941509237,40.6));
#7897=CARTESIAN_POINT('',(-120.,-96.000000000003,39.6));
#7898=CARTESIAN_POINT('',(-120.,-96.000000000003,40.6));
#7899=CARTESIAN_POINT('',(-116.,-96.,39.6));
#7900=CARTESIAN_POINT('',(-104.455883018468,-80.4558830184792,39.6));
#7901=CARTESIAN_POINT('',(88.,2.05530225240117E-13,62.6));
#7902=CARTESIAN_POINT('',(91.,3.75000000000021,62.6));
#7903=CARTESIAN_POINT('',(91.,3.75000000000021,62.6));
#7904=CARTESIAN_POINT('',(91.,2.06085336752429E-13,62.6));
#7905=CARTESIAN_POINT('',(91.,-3.74999999999979,62.6));
#7906=CARTESIAN_POINT('',(88.,-3.74999999999979,62.6));
#7907=CARTESIAN_POINT('',(91.,2.0602985749594E-13,62.6));
#7908=CARTESIAN_POINT('',(91.,2.06112925887798E-13,62.6));
#7909=CARTESIAN_POINT('',(91.,2.10000000000021,62.6));
#7910=CARTESIAN_POINT('',(91.,-2.09999999999979,62.6));
#7911=CARTESIAN_POINT('',(103.,2.08999505751824E-13,62.6));
#7912=CARTESIAN_POINT('',(83.,2.1000000000002,62.6));
#7913=CARTESIAN_POINT('',(91.,-2.09999999999979,62.6));
#7914=CARTESIAN_POINT('',(103.,2.08999505751824E-13,62.6));
#7915=CARTESIAN_POINT('',(94.,6.06217782649129,66.1));
#7916=CARTESIAN_POINT('',(94.,-6.06217782649087,66.1));
#7917=CARTESIAN_POINT('',(103.,-12.7017059221716,54.6));
#7918=CARTESIAN_POINT('',(103.,6.06217782649129,66.1));
#7919=CARTESIAN_POINT('',(84.5,9.49999999999999,39.6));
#7920=CARTESIAN_POINT('',(85.9,9.49999999999999,44.6));
#7921=CARTESIAN_POINT('',(85.9,9.49999999999999,44.6));
#7922=CARTESIAN_POINT('',(84.5,9.49999999999999,44.6));
#7923=CARTESIAN_POINT('',(83.1,9.49999999999999,44.6));
#7924=CARTESIAN_POINT('',(83.1,9.49999999999999,44.6));
#7925=CARTESIAN_POINT('',(84.5,-16.5,39.6));
#7926=CARTESIAN_POINT('',(85.9,-16.5,44.6));
#7927=CARTESIAN_POINT('',(85.9,-16.5,44.6));
#7928=CARTESIAN_POINT('',(84.5,-16.5,44.6));
#7929=CARTESIAN_POINT('',(83.1,-16.5,44.6));
#7930=CARTESIAN_POINT('',(83.1,-16.5,44.6));
#7931=CARTESIAN_POINT('',(84.5,-42.5,39.6));
#7932=CARTESIAN_POINT('',(85.9,-42.5,44.6));
#7933=CARTESIAN_POINT('',(85.9,-42.5,44.6));
#7934=CARTESIAN_POINT('',(84.5,-42.5,44.6));
#7935=CARTESIAN_POINT('',(83.1,-42.5,44.6));
#7936=CARTESIAN_POINT('',(83.1,-42.5,44.6));
#7937=CARTESIAN_POINT('',(84.5,22.5,39.6));
#7938=CARTESIAN_POINT('',(85.9,22.5,44.6));
#7939=CARTESIAN_POINT('',(85.9,22.5,44.6));
#7940=CARTESIAN_POINT('',(84.5,22.5,44.6));
#7941=CARTESIAN_POINT('',(83.1,22.5,44.6));
#7942=CARTESIAN_POINT('',(83.1,22.5,44.6));
#7943=CARTESIAN_POINT('',(71.5,-81.5,39.6));
#7944=CARTESIAN_POINT('',(72.9,-81.5,44.6));
#7945=CARTESIAN_POINT('',(72.9,-81.5,44.6));
#7946=CARTESIAN_POINT('',(71.5,-81.5,44.6));
#7947=CARTESIAN_POINT('',(70.1,-81.5,44.6));
#7948=CARTESIAN_POINT('',(70.1,-81.5,44.6));
#7949=CARTESIAN_POINT('',(84.5,-81.5,39.6));
#7950=CARTESIAN_POINT('',(85.9,-81.5,44.6));
#7951=CARTESIAN_POINT('',(85.9,-81.5,44.6));
#7952=CARTESIAN_POINT('',(84.5,-81.5,44.6));
#7953=CARTESIAN_POINT('',(83.1,-81.5,44.6));
#7954=CARTESIAN_POINT('',(83.1,-81.5,44.6));
#7955=CARTESIAN_POINT('',(32.5,74.5,39.6));
#7956=CARTESIAN_POINT('',(33.9,74.5,44.6));
#7957=CARTESIAN_POINT('',(33.9,74.5,44.6));
#7958=CARTESIAN_POINT('',(32.5,74.5,44.6));
#7959=CARTESIAN_POINT('',(31.1,74.5,44.6));
#7960=CARTESIAN_POINT('',(31.1,74.5,44.6));
#7961=CARTESIAN_POINT('',(45.5,74.5,39.6));
#7962=CARTESIAN_POINT('',(46.9,74.5,44.6));
#7963=CARTESIAN_POINT('',(46.9,74.5,44.6));
#7964=CARTESIAN_POINT('',(45.5,74.5,44.6));
#7965=CARTESIAN_POINT('',(44.1,74.5,44.6));
#7966=CARTESIAN_POINT('',(44.1,74.5,44.6));
#7967=CARTESIAN_POINT('',(84.5,74.5,39.6));
#7968=CARTESIAN_POINT('',(85.9,74.5,44.6));
#7969=CARTESIAN_POINT('',(85.9,74.5,44.6));
#7970=CARTESIAN_POINT('',(84.5,74.5,44.6));
#7971=CARTESIAN_POINT('',(83.1,74.5,44.6));
#7972=CARTESIAN_POINT('',(83.1,74.5,44.6));
#7973=CARTESIAN_POINT('',(58.5,-81.5,39.6));
#7974=CARTESIAN_POINT('',(59.9,-81.5,44.6));
#7975=CARTESIAN_POINT('',(59.9,-81.5,44.6));
#7976=CARTESIAN_POINT('',(58.5,-81.5,44.6));
#7977=CARTESIAN_POINT('',(57.1,-81.5,44.6));
#7978=CARTESIAN_POINT('',(57.1,-81.5,44.6));
#7979=CARTESIAN_POINT('',(19.5,74.5,39.6));
#7980=CARTESIAN_POINT('',(20.9,74.5,44.6));
#7981=CARTESIAN_POINT('',(20.9,74.5,44.6));
#7982=CARTESIAN_POINT('',(19.5,74.5,44.6));
#7983=CARTESIAN_POINT('',(18.1,74.5,44.6));
#7984=CARTESIAN_POINT('',(18.1,74.5,44.6));
#7985=CARTESIAN_POINT('',(84.5,-68.5,39.6));
#7986=CARTESIAN_POINT('',(85.9,-68.5,44.6));
#7987=CARTESIAN_POINT('',(85.9,-68.5,44.6));
#7988=CARTESIAN_POINT('',(84.5,-68.5,44.6));
#7989=CARTESIAN_POINT('',(83.1,-68.5,44.6));
#7990=CARTESIAN_POINT('',(83.1,-68.5,44.6));
#7991=CARTESIAN_POINT('',(84.5,48.5,39.6));
#7992=CARTESIAN_POINT('',(85.9,48.5,44.6));
#7993=CARTESIAN_POINT('',(85.9,48.5,44.6));
#7994=CARTESIAN_POINT('',(84.5,48.5,44.6));
#7995=CARTESIAN_POINT('',(83.1,48.5,44.6));
#7996=CARTESIAN_POINT('',(83.1,48.5,44.6));
#7997=CARTESIAN_POINT('',(84.5,61.5,39.6));
#7998=CARTESIAN_POINT('',(85.9,61.5,44.6));
#7999=CARTESIAN_POINT('',(85.9,61.5,44.6));
#8000=CARTESIAN_POINT('',(84.5,61.5,44.6));
#8001=CARTESIAN_POINT('',(83.1,61.5,44.6));
#8002=CARTESIAN_POINT('',(83.1,61.5,44.6));
#8003=CARTESIAN_POINT('',(58.5,74.5,39.6));
#8004=CARTESIAN_POINT('',(59.9,74.5,44.6));
#8005=CARTESIAN_POINT('',(59.9,74.5,44.6));
#8006=CARTESIAN_POINT('',(58.5,74.5,44.6));
#8007=CARTESIAN_POINT('',(57.1,74.5,44.6));
#8008=CARTESIAN_POINT('',(57.1,74.5,44.6));
#8009=CARTESIAN_POINT('',(84.5,-29.5,39.6));
#8010=CARTESIAN_POINT('',(85.9,-29.5,44.6));
#8011=CARTESIAN_POINT('',(85.9,-29.5,44.6));
#8012=CARTESIAN_POINT('',(84.5,-29.5,44.6));
#8013=CARTESIAN_POINT('',(83.1,-29.5,44.6));
#8014=CARTESIAN_POINT('',(83.1,-29.5,44.6));
#8015=CARTESIAN_POINT('',(71.5,74.5,39.6));
#8016=CARTESIAN_POINT('',(72.9,74.5,44.6));
#8017=CARTESIAN_POINT('',(72.9,74.5,44.6));
#8018=CARTESIAN_POINT('',(71.5,74.5,44.6));
#8019=CARTESIAN_POINT('',(70.1,74.5,44.6));
#8020=CARTESIAN_POINT('',(70.1,74.5,44.6));
#8021=CARTESIAN_POINT('',(84.5,-55.5,39.6));
#8022=CARTESIAN_POINT('',(85.9,-55.5,44.6));
#8023=CARTESIAN_POINT('',(85.9,-55.5,44.6));
#8024=CARTESIAN_POINT('',(84.5,-55.5,44.6));
#8025=CARTESIAN_POINT('',(83.1,-55.5,44.6));
#8026=CARTESIAN_POINT('',(83.1,-55.5,44.6));
#8027=CARTESIAN_POINT('',(45.5,-81.5,39.6));
#8028=CARTESIAN_POINT('',(46.9,-81.5,44.6));
#8029=CARTESIAN_POINT('',(46.9,-81.5,44.6));
#8030=CARTESIAN_POINT('',(45.5,-81.5,44.6));
#8031=CARTESIAN_POINT('',(44.1,-81.5,44.6));
#8032=CARTESIAN_POINT('',(44.1,-81.5,44.6));
#8033=CARTESIAN_POINT('',(84.5,35.5,39.6));
#8034=CARTESIAN_POINT('',(85.9,35.5,44.6));
#8035=CARTESIAN_POINT('',(85.9,35.5,44.6));
#8036=CARTESIAN_POINT('',(84.5,35.5,44.6));
#8037=CARTESIAN_POINT('',(83.1,35.5,44.6));
#8038=CARTESIAN_POINT('',(83.1,35.5,44.6));
#8039=CARTESIAN_POINT('',(6.49999999999999,74.5,39.6));
#8040=CARTESIAN_POINT('',(7.89999999999999,74.5,44.6));
#8041=CARTESIAN_POINT('',(7.89999999999999,74.5,44.6));
#8042=CARTESIAN_POINT('',(6.49999999999999,74.5,44.6));
#8043=CARTESIAN_POINT('',(5.09999999999999,74.5,44.6));
#8044=CARTESIAN_POINT('',(5.09999999999998,74.5,44.6));
#8045=CARTESIAN_POINT('',(84.5,-3.5,39.6));
#8046=CARTESIAN_POINT('',(85.9,-3.5,44.6));
#8047=CARTESIAN_POINT('',(85.9,-3.5,44.6));
#8048=CARTESIAN_POINT('',(84.5,-3.5,44.6));
#8049=CARTESIAN_POINT('',(83.1,-3.5,44.6));
#8050=CARTESIAN_POINT('',(83.1,-3.5,44.6));
#8051=CARTESIAN_POINT('',(6.49999999999999,-81.5,39.6));
#8052=CARTESIAN_POINT('',(7.89999999999999,-81.5,44.6));
#8053=CARTESIAN_POINT('',(7.89999999999999,-81.5,44.6));
#8054=CARTESIAN_POINT('',(6.49999999999999,-81.5,44.6));
#8055=CARTESIAN_POINT('',(5.09999999999999,-81.5,44.6));
#8056=CARTESIAN_POINT('',(5.09999999999998,-81.5,44.6));
#8057=CARTESIAN_POINT('',(19.5,-81.5,39.6));
#8058=CARTESIAN_POINT('',(20.9,-81.5,44.6));
#8059=CARTESIAN_POINT('',(20.9,-81.5,44.6));
#8060=CARTESIAN_POINT('',(19.5,-81.5,44.6));
#8061=CARTESIAN_POINT('',(18.1,-81.5,44.6));
#8062=CARTESIAN_POINT('',(18.1,-81.5,44.6));
#8063=CARTESIAN_POINT('',(32.5,-81.5,39.6));
#8064=CARTESIAN_POINT('',(33.9,-81.5,44.6));
#8065=CARTESIAN_POINT('',(33.9,-81.5,44.6));
#8066=CARTESIAN_POINT('',(32.5,-81.5,44.6));
#8067=CARTESIAN_POINT('',(31.1,-81.5,44.6));
#8068=CARTESIAN_POINT('',(31.1,-81.5,44.6));
#8069=CARTESIAN_POINT('',(81.,71.5,39.6));
#8070=CARTESIAN_POINT('',(81.,-78.,39.6));
#8071=CARTESIAN_POINT('',(81.,-78.,44.6));
#8072=CARTESIAN_POINT('',(81.,71.5,44.6));
#8073=CARTESIAN_POINT('',(81.,71.5,44.6));
#8074=CARTESIAN_POINT('',(81.,71.5,39.6));
#8075=CARTESIAN_POINT('',(0.,71.5,39.6));
#8076=CARTESIAN_POINT('',(81.,71.5,44.6));
#8077=CARTESIAN_POINT('',(81.,-78.,39.6));
#8078=CARTESIAN_POINT('',(81.,-78.,44.6));
#8079=CARTESIAN_POINT('',(44.,-3.24999999999998,44.6));
#8080=CARTESIAN_POINT('',(-88.,78.5,44.6));
#8081=CARTESIAN_POINT('',(0.,78.5000000000001,39.6));
#8082=CARTESIAN_POINT('',(93.2279415092376,90.2279415092374,39.6));
#8083=CARTESIAN_POINT('',(83.455883018475,90.2279415092381,54.6));
#8084=CARTESIAN_POINT('',(83.4558830184751,90.2279415092381,63.6));
#8085=CARTESIAN_POINT('',(93.2279415092376,90.2279415092374,63.6));
#8086=CARTESIAN_POINT('',(93.2279415092376,99.9999999999999,63.6));
#8087=CARTESIAN_POINT('',(93.2279415092376,99.9999999999998,54.6));
#8088=CARTESIAN_POINT('',(83.455883018475,90.2279415092381,39.6));
#8089=CARTESIAN_POINT('',(83.4558830184751,84.4558830184745,54.6));
#8090=CARTESIAN_POINT('',(83.4558830184751,84.4558830184745,63.6));
#8091=CARTESIAN_POINT('',(83.455883018475,90.2279415092381,63.6));
#8092=CARTESIAN_POINT('',(88.3725218979179,83.2512015543578,39.6));
#8093=CARTESIAN_POINT('',(87.6654151167314,83.9583083355444,39.6));
#8094=CARTESIAN_POINT('',(87.6654151167314,83.9583083355444,63.6));
#8095=CARTESIAN_POINT('',(88.3725218979179,83.2512015543578,63.6));
#8096=CARTESIAN_POINT('',(88.9437477345438,84.071994490226,63.6));
#8097=CARTESIAN_POINT('',(88.9437477345438,84.071994490226,39.6));
#8098=CARTESIAN_POINT('',(93.2279415092376,90.2279415092374,39.6));
#8099=CARTESIAN_POINT('',(100.727941509238,90.2279415092374,63.6));
#8100=CARTESIAN_POINT('',(100.727941509238,90.2279415092374,63.6));
#8101=CARTESIAN_POINT('',(93.2279415092376,90.2279415092374,63.6));
#8102=CARTESIAN_POINT('',(99.3838885282488,94.5121352839313,63.6));
#8103=CARTESIAN_POINT('',(99.3838885282488,94.5121352839313,39.6));
#8104=CARTESIAN_POINT('',(100.204681464117,95.0833611205572,39.6));
#8105=CARTESIAN_POINT('',(100.204681464117,95.0833611205572,63.6));
#8106=CARTESIAN_POINT('',(99.4975746829303,95.7904679017438,63.6));
#8107=CARTESIAN_POINT('',(99.4975746829304,95.7904679017437,39.6));
#8108=CARTESIAN_POINT('',(100.555634918613,96.8485281374268,39.6));
#8109=CARTESIAN_POINT('',(100.555634918613,96.8485281374268,63.6));
#8110=CARTESIAN_POINT('',(100.555634918613,96.8485281374268,63.6));
#8111=CARTESIAN_POINT('',(100.555634918613,96.8485281374268,39.6));
#8112=CARTESIAN_POINT('',(100.20208152802,97.2020815280201,39.6));
#8113=CARTESIAN_POINT('',(100.20208152802,97.2020815280201,63.6));
#8114=CARTESIAN_POINT('',(99.8485281374269,97.5556349186134,63.6));
#8115=CARTESIAN_POINT('',(99.8485281374269,97.5556349186134,39.6));
#8116=CARTESIAN_POINT('',(98.7904679017438,96.4975746829303,39.6));
#8117=CARTESIAN_POINT('',(98.7904679017438,96.4975746829303,63.6));
#8118=CARTESIAN_POINT('',(98.7904679017438,96.4975746829303,63.6));
#8119=CARTESIAN_POINT('',(98.7904679017438,96.4975746829303,39.6));
#8120=CARTESIAN_POINT('',(98.0833611205573,97.2046814641169,39.6));
#8121=CARTESIAN_POINT('',(98.0833611205573,97.2046814641169,63.6));
#8122=CARTESIAN_POINT('',(97.5121352839314,96.3838885282487,63.6));
#8123=CARTESIAN_POINT('',(97.5121352839314,96.3838885282487,39.6));
#8124=CARTESIAN_POINT('',(93.2279415092376,90.2279415092374,39.6));
#8125=CARTESIAN_POINT('',(87.9246406503384,95.5312423681364,63.6));
#8126=CARTESIAN_POINT('',(87.9246406503384,95.5312423681364,63.6));
#8127=CARTESIAN_POINT('',(93.2279415092376,90.2279415092374,63.6));
#8128=CARTESIAN_POINT('',(87.0719944902264,85.9437477345433,63.6));
#8129=CARTESIAN_POINT('',(87.0719944902264,85.9437477345433,39.6));
#8130=CARTESIAN_POINT('',(86.2512015543582,85.3725218979175,39.6));
#8131=CARTESIAN_POINT('',(86.2512015543582,85.3725218979175,63.6));
#8132=CARTESIAN_POINT('',(86.9583083355448,84.665415116731,63.6));
#8133=CARTESIAN_POINT('',(86.9583083355448,84.665415116731,39.6));
#8134=CARTESIAN_POINT('',(85.9002480998618,83.6073548810478,39.6));
#8135=CARTESIAN_POINT('',(85.9002480998618,83.6073548810478,63.6));
#8136=CARTESIAN_POINT('',(85.9002480998618,83.6073548810478,63.6));
#8137=CARTESIAN_POINT('',(85.9002480998618,83.6073548810478,39.6));
#8138=CARTESIAN_POINT('',(86.253801490455,83.2538014904546,39.6));
#8139=CARTESIAN_POINT('',(86.253801490455,83.2538014904546,63.6));
#8140=CARTESIAN_POINT('',(86.6073548810483,82.9002480998613,63.6));
#8141=CARTESIAN_POINT('',(86.6073548810483,82.9002480998613,39.6));
#8142=CARTESIAN_POINT('',(87.6654151167314,83.9583083355444,39.6));
#8143=CARTESIAN_POINT('',(87.6654151167314,83.9583083355444,63.6));
#8144=CARTESIAN_POINT('',(99.0000000000001,96.,39.6));
#8145=CARTESIAN_POINT('',(99.0000000000001,100.000000000003,39.6));
#8146=CARTESIAN_POINT('',(99.0000000000001,100.000000000002,63.6));
#8147=CARTESIAN_POINT('',(99.0000000000001,96.,63.6));
#8148=CARTESIAN_POINT('',(93.2279415092376,90.2279415092374,39.6));
#8149=CARTESIAN_POINT('',(93.2279415092376,90.2279415092374,63.6));
#8150=CARTESIAN_POINT('',(93.2279415092395,80.4558830184747,63.6));
#8151=CARTESIAN_POINT('',(93.2279415092395,80.4558830184744,54.6));
#8152=CARTESIAN_POINT('',(87.4558881116491,80.4558830184747,39.6));
#8153=CARTESIAN_POINT('',(87.4558881116491,80.4558830184747,63.6));
#8154=CARTESIAN_POINT('',(87.4558881116491,80.4558830184763,63.6));
#8155=CARTESIAN_POINT('',(87.4558881116491,80.4558830184747,54.6));
#8156=CARTESIAN_POINT('',(87.4558830184751,84.4558830184747,39.6));
#8157=CARTESIAN_POINT('',(87.4558830184751,84.4558830184747,63.6));
#8158=CARTESIAN_POINT('',(101.727941509238,1.58983937126322E-12,63.6));
#8159=CARTESIAN_POINT('',(99.0000000000001,100.000000000003,63.6));
#8160=CARTESIAN_POINT('',(116.848528137421,-97.5556349186104,39.6));
#8161=CARTESIAN_POINT('',(115.790467901743,-96.4975746829301,39.6));
#8162=CARTESIAN_POINT('',(115.790467901743,-96.49757468293,63.6));
#8163=CARTESIAN_POINT('',(116.848528137421,-97.5556349186104,63.6));
#8164=CARTESIAN_POINT('',(116.848528137421,-97.5556349186104,63.6));
#8165=CARTESIAN_POINT('',(116.848528137421,-97.5556349186104,39.6));
#8166=CARTESIAN_POINT('',(117.202081528017,-97.2020815280169,39.6));
#8167=CARTESIAN_POINT('',(117.202081528017,-97.2020815280169,63.6));
#8168=CARTESIAN_POINT('',(117.555634918612,-96.8485281374252,63.6));
#8169=CARTESIAN_POINT('',(117.555634918612,-96.8485281374253,39.6));
#8170=CARTESIAN_POINT('',(116.49757468293,-95.7904679017436,39.6));
#8171=CARTESIAN_POINT('',(116.49757468293,-95.7904679017436,63.6));
#8172=CARTESIAN_POINT('',(116.49757468293,-95.7904679017434,63.6));
#8173=CARTESIAN_POINT('',(116.49757468293,-95.7904679017436,39.6));
#8174=CARTESIAN_POINT('',(117.204681464117,-95.0833611205566,39.6));
#8175=CARTESIAN_POINT('',(117.204681464117,-95.0833611205566,63.6));
#8176=CARTESIAN_POINT('',(116.383888528248,-94.5121352839309,63.6));
#8177=CARTESIAN_POINT('',(116.383888528248,-94.5121352839308,39.6));
#8178=CARTESIAN_POINT('',(110.227941509237,-90.227941509237,39.6));
#8179=CARTESIAN_POINT('',(117.727941509237,-90.227941509237,63.6));
#8180=CARTESIAN_POINT('',(117.727941509237,-90.227941509237,63.6));
#8181=CARTESIAN_POINT('',(110.227941509237,-90.227941509237,63.6));
#8182=CARTESIAN_POINT('',(105.943747734539,-84.0719944902287,63.6));
#8183=CARTESIAN_POINT('',(105.943747734539,-84.0719944902287,39.6));
#8184=CARTESIAN_POINT('',(105.372521897913,-83.2512015543609,39.6));
#8185=CARTESIAN_POINT('',(105.372521897913,-83.2512015543609,63.6));
#8186=CARTESIAN_POINT('',(104.665415116727,-83.9583083355478,63.6));
#8187=CARTESIAN_POINT('',(104.665415116727,-83.9583083355478,39.6));
#8188=CARTESIAN_POINT('',(103.607354881047,-82.9002480998678,39.6));
#8189=CARTESIAN_POINT('',(103.607354881047,-82.9002480998678,63.6));
#8190=CARTESIAN_POINT('',(103.607354881047,-82.9002480998678,63.6));
#8191=CARTESIAN_POINT('',(103.607354881047,-82.9002480998678,39.6));
#8192=CARTESIAN_POINT('',(103.253801490453,-83.2538014904619,39.6));
#8193=CARTESIAN_POINT('',(103.253801490453,-83.2538014904619,63.6));
#8194=CARTESIAN_POINT('',(102.900248099859,-83.6073548810559,63.6));
#8195=CARTESIAN_POINT('',(102.900248099859,-83.607354881056,39.6));
#8196=CARTESIAN_POINT('',(103.95830833554,-84.6654151167349,39.6));
#8197=CARTESIAN_POINT('',(103.95830833554,-84.6654151167349,63.6));
#8198=CARTESIAN_POINT('',(103.95830833554,-84.6654151167349,63.6));
#8199=CARTESIAN_POINT('',(103.95830833554,-84.6654151167349,39.6));
#8200=CARTESIAN_POINT('',(103.251201554354,-85.3725218979219,39.6));
#8201=CARTESIAN_POINT('',(103.251201554354,-85.3725218979219,63.6));
#8202=CARTESIAN_POINT('',(104.071994490223,-85.9437477345472,63.6));
#8203=CARTESIAN_POINT('',(104.071994490223,-85.9437477345472,39.6));
#8204=CARTESIAN_POINT('',(110.227941509237,-90.227941509237,39.6));
#8205=CARTESIAN_POINT('',(104.92464065034,-95.5312423681378,63.6));
#8206=CARTESIAN_POINT('',(104.92464065034,-95.5312423681378,63.6));
#8207=CARTESIAN_POINT('',(110.227941509237,-90.227941509237,63.6));
#8208=CARTESIAN_POINT('',(114.512135283931,-96.3838885282484,63.6));
#8209=CARTESIAN_POINT('',(114.512135283931,-96.3838885282484,39.6));
#8210=CARTESIAN_POINT('',(115.083361120557,-97.2046814641166,39.6));
#8211=CARTESIAN_POINT('',(115.083361120557,-97.2046814641166,63.6));
#8212=CARTESIAN_POINT('',(101.727941509238,1.58983937126322E-12,63.6));
#8213=CARTESIAN_POINT('',(93.2279415092376,100.,39.6));
#8214=CARTESIAN_POINT('',(-88.,2.05530225240117E-13,62.6));
#8215=CARTESIAN_POINT('',(-103.,2.08999505751824E-13,62.6));
#8216=CARTESIAN_POINT('',(-84.5,9.49999999999999,39.6));
#8217=CARTESIAN_POINT('',(-84.5,-16.5,39.6));
#8218=CARTESIAN_POINT('',(-84.5,-42.5,39.6));
#8219=CARTESIAN_POINT('',(-84.5,22.5,39.6));
#8220=CARTESIAN_POINT('',(-71.5,-81.5,39.6));
#8221=CARTESIAN_POINT('',(-84.5,-81.5,39.6));
#8222=CARTESIAN_POINT('',(-32.5,74.5,39.6));
#8223=CARTESIAN_POINT('',(-45.5,74.5,39.6));
#8224=CARTESIAN_POINT('',(-84.5,74.5,39.6));
#8225=CARTESIAN_POINT('',(-58.5,-81.5,39.6));
#8226=CARTESIAN_POINT('',(-19.5,74.5,39.6));
#8227=CARTESIAN_POINT('',(-84.5,-68.5,39.6));
#8228=CARTESIAN_POINT('',(-84.5,48.5,39.6));
#8229=CARTESIAN_POINT('',(-84.5,61.5,39.6));
#8230=CARTESIAN_POINT('',(-58.5,74.5,39.6));
#8231=CARTESIAN_POINT('',(-84.5,-29.5,39.6));
#8232=CARTESIAN_POINT('',(-71.5,74.5,39.6));
#8233=CARTESIAN_POINT('',(-84.5,-55.5,39.6));
#8234=CARTESIAN_POINT('',(-45.5,-81.5,39.6));
#8235=CARTESIAN_POINT('',(-84.5,35.5,39.6));
#8236=CARTESIAN_POINT('',(-6.49999999999999,74.5,39.6));
#8237=CARTESIAN_POINT('',(-84.5,-3.5,39.6));
#8238=CARTESIAN_POINT('',(-6.49999999999999,-81.5,39.6));
#8239=CARTESIAN_POINT('',(-19.5,-81.5,39.6));
#8240=CARTESIAN_POINT('',(-32.5,-81.5,39.6));
#8241=CARTESIAN_POINT('',(-93.2279415092376,90.2279415092374,39.6));
#8242=CARTESIAN_POINT('',(-93.2279415092376,90.2279415092374,39.6));
#8243=CARTESIAN_POINT('',(-110.227941509237,-90.227941509237,39.6));
#8244=CARTESIAN_POINT('',(-110.227941509237,-90.227941509237,39.6));
#8245=CARTESIAN_POINT('',(88.,2.05530225240117E-13,62.6));
#8246=CARTESIAN_POINT('',(103.,2.08999505751824E-13,62.6));
#8247=CARTESIAN_POINT('',(84.5,9.49999999999999,39.6));
#8248=CARTESIAN_POINT('',(84.5,-16.5,39.6));
#8249=CARTESIAN_POINT('',(84.5,-42.5,39.6));
#8250=CARTESIAN_POINT('',(84.5,22.5,39.6));
#8251=CARTESIAN_POINT('',(71.5,-81.5,39.6));
#8252=CARTESIAN_POINT('',(84.5,-81.5,39.6));
#8253=CARTESIAN_POINT('',(32.5,74.5,39.6));
#8254=CARTESIAN_POINT('',(45.5,74.5,39.6));
#8255=CARTESIAN_POINT('',(84.5,74.5,39.6));
#8256=CARTESIAN_POINT('',(58.5,-81.5,39.6));
#8257=CARTESIAN_POINT('',(19.5,74.5,39.6));
#8258=CARTESIAN_POINT('',(84.5,-68.5,39.6));
#8259=CARTESIAN_POINT('',(84.5,48.5,39.6));
#8260=CARTESIAN_POINT('',(84.5,61.5,39.6));
#8261=CARTESIAN_POINT('',(58.5,74.5,39.6));
#8262=CARTESIAN_POINT('',(84.5,-29.5,39.6));
#8263=CARTESIAN_POINT('',(71.5,74.5,39.6));
#8264=CARTESIAN_POINT('',(84.5,-55.5,39.6));
#8265=CARTESIAN_POINT('',(45.5,-81.5,39.6));
#8266=CARTESIAN_POINT('',(84.5,35.5,39.6));
#8267=CARTESIAN_POINT('',(6.49999999999999,74.5,39.6));
#8268=CARTESIAN_POINT('',(84.5,-3.5,39.6));
#8269=CARTESIAN_POINT('',(6.49999999999999,-81.5,39.6));
#8270=CARTESIAN_POINT('',(19.5,-81.5,39.6));
#8271=CARTESIAN_POINT('',(32.5,-81.5,39.6));
#8272=CARTESIAN_POINT('',(93.2279415092376,90.2279415092374,39.6));
#8273=CARTESIAN_POINT('',(93.2279415092376,90.2279415092374,39.6));
#8274=CARTESIAN_POINT('',(110.227941509237,-90.227941509237,39.6));
#8275=CARTESIAN_POINT('',(110.227941509237,-90.227941509237,39.6));
#8276=PLANE('',#5001);
#8277=PLANE('',#5005);
#8278=PLANE('',#5009);
#8279=PLANE('',#5010);
#8280=PLANE('',#5013);
#8281=PLANE('',#5016);
#8282=PLANE('',#5020);
#8283=PLANE('',#5024);
#8284=PLANE('',#5028);
#8285=PLANE('',#5029);
#8286=PLANE('',#5042);
#8287=PLANE('',#5044);
#8288=PLANE('',#5045);
#8289=PLANE('',#5047);
#8290=PLANE('',#5057);
#8291=PLANE('',#5061);
#8292=PLANE('',#5065);
#8293=PLANE('',#5068);
#8294=PLANE('',#5071);
#8295=PLANE('',#5072);
#8296=PLANE('',#5157);
#8297=PLANE('',#5158);
#8298=PLANE('',#5162);
#8299=PLANE('',#5163);
#8300=PLANE('',#5166);
#8301=PLANE('',#5167);
#8302=PLANE('',#5171);
#8303=PLANE('',#5172);
#8304=PLANE('',#5174);
#8305=PLANE('',#5175);
#8306=PLANE('',#5176);
#8307=PLANE('',#5177);
#8308=PLANE('',#5178);
#8309=PLANE('',#5182);
#8310=PLANE('',#5183);
#8311=PLANE('',#5184);
#8312=PLANE('',#5185);
#8313=PLANE('',#5188);
#8314=PLANE('',#5189);
#8315=PLANE('',#5190);
#8316=PLANE('',#5192);
#8317=PLANE('',#5193);
#8318=PLANE('',#5199);
#8319=PLANE('',#5201);
#8320=PLANE('',#5203);
#8321=PLANE('',#5255);
#8322=PLANE('',#5256);
#8323=PLANE('',#5259);
#8324=PLANE('',#5266);
#8325=PLANE('',#5269);
#8326=PLANE('',#5276);
#8327=PLANE('',#5279);
#8328=PLANE('',#5284);
#8329=PLANE('',#5287);
#8330=PLANE('',#5288);
#8331=PLANE('',#5290);
#8332=PLANE('',#5294);
#8333=PLANE('',#5296);
#8334=PLANE('',#5301);
#8335=PLANE('',#5303);
#8336=PLANE('',#5306);
#8337=PLANE('',#5310);
#8338=PLANE('',#5311);
#8339=PLANE('',#5362);
#8340=PLANE('',#5363);
#8341=PLANE('',#5364);
#8342=PLANE('',#5365);
#8343=PLANE('',#5366);
#8344=PLANE('',#5369);
#8345=PLANE('',#5376);
#8346=PLANE('',#5379);
#8347=PLANE('',#5386);
#8348=PLANE('',#5389);
#8349=PLANE('',#5394);
#8350=PLANE('',#5397);
#8351=PLANE('',#5398);
#8352=PLANE('',#5401);
#8353=PLANE('',#5408);
#8354=PLANE('',#5411);
#8355=PLANE('',#5418);
#8356=PLANE('',#5419);
#8357=CLOSED_SHELL('',(#4740,#4741,#4742,#4743,#4744,#4745,#4746,#4747,
#4748,#4749,#4750,#4751,#4752,#4753,#4754,#4755,#4756,#4757,#4758,#4759,
#4760,#4761,#4762,#4763,#4764,#4765,#4766,#4767,#4768,#4769,#4770,#4771,
#4772,#4773,#4774,#4775,#4776,#4777,#4778,#4779,#4780,#4781,#4782,#4783,
#4784,#4785,#4786,#4787,#4788,#4789,#4790,#4791,#4792,#4793,#4794,#4795,
#4796,#4797,#4798,#4799,#4800,#4801,#4802,#4803,#4804,#4805,#4806,#4807,
#4808,#4809,#4810,#4811,#4812,#4813,#4814,#4815,#4816,#4817,#4818,#4819,
#4820,#4821,#4822,#4823,#4824,#4825,#4826,#4827,#4828,#4829,#4830,#4831,
#4832,#4833,#4834,#4835,#4836,#4837,#4838,#4839,#4840,#4841,#4842,#4843,
#4844,#4845,#4846,#4847,#4848,#4849,#4850,#4851,#4852,#4853,#4854,#4855,
#4856,#4857,#4858,#4859,#4860,#4861,#4862,#4863,#4864,#4865,#4866,#4867,
#4868,#4869,#4870,#4871,#4872,#4873,#4874,#4875,#4876,#4877,#4878,#4879,
#4880,#4881,#4882,#4883,#4884,#4885,#4886,#4887,#4888,#4889,#4890,#4891,
#4892,#4893,#4894,#4895,#4896,#4897,#4898,#4899,#4900,#4901,#4902,#4903,
#4904,#4905,#4906,#4907,#4908,#4909,#4910,#4911,#4912,#4913,#4914,#4915,
#4916,#4917,#4918,#4919,#4920,#4921,#4922,#4923,#4924,#4925,#4926,#4927,
#4928,#4929,#4930,#4931,#4932,#4933,#4934,#4935,#4936,#4937,#4938,#4939,
#4940,#4941,#4942,#4943,#4944,#4945,#4946,#4947,#4948,#4949,#4950,#4951,
#4952,#4953,#4954,#4955,#4956,#4957,#4958,#4959,#4960,#4961,#4962,#4963,
#4964,#4965,#4966,#4967,#4968,#4969,#4970,#4971,#4972,#4973,#4974,#4975,
#4976,#4977,#4978,#4979,#4980,#4981,#4982,#4983,#4984,#4985,#4986,#4987,
#4988,#4989,#4990,#4991,#4992,#4993,#4994,#4995,#4996,#4997,#4998,#4999,
#5000));
#8358=MANIFOLD_SOLID_BREP('',#8357);
#8359=ADVANCED_BREP_SHAPE_REPRESENTATION('',(#8358),#103);
ENDSEC;
END-ISO-10303-21;
