ISO-10303-21;
HEADER;
/* Generated by software containing ST-Developer
 * from STEP Tools, Inc. (www.steptools.com) 
 */

FILE_DESCRIPTION(
/* description */ ('Alibre Inc.'),
/* implementation_level */ '2;1');

FILE_NAME(
/* name */ 'export-B751EAED-E7AA-451C-9D45-90C2962F9A89',
/* time_stamp */ '2026-10-02T12:39:18+02:00',
/* author */ (''),
/* organization */ (''),
/* preprocessor_version */ 'ST-DEVELOPER v17',
/* originating_system */ 'Alibre',
/* authorisation */ '');

FILE_SCHEMA (('CONFIG_CONTROL_DESIGN'));
ENDSEC;

DATA;
#10=MECHANICAL_CONTEXT('detailed design',#18,'mechanical');
#11=PRODUCT_RELATED_PRODUCT_CATEGORY('detail','',(#98));
#12=CC_DESIGN_SECURITY_CLASSIFICATION(#14,(#97));
#13=SECURITY_CLASSIFICATION_LEVEL('unclassified');
#14=SECURITY_CLASSIFICATION('name','Security for version',#13);
#15=SHAPE_DEFINITION_REPRESENTATION(#16,#5232);
#16=PRODUCT_DEFINITION_SHAPE('','DefinitionDesc',#96);
#17=APPLICATION_PROTOCOL_DEFINITION('AP definition status',
'config_control_design',1994,#18);
#18=APPLICATION_CONTEXT(
'control the configuration of three dimensional design');
#19=DESIGN_CONTEXT('detailed design',#18,'design');
#20=PERSON_AND_ORGANIZATION_ROLE('creator');
#21=PERSON_AND_ORGANIZATION_ROLE('classification_officer');
#22=PERSON_AND_ORGANIZATION_ROLE('creator');
#23=PERSON_AND_ORGANIZATION_ROLE('design_supplier');
#24=PERSON_AND_ORGANIZATION_ROLE('design_owner');
#25=CC_DESIGN_PERSON_AND_ORGANIZATION_ASSIGNMENT(#57,#20,(#96));
#26=CC_DESIGN_PERSON_AND_ORGANIZATION_ASSIGNMENT(#60,#21,(#14));
#27=CC_DESIGN_PERSON_AND_ORGANIZATION_ASSIGNMENT(#61,#22,(#97));
#28=CC_DESIGN_PERSON_AND_ORGANIZATION_ASSIGNMENT(#62,#23,(#97));
#29=CC_DESIGN_PERSON_AND_ORGANIZATION_ASSIGNMENT(#63,#24,(#98));
#30=DATE_TIME_ROLE('creation_date');
#31=DATE_TIME_ROLE('classification_date');
#32=CC_DESIGN_DATE_AND_TIME_ASSIGNMENT(#86,#30,(#96));
#33=CC_DESIGN_DATE_AND_TIME_ASSIGNMENT(#89,#31,(#14));
#34=CC_DESIGN_APPROVAL(#93,(#96));
#35=CC_DESIGN_APPROVAL(#94,(#97));
#36=CC_DESIGN_APPROVAL(#95,(#14));
#37=APPROVAL_PERSON_ORGANIZATION(#56,#93,#64);
#38=APPROVAL_PERSON_ORGANIZATION(#58,#94,#65);
#39=APPROVAL_PERSON_ORGANIZATION(#59,#95,#66);
#40=ORGANIZATION('DEFINITION_APPROVEDBY_ORG_ID',
'DEFINITION_APPROVEDBY_ORG_NAME','DEFINITION_APPROVEDBY_ORG_DESCR');
#41=ORGANIZATION('DEF_CREATOR_ORG_ID','DEF_CREATOR_ORG_NAME',
'DEF_CREATOR_ORG_DESCR');
#42=ORGANIZATION('APPROVEDBY_ORG_ID','APPROVEDBY_ORG_NAME',
'APPROVEDBY_ORG_DESCR');
#43=ORGANIZATION('SECURITY_APPROVEDBY_ORG_ID',
'SECURITY_APPROVEDBY_ORG_NAME','SECURITY_APPROVEDBY_ORG_DESCR');
#44=ORGANIZATION('CLASSOFFICER_ORG_ID','CLASSOFFICER_ORG_NAME',
'CLASSOFFICER_ORG_DESCR');
#45=ORGANIZATION('CREATOR_ORG_ID','CREATOR_ORG_NAME',
'CREATOR_ORG_DESCR');
#46=ORGANIZATION('SUPPLIER_ORG_ID','SUPPLIER_ORG_NAME',
'SUPPLIER_ORG_DESCR');
#47=ORGANIZATION('OWNER_ORG_ID','OWNER_ORG_NAME','OWNER_ORG_DESCR');
#48=PERSON('DEFINITION_approverID','DEFINITION_APPROVEDBY_LASTNAME',
'DEFINITION_APPROVEDBY_FIRSTNAME',$,$,$);
#49=PERSON('DEF_createrID','DEF_CREATOR_LASTNAME',
'DEF_CREATOR_FIRSTNAME',$,$,$);
#50=PERSON('approverID','APPROVEDBY_LASTNAME','APPROVEDBY_FIRSTNAME',$,
$,$);
#51=PERSON('SECURITY_approverID','SECURITY_LASTNAME',
'SECURITY_APPROVEDBY_FIRSTNAME',$,$,$);
#52=PERSON('classifierID','CLASSOFFICER_LASTNAME',
'CLASSOFFICER_FIRSTNAME',$,$,$);
#53=PERSON('createrID','CREATOR_LASTNAME','CREATOR_FIRSTNAME',$,$,$);
#54=PERSON('supplierID','SUPPLIER_LASTNAME','SUPPLIER_FIRSTNAME',$,$,$);
#55=PERSON('ownerID','OWNER_LASTNAME','OWNER_FIRSTNAME',$,$,$);
#56=PERSON_AND_ORGANIZATION(#48,#40);
#57=PERSON_AND_ORGANIZATION(#49,#41);
#58=PERSON_AND_ORGANIZATION(#50,#42);
#59=PERSON_AND_ORGANIZATION(#51,#43);
#60=PERSON_AND_ORGANIZATION(#52,#44);
#61=PERSON_AND_ORGANIZATION(#53,#45);
#62=PERSON_AND_ORGANIZATION(#54,#46);
#63=PERSON_AND_ORGANIZATION(#55,#47);
#64=APPROVAL_ROLE('definition_approval');
#65=APPROVAL_ROLE('version_approval');
#66=APPROVAL_ROLE('security_approval');
#67=APPROVAL_DATE_TIME(#85,#93);
#68=APPROVAL_DATE_TIME(#87,#94);
#69=APPROVAL_DATE_TIME(#88,#95);
#70=COORDINATED_UNIVERSAL_TIME_OFFSET(1,0,.AHEAD.);
#71=COORDINATED_UNIVERSAL_TIME_OFFSET(1,0,.AHEAD.);
#72=COORDINATED_UNIVERSAL_TIME_OFFSET(1,0,.AHEAD.);
#73=COORDINATED_UNIVERSAL_TIME_OFFSET(1,0,.AHEAD.);
#74=COORDINATED_UNIVERSAL_TIME_OFFSET(1,0,.AHEAD.);
#75=LOCAL_TIME(14,22,16.,#70);
#76=LOCAL_TIME(14,22,16.,#71);
#77=LOCAL_TIME(14,22,16.,#72);
#78=LOCAL_TIME(14,22,16.,#73);
#79=LOCAL_TIME(14,22,16.,#74);
#80=CALENDAR_DATE(2026,20,3);
#81=CALENDAR_DATE(2026,20,3);
#82=CALENDAR_DATE(2026,20,3);
#83=CALENDAR_DATE(2026,20,3);
#84=CALENDAR_DATE(2026,20,3);
#85=DATE_AND_TIME(#80,#75);
#86=DATE_AND_TIME(#81,#76);
#87=DATE_AND_TIME(#82,#77);
#88=DATE_AND_TIME(#83,#78);
#89=DATE_AND_TIME(#84,#79);
#90=APPROVAL_STATUS('not_yet_approved');
#91=APPROVAL_STATUS('not_yet_approved');
#92=APPROVAL_STATUS('not_yet_approved');
#93=APPROVAL(#90,'defintion approval');
#94=APPROVAL(#91,'version approval');
#95=APPROVAL(#92,'security approval');
#96=PRODUCT_DEFINITION('DefinitionID','DefinitionDesc',#97,#19);
#97=PRODUCT_DEFINITION_FORMATION_WITH_SPECIFIED_SOURCE(
'PRODUCT_VERSION_ID','PRODUCT_VERSION_DESCR',#98,.NOT_KNOWN.);
#98=PRODUCT('pcb socket plate','pcb socket plate','',(#10));
#99=(
LENGTH_UNIT()
NAMED_UNIT(*)
SI_UNIT(.MILLI.,.METRE.)
);
#100=(
NAMED_UNIT(*)
PLANE_ANGLE_UNIT()
SI_UNIT($,.RADIAN.)
);
#101=(
NAMED_UNIT(*)
SI_UNIT($,.STERADIAN.)
SOLID_ANGLE_UNIT()
);
#102=UNCERTAINTY_MEASURE_WITH_UNIT(LENGTH_MEASURE(1.E-6),#99,
'DISTANCE_ACCURACY_VALUE',
'Maximum model space distance between geometric entities at asserted c
onnectivities');
#103=(
GEOMETRIC_REPRESENTATION_CONTEXT(3)
GLOBAL_UNCERTAINTY_ASSIGNED_CONTEXT((#102))
GLOBAL_UNIT_ASSIGNED_CONTEXT((#101,#100,#99))
REPRESENTATION_CONTEXT('ID1','3D')
);
#104=CYLINDRICAL_SURFACE('',#3117,9.77205849076238);
#105=CYLINDRICAL_SURFACE('',#3120,9.77205849076238);
#106=CYLINDRICAL_SURFACE('',#3205,9.772058490763);
#107=CYLINDRICAL_SURFACE('',#3207,9.772058490763);
#108=CYLINDRICAL_SURFACE('',#3274,0.600000000000262);
#109=CYLINDRICAL_SURFACE('',#3277,5.5720584907624);
#110=CYLINDRICAL_SURFACE('',#3278,5.5720584907624);
#111=CYLINDRICAL_SURFACE('',#3279,0.600000000000262);
#112=CYLINDRICAL_SURFACE('',#3282,5.5720584907624);
#113=CYLINDRICAL_SURFACE('',#3283,0.600000000000262);
#114=CYLINDRICAL_SURFACE('',#3286,5.5720584907624);
#115=CYLINDRICAL_SURFACE('',#3287,0.600000000000262);
#116=CYLINDRICAL_SURFACE('',#3290,5.5720584907624);
#117=CYLINDRICAL_SURFACE('',#3291,0.600000000000262);
#118=CYLINDRICAL_SURFACE('',#3294,5.5720584907624);
#119=CYLINDRICAL_SURFACE('',#3295,0.600000000000262);
#120=CYLINDRICAL_SURFACE('',#3298,5.5720584907624);
#121=CYLINDRICAL_SURFACE('',#3299,0.600000000000262);
#122=CYLINDRICAL_SURFACE('',#3302,5.5720584907624);
#123=CYLINDRICAL_SURFACE('',#3303,0.600000000000262);
#124=CYLINDRICAL_SURFACE('',#3306,0.600000000000002);
#125=CYLINDRICAL_SURFACE('',#3309,5.57205849076299);
#126=CYLINDRICAL_SURFACE('',#3310,5.57205849076299);
#127=CYLINDRICAL_SURFACE('',#3311,0.600000000000002);
#128=CYLINDRICAL_SURFACE('',#3314,5.57205849076299);
#129=CYLINDRICAL_SURFACE('',#3315,0.600000000000002);
#130=CYLINDRICAL_SURFACE('',#3318,5.57205849076299);
#131=CYLINDRICAL_SURFACE('',#3319,0.600000000000002);
#132=CYLINDRICAL_SURFACE('',#3322,5.57205849076299);
#133=CYLINDRICAL_SURFACE('',#3323,0.600000000000002);
#134=CYLINDRICAL_SURFACE('',#3326,5.57205849076299);
#135=CYLINDRICAL_SURFACE('',#3327,0.600000000000002);
#136=CYLINDRICAL_SURFACE('',#3330,5.57205849076299);
#137=CYLINDRICAL_SURFACE('',#3331,0.600000000000002);
#138=CYLINDRICAL_SURFACE('',#3334,5.57205849076299);
#139=CYLINDRICAL_SURFACE('',#3335,0.600000000000002);
#140=CYLINDRICAL_SURFACE('',#3338,0.600000000000262);
#141=CYLINDRICAL_SURFACE('',#3341,5.5720584907624);
#142=CYLINDRICAL_SURFACE('',#3342,5.5720584907624);
#143=CYLINDRICAL_SURFACE('',#3343,0.600000000000262);
#144=CYLINDRICAL_SURFACE('',#3346,5.5720584907624);
#145=CYLINDRICAL_SURFACE('',#3347,0.600000000000262);
#146=CYLINDRICAL_SURFACE('',#3350,5.5720584907624);
#147=CYLINDRICAL_SURFACE('',#3351,0.600000000000262);
#148=CYLINDRICAL_SURFACE('',#3354,5.5720584907624);
#149=CYLINDRICAL_SURFACE('',#3355,0.600000000000262);
#150=CYLINDRICAL_SURFACE('',#3358,5.5720584907624);
#151=CYLINDRICAL_SURFACE('',#3359,0.600000000000262);
#152=CYLINDRICAL_SURFACE('',#3362,5.5720584907624);
#153=CYLINDRICAL_SURFACE('',#3363,0.600000000000262);
#154=CYLINDRICAL_SURFACE('',#3366,5.5720584907624);
#155=CYLINDRICAL_SURFACE('',#3367,0.600000000000262);
#156=CYLINDRICAL_SURFACE('',#3370,0.600000000000002);
#157=CYLINDRICAL_SURFACE('',#3373,5.57205849076299);
#158=CYLINDRICAL_SURFACE('',#3374,5.57205849076299);
#159=CYLINDRICAL_SURFACE('',#3375,0.600000000000002);
#160=CYLINDRICAL_SURFACE('',#3378,5.57205849076299);
#161=CYLINDRICAL_SURFACE('',#3379,0.600000000000002);
#162=CYLINDRICAL_SURFACE('',#3382,5.57205849076299);
#163=CYLINDRICAL_SURFACE('',#3383,0.600000000000002);
#164=CYLINDRICAL_SURFACE('',#3386,5.57205849076299);
#165=CYLINDRICAL_SURFACE('',#3387,0.600000000000002);
#166=CYLINDRICAL_SURFACE('',#3390,5.57205849076299);
#167=CYLINDRICAL_SURFACE('',#3391,0.600000000000002);
#168=CYLINDRICAL_SURFACE('',#3394,5.57205849076299);
#169=CYLINDRICAL_SURFACE('',#3395,0.600000000000002);
#170=CYLINDRICAL_SURFACE('',#3398,5.57205849076299);
#171=CYLINDRICAL_SURFACE('',#3399,0.600000000000002);
#172=CIRCLE('',#3101,9.772058490763);
#173=CIRCLE('',#3102,8.77205849076301);
#174=CIRCLE('',#3105,8.77205849076301);
#175=CIRCLE('',#3106,9.772058490763);
#176=CIRCLE('',#3109,9.77205849076238);
#177=CIRCLE('',#3110,8.77205849076238);
#178=CIRCLE('',#3113,8.77205849076238);
#179=CIRCLE('',#3114,9.77205849076238);
#180=CIRCLE('',#3118,9.77205849076238);
#181=CIRCLE('',#3121,9.77205849076238);
#182=CIRCLE('',#3124,5.5720584907624);
#183=CIRCLE('',#3125,0.600000000000262);
#184=CIRCLE('',#3126,5.5720584907624);
#185=CIRCLE('',#3127,0.600000000000262);
#186=CIRCLE('',#3128,5.5720584907624);
#187=CIRCLE('',#3129,0.600000000000262);
#188=CIRCLE('',#3130,5.5720584907624);
#189=CIRCLE('',#3131,0.600000000000262);
#190=CIRCLE('',#3132,5.5720584907624);
#191=CIRCLE('',#3133,0.600000000000262);
#192=CIRCLE('',#3134,5.5720584907624);
#193=CIRCLE('',#3135,0.600000000000262);
#194=CIRCLE('',#3136,5.5720584907624);
#195=CIRCLE('',#3137,0.600000000000262);
#196=CIRCLE('',#3138,5.5720584907624);
#197=CIRCLE('',#3139,0.600000000000262);
#198=CIRCLE('',#3140,5.57205849076299);
#199=CIRCLE('',#3141,0.600000000000002);
#200=CIRCLE('',#3142,5.57205849076299);
#201=CIRCLE('',#3143,0.600000000000002);
#202=CIRCLE('',#3144,5.57205849076299);
#203=CIRCLE('',#3145,0.600000000000002);
#204=CIRCLE('',#3146,5.57205849076299);
#205=CIRCLE('',#3147,0.600000000000002);
#206=CIRCLE('',#3148,5.57205849076299);
#207=CIRCLE('',#3149,0.600000000000002);
#208=CIRCLE('',#3150,5.57205849076299);
#209=CIRCLE('',#3151,0.600000000000002);
#210=CIRCLE('',#3152,5.57205849076299);
#211=CIRCLE('',#3153,0.600000000000002);
#212=CIRCLE('',#3154,5.57205849076299);
#213=CIRCLE('',#3155,0.600000000000002);
#214=CIRCLE('',#3156,5.57205849076299);
#215=CIRCLE('',#3157,0.600000000000002);
#216=CIRCLE('',#3158,5.57205849076299);
#217=CIRCLE('',#3159,0.600000000000002);
#218=CIRCLE('',#3160,5.57205849076299);
#219=CIRCLE('',#3161,0.600000000000002);
#220=CIRCLE('',#3162,5.57205849076299);
#221=CIRCLE('',#3163,0.600000000000002);
#222=CIRCLE('',#3164,5.57205849076299);
#223=CIRCLE('',#3165,0.600000000000002);
#224=CIRCLE('',#3166,5.57205849076299);
#225=CIRCLE('',#3167,0.600000000000002);
#226=CIRCLE('',#3168,5.57205849076299);
#227=CIRCLE('',#3169,0.600000000000002);
#228=CIRCLE('',#3170,5.57205849076299);
#229=CIRCLE('',#3171,0.600000000000002);
#230=CIRCLE('',#3172,5.5720584907624);
#231=CIRCLE('',#3173,0.600000000000262);
#232=CIRCLE('',#3174,5.5720584907624);
#233=CIRCLE('',#3175,0.600000000000262);
#234=CIRCLE('',#3176,5.5720584907624);
#235=CIRCLE('',#3177,0.600000000000262);
#236=CIRCLE('',#3178,5.5720584907624);
#237=CIRCLE('',#3179,0.600000000000262);
#238=CIRCLE('',#3180,5.5720584907624);
#239=CIRCLE('',#3181,0.600000000000262);
#240=CIRCLE('',#3182,5.5720584907624);
#241=CIRCLE('',#3183,0.600000000000262);
#242=CIRCLE('',#3184,5.5720584907624);
#243=CIRCLE('',#3185,0.600000000000262);
#244=CIRCLE('',#3186,5.5720584907624);
#245=CIRCLE('',#3187,0.600000000000262);
#246=CIRCLE('',#3190,8.77205849076301);
#247=CIRCLE('',#3191,9.772058490763);
#248=CIRCLE('',#3194,9.772058490763);
#249=CIRCLE('',#3195,8.77205849076301);
#250=CIRCLE('',#3199,8.77205849076238);
#251=CIRCLE('',#3202,8.77205849076238);
#252=CIRCLE('',#3210,5.5720584907624);
#253=CIRCLE('',#3211,0.600000000000262);
#254=CIRCLE('',#3212,5.5720584907624);
#255=CIRCLE('',#3213,0.600000000000262);
#256=CIRCLE('',#3214,5.5720584907624);
#257=CIRCLE('',#3215,0.600000000000262);
#258=CIRCLE('',#3216,5.5720584907624);
#259=CIRCLE('',#3217,0.600000000000262);
#260=CIRCLE('',#3218,5.5720584907624);
#261=CIRCLE('',#3219,0.600000000000262);
#262=CIRCLE('',#3220,5.5720584907624);
#263=CIRCLE('',#3221,0.600000000000262);
#264=CIRCLE('',#3222,5.5720584907624);
#265=CIRCLE('',#3223,0.600000000000262);
#266=CIRCLE('',#3224,5.5720584907624);
#267=CIRCLE('',#3225,0.600000000000262);
#268=CIRCLE('',#3226,5.57205849076299);
#269=CIRCLE('',#3227,0.600000000000002);
#270=CIRCLE('',#3228,5.57205849076299);
#271=CIRCLE('',#3229,0.600000000000002);
#272=CIRCLE('',#3230,5.57205849076299);
#273=CIRCLE('',#3231,0.600000000000002);
#274=CIRCLE('',#3232,5.57205849076299);
#275=CIRCLE('',#3233,0.600000000000002);
#276=CIRCLE('',#3234,5.57205849076299);
#277=CIRCLE('',#3235,0.600000000000002);
#278=CIRCLE('',#3236,5.57205849076299);
#279=CIRCLE('',#3237,0.600000000000002);
#280=CIRCLE('',#3238,5.57205849076299);
#281=CIRCLE('',#3239,0.600000000000002);
#282=CIRCLE('',#3240,5.57205849076299);
#283=CIRCLE('',#3241,0.600000000000002);
#284=CIRCLE('',#3242,5.57205849076299);
#285=CIRCLE('',#3243,0.600000000000002);
#286=CIRCLE('',#3244,5.57205849076299);
#287=CIRCLE('',#3245,0.600000000000002);
#288=CIRCLE('',#3246,5.57205849076299);
#289=CIRCLE('',#3247,0.600000000000002);
#290=CIRCLE('',#3248,5.57205849076299);
#291=CIRCLE('',#3249,0.600000000000002);
#292=CIRCLE('',#3250,5.57205849076299);
#293=CIRCLE('',#3251,0.600000000000002);
#294=CIRCLE('',#3252,5.57205849076299);
#295=CIRCLE('',#3253,0.600000000000002);
#296=CIRCLE('',#3254,5.57205849076299);
#297=CIRCLE('',#3255,0.600000000000002);
#298=CIRCLE('',#3256,5.57205849076299);
#299=CIRCLE('',#3257,0.600000000000002);
#300=CIRCLE('',#3258,5.5720584907624);
#301=CIRCLE('',#3259,0.600000000000262);
#302=CIRCLE('',#3260,5.5720584907624);
#303=CIRCLE('',#3261,0.600000000000262);
#304=CIRCLE('',#3262,5.5720584907624);
#305=CIRCLE('',#3263,0.600000000000262);
#306=CIRCLE('',#3264,5.5720584907624);
#307=CIRCLE('',#3265,0.600000000000262);
#308=CIRCLE('',#3266,5.5720584907624);
#309=CIRCLE('',#3267,0.600000000000262);
#310=CIRCLE('',#3268,5.5720584907624);
#311=CIRCLE('',#3269,0.600000000000262);
#312=CIRCLE('',#3270,5.5720584907624);
#313=CIRCLE('',#3271,0.600000000000262);
#314=CIRCLE('',#3272,5.5720584907624);
#315=CIRCLE('',#3273,0.600000000000262);
#316=CONICAL_SURFACE('',#3100,9.27205849076301,0.785398163397447);
#317=CONICAL_SURFACE('',#3104,9.27205849076301,0.785398163397447);
#318=CONICAL_SURFACE('',#3108,9.27205849076238,0.785398163397447);
#319=CONICAL_SURFACE('',#3112,9.27205849076238,0.785398163397447);
#320=CONICAL_SURFACE('',#3189,9.27205849076301,0.785398163397446);
#321=CONICAL_SURFACE('',#3193,9.27205849076301,0.785398163397446);
#322=CONICAL_SURFACE('',#3198,9.27205849076238,0.785398163397447);
#323=CONICAL_SURFACE('',#3201,9.27205849076238,0.785398163397447);
#324=VERTEX_POINT('',#4238);
#325=VERTEX_POINT('',#4239);
#326=VERTEX_POINT('',#4241);
#327=VERTEX_POINT('',#4243);
#328=VERTEX_POINT('',#4247);
#329=VERTEX_POINT('',#4249);
#330=VERTEX_POINT('',#4253);
#331=VERTEX_POINT('',#4254);
#332=VERTEX_POINT('',#4259);
#333=VERTEX_POINT('',#4261);
#334=VERTEX_POINT('',#4265);
#335=VERTEX_POINT('',#4267);
#336=VERTEX_POINT('',#4271);
#337=VERTEX_POINT('',#4273);
#338=VERTEX_POINT('',#4277);
#339=VERTEX_POINT('',#4279);
#340=VERTEX_POINT('',#4283);
#341=VERTEX_POINT('',#4284);
#342=VERTEX_POINT('',#4289);
#343=VERTEX_POINT('',#4290);
#344=VERTEX_POINT('',#4298);
#345=VERTEX_POINT('',#4300);
#346=VERTEX_POINT('',#4304);
#347=VERTEX_POINT('',#4308);
#348=VERTEX_POINT('',#4312);
#349=VERTEX_POINT('',#4316);
#350=VERTEX_POINT('',#4320);
#351=VERTEX_POINT('',#4321);
#352=VERTEX_POINT('',#4323);
#353=VERTEX_POINT('',#4325);
#354=VERTEX_POINT('',#4327);
#355=VERTEX_POINT('',#4329);
#356=VERTEX_POINT('',#4331);
#357=VERTEX_POINT('',#4333);
#358=VERTEX_POINT('',#4335);
#359=VERTEX_POINT('',#4337);
#360=VERTEX_POINT('',#4339);
#361=VERTEX_POINT('',#4341);
#362=VERTEX_POINT('',#4343);
#363=VERTEX_POINT('',#4345);
#364=VERTEX_POINT('',#4347);
#365=VERTEX_POINT('',#4349);
#366=VERTEX_POINT('',#4351);
#367=VERTEX_POINT('',#4353);
#368=VERTEX_POINT('',#4355);
#369=VERTEX_POINT('',#4357);
#370=VERTEX_POINT('',#4359);
#371=VERTEX_POINT('',#4361);
#372=VERTEX_POINT('',#4363);
#373=VERTEX_POINT('',#4365);
#374=VERTEX_POINT('',#4367);
#375=VERTEX_POINT('',#4369);
#376=VERTEX_POINT('',#4371);
#377=VERTEX_POINT('',#4373);
#378=VERTEX_POINT('',#4375);
#379=VERTEX_POINT('',#4377);
#380=VERTEX_POINT('',#4379);
#381=VERTEX_POINT('',#4381);
#382=VERTEX_POINT('',#4384);
#383=VERTEX_POINT('',#4385);
#384=VERTEX_POINT('',#4387);
#385=VERTEX_POINT('',#4389);
#386=VERTEX_POINT('',#4391);
#387=VERTEX_POINT('',#4393);
#388=VERTEX_POINT('',#4395);
#389=VERTEX_POINT('',#4397);
#390=VERTEX_POINT('',#4399);
#391=VERTEX_POINT('',#4401);
#392=VERTEX_POINT('',#4403);
#393=VERTEX_POINT('',#4405);
#394=VERTEX_POINT('',#4407);
#395=VERTEX_POINT('',#4409);
#396=VERTEX_POINT('',#4411);
#397=VERTEX_POINT('',#4413);
#398=VERTEX_POINT('',#4415);
#399=VERTEX_POINT('',#4417);
#400=VERTEX_POINT('',#4419);
#401=VERTEX_POINT('',#4421);
#402=VERTEX_POINT('',#4423);
#403=VERTEX_POINT('',#4425);
#404=VERTEX_POINT('',#4427);
#405=VERTEX_POINT('',#4429);
#406=VERTEX_POINT('',#4431);
#407=VERTEX_POINT('',#4433);
#408=VERTEX_POINT('',#4435);
#409=VERTEX_POINT('',#4437);
#410=VERTEX_POINT('',#4439);
#411=VERTEX_POINT('',#4441);
#412=VERTEX_POINT('',#4443);
#413=VERTEX_POINT('',#4445);
#414=VERTEX_POINT('',#4448);
#415=VERTEX_POINT('',#4449);
#416=VERTEX_POINT('',#4451);
#417=VERTEX_POINT('',#4453);
#418=VERTEX_POINT('',#4455);
#419=VERTEX_POINT('',#4457);
#420=VERTEX_POINT('',#4459);
#421=VERTEX_POINT('',#4461);
#422=VERTEX_POINT('',#4463);
#423=VERTEX_POINT('',#4465);
#424=VERTEX_POINT('',#4467);
#425=VERTEX_POINT('',#4469);
#426=VERTEX_POINT('',#4471);
#427=VERTEX_POINT('',#4473);
#428=VERTEX_POINT('',#4475);
#429=VERTEX_POINT('',#4477);
#430=VERTEX_POINT('',#4479);
#431=VERTEX_POINT('',#4481);
#432=VERTEX_POINT('',#4483);
#433=VERTEX_POINT('',#4485);
#434=VERTEX_POINT('',#4487);
#435=VERTEX_POINT('',#4489);
#436=VERTEX_POINT('',#4491);
#437=VERTEX_POINT('',#4493);
#438=VERTEX_POINT('',#4495);
#439=VERTEX_POINT('',#4497);
#440=VERTEX_POINT('',#4499);
#441=VERTEX_POINT('',#4501);
#442=VERTEX_POINT('',#4503);
#443=VERTEX_POINT('',#4505);
#444=VERTEX_POINT('',#4507);
#445=VERTEX_POINT('',#4509);
#446=VERTEX_POINT('',#4512);
#447=VERTEX_POINT('',#4513);
#448=VERTEX_POINT('',#4515);
#449=VERTEX_POINT('',#4517);
#450=VERTEX_POINT('',#4519);
#451=VERTEX_POINT('',#4521);
#452=VERTEX_POINT('',#4523);
#453=VERTEX_POINT('',#4525);
#454=VERTEX_POINT('',#4527);
#455=VERTEX_POINT('',#4529);
#456=VERTEX_POINT('',#4531);
#457=VERTEX_POINT('',#4533);
#458=VERTEX_POINT('',#4535);
#459=VERTEX_POINT('',#4537);
#460=VERTEX_POINT('',#4539);
#461=VERTEX_POINT('',#4541);
#462=VERTEX_POINT('',#4543);
#463=VERTEX_POINT('',#4545);
#464=VERTEX_POINT('',#4547);
#465=VERTEX_POINT('',#4549);
#466=VERTEX_POINT('',#4551);
#467=VERTEX_POINT('',#4553);
#468=VERTEX_POINT('',#4555);
#469=VERTEX_POINT('',#4557);
#470=VERTEX_POINT('',#4559);
#471=VERTEX_POINT('',#4561);
#472=VERTEX_POINT('',#4563);
#473=VERTEX_POINT('',#4565);
#474=VERTEX_POINT('',#4567);
#475=VERTEX_POINT('',#4569);
#476=VERTEX_POINT('',#4571);
#477=VERTEX_POINT('',#4573);
#478=VERTEX_POINT('',#4577);
#479=VERTEX_POINT('',#4579);
#480=VERTEX_POINT('',#4581);
#481=VERTEX_POINT('',#4585);
#482=VERTEX_POINT('',#4586);
#483=VERTEX_POINT('',#4591);
#484=VERTEX_POINT('',#4592);
#485=VERTEX_POINT('',#4597);
#486=VERTEX_POINT('',#4599);
#487=VERTEX_POINT('',#4603);
#488=VERTEX_POINT('',#4608);
#489=VERTEX_POINT('',#4612);
#490=VERTEX_POINT('',#4616);
#491=VERTEX_POINT('',#4620);
#492=VERTEX_POINT('',#4635);
#493=VERTEX_POINT('',#4636);
#494=VERTEX_POINT('',#4638);
#495=VERTEX_POINT('',#4640);
#496=VERTEX_POINT('',#4642);
#497=VERTEX_POINT('',#4644);
#498=VERTEX_POINT('',#4646);
#499=VERTEX_POINT('',#4648);
#500=VERTEX_POINT('',#4650);
#501=VERTEX_POINT('',#4652);
#502=VERTEX_POINT('',#4654);
#503=VERTEX_POINT('',#4656);
#504=VERTEX_POINT('',#4658);
#505=VERTEX_POINT('',#4660);
#506=VERTEX_POINT('',#4662);
#507=VERTEX_POINT('',#4664);
#508=VERTEX_POINT('',#4666);
#509=VERTEX_POINT('',#4668);
#510=VERTEX_POINT('',#4670);
#511=VERTEX_POINT('',#4672);
#512=VERTEX_POINT('',#4674);
#513=VERTEX_POINT('',#4676);
#514=VERTEX_POINT('',#4678);
#515=VERTEX_POINT('',#4680);
#516=VERTEX_POINT('',#4682);
#517=VERTEX_POINT('',#4684);
#518=VERTEX_POINT('',#4686);
#519=VERTEX_POINT('',#4688);
#520=VERTEX_POINT('',#4690);
#521=VERTEX_POINT('',#4692);
#522=VERTEX_POINT('',#4694);
#523=VERTEX_POINT('',#4696);
#524=VERTEX_POINT('',#4699);
#525=VERTEX_POINT('',#4700);
#526=VERTEX_POINT('',#4702);
#527=VERTEX_POINT('',#4704);
#528=VERTEX_POINT('',#4706);
#529=VERTEX_POINT('',#4708);
#530=VERTEX_POINT('',#4710);
#531=VERTEX_POINT('',#4712);
#532=VERTEX_POINT('',#4714);
#533=VERTEX_POINT('',#4716);
#534=VERTEX_POINT('',#4718);
#535=VERTEX_POINT('',#4720);
#536=VERTEX_POINT('',#4722);
#537=VERTEX_POINT('',#4724);
#538=VERTEX_POINT('',#4726);
#539=VERTEX_POINT('',#4728);
#540=VERTEX_POINT('',#4730);
#541=VERTEX_POINT('',#4732);
#542=VERTEX_POINT('',#4734);
#543=VERTEX_POINT('',#4736);
#544=VERTEX_POINT('',#4738);
#545=VERTEX_POINT('',#4740);
#546=VERTEX_POINT('',#4742);
#547=VERTEX_POINT('',#4744);
#548=VERTEX_POINT('',#4746);
#549=VERTEX_POINT('',#4748);
#550=VERTEX_POINT('',#4750);
#551=VERTEX_POINT('',#4752);
#552=VERTEX_POINT('',#4754);
#553=VERTEX_POINT('',#4756);
#554=VERTEX_POINT('',#4758);
#555=VERTEX_POINT('',#4760);
#556=VERTEX_POINT('',#4763);
#557=VERTEX_POINT('',#4764);
#558=VERTEX_POINT('',#4766);
#559=VERTEX_POINT('',#4768);
#560=VERTEX_POINT('',#4770);
#561=VERTEX_POINT('',#4772);
#562=VERTEX_POINT('',#4774);
#563=VERTEX_POINT('',#4776);
#564=VERTEX_POINT('',#4778);
#565=VERTEX_POINT('',#4780);
#566=VERTEX_POINT('',#4782);
#567=VERTEX_POINT('',#4784);
#568=VERTEX_POINT('',#4786);
#569=VERTEX_POINT('',#4788);
#570=VERTEX_POINT('',#4790);
#571=VERTEX_POINT('',#4792);
#572=VERTEX_POINT('',#4794);
#573=VERTEX_POINT('',#4796);
#574=VERTEX_POINT('',#4798);
#575=VERTEX_POINT('',#4800);
#576=VERTEX_POINT('',#4802);
#577=VERTEX_POINT('',#4804);
#578=VERTEX_POINT('',#4806);
#579=VERTEX_POINT('',#4808);
#580=VERTEX_POINT('',#4810);
#581=VERTEX_POINT('',#4812);
#582=VERTEX_POINT('',#4814);
#583=VERTEX_POINT('',#4816);
#584=VERTEX_POINT('',#4818);
#585=VERTEX_POINT('',#4820);
#586=VERTEX_POINT('',#4822);
#587=VERTEX_POINT('',#4824);
#588=VERTEX_POINT('',#4827);
#589=VERTEX_POINT('',#4828);
#590=VERTEX_POINT('',#4830);
#591=VERTEX_POINT('',#4832);
#592=VERTEX_POINT('',#4834);
#593=VERTEX_POINT('',#4836);
#594=VERTEX_POINT('',#4838);
#595=VERTEX_POINT('',#4840);
#596=VERTEX_POINT('',#4842);
#597=VERTEX_POINT('',#4844);
#598=VERTEX_POINT('',#4846);
#599=VERTEX_POINT('',#4848);
#600=VERTEX_POINT('',#4850);
#601=VERTEX_POINT('',#4852);
#602=VERTEX_POINT('',#4854);
#603=VERTEX_POINT('',#4856);
#604=VERTEX_POINT('',#4858);
#605=VERTEX_POINT('',#4860);
#606=VERTEX_POINT('',#4862);
#607=VERTEX_POINT('',#4864);
#608=VERTEX_POINT('',#4866);
#609=VERTEX_POINT('',#4868);
#610=VERTEX_POINT('',#4870);
#611=VERTEX_POINT('',#4872);
#612=VERTEX_POINT('',#4874);
#613=VERTEX_POINT('',#4876);
#614=VERTEX_POINT('',#4878);
#615=VERTEX_POINT('',#4880);
#616=VERTEX_POINT('',#4882);
#617=VERTEX_POINT('',#4884);
#618=VERTEX_POINT('',#4886);
#619=VERTEX_POINT('',#4888);
#620=VECTOR('',#3403,1.);
#621=VECTOR('',#3404,1.);
#622=VECTOR('',#3405,1.);
#623=VECTOR('',#3406,1.);
#624=VECTOR('',#3408,1.);
#625=VECTOR('',#3409,1.);
#626=VECTOR('',#3410,1.);
#627=VECTOR('',#3413,1.);
#628=VECTOR('',#3419,1.);
#629=VECTOR('',#3420,1.);
#630=VECTOR('',#3421,1.);
#631=VECTOR('',#3426,1.);
#632=VECTOR('',#3430,1.);
#633=VECTOR('',#3431,1.);
#634=VECTOR('',#3432,1.);
#635=VECTOR('',#3437,1.);
#636=VECTOR('',#3441,1.);
#637=VECTOR('',#3442,1.);
#638=VECTOR('',#3443,1.);
#639=VECTOR('',#3446,1.);
#640=VECTOR('',#3452,1.);
#641=VECTOR('',#3453,1.);
#642=VECTOR('',#3455,1.);
#643=VECTOR('',#3456,1.);
#644=VECTOR('',#3457,1.);
#645=VECTOR('',#3460,1.);
#646=VECTOR('',#3464,1.);
#647=VECTOR('',#3465,1.);
#648=VECTOR('',#3468,1.);
#649=VECTOR('',#3472,1.);
#650=VECTOR('',#3473,1.);
#651=VECTOR('',#3477,1.);
#652=VECTOR('',#3480,1.);
#653=VECTOR('',#3483,1.);
#654=VECTOR('',#3486,1.);
#655=VECTOR('',#3489,1.);
#656=VECTOR('',#3492,1.);
#657=VECTOR('',#3495,1.);
#658=VECTOR('',#3498,1.);
#659=VECTOR('',#3501,1.);
#660=VECTOR('',#3504,1.);
#661=VECTOR('',#3507,1.);
#662=VECTOR('',#3510,1.);
#663=VECTOR('',#3513,1.);
#664=VECTOR('',#3516,1.);
#665=VECTOR('',#3519,1.);
#666=VECTOR('',#3522,1.);
#667=VECTOR('',#3525,1.);
#668=VECTOR('',#3528,1.);
#669=VECTOR('',#3531,1.);
#670=VECTOR('',#3534,1.);
#671=VECTOR('',#3537,1.);
#672=VECTOR('',#3540,1.);
#673=VECTOR('',#3543,1.);
#674=VECTOR('',#3546,1.);
#675=VECTOR('',#3549,1.);
#676=VECTOR('',#3552,1.);
#677=VECTOR('',#3555,1.);
#678=VECTOR('',#3558,1.);
#679=VECTOR('',#3561,1.);
#680=VECTOR('',#3564,1.);
#681=VECTOR('',#3567,1.);
#682=VECTOR('',#3570,1.);
#683=VECTOR('',#3573,1.);
#684=VECTOR('',#3576,1.);
#685=VECTOR('',#3579,1.);
#686=VECTOR('',#3582,1.);
#687=VECTOR('',#3585,1.);
#688=VECTOR('',#3588,1.);
#689=VECTOR('',#3591,1.);
#690=VECTOR('',#3594,1.);
#691=VECTOR('',#3597,1.);
#692=VECTOR('',#3600,1.);
#693=VECTOR('',#3603,1.);
#694=VECTOR('',#3606,1.);
#695=VECTOR('',#3609,1.);
#696=VECTOR('',#3612,1.);
#697=VECTOR('',#3615,1.);
#698=VECTOR('',#3618,1.);
#699=VECTOR('',#3621,1.);
#700=VECTOR('',#3624,1.);
#701=VECTOR('',#3627,1.);
#702=VECTOR('',#3630,1.);
#703=VECTOR('',#3633,1.);
#704=VECTOR('',#3636,1.);
#705=VECTOR('',#3639,1.);
#706=VECTOR('',#3642,1.);
#707=VECTOR('',#3645,1.);
#708=VECTOR('',#3648,1.);
#709=VECTOR('',#3651,1.);
#710=VECTOR('',#3654,1.);
#711=VECTOR('',#3657,1.);
#712=VECTOR('',#3660,1.);
#713=VECTOR('',#3663,1.);
#714=VECTOR('',#3666,1.);
#715=VECTOR('',#3668,1.);
#716=VECTOR('',#3669,1.);
#717=VECTOR('',#3670,1.);
#718=VECTOR('',#3671,1.);
#719=VECTOR('',#3674,1.);
#720=VECTOR('',#3680,1.);
#721=VECTOR('',#3681,1.);
#722=VECTOR('',#3682,1.);
#723=VECTOR('',#3687,1.);
#724=VECTOR('',#3691,1.);
#725=VECTOR('',#3692,1.);
#726=VECTOR('',#3693,1.);
#727=VECTOR('',#3695,1.);
#728=VECTOR('',#3696,1.);
#729=VECTOR('',#3699,1.);
#730=VECTOR('',#3703,1.);
#731=VECTOR('',#3704,1.);
#732=VECTOR('',#3707,1.);
#733=VECTOR('',#3711,1.);
#734=VECTOR('',#3713,1.);
#735=VECTOR('',#3716,1.);
#736=VECTOR('',#3718,1.);
#737=VECTOR('',#3721,1.);
#738=VECTOR('',#3726,1.);
#739=VECTOR('',#3729,1.);
#740=VECTOR('',#3732,1.);
#741=VECTOR('',#3735,1.);
#742=VECTOR('',#3738,1.);
#743=VECTOR('',#3741,1.);
#744=VECTOR('',#3744,1.);
#745=VECTOR('',#3747,1.);
#746=VECTOR('',#3750,1.);
#747=VECTOR('',#3753,1.);
#748=VECTOR('',#3756,1.);
#749=VECTOR('',#3759,1.);
#750=VECTOR('',#3762,1.);
#751=VECTOR('',#3765,1.);
#752=VECTOR('',#3768,1.);
#753=VECTOR('',#3771,1.);
#754=VECTOR('',#3774,1.);
#755=VECTOR('',#3777,1.);
#756=VECTOR('',#3780,1.);
#757=VECTOR('',#3783,1.);
#758=VECTOR('',#3786,1.);
#759=VECTOR('',#3789,1.);
#760=VECTOR('',#3792,1.);
#761=VECTOR('',#3795,1.);
#762=VECTOR('',#3798,1.);
#763=VECTOR('',#3801,1.);
#764=VECTOR('',#3804,1.);
#765=VECTOR('',#3807,1.);
#766=VECTOR('',#3810,1.);
#767=VECTOR('',#3813,1.);
#768=VECTOR('',#3816,1.);
#769=VECTOR('',#3819,1.);
#770=VECTOR('',#3822,1.);
#771=VECTOR('',#3825,1.);
#772=VECTOR('',#3828,1.);
#773=VECTOR('',#3831,1.);
#774=VECTOR('',#3834,1.);
#775=VECTOR('',#3837,1.);
#776=VECTOR('',#3840,1.);
#777=VECTOR('',#3843,1.);
#778=VECTOR('',#3846,1.);
#779=VECTOR('',#3849,1.);
#780=VECTOR('',#3852,1.);
#781=VECTOR('',#3855,1.);
#782=VECTOR('',#3858,1.);
#783=VECTOR('',#3861,1.);
#784=VECTOR('',#3864,1.);
#785=VECTOR('',#3867,1.);
#786=VECTOR('',#3870,1.);
#787=VECTOR('',#3873,1.);
#788=VECTOR('',#3876,1.);
#789=VECTOR('',#3879,1.);
#790=VECTOR('',#3882,1.);
#791=VECTOR('',#3885,1.);
#792=VECTOR('',#3888,1.);
#793=VECTOR('',#3891,1.);
#794=VECTOR('',#3894,1.);
#795=VECTOR('',#3897,1.);
#796=VECTOR('',#3900,1.);
#797=VECTOR('',#3903,1.);
#798=VECTOR('',#3906,1.);
#799=VECTOR('',#3909,1.);
#800=VECTOR('',#3912,1.);
#801=VECTOR('',#3915,1.);
#802=VECTOR('',#3918,1.);
#803=VECTOR('',#3919,1.);
#804=VECTOR('',#3921,1.);
#805=VECTOR('',#3923,1.);
#806=VECTOR('',#3926,1.);
#807=VECTOR('',#3929,1.);
#808=VECTOR('',#3932,1.);
#809=VECTOR('',#3933,1.);
#810=VECTOR('',#3935,1.);
#811=VECTOR('',#3939,1.);
#812=VECTOR('',#3942,1.);
#813=VECTOR('',#3943,1.);
#814=VECTOR('',#3945,1.);
#815=VECTOR('',#3949,1.);
#816=VECTOR('',#3952,1.);
#817=VECTOR('',#3953,1.);
#818=VECTOR('',#3955,1.);
#819=VECTOR('',#3959,1.);
#820=VECTOR('',#3962,1.);
#821=VECTOR('',#3963,1.);
#822=VECTOR('',#3965,1.);
#823=VECTOR('',#3969,1.);
#824=VECTOR('',#3972,1.);
#825=VECTOR('',#3973,1.);
#826=VECTOR('',#3975,1.);
#827=VECTOR('',#3979,1.);
#828=VECTOR('',#3982,1.);
#829=VECTOR('',#3983,1.);
#830=VECTOR('',#3985,1.);
#831=VECTOR('',#3989,1.);
#832=VECTOR('',#3992,1.);
#833=VECTOR('',#3993,1.);
#834=VECTOR('',#3998,1.);
#835=VECTOR('',#3999,1.);
#836=VECTOR('',#4001,1.);
#837=VECTOR('',#4003,1.);
#838=VECTOR('',#4006,1.);
#839=VECTOR('',#4009,1.);
#840=VECTOR('',#4012,1.);
#841=VECTOR('',#4013,1.);
#842=VECTOR('',#4015,1.);
#843=VECTOR('',#4019,1.);
#844=VECTOR('',#4022,1.);
#845=VECTOR('',#4023,1.);
#846=VECTOR('',#4025,1.);
#847=VECTOR('',#4029,1.);
#848=VECTOR('',#4032,1.);
#849=VECTOR('',#4033,1.);
#850=VECTOR('',#4035,1.);
#851=VECTOR('',#4039,1.);
#852=VECTOR('',#4042,1.);
#853=VECTOR('',#4043,1.);
#854=VECTOR('',#4045,1.);
#855=VECTOR('',#4049,1.);
#856=VECTOR('',#4052,1.);
#857=VECTOR('',#4053,1.);
#858=VECTOR('',#4055,1.);
#859=VECTOR('',#4059,1.);
#860=VECTOR('',#4062,1.);
#861=VECTOR('',#4063,1.);
#862=VECTOR('',#4065,1.);
#863=VECTOR('',#4069,1.);
#864=VECTOR('',#4072,1.);
#865=VECTOR('',#4073,1.);
#866=VECTOR('',#4078,1.);
#867=VECTOR('',#4079,1.);
#868=VECTOR('',#4081,1.);
#869=VECTOR('',#4083,1.);
#870=VECTOR('',#4086,1.);
#871=VECTOR('',#4089,1.);
#872=VECTOR('',#4092,1.);
#873=VECTOR('',#4093,1.);
#874=VECTOR('',#4095,1.);
#875=VECTOR('',#4099,1.);
#876=VECTOR('',#4102,1.);
#877=VECTOR('',#4103,1.);
#878=VECTOR('',#4105,1.);
#879=VECTOR('',#4109,1.);
#880=VECTOR('',#4112,1.);
#881=VECTOR('',#4113,1.);
#882=VECTOR('',#4115,1.);
#883=VECTOR('',#4119,1.);
#884=VECTOR('',#4122,1.);
#885=VECTOR('',#4123,1.);
#886=VECTOR('',#4125,1.);
#887=VECTOR('',#4129,1.);
#888=VECTOR('',#4132,1.);
#889=VECTOR('',#4133,1.);
#890=VECTOR('',#4135,1.);
#891=VECTOR('',#4139,1.);
#892=VECTOR('',#4142,1.);
#893=VECTOR('',#4143,1.);
#894=VECTOR('',#4145,1.);
#895=VECTOR('',#4149,1.);
#896=VECTOR('',#4152,1.);
#897=VECTOR('',#4153,1.);
#898=VECTOR('',#4158,1.);
#899=VECTOR('',#4159,1.);
#900=VECTOR('',#4161,1.);
#901=VECTOR('',#4163,1.);
#902=VECTOR('',#4166,1.);
#903=VECTOR('',#4169,1.);
#904=VECTOR('',#4172,1.);
#905=VECTOR('',#4173,1.);
#906=VECTOR('',#4175,1.);
#907=VECTOR('',#4179,1.);
#908=VECTOR('',#4182,1.);
#909=VECTOR('',#4183,1.);
#910=VECTOR('',#4185,1.);
#911=VECTOR('',#4189,1.);
#912=VECTOR('',#4192,1.);
#913=VECTOR('',#4193,1.);
#914=VECTOR('',#4195,1.);
#915=VECTOR('',#4199,1.);
#916=VECTOR('',#4202,1.);
#917=VECTOR('',#4203,1.);
#918=VECTOR('',#4205,1.);
#919=VECTOR('',#4209,1.);
#920=VECTOR('',#4212,1.);
#921=VECTOR('',#4213,1.);
#922=VECTOR('',#4215,1.);
#923=VECTOR('',#4219,1.);
#924=VECTOR('',#4222,1.);
#925=VECTOR('',#4223,1.);
#926=VECTOR('',#4225,1.);
#927=VECTOR('',#4229,1.);
#928=VECTOR('',#4232,1.);
#929=VECTOR('',#4233,1.);
#930=LINE('',#4237,#620);
#931=LINE('',#4240,#621);
#932=LINE('',#4242,#622);
#933=LINE('',#4244,#623);
#934=LINE('',#4246,#624);
#935=LINE('',#4248,#625);
#936=LINE('',#4250,#626);
#937=LINE('',#4252,#627);
#938=LINE('',#4258,#628);
#939=LINE('',#4260,#629);
#940=LINE('',#4262,#630);
#941=LINE('',#4266,#631);
#942=LINE('',#4270,#632);
#943=LINE('',#4272,#633);
#944=LINE('',#4274,#634);
#945=LINE('',#4278,#635);
#946=LINE('',#4282,#636);
#947=LINE('',#4285,#637);
#948=LINE('',#4286,#638);
#949=LINE('',#4288,#639);
#950=LINE('',#4294,#640);
#951=LINE('',#4295,#641);
#952=LINE('',#4297,#642);
#953=LINE('',#4299,#643);
#954=LINE('',#4301,#644);
#955=LINE('',#4303,#645);
#956=LINE('',#4307,#646);
#957=LINE('',#4309,#647);
#958=LINE('',#4311,#648);
#959=LINE('',#4315,#649);
#960=LINE('',#4317,#650);
#961=LINE('',#4322,#651);
#962=LINE('',#4326,#652);
#963=LINE('',#4330,#653);
#964=LINE('',#4334,#654);
#965=LINE('',#4338,#655);
#966=LINE('',#4342,#656);
#967=LINE('',#4346,#657);
#968=LINE('',#4350,#658);
#969=LINE('',#4354,#659);
#970=LINE('',#4358,#660);
#971=LINE('',#4362,#661);
#972=LINE('',#4366,#662);
#973=LINE('',#4370,#663);
#974=LINE('',#4374,#664);
#975=LINE('',#4378,#665);
#976=LINE('',#4382,#666);
#977=LINE('',#4386,#667);
#978=LINE('',#4390,#668);
#979=LINE('',#4394,#669);
#980=LINE('',#4398,#670);
#981=LINE('',#4402,#671);
#982=LINE('',#4406,#672);
#983=LINE('',#4410,#673);
#984=LINE('',#4414,#674);
#985=LINE('',#4418,#675);
#986=LINE('',#4422,#676);
#987=LINE('',#4426,#677);
#988=LINE('',#4430,#678);
#989=LINE('',#4434,#679);
#990=LINE('',#4438,#680);
#991=LINE('',#4442,#681);
#992=LINE('',#4446,#682);
#993=LINE('',#4450,#683);
#994=LINE('',#4454,#684);
#995=LINE('',#4458,#685);
#996=LINE('',#4462,#686);
#997=LINE('',#4466,#687);
#998=LINE('',#4470,#688);
#999=LINE('',#4474,#689);
#1000=LINE('',#4478,#690);
#1001=LINE('',#4482,#691);
#1002=LINE('',#4486,#692);
#1003=LINE('',#4490,#693);
#1004=LINE('',#4494,#694);
#1005=LINE('',#4498,#695);
#1006=LINE('',#4502,#696);
#1007=LINE('',#4506,#697);
#1008=LINE('',#4510,#698);
#1009=LINE('',#4514,#699);
#1010=LINE('',#4518,#700);
#1011=LINE('',#4522,#701);
#1012=LINE('',#4526,#702);
#1013=LINE('',#4530,#703);
#1014=LINE('',#4534,#704);
#1015=LINE('',#4538,#705);
#1016=LINE('',#4542,#706);
#1017=LINE('',#4546,#707);
#1018=LINE('',#4550,#708);
#1019=LINE('',#4554,#709);
#1020=LINE('',#4558,#710);
#1021=LINE('',#4562,#711);
#1022=LINE('',#4566,#712);
#1023=LINE('',#4570,#713);
#1024=LINE('',#4574,#714);
#1025=LINE('',#4576,#715);
#1026=LINE('',#4578,#716);
#1027=LINE('',#4580,#717);
#1028=LINE('',#4582,#718);
#1029=LINE('',#4584,#719);
#1030=LINE('',#4590,#720);
#1031=LINE('',#4593,#721);
#1032=LINE('',#4594,#722);
#1033=LINE('',#4598,#723);
#1034=LINE('',#4602,#724);
#1035=LINE('',#4604,#725);
#1036=LINE('',#4605,#726);
#1037=LINE('',#4607,#727);
#1038=LINE('',#4609,#728);
#1039=LINE('',#4611,#729);
#1040=LINE('',#4615,#730);
#1041=LINE('',#4617,#731);
#1042=LINE('',#4619,#732);
#1043=LINE('',#4623,#733);
#1044=LINE('',#4625,#734);
#1045=LINE('',#4627,#735);
#1046=LINE('',#4629,#736);
#1047=LINE('',#4631,#737);
#1048=LINE('',#4637,#738);
#1049=LINE('',#4641,#739);
#1050=LINE('',#4645,#740);
#1051=LINE('',#4649,#741);
#1052=LINE('',#4653,#742);
#1053=LINE('',#4657,#743);
#1054=LINE('',#4661,#744);
#1055=LINE('',#4665,#745);
#1056=LINE('',#4669,#746);
#1057=LINE('',#4673,#747);
#1058=LINE('',#4677,#748);
#1059=LINE('',#4681,#749);
#1060=LINE('',#4685,#750);
#1061=LINE('',#4689,#751);
#1062=LINE('',#4693,#752);
#1063=LINE('',#4697,#753);
#1064=LINE('',#4701,#754);
#1065=LINE('',#4705,#755);
#1066=LINE('',#4709,#756);
#1067=LINE('',#4713,#757);
#1068=LINE('',#4717,#758);
#1069=LINE('',#4721,#759);
#1070=LINE('',#4725,#760);
#1071=LINE('',#4729,#761);
#1072=LINE('',#4733,#762);
#1073=LINE('',#4737,#763);
#1074=LINE('',#4741,#764);
#1075=LINE('',#4745,#765);
#1076=LINE('',#4749,#766);
#1077=LINE('',#4753,#767);
#1078=LINE('',#4757,#768);
#1079=LINE('',#4761,#769);
#1080=LINE('',#4765,#770);
#1081=LINE('',#4769,#771);
#1082=LINE('',#4773,#772);
#1083=LINE('',#4777,#773);
#1084=LINE('',#4781,#774);
#1085=LINE('',#4785,#775);
#1086=LINE('',#4789,#776);
#1087=LINE('',#4793,#777);
#1088=LINE('',#4797,#778);
#1089=LINE('',#4801,#779);
#1090=LINE('',#4805,#780);
#1091=LINE('',#4809,#781);
#1092=LINE('',#4813,#782);
#1093=LINE('',#4817,#783);
#1094=LINE('',#4821,#784);
#1095=LINE('',#4825,#785);
#1096=LINE('',#4829,#786);
#1097=LINE('',#4833,#787);
#1098=LINE('',#4837,#788);
#1099=LINE('',#4841,#789);
#1100=LINE('',#4845,#790);
#1101=LINE('',#4849,#791);
#1102=LINE('',#4853,#792);
#1103=LINE('',#4857,#793);
#1104=LINE('',#4861,#794);
#1105=LINE('',#4865,#795);
#1106=LINE('',#4869,#796);
#1107=LINE('',#4873,#797);
#1108=LINE('',#4877,#798);
#1109=LINE('',#4881,#799);
#1110=LINE('',#4885,#800);
#1111=LINE('',#4889,#801);
#1112=LINE('',#4891,#802);
#1113=LINE('',#4892,#803);
#1114=LINE('',#4894,#804);
#1115=LINE('',#4896,#805);
#1116=LINE('',#4898,#806);
#1117=LINE('',#4900,#807);
#1118=LINE('',#4902,#808);
#1119=LINE('',#4903,#809);
#1120=LINE('',#4905,#810);
#1121=LINE('',#4908,#811);
#1122=LINE('',#4910,#812);
#1123=LINE('',#4911,#813);
#1124=LINE('',#4913,#814);
#1125=LINE('',#4916,#815);
#1126=LINE('',#4918,#816);
#1127=LINE('',#4919,#817);
#1128=LINE('',#4921,#818);
#1129=LINE('',#4924,#819);
#1130=LINE('',#4926,#820);
#1131=LINE('',#4927,#821);
#1132=LINE('',#4929,#822);
#1133=LINE('',#4932,#823);
#1134=LINE('',#4934,#824);
#1135=LINE('',#4935,#825);
#1136=LINE('',#4937,#826);
#1137=LINE('',#4940,#827);
#1138=LINE('',#4942,#828);
#1139=LINE('',#4943,#829);
#1140=LINE('',#4945,#830);
#1141=LINE('',#4948,#831);
#1142=LINE('',#4950,#832);
#1143=LINE('',#4951,#833);
#1144=LINE('',#4955,#834);
#1145=LINE('',#4956,#835);
#1146=LINE('',#4958,#836);
#1147=LINE('',#4960,#837);
#1148=LINE('',#4962,#838);
#1149=LINE('',#4964,#839);
#1150=LINE('',#4966,#840);
#1151=LINE('',#4967,#841);
#1152=LINE('',#4969,#842);
#1153=LINE('',#4972,#843);
#1154=LINE('',#4974,#844);
#1155=LINE('',#4975,#845);
#1156=LINE('',#4977,#846);
#1157=LINE('',#4980,#847);
#1158=LINE('',#4982,#848);
#1159=LINE('',#4983,#849);
#1160=LINE('',#4985,#850);
#1161=LINE('',#4988,#851);
#1162=LINE('',#4990,#852);
#1163=LINE('',#4991,#853);
#1164=LINE('',#4993,#854);
#1165=LINE('',#4996,#855);
#1166=LINE('',#4998,#856);
#1167=LINE('',#4999,#857);
#1168=LINE('',#5001,#858);
#1169=LINE('',#5004,#859);
#1170=LINE('',#5006,#860);
#1171=LINE('',#5007,#861);
#1172=LINE('',#5009,#862);
#1173=LINE('',#5012,#863);
#1174=LINE('',#5014,#864);
#1175=LINE('',#5015,#865);
#1176=LINE('',#5019,#866);
#1177=LINE('',#5020,#867);
#1178=LINE('',#5022,#868);
#1179=LINE('',#5024,#869);
#1180=LINE('',#5026,#870);
#1181=LINE('',#5028,#871);
#1182=LINE('',#5030,#872);
#1183=LINE('',#5031,#873);
#1184=LINE('',#5033,#874);
#1185=LINE('',#5036,#875);
#1186=LINE('',#5038,#876);
#1187=LINE('',#5039,#877);
#1188=LINE('',#5041,#878);
#1189=LINE('',#5044,#879);
#1190=LINE('',#5046,#880);
#1191=LINE('',#5047,#881);
#1192=LINE('',#5049,#882);
#1193=LINE('',#5052,#883);
#1194=LINE('',#5054,#884);
#1195=LINE('',#5055,#885);
#1196=LINE('',#5057,#886);
#1197=LINE('',#5060,#887);
#1198=LINE('',#5062,#888);
#1199=LINE('',#5063,#889);
#1200=LINE('',#5065,#890);
#1201=LINE('',#5068,#891);
#1202=LINE('',#5070,#892);
#1203=LINE('',#5071,#893);
#1204=LINE('',#5073,#894);
#1205=LINE('',#5076,#895);
#1206=LINE('',#5078,#896);
#1207=LINE('',#5079,#897);
#1208=LINE('',#5083,#898);
#1209=LINE('',#5084,#899);
#1210=LINE('',#5086,#900);
#1211=LINE('',#5088,#901);
#1212=LINE('',#5090,#902);
#1213=LINE('',#5092,#903);
#1214=LINE('',#5094,#904);
#1215=LINE('',#5095,#905);
#1216=LINE('',#5097,#906);
#1217=LINE('',#5100,#907);
#1218=LINE('',#5102,#908);
#1219=LINE('',#5103,#909);
#1220=LINE('',#5105,#910);
#1221=LINE('',#5108,#911);
#1222=LINE('',#5110,#912);
#1223=LINE('',#5111,#913);
#1224=LINE('',#5113,#914);
#1225=LINE('',#5116,#915);
#1226=LINE('',#5118,#916);
#1227=LINE('',#5119,#917);
#1228=LINE('',#5121,#918);
#1229=LINE('',#5124,#919);
#1230=LINE('',#5126,#920);
#1231=LINE('',#5127,#921);
#1232=LINE('',#5129,#922);
#1233=LINE('',#5132,#923);
#1234=LINE('',#5134,#924);
#1235=LINE('',#5135,#925);
#1236=LINE('',#5137,#926);
#1237=LINE('',#5140,#927);
#1238=LINE('',#5142,#928);
#1239=LINE('',#5143,#929);
#1240=EDGE_CURVE('',#324,#325,#930,.T.);
#1241=EDGE_CURVE('',#325,#326,#931,.T.);
#1242=EDGE_CURVE('',#326,#327,#932,.T.);
#1243=EDGE_CURVE('',#327,#324,#933,.T.);
#1244=EDGE_CURVE('',#327,#328,#934,.T.);
#1245=EDGE_CURVE('',#328,#329,#935,.T.);
#1246=EDGE_CURVE('',#329,#324,#936,.T.);
#1247=EDGE_CURVE('',#330,#331,#937,.T.);
#1248=EDGE_CURVE('',#331,#329,#172,.T.);
#1249=EDGE_CURVE('',#328,#330,#173,.T.);
#1250=EDGE_CURVE('',#330,#332,#938,.T.);
#1251=EDGE_CURVE('',#332,#333,#939,.T.);
#1252=EDGE_CURVE('',#333,#331,#940,.T.);
#1253=EDGE_CURVE('',#332,#334,#174,.T.);
#1254=EDGE_CURVE('',#334,#335,#941,.T.);
#1255=EDGE_CURVE('',#335,#333,#175,.T.);
#1256=EDGE_CURVE('',#336,#335,#942,.T.);
#1257=EDGE_CURVE('',#334,#337,#943,.T.);
#1258=EDGE_CURVE('',#337,#336,#944,.T.);
#1259=EDGE_CURVE('',#325,#338,#176,.T.);
#1260=EDGE_CURVE('',#338,#339,#945,.T.);
#1261=EDGE_CURVE('',#339,#326,#177,.T.);
#1262=EDGE_CURVE('',#340,#341,#946,.T.);
#1263=EDGE_CURVE('',#341,#339,#947,.T.);
#1264=EDGE_CURVE('',#338,#340,#948,.T.);
#1265=EDGE_CURVE('',#342,#343,#949,.T.);
#1266=EDGE_CURVE('',#343,#341,#178,.T.);
#1267=EDGE_CURVE('',#340,#342,#179,.T.);
#1268=EDGE_CURVE('',#337,#343,#950,.T.);
#1269=EDGE_CURVE('',#342,#336,#951,.T.);
#1270=EDGE_CURVE('',#342,#344,#952,.T.);
#1271=EDGE_CURVE('',#345,#344,#953,.T.);
#1272=EDGE_CURVE('',#336,#345,#954,.T.);
#1273=EDGE_CURVE('',#340,#346,#955,.T.);
#1274=EDGE_CURVE('',#344,#346,#180,.T.);
#1275=EDGE_CURVE('',#338,#347,#956,.T.);
#1276=EDGE_CURVE('',#346,#347,#957,.T.);
#1277=EDGE_CURVE('',#325,#348,#958,.T.);
#1278=EDGE_CURVE('',#347,#348,#181,.T.);
#1279=EDGE_CURVE('',#324,#349,#959,.T.);
#1280=EDGE_CURVE('',#348,#349,#960,.T.);
#1281=EDGE_CURVE('',#350,#351,#182,.T.);
#1282=EDGE_CURVE('',#352,#350,#961,.T.);
#1283=EDGE_CURVE('',#353,#352,#183,.T.);
#1284=EDGE_CURVE('',#354,#353,#962,.T.);
#1285=EDGE_CURVE('',#355,#354,#184,.T.);
#1286=EDGE_CURVE('',#356,#355,#963,.T.);
#1287=EDGE_CURVE('',#357,#356,#185,.T.);
#1288=EDGE_CURVE('',#358,#357,#964,.T.);
#1289=EDGE_CURVE('',#359,#358,#186,.T.);
#1290=EDGE_CURVE('',#360,#359,#965,.T.);
#1291=EDGE_CURVE('',#361,#360,#187,.T.);
#1292=EDGE_CURVE('',#362,#361,#966,.T.);
#1293=EDGE_CURVE('',#363,#362,#188,.T.);
#1294=EDGE_CURVE('',#364,#363,#967,.T.);
#1295=EDGE_CURVE('',#365,#364,#189,.T.);
#1296=EDGE_CURVE('',#366,#365,#968,.T.);
#1297=EDGE_CURVE('',#367,#366,#190,.T.);
#1298=EDGE_CURVE('',#368,#367,#969,.T.);
#1299=EDGE_CURVE('',#369,#368,#191,.T.);
#1300=EDGE_CURVE('',#370,#369,#970,.T.);
#1301=EDGE_CURVE('',#371,#370,#192,.T.);
#1302=EDGE_CURVE('',#372,#371,#971,.T.);
#1303=EDGE_CURVE('',#373,#372,#193,.T.);
#1304=EDGE_CURVE('',#374,#373,#972,.T.);
#1305=EDGE_CURVE('',#375,#374,#194,.T.);
#1306=EDGE_CURVE('',#376,#375,#973,.T.);
#1307=EDGE_CURVE('',#377,#376,#195,.T.);
#1308=EDGE_CURVE('',#378,#377,#974,.T.);
#1309=EDGE_CURVE('',#379,#378,#196,.T.);
#1310=EDGE_CURVE('',#380,#379,#975,.T.);
#1311=EDGE_CURVE('',#381,#380,#197,.T.);
#1312=EDGE_CURVE('',#351,#381,#976,.T.);
#1313=EDGE_CURVE('',#382,#383,#198,.T.);
#1314=EDGE_CURVE('',#384,#382,#977,.T.);
#1315=EDGE_CURVE('',#385,#384,#199,.T.);
#1316=EDGE_CURVE('',#386,#385,#978,.T.);
#1317=EDGE_CURVE('',#387,#386,#200,.T.);
#1318=EDGE_CURVE('',#388,#387,#979,.T.);
#1319=EDGE_CURVE('',#389,#388,#201,.T.);
#1320=EDGE_CURVE('',#390,#389,#980,.T.);
#1321=EDGE_CURVE('',#391,#390,#202,.T.);
#1322=EDGE_CURVE('',#392,#391,#981,.T.);
#1323=EDGE_CURVE('',#393,#392,#203,.T.);
#1324=EDGE_CURVE('',#394,#393,#982,.T.);
#1325=EDGE_CURVE('',#395,#394,#204,.T.);
#1326=EDGE_CURVE('',#396,#395,#983,.T.);
#1327=EDGE_CURVE('',#397,#396,#205,.T.);
#1328=EDGE_CURVE('',#398,#397,#984,.T.);
#1329=EDGE_CURVE('',#399,#398,#206,.T.);
#1330=EDGE_CURVE('',#400,#399,#985,.T.);
#1331=EDGE_CURVE('',#401,#400,#207,.T.);
#1332=EDGE_CURVE('',#402,#401,#986,.T.);
#1333=EDGE_CURVE('',#403,#402,#208,.T.);
#1334=EDGE_CURVE('',#404,#403,#987,.T.);
#1335=EDGE_CURVE('',#405,#404,#209,.T.);
#1336=EDGE_CURVE('',#406,#405,#988,.T.);
#1337=EDGE_CURVE('',#407,#406,#210,.T.);
#1338=EDGE_CURVE('',#408,#407,#989,.T.);
#1339=EDGE_CURVE('',#409,#408,#211,.T.);
#1340=EDGE_CURVE('',#410,#409,#990,.T.);
#1341=EDGE_CURVE('',#411,#410,#212,.T.);
#1342=EDGE_CURVE('',#412,#411,#991,.T.);
#1343=EDGE_CURVE('',#413,#412,#213,.T.);
#1344=EDGE_CURVE('',#383,#413,#992,.T.);
#1345=EDGE_CURVE('',#414,#415,#214,.T.);
#1346=EDGE_CURVE('',#415,#416,#993,.T.);
#1347=EDGE_CURVE('',#416,#417,#215,.T.);
#1348=EDGE_CURVE('',#417,#418,#994,.T.);
#1349=EDGE_CURVE('',#418,#419,#216,.T.);
#1350=EDGE_CURVE('',#419,#420,#995,.T.);
#1351=EDGE_CURVE('',#420,#421,#217,.T.);
#1352=EDGE_CURVE('',#421,#422,#996,.T.);
#1353=EDGE_CURVE('',#422,#423,#218,.T.);
#1354=EDGE_CURVE('',#423,#424,#997,.T.);
#1355=EDGE_CURVE('',#424,#425,#219,.T.);
#1356=EDGE_CURVE('',#425,#426,#998,.T.);
#1357=EDGE_CURVE('',#426,#427,#220,.T.);
#1358=EDGE_CURVE('',#427,#428,#999,.T.);
#1359=EDGE_CURVE('',#428,#429,#221,.T.);
#1360=EDGE_CURVE('',#429,#430,#1000,.T.);
#1361=EDGE_CURVE('',#430,#431,#222,.T.);
#1362=EDGE_CURVE('',#431,#432,#1001,.T.);
#1363=EDGE_CURVE('',#432,#433,#223,.T.);
#1364=EDGE_CURVE('',#433,#434,#1002,.T.);
#1365=EDGE_CURVE('',#434,#435,#224,.T.);
#1366=EDGE_CURVE('',#435,#436,#1003,.T.);
#1367=EDGE_CURVE('',#436,#437,#225,.T.);
#1368=EDGE_CURVE('',#437,#438,#1004,.T.);
#1369=EDGE_CURVE('',#438,#439,#226,.T.);
#1370=EDGE_CURVE('',#439,#440,#1005,.T.);
#1371=EDGE_CURVE('',#440,#441,#227,.T.);
#1372=EDGE_CURVE('',#441,#442,#1006,.T.);
#1373=EDGE_CURVE('',#442,#443,#228,.T.);
#1374=EDGE_CURVE('',#443,#444,#1007,.T.);
#1375=EDGE_CURVE('',#444,#445,#229,.T.);
#1376=EDGE_CURVE('',#445,#414,#1008,.T.);
#1377=EDGE_CURVE('',#446,#447,#230,.T.);
#1378=EDGE_CURVE('',#447,#448,#1009,.T.);
#1379=EDGE_CURVE('',#448,#449,#231,.T.);
#1380=EDGE_CURVE('',#449,#450,#1010,.T.);
#1381=EDGE_CURVE('',#450,#451,#232,.T.);
#1382=EDGE_CURVE('',#451,#452,#1011,.T.);
#1383=EDGE_CURVE('',#452,#453,#233,.T.);
#1384=EDGE_CURVE('',#453,#454,#1012,.T.);
#1385=EDGE_CURVE('',#454,#455,#234,.T.);
#1386=EDGE_CURVE('',#455,#456,#1013,.T.);
#1387=EDGE_CURVE('',#456,#457,#235,.T.);
#1388=EDGE_CURVE('',#457,#458,#1014,.T.);
#1389=EDGE_CURVE('',#458,#459,#236,.T.);
#1390=EDGE_CURVE('',#459,#460,#1015,.T.);
#1391=EDGE_CURVE('',#460,#461,#237,.T.);
#1392=EDGE_CURVE('',#461,#462,#1016,.T.);
#1393=EDGE_CURVE('',#462,#463,#238,.T.);
#1394=EDGE_CURVE('',#463,#464,#1017,.T.);
#1395=EDGE_CURVE('',#464,#465,#239,.T.);
#1396=EDGE_CURVE('',#465,#466,#1018,.T.);
#1397=EDGE_CURVE('',#466,#467,#240,.T.);
#1398=EDGE_CURVE('',#467,#468,#1019,.T.);
#1399=EDGE_CURVE('',#468,#469,#241,.T.);
#1400=EDGE_CURVE('',#469,#470,#1020,.T.);
#1401=EDGE_CURVE('',#470,#471,#242,.T.);
#1402=EDGE_CURVE('',#471,#472,#1021,.T.);
#1403=EDGE_CURVE('',#472,#473,#243,.T.);
#1404=EDGE_CURVE('',#473,#474,#1022,.T.);
#1405=EDGE_CURVE('',#474,#475,#244,.T.);
#1406=EDGE_CURVE('',#475,#476,#1023,.T.);
#1407=EDGE_CURVE('',#476,#477,#245,.T.);
#1408=EDGE_CURVE('',#477,#446,#1024,.T.);
#1409=EDGE_CURVE('',#349,#478,#1025,.T.);
#1410=EDGE_CURVE('',#478,#479,#1026,.T.);
#1411=EDGE_CURVE('',#479,#480,#1027,.T.);
#1412=EDGE_CURVE('',#480,#349,#1028,.T.);
#1413=EDGE_CURVE('',#481,#482,#1029,.T.);
#1414=EDGE_CURVE('',#482,#479,#246,.T.);
#1415=EDGE_CURVE('',#478,#481,#247,.T.);
#1416=EDGE_CURVE('',#483,#484,#1030,.T.);
#1417=EDGE_CURVE('',#484,#482,#1031,.T.);
#1418=EDGE_CURVE('',#481,#483,#1032,.T.);
#1419=EDGE_CURVE('',#483,#485,#248,.T.);
#1420=EDGE_CURVE('',#485,#486,#1033,.T.);
#1421=EDGE_CURVE('',#486,#484,#249,.T.);
#1422=EDGE_CURVE('',#487,#486,#1034,.T.);
#1423=EDGE_CURVE('',#485,#345,#1035,.T.);
#1424=EDGE_CURVE('',#345,#487,#1036,.T.);
#1425=EDGE_CURVE('',#344,#488,#1037,.T.);
#1426=EDGE_CURVE('',#488,#487,#1038,.T.);
#1427=EDGE_CURVE('',#346,#489,#1039,.T.);
#1428=EDGE_CURVE('',#489,#488,#250,.T.);
#1429=EDGE_CURVE('',#347,#490,#1040,.T.);
#1430=EDGE_CURVE('',#490,#489,#1041,.T.);
#1431=EDGE_CURVE('',#348,#491,#1042,.T.);
#1432=EDGE_CURVE('',#491,#490,#251,.T.);
#1433=EDGE_CURVE('',#480,#491,#1043,.T.);
#1434=EDGE_CURVE('',#335,#485,#1044,.T.);
#1435=EDGE_CURVE('',#333,#483,#1045,.T.);
#1436=EDGE_CURVE('',#331,#481,#1046,.T.);
#1437=EDGE_CURVE('',#329,#478,#1047,.T.);
#1438=EDGE_CURVE('',#492,#493,#252,.T.);
#1439=EDGE_CURVE('',#494,#493,#1048,.T.);
#1440=EDGE_CURVE('',#495,#494,#253,.T.);
#1441=EDGE_CURVE('',#496,#495,#1049,.T.);
#1442=EDGE_CURVE('',#496,#497,#254,.T.);
#1443=EDGE_CURVE('',#498,#497,#1050,.T.);
#1444=EDGE_CURVE('',#499,#498,#255,.T.);
#1445=EDGE_CURVE('',#500,#499,#1051,.T.);
#1446=EDGE_CURVE('',#500,#501,#256,.T.);
#1447=EDGE_CURVE('',#502,#501,#1052,.T.);
#1448=EDGE_CURVE('',#503,#502,#257,.T.);
#1449=EDGE_CURVE('',#504,#503,#1053,.T.);
#1450=EDGE_CURVE('',#504,#505,#258,.T.);
#1451=EDGE_CURVE('',#506,#505,#1054,.T.);
#1452=EDGE_CURVE('',#507,#506,#259,.T.);
#1453=EDGE_CURVE('',#508,#507,#1055,.T.);
#1454=EDGE_CURVE('',#508,#509,#260,.T.);
#1455=EDGE_CURVE('',#510,#509,#1056,.T.);
#1456=EDGE_CURVE('',#511,#510,#261,.T.);
#1457=EDGE_CURVE('',#512,#511,#1057,.T.);
#1458=EDGE_CURVE('',#512,#513,#262,.T.);
#1459=EDGE_CURVE('',#514,#513,#1058,.T.);
#1460=EDGE_CURVE('',#515,#514,#263,.T.);
#1461=EDGE_CURVE('',#516,#515,#1059,.T.);
#1462=EDGE_CURVE('',#516,#517,#264,.T.);
#1463=EDGE_CURVE('',#518,#517,#1060,.T.);
#1464=EDGE_CURVE('',#519,#518,#265,.T.);
#1465=EDGE_CURVE('',#520,#519,#1061,.T.);
#1466=EDGE_CURVE('',#520,#521,#266,.T.);
#1467=EDGE_CURVE('',#522,#521,#1062,.T.);
#1468=EDGE_CURVE('',#523,#522,#267,.T.);
#1469=EDGE_CURVE('',#492,#523,#1063,.T.);
#1470=EDGE_CURVE('',#524,#525,#268,.T.);
#1471=EDGE_CURVE('',#525,#526,#1064,.T.);
#1472=EDGE_CURVE('',#526,#527,#269,.T.);
#1473=EDGE_CURVE('',#527,#528,#1065,.T.);
#1474=EDGE_CURVE('',#528,#529,#270,.T.);
#1475=EDGE_CURVE('',#529,#530,#1066,.T.);
#1476=EDGE_CURVE('',#530,#531,#271,.T.);
#1477=EDGE_CURVE('',#531,#532,#1067,.T.);
#1478=EDGE_CURVE('',#532,#533,#272,.T.);
#1479=EDGE_CURVE('',#533,#534,#1068,.T.);
#1480=EDGE_CURVE('',#534,#535,#273,.T.);
#1481=EDGE_CURVE('',#535,#536,#1069,.T.);
#1482=EDGE_CURVE('',#536,#537,#274,.T.);
#1483=EDGE_CURVE('',#537,#538,#1070,.T.);
#1484=EDGE_CURVE('',#538,#539,#275,.T.);
#1485=EDGE_CURVE('',#539,#540,#1071,.T.);
#1486=EDGE_CURVE('',#540,#541,#276,.T.);
#1487=EDGE_CURVE('',#541,#542,#1072,.T.);
#1488=EDGE_CURVE('',#542,#543,#277,.T.);
#1489=EDGE_CURVE('',#543,#544,#1073,.T.);
#1490=EDGE_CURVE('',#544,#545,#278,.T.);
#1491=EDGE_CURVE('',#545,#546,#1074,.T.);
#1492=EDGE_CURVE('',#546,#547,#279,.T.);
#1493=EDGE_CURVE('',#547,#548,#1075,.T.);
#1494=EDGE_CURVE('',#548,#549,#280,.T.);
#1495=EDGE_CURVE('',#549,#550,#1076,.T.);
#1496=EDGE_CURVE('',#550,#551,#281,.T.);
#1497=EDGE_CURVE('',#551,#552,#1077,.T.);
#1498=EDGE_CURVE('',#552,#553,#282,.T.);
#1499=EDGE_CURVE('',#553,#554,#1078,.T.);
#1500=EDGE_CURVE('',#554,#555,#283,.T.);
#1501=EDGE_CURVE('',#555,#524,#1079,.T.);
#1502=EDGE_CURVE('',#556,#557,#284,.T.);
#1503=EDGE_CURVE('',#558,#556,#1080,.T.);
#1504=EDGE_CURVE('',#559,#558,#285,.T.);
#1505=EDGE_CURVE('',#560,#559,#1081,.T.);
#1506=EDGE_CURVE('',#561,#560,#286,.T.);
#1507=EDGE_CURVE('',#562,#561,#1082,.T.);
#1508=EDGE_CURVE('',#563,#562,#287,.T.);
#1509=EDGE_CURVE('',#564,#563,#1083,.T.);
#1510=EDGE_CURVE('',#565,#564,#288,.T.);
#1511=EDGE_CURVE('',#566,#565,#1084,.T.);
#1512=EDGE_CURVE('',#567,#566,#289,.T.);
#1513=EDGE_CURVE('',#568,#567,#1085,.T.);
#1514=EDGE_CURVE('',#569,#568,#290,.T.);
#1515=EDGE_CURVE('',#570,#569,#1086,.T.);
#1516=EDGE_CURVE('',#571,#570,#291,.T.);
#1517=EDGE_CURVE('',#572,#571,#1087,.T.);
#1518=EDGE_CURVE('',#573,#572,#292,.T.);
#1519=EDGE_CURVE('',#574,#573,#1088,.T.);
#1520=EDGE_CURVE('',#575,#574,#293,.T.);
#1521=EDGE_CURVE('',#576,#575,#1089,.T.);
#1522=EDGE_CURVE('',#577,#576,#294,.T.);
#1523=EDGE_CURVE('',#578,#577,#1090,.T.);
#1524=EDGE_CURVE('',#579,#578,#295,.T.);
#1525=EDGE_CURVE('',#580,#579,#1091,.T.);
#1526=EDGE_CURVE('',#581,#580,#296,.T.);
#1527=EDGE_CURVE('',#582,#581,#1092,.T.);
#1528=EDGE_CURVE('',#583,#582,#297,.T.);
#1529=EDGE_CURVE('',#584,#583,#1093,.T.);
#1530=EDGE_CURVE('',#585,#584,#298,.T.);
#1531=EDGE_CURVE('',#586,#585,#1094,.T.);
#1532=EDGE_CURVE('',#587,#586,#299,.T.);
#1533=EDGE_CURVE('',#557,#587,#1095,.T.);
#1534=EDGE_CURVE('',#588,#589,#300,.T.);
#1535=EDGE_CURVE('',#588,#590,#1096,.T.);
#1536=EDGE_CURVE('',#590,#591,#301,.T.);
#1537=EDGE_CURVE('',#591,#592,#1097,.T.);
#1538=EDGE_CURVE('',#593,#592,#302,.T.);
#1539=EDGE_CURVE('',#593,#594,#1098,.T.);
#1540=EDGE_CURVE('',#594,#595,#303,.T.);
#1541=EDGE_CURVE('',#595,#596,#1099,.T.);
#1542=EDGE_CURVE('',#597,#596,#304,.T.);
#1543=EDGE_CURVE('',#597,#598,#1100,.T.);
#1544=EDGE_CURVE('',#598,#599,#305,.T.);
#1545=EDGE_CURVE('',#599,#600,#1101,.T.);
#1546=EDGE_CURVE('',#601,#600,#306,.T.);
#1547=EDGE_CURVE('',#601,#602,#1102,.T.);
#1548=EDGE_CURVE('',#602,#603,#307,.T.);
#1549=EDGE_CURVE('',#603,#604,#1103,.T.);
#1550=EDGE_CURVE('',#605,#604,#308,.T.);
#1551=EDGE_CURVE('',#605,#606,#1104,.T.);
#1552=EDGE_CURVE('',#606,#607,#309,.T.);
#1553=EDGE_CURVE('',#607,#608,#1105,.T.);
#1554=EDGE_CURVE('',#609,#608,#310,.T.);
#1555=EDGE_CURVE('',#609,#610,#1106,.T.);
#1556=EDGE_CURVE('',#610,#611,#311,.T.);
#1557=EDGE_CURVE('',#611,#612,#1107,.T.);
#1558=EDGE_CURVE('',#613,#612,#312,.T.);
#1559=EDGE_CURVE('',#613,#614,#1108,.T.);
#1560=EDGE_CURVE('',#614,#615,#313,.T.);
#1561=EDGE_CURVE('',#615,#616,#1109,.T.);
#1562=EDGE_CURVE('',#617,#616,#314,.T.);
#1563=EDGE_CURVE('',#617,#618,#1110,.T.);
#1564=EDGE_CURVE('',#618,#619,#315,.T.);
#1565=EDGE_CURVE('',#619,#589,#1111,.T.);
#1566=EDGE_CURVE('',#473,#594,#1112,.T.);
#1567=EDGE_CURVE('',#472,#595,#1113,.T.);
#1568=EDGE_CURVE('',#471,#596,#1114,.T.);
#1569=EDGE_CURVE('',#593,#474,#1115,.T.);
#1570=EDGE_CURVE('',#597,#470,#1116,.T.);
#1571=EDGE_CURVE('',#475,#592,#1117,.T.);
#1572=EDGE_CURVE('',#469,#598,#1118,.T.);
#1573=EDGE_CURVE('',#468,#599,#1119,.T.);
#1574=EDGE_CURVE('',#467,#600,#1120,.T.);
#1575=EDGE_CURVE('',#601,#466,#1121,.T.);
#1576=EDGE_CURVE('',#465,#602,#1122,.T.);
#1577=EDGE_CURVE('',#464,#603,#1123,.T.);
#1578=EDGE_CURVE('',#463,#604,#1124,.T.);
#1579=EDGE_CURVE('',#605,#462,#1125,.T.);
#1580=EDGE_CURVE('',#461,#606,#1126,.T.);
#1581=EDGE_CURVE('',#460,#607,#1127,.T.);
#1582=EDGE_CURVE('',#459,#608,#1128,.T.);
#1583=EDGE_CURVE('',#609,#458,#1129,.T.);
#1584=EDGE_CURVE('',#457,#610,#1130,.T.);
#1585=EDGE_CURVE('',#456,#611,#1131,.T.);
#1586=EDGE_CURVE('',#455,#612,#1132,.T.);
#1587=EDGE_CURVE('',#613,#454,#1133,.T.);
#1588=EDGE_CURVE('',#453,#614,#1134,.T.);
#1589=EDGE_CURVE('',#452,#615,#1135,.T.);
#1590=EDGE_CURVE('',#451,#616,#1136,.T.);
#1591=EDGE_CURVE('',#617,#450,#1137,.T.);
#1592=EDGE_CURVE('',#449,#618,#1138,.T.);
#1593=EDGE_CURVE('',#448,#619,#1139,.T.);
#1594=EDGE_CURVE('',#447,#589,#1140,.T.);
#1595=EDGE_CURVE('',#588,#446,#1141,.T.);
#1596=EDGE_CURVE('',#477,#590,#1142,.T.);
#1597=EDGE_CURVE('',#476,#591,#1143,.T.);
#1598=EDGE_CURVE('',#440,#563,#1144,.T.);
#1599=EDGE_CURVE('',#441,#562,#1145,.T.);
#1600=EDGE_CURVE('',#439,#564,#1146,.T.);
#1601=EDGE_CURVE('',#561,#442,#1147,.T.);
#1602=EDGE_CURVE('',#565,#438,#1148,.T.);
#1603=EDGE_CURVE('',#443,#560,#1149,.T.);
#1604=EDGE_CURVE('',#436,#567,#1150,.T.);
#1605=EDGE_CURVE('',#437,#566,#1151,.T.);
#1606=EDGE_CURVE('',#435,#568,#1152,.T.);
#1607=EDGE_CURVE('',#569,#434,#1153,.T.);
#1608=EDGE_CURVE('',#432,#571,#1154,.T.);
#1609=EDGE_CURVE('',#433,#570,#1155,.T.);
#1610=EDGE_CURVE('',#431,#572,#1156,.T.);
#1611=EDGE_CURVE('',#573,#430,#1157,.T.);
#1612=EDGE_CURVE('',#428,#575,#1158,.T.);
#1613=EDGE_CURVE('',#429,#574,#1159,.T.);
#1614=EDGE_CURVE('',#427,#576,#1160,.T.);
#1615=EDGE_CURVE('',#577,#426,#1161,.T.);
#1616=EDGE_CURVE('',#424,#579,#1162,.T.);
#1617=EDGE_CURVE('',#425,#578,#1163,.T.);
#1618=EDGE_CURVE('',#423,#580,#1164,.T.);
#1619=EDGE_CURVE('',#581,#422,#1165,.T.);
#1620=EDGE_CURVE('',#420,#583,#1166,.T.);
#1621=EDGE_CURVE('',#421,#582,#1167,.T.);
#1622=EDGE_CURVE('',#419,#584,#1168,.T.);
#1623=EDGE_CURVE('',#585,#418,#1169,.T.);
#1624=EDGE_CURVE('',#416,#587,#1170,.T.);
#1625=EDGE_CURVE('',#417,#586,#1171,.T.);
#1626=EDGE_CURVE('',#415,#557,#1172,.T.);
#1627=EDGE_CURVE('',#556,#414,#1173,.T.);
#1628=EDGE_CURVE('',#444,#559,#1174,.T.);
#1629=EDGE_CURVE('',#445,#558,#1175,.T.);
#1630=EDGE_CURVE('',#357,#518,#1176,.T.);
#1631=EDGE_CURVE('',#356,#519,#1177,.T.);
#1632=EDGE_CURVE('',#358,#517,#1178,.T.);
#1633=EDGE_CURVE('',#520,#355,#1179,.T.);
#1634=EDGE_CURVE('',#516,#359,#1180,.T.);
#1635=EDGE_CURVE('',#354,#521,#1181,.T.);
#1636=EDGE_CURVE('',#361,#514,#1182,.T.);
#1637=EDGE_CURVE('',#360,#515,#1183,.T.);
#1638=EDGE_CURVE('',#362,#513,#1184,.T.);
#1639=EDGE_CURVE('',#512,#363,#1185,.T.);
#1640=EDGE_CURVE('',#365,#510,#1186,.T.);
#1641=EDGE_CURVE('',#364,#511,#1187,.T.);
#1642=EDGE_CURVE('',#366,#509,#1188,.T.);
#1643=EDGE_CURVE('',#508,#367,#1189,.T.);
#1644=EDGE_CURVE('',#369,#506,#1190,.T.);
#1645=EDGE_CURVE('',#368,#507,#1191,.T.);
#1646=EDGE_CURVE('',#370,#505,#1192,.T.);
#1647=EDGE_CURVE('',#504,#371,#1193,.T.);
#1648=EDGE_CURVE('',#373,#502,#1194,.T.);
#1649=EDGE_CURVE('',#372,#503,#1195,.T.);
#1650=EDGE_CURVE('',#374,#501,#1196,.T.);
#1651=EDGE_CURVE('',#500,#375,#1197,.T.);
#1652=EDGE_CURVE('',#377,#498,#1198,.T.);
#1653=EDGE_CURVE('',#376,#499,#1199,.T.);
#1654=EDGE_CURVE('',#378,#497,#1200,.T.);
#1655=EDGE_CURVE('',#496,#379,#1201,.T.);
#1656=EDGE_CURVE('',#381,#494,#1202,.T.);
#1657=EDGE_CURVE('',#380,#495,#1203,.T.);
#1658=EDGE_CURVE('',#351,#493,#1204,.T.);
#1659=EDGE_CURVE('',#492,#350,#1205,.T.);
#1660=EDGE_CURVE('',#353,#522,#1206,.T.);
#1661=EDGE_CURVE('',#352,#523,#1207,.T.);
#1662=EDGE_CURVE('',#388,#551,#1208,.T.);
#1663=EDGE_CURVE('',#389,#550,#1209,.T.);
#1664=EDGE_CURVE('',#390,#549,#1210,.T.);
#1665=EDGE_CURVE('',#552,#387,#1211,.T.);
#1666=EDGE_CURVE('',#548,#391,#1212,.T.);
#1667=EDGE_CURVE('',#386,#553,#1213,.T.);
#1668=EDGE_CURVE('',#392,#547,#1214,.T.);
#1669=EDGE_CURVE('',#393,#546,#1215,.T.);
#1670=EDGE_CURVE('',#394,#545,#1216,.T.);
#1671=EDGE_CURVE('',#544,#395,#1217,.T.);
#1672=EDGE_CURVE('',#396,#543,#1218,.T.);
#1673=EDGE_CURVE('',#397,#542,#1219,.T.);
#1674=EDGE_CURVE('',#398,#541,#1220,.T.);
#1675=EDGE_CURVE('',#540,#399,#1221,.T.);
#1676=EDGE_CURVE('',#400,#539,#1222,.T.);
#1677=EDGE_CURVE('',#401,#538,#1223,.T.);
#1678=EDGE_CURVE('',#402,#537,#1224,.T.);
#1679=EDGE_CURVE('',#536,#403,#1225,.T.);
#1680=EDGE_CURVE('',#404,#535,#1226,.T.);
#1681=EDGE_CURVE('',#405,#534,#1227,.T.);
#1682=EDGE_CURVE('',#406,#533,#1228,.T.);
#1683=EDGE_CURVE('',#532,#407,#1229,.T.);
#1684=EDGE_CURVE('',#408,#531,#1230,.T.);
#1685=EDGE_CURVE('',#409,#530,#1231,.T.);
#1686=EDGE_CURVE('',#410,#529,#1232,.T.);
#1687=EDGE_CURVE('',#528,#411,#1233,.T.);
#1688=EDGE_CURVE('',#412,#527,#1234,.T.);
#1689=EDGE_CURVE('',#413,#526,#1235,.T.);
#1690=EDGE_CURVE('',#383,#525,#1236,.T.);
#1691=EDGE_CURVE('',#524,#382,#1237,.T.);
#1692=EDGE_CURVE('',#384,#555,#1238,.T.);
#1693=EDGE_CURVE('',#385,#554,#1239,.T.);
#1694=ORIENTED_EDGE('',*,*,#1240,.T.);
#1695=ORIENTED_EDGE('',*,*,#1241,.T.);
#1696=ORIENTED_EDGE('',*,*,#1242,.T.);
#1697=ORIENTED_EDGE('',*,*,#1243,.T.);
#1698=ORIENTED_EDGE('',*,*,#1244,.T.);
#1699=ORIENTED_EDGE('',*,*,#1245,.T.);
#1700=ORIENTED_EDGE('',*,*,#1246,.T.);
#1701=ORIENTED_EDGE('',*,*,#1243,.F.);
#1702=ORIENTED_EDGE('',*,*,#1247,.T.);
#1703=ORIENTED_EDGE('',*,*,#1248,.T.);
#1704=ORIENTED_EDGE('',*,*,#1245,.F.);
#1705=ORIENTED_EDGE('',*,*,#1249,.T.);
#1706=ORIENTED_EDGE('',*,*,#1247,.F.);
#1707=ORIENTED_EDGE('',*,*,#1250,.T.);
#1708=ORIENTED_EDGE('',*,*,#1251,.T.);
#1709=ORIENTED_EDGE('',*,*,#1252,.T.);
#1710=ORIENTED_EDGE('',*,*,#1251,.F.);
#1711=ORIENTED_EDGE('',*,*,#1253,.T.);
#1712=ORIENTED_EDGE('',*,*,#1254,.T.);
#1713=ORIENTED_EDGE('',*,*,#1255,.T.);
#1714=ORIENTED_EDGE('',*,*,#1256,.T.);
#1715=ORIENTED_EDGE('',*,*,#1254,.F.);
#1716=ORIENTED_EDGE('',*,*,#1257,.T.);
#1717=ORIENTED_EDGE('',*,*,#1258,.T.);
#1718=ORIENTED_EDGE('',*,*,#1241,.F.);
#1719=ORIENTED_EDGE('',*,*,#1259,.T.);
#1720=ORIENTED_EDGE('',*,*,#1260,.T.);
#1721=ORIENTED_EDGE('',*,*,#1261,.T.);
#1722=ORIENTED_EDGE('',*,*,#1262,.T.);
#1723=ORIENTED_EDGE('',*,*,#1263,.T.);
#1724=ORIENTED_EDGE('',*,*,#1260,.F.);
#1725=ORIENTED_EDGE('',*,*,#1264,.T.);
#1726=ORIENTED_EDGE('',*,*,#1265,.T.);
#1727=ORIENTED_EDGE('',*,*,#1266,.T.);
#1728=ORIENTED_EDGE('',*,*,#1262,.F.);
#1729=ORIENTED_EDGE('',*,*,#1267,.T.);
#1730=ORIENTED_EDGE('',*,*,#1268,.T.);
#1731=ORIENTED_EDGE('',*,*,#1265,.F.);
#1732=ORIENTED_EDGE('',*,*,#1269,.T.);
#1733=ORIENTED_EDGE('',*,*,#1258,.F.);
#1734=ORIENTED_EDGE('',*,*,#1269,.F.);
#1735=ORIENTED_EDGE('',*,*,#1270,.T.);
#1736=ORIENTED_EDGE('',*,*,#1271,.F.);
#1737=ORIENTED_EDGE('',*,*,#1272,.F.);
#1738=ORIENTED_EDGE('',*,*,#1267,.F.);
#1739=ORIENTED_EDGE('',*,*,#1273,.T.);
#1740=ORIENTED_EDGE('',*,*,#1274,.F.);
#1741=ORIENTED_EDGE('',*,*,#1270,.F.);
#1742=ORIENTED_EDGE('',*,*,#1264,.F.);
#1743=ORIENTED_EDGE('',*,*,#1275,.T.);
#1744=ORIENTED_EDGE('',*,*,#1276,.F.);
#1745=ORIENTED_EDGE('',*,*,#1273,.F.);
#1746=ORIENTED_EDGE('',*,*,#1259,.F.);
#1747=ORIENTED_EDGE('',*,*,#1277,.T.);
#1748=ORIENTED_EDGE('',*,*,#1278,.F.);
#1749=ORIENTED_EDGE('',*,*,#1275,.F.);
#1750=ORIENTED_EDGE('',*,*,#1240,.F.);
#1751=ORIENTED_EDGE('',*,*,#1279,.T.);
#1752=ORIENTED_EDGE('',*,*,#1280,.F.);
#1753=ORIENTED_EDGE('',*,*,#1277,.F.);
#1754=ORIENTED_EDGE('',*,*,#1242,.F.);
#1755=ORIENTED_EDGE('',*,*,#1261,.F.);
#1756=ORIENTED_EDGE('',*,*,#1263,.F.);
#1757=ORIENTED_EDGE('',*,*,#1266,.F.);
#1758=ORIENTED_EDGE('',*,*,#1268,.F.);
#1759=ORIENTED_EDGE('',*,*,#1257,.F.);
#1760=ORIENTED_EDGE('',*,*,#1253,.F.);
#1761=ORIENTED_EDGE('',*,*,#1250,.F.);
#1762=ORIENTED_EDGE('',*,*,#1249,.F.);
#1763=ORIENTED_EDGE('',*,*,#1244,.F.);
#1764=ORIENTED_EDGE('',*,*,#1281,.F.);
#1765=ORIENTED_EDGE('',*,*,#1282,.F.);
#1766=ORIENTED_EDGE('',*,*,#1283,.F.);
#1767=ORIENTED_EDGE('',*,*,#1284,.F.);
#1768=ORIENTED_EDGE('',*,*,#1285,.F.);
#1769=ORIENTED_EDGE('',*,*,#1286,.F.);
#1770=ORIENTED_EDGE('',*,*,#1287,.F.);
#1771=ORIENTED_EDGE('',*,*,#1288,.F.);
#1772=ORIENTED_EDGE('',*,*,#1289,.F.);
#1773=ORIENTED_EDGE('',*,*,#1290,.F.);
#1774=ORIENTED_EDGE('',*,*,#1291,.F.);
#1775=ORIENTED_EDGE('',*,*,#1292,.F.);
#1776=ORIENTED_EDGE('',*,*,#1293,.F.);
#1777=ORIENTED_EDGE('',*,*,#1294,.F.);
#1778=ORIENTED_EDGE('',*,*,#1295,.F.);
#1779=ORIENTED_EDGE('',*,*,#1296,.F.);
#1780=ORIENTED_EDGE('',*,*,#1297,.F.);
#1781=ORIENTED_EDGE('',*,*,#1298,.F.);
#1782=ORIENTED_EDGE('',*,*,#1299,.F.);
#1783=ORIENTED_EDGE('',*,*,#1300,.F.);
#1784=ORIENTED_EDGE('',*,*,#1301,.F.);
#1785=ORIENTED_EDGE('',*,*,#1302,.F.);
#1786=ORIENTED_EDGE('',*,*,#1303,.F.);
#1787=ORIENTED_EDGE('',*,*,#1304,.F.);
#1788=ORIENTED_EDGE('',*,*,#1305,.F.);
#1789=ORIENTED_EDGE('',*,*,#1306,.F.);
#1790=ORIENTED_EDGE('',*,*,#1307,.F.);
#1791=ORIENTED_EDGE('',*,*,#1308,.F.);
#1792=ORIENTED_EDGE('',*,*,#1309,.F.);
#1793=ORIENTED_EDGE('',*,*,#1310,.F.);
#1794=ORIENTED_EDGE('',*,*,#1311,.F.);
#1795=ORIENTED_EDGE('',*,*,#1312,.F.);
#1796=ORIENTED_EDGE('',*,*,#1313,.F.);
#1797=ORIENTED_EDGE('',*,*,#1314,.F.);
#1798=ORIENTED_EDGE('',*,*,#1315,.F.);
#1799=ORIENTED_EDGE('',*,*,#1316,.F.);
#1800=ORIENTED_EDGE('',*,*,#1317,.F.);
#1801=ORIENTED_EDGE('',*,*,#1318,.F.);
#1802=ORIENTED_EDGE('',*,*,#1319,.F.);
#1803=ORIENTED_EDGE('',*,*,#1320,.F.);
#1804=ORIENTED_EDGE('',*,*,#1321,.F.);
#1805=ORIENTED_EDGE('',*,*,#1322,.F.);
#1806=ORIENTED_EDGE('',*,*,#1323,.F.);
#1807=ORIENTED_EDGE('',*,*,#1324,.F.);
#1808=ORIENTED_EDGE('',*,*,#1325,.F.);
#1809=ORIENTED_EDGE('',*,*,#1326,.F.);
#1810=ORIENTED_EDGE('',*,*,#1327,.F.);
#1811=ORIENTED_EDGE('',*,*,#1328,.F.);
#1812=ORIENTED_EDGE('',*,*,#1329,.F.);
#1813=ORIENTED_EDGE('',*,*,#1330,.F.);
#1814=ORIENTED_EDGE('',*,*,#1331,.F.);
#1815=ORIENTED_EDGE('',*,*,#1332,.F.);
#1816=ORIENTED_EDGE('',*,*,#1333,.F.);
#1817=ORIENTED_EDGE('',*,*,#1334,.F.);
#1818=ORIENTED_EDGE('',*,*,#1335,.F.);
#1819=ORIENTED_EDGE('',*,*,#1336,.F.);
#1820=ORIENTED_EDGE('',*,*,#1337,.F.);
#1821=ORIENTED_EDGE('',*,*,#1338,.F.);
#1822=ORIENTED_EDGE('',*,*,#1339,.F.);
#1823=ORIENTED_EDGE('',*,*,#1340,.F.);
#1824=ORIENTED_EDGE('',*,*,#1341,.F.);
#1825=ORIENTED_EDGE('',*,*,#1342,.F.);
#1826=ORIENTED_EDGE('',*,*,#1343,.F.);
#1827=ORIENTED_EDGE('',*,*,#1344,.F.);
#1828=ORIENTED_EDGE('',*,*,#1345,.T.);
#1829=ORIENTED_EDGE('',*,*,#1346,.T.);
#1830=ORIENTED_EDGE('',*,*,#1347,.T.);
#1831=ORIENTED_EDGE('',*,*,#1348,.T.);
#1832=ORIENTED_EDGE('',*,*,#1349,.T.);
#1833=ORIENTED_EDGE('',*,*,#1350,.T.);
#1834=ORIENTED_EDGE('',*,*,#1351,.T.);
#1835=ORIENTED_EDGE('',*,*,#1352,.T.);
#1836=ORIENTED_EDGE('',*,*,#1353,.T.);
#1837=ORIENTED_EDGE('',*,*,#1354,.T.);
#1838=ORIENTED_EDGE('',*,*,#1355,.T.);
#1839=ORIENTED_EDGE('',*,*,#1356,.T.);
#1840=ORIENTED_EDGE('',*,*,#1357,.T.);
#1841=ORIENTED_EDGE('',*,*,#1358,.T.);
#1842=ORIENTED_EDGE('',*,*,#1359,.T.);
#1843=ORIENTED_EDGE('',*,*,#1360,.T.);
#1844=ORIENTED_EDGE('',*,*,#1361,.T.);
#1845=ORIENTED_EDGE('',*,*,#1362,.T.);
#1846=ORIENTED_EDGE('',*,*,#1363,.T.);
#1847=ORIENTED_EDGE('',*,*,#1364,.T.);
#1848=ORIENTED_EDGE('',*,*,#1365,.T.);
#1849=ORIENTED_EDGE('',*,*,#1366,.T.);
#1850=ORIENTED_EDGE('',*,*,#1367,.T.);
#1851=ORIENTED_EDGE('',*,*,#1368,.T.);
#1852=ORIENTED_EDGE('',*,*,#1369,.T.);
#1853=ORIENTED_EDGE('',*,*,#1370,.T.);
#1854=ORIENTED_EDGE('',*,*,#1371,.T.);
#1855=ORIENTED_EDGE('',*,*,#1372,.T.);
#1856=ORIENTED_EDGE('',*,*,#1373,.T.);
#1857=ORIENTED_EDGE('',*,*,#1374,.T.);
#1858=ORIENTED_EDGE('',*,*,#1375,.T.);
#1859=ORIENTED_EDGE('',*,*,#1376,.T.);
#1860=ORIENTED_EDGE('',*,*,#1377,.T.);
#1861=ORIENTED_EDGE('',*,*,#1378,.T.);
#1862=ORIENTED_EDGE('',*,*,#1379,.T.);
#1863=ORIENTED_EDGE('',*,*,#1380,.T.);
#1864=ORIENTED_EDGE('',*,*,#1381,.T.);
#1865=ORIENTED_EDGE('',*,*,#1382,.T.);
#1866=ORIENTED_EDGE('',*,*,#1383,.T.);
#1867=ORIENTED_EDGE('',*,*,#1384,.T.);
#1868=ORIENTED_EDGE('',*,*,#1385,.T.);
#1869=ORIENTED_EDGE('',*,*,#1386,.T.);
#1870=ORIENTED_EDGE('',*,*,#1387,.T.);
#1871=ORIENTED_EDGE('',*,*,#1388,.T.);
#1872=ORIENTED_EDGE('',*,*,#1389,.T.);
#1873=ORIENTED_EDGE('',*,*,#1390,.T.);
#1874=ORIENTED_EDGE('',*,*,#1391,.T.);
#1875=ORIENTED_EDGE('',*,*,#1392,.T.);
#1876=ORIENTED_EDGE('',*,*,#1393,.T.);
#1877=ORIENTED_EDGE('',*,*,#1394,.T.);
#1878=ORIENTED_EDGE('',*,*,#1395,.T.);
#1879=ORIENTED_EDGE('',*,*,#1396,.T.);
#1880=ORIENTED_EDGE('',*,*,#1397,.T.);
#1881=ORIENTED_EDGE('',*,*,#1398,.T.);
#1882=ORIENTED_EDGE('',*,*,#1399,.T.);
#1883=ORIENTED_EDGE('',*,*,#1400,.T.);
#1884=ORIENTED_EDGE('',*,*,#1401,.T.);
#1885=ORIENTED_EDGE('',*,*,#1402,.T.);
#1886=ORIENTED_EDGE('',*,*,#1403,.T.);
#1887=ORIENTED_EDGE('',*,*,#1404,.T.);
#1888=ORIENTED_EDGE('',*,*,#1405,.T.);
#1889=ORIENTED_EDGE('',*,*,#1406,.T.);
#1890=ORIENTED_EDGE('',*,*,#1407,.T.);
#1891=ORIENTED_EDGE('',*,*,#1408,.T.);
#1892=ORIENTED_EDGE('',*,*,#1409,.T.);
#1893=ORIENTED_EDGE('',*,*,#1410,.T.);
#1894=ORIENTED_EDGE('',*,*,#1411,.T.);
#1895=ORIENTED_EDGE('',*,*,#1412,.T.);
#1896=ORIENTED_EDGE('',*,*,#1413,.T.);
#1897=ORIENTED_EDGE('',*,*,#1414,.T.);
#1898=ORIENTED_EDGE('',*,*,#1410,.F.);
#1899=ORIENTED_EDGE('',*,*,#1415,.T.);
#1900=ORIENTED_EDGE('',*,*,#1416,.T.);
#1901=ORIENTED_EDGE('',*,*,#1417,.T.);
#1902=ORIENTED_EDGE('',*,*,#1413,.F.);
#1903=ORIENTED_EDGE('',*,*,#1418,.T.);
#1904=ORIENTED_EDGE('',*,*,#1416,.F.);
#1905=ORIENTED_EDGE('',*,*,#1419,.T.);
#1906=ORIENTED_EDGE('',*,*,#1420,.T.);
#1907=ORIENTED_EDGE('',*,*,#1421,.T.);
#1908=ORIENTED_EDGE('',*,*,#1422,.T.);
#1909=ORIENTED_EDGE('',*,*,#1420,.F.);
#1910=ORIENTED_EDGE('',*,*,#1423,.T.);
#1911=ORIENTED_EDGE('',*,*,#1424,.T.);
#1912=ORIENTED_EDGE('',*,*,#1271,.T.);
#1913=ORIENTED_EDGE('',*,*,#1425,.T.);
#1914=ORIENTED_EDGE('',*,*,#1426,.T.);
#1915=ORIENTED_EDGE('',*,*,#1424,.F.);
#1916=ORIENTED_EDGE('',*,*,#1425,.F.);
#1917=ORIENTED_EDGE('',*,*,#1274,.T.);
#1918=ORIENTED_EDGE('',*,*,#1427,.T.);
#1919=ORIENTED_EDGE('',*,*,#1428,.T.);
#1920=ORIENTED_EDGE('',*,*,#1427,.F.);
#1921=ORIENTED_EDGE('',*,*,#1276,.T.);
#1922=ORIENTED_EDGE('',*,*,#1429,.T.);
#1923=ORIENTED_EDGE('',*,*,#1430,.T.);
#1924=ORIENTED_EDGE('',*,*,#1431,.T.);
#1925=ORIENTED_EDGE('',*,*,#1432,.T.);
#1926=ORIENTED_EDGE('',*,*,#1429,.F.);
#1927=ORIENTED_EDGE('',*,*,#1278,.T.);
#1928=ORIENTED_EDGE('',*,*,#1433,.T.);
#1929=ORIENTED_EDGE('',*,*,#1431,.F.);
#1930=ORIENTED_EDGE('',*,*,#1280,.T.);
#1931=ORIENTED_EDGE('',*,*,#1412,.F.);
#1932=ORIENTED_EDGE('',*,*,#1256,.F.);
#1933=ORIENTED_EDGE('',*,*,#1272,.T.);
#1934=ORIENTED_EDGE('',*,*,#1423,.F.);
#1935=ORIENTED_EDGE('',*,*,#1434,.F.);
#1936=ORIENTED_EDGE('',*,*,#1255,.F.);
#1937=ORIENTED_EDGE('',*,*,#1434,.T.);
#1938=ORIENTED_EDGE('',*,*,#1419,.F.);
#1939=ORIENTED_EDGE('',*,*,#1435,.F.);
#1940=ORIENTED_EDGE('',*,*,#1252,.F.);
#1941=ORIENTED_EDGE('',*,*,#1435,.T.);
#1942=ORIENTED_EDGE('',*,*,#1418,.F.);
#1943=ORIENTED_EDGE('',*,*,#1436,.F.);
#1944=ORIENTED_EDGE('',*,*,#1248,.F.);
#1945=ORIENTED_EDGE('',*,*,#1436,.T.);
#1946=ORIENTED_EDGE('',*,*,#1415,.F.);
#1947=ORIENTED_EDGE('',*,*,#1437,.F.);
#1948=ORIENTED_EDGE('',*,*,#1246,.F.);
#1949=ORIENTED_EDGE('',*,*,#1437,.T.);
#1950=ORIENTED_EDGE('',*,*,#1409,.F.);
#1951=ORIENTED_EDGE('',*,*,#1279,.F.);
#1952=ORIENTED_EDGE('',*,*,#1411,.F.);
#1953=ORIENTED_EDGE('',*,*,#1414,.F.);
#1954=ORIENTED_EDGE('',*,*,#1417,.F.);
#1955=ORIENTED_EDGE('',*,*,#1421,.F.);
#1956=ORIENTED_EDGE('',*,*,#1422,.F.);
#1957=ORIENTED_EDGE('',*,*,#1426,.F.);
#1958=ORIENTED_EDGE('',*,*,#1428,.F.);
#1959=ORIENTED_EDGE('',*,*,#1430,.F.);
#1960=ORIENTED_EDGE('',*,*,#1432,.F.);
#1961=ORIENTED_EDGE('',*,*,#1433,.F.);
#1962=ORIENTED_EDGE('',*,*,#1438,.T.);
#1963=ORIENTED_EDGE('',*,*,#1439,.F.);
#1964=ORIENTED_EDGE('',*,*,#1440,.F.);
#1965=ORIENTED_EDGE('',*,*,#1441,.F.);
#1966=ORIENTED_EDGE('',*,*,#1442,.T.);
#1967=ORIENTED_EDGE('',*,*,#1443,.F.);
#1968=ORIENTED_EDGE('',*,*,#1444,.F.);
#1969=ORIENTED_EDGE('',*,*,#1445,.F.);
#1970=ORIENTED_EDGE('',*,*,#1446,.T.);
#1971=ORIENTED_EDGE('',*,*,#1447,.F.);
#1972=ORIENTED_EDGE('',*,*,#1448,.F.);
#1973=ORIENTED_EDGE('',*,*,#1449,.F.);
#1974=ORIENTED_EDGE('',*,*,#1450,.T.);
#1975=ORIENTED_EDGE('',*,*,#1451,.F.);
#1976=ORIENTED_EDGE('',*,*,#1452,.F.);
#1977=ORIENTED_EDGE('',*,*,#1453,.F.);
#1978=ORIENTED_EDGE('',*,*,#1454,.T.);
#1979=ORIENTED_EDGE('',*,*,#1455,.F.);
#1980=ORIENTED_EDGE('',*,*,#1456,.F.);
#1981=ORIENTED_EDGE('',*,*,#1457,.F.);
#1982=ORIENTED_EDGE('',*,*,#1458,.T.);
#1983=ORIENTED_EDGE('',*,*,#1459,.F.);
#1984=ORIENTED_EDGE('',*,*,#1460,.F.);
#1985=ORIENTED_EDGE('',*,*,#1461,.F.);
#1986=ORIENTED_EDGE('',*,*,#1462,.T.);
#1987=ORIENTED_EDGE('',*,*,#1463,.F.);
#1988=ORIENTED_EDGE('',*,*,#1464,.F.);
#1989=ORIENTED_EDGE('',*,*,#1465,.F.);
#1990=ORIENTED_EDGE('',*,*,#1466,.T.);
#1991=ORIENTED_EDGE('',*,*,#1467,.F.);
#1992=ORIENTED_EDGE('',*,*,#1468,.F.);
#1993=ORIENTED_EDGE('',*,*,#1469,.F.);
#1994=ORIENTED_EDGE('',*,*,#1470,.T.);
#1995=ORIENTED_EDGE('',*,*,#1471,.T.);
#1996=ORIENTED_EDGE('',*,*,#1472,.T.);
#1997=ORIENTED_EDGE('',*,*,#1473,.T.);
#1998=ORIENTED_EDGE('',*,*,#1474,.T.);
#1999=ORIENTED_EDGE('',*,*,#1475,.T.);
#2000=ORIENTED_EDGE('',*,*,#1476,.T.);
#2001=ORIENTED_EDGE('',*,*,#1477,.T.);
#2002=ORIENTED_EDGE('',*,*,#1478,.T.);
#2003=ORIENTED_EDGE('',*,*,#1479,.T.);
#2004=ORIENTED_EDGE('',*,*,#1480,.T.);
#2005=ORIENTED_EDGE('',*,*,#1481,.T.);
#2006=ORIENTED_EDGE('',*,*,#1482,.T.);
#2007=ORIENTED_EDGE('',*,*,#1483,.T.);
#2008=ORIENTED_EDGE('',*,*,#1484,.T.);
#2009=ORIENTED_EDGE('',*,*,#1485,.T.);
#2010=ORIENTED_EDGE('',*,*,#1486,.T.);
#2011=ORIENTED_EDGE('',*,*,#1487,.T.);
#2012=ORIENTED_EDGE('',*,*,#1488,.T.);
#2013=ORIENTED_EDGE('',*,*,#1489,.T.);
#2014=ORIENTED_EDGE('',*,*,#1490,.T.);
#2015=ORIENTED_EDGE('',*,*,#1491,.T.);
#2016=ORIENTED_EDGE('',*,*,#1492,.T.);
#2017=ORIENTED_EDGE('',*,*,#1493,.T.);
#2018=ORIENTED_EDGE('',*,*,#1494,.T.);
#2019=ORIENTED_EDGE('',*,*,#1495,.T.);
#2020=ORIENTED_EDGE('',*,*,#1496,.T.);
#2021=ORIENTED_EDGE('',*,*,#1497,.T.);
#2022=ORIENTED_EDGE('',*,*,#1498,.T.);
#2023=ORIENTED_EDGE('',*,*,#1499,.T.);
#2024=ORIENTED_EDGE('',*,*,#1500,.T.);
#2025=ORIENTED_EDGE('',*,*,#1501,.T.);
#2026=ORIENTED_EDGE('',*,*,#1502,.F.);
#2027=ORIENTED_EDGE('',*,*,#1503,.F.);
#2028=ORIENTED_EDGE('',*,*,#1504,.F.);
#2029=ORIENTED_EDGE('',*,*,#1505,.F.);
#2030=ORIENTED_EDGE('',*,*,#1506,.F.);
#2031=ORIENTED_EDGE('',*,*,#1507,.F.);
#2032=ORIENTED_EDGE('',*,*,#1508,.F.);
#2033=ORIENTED_EDGE('',*,*,#1509,.F.);
#2034=ORIENTED_EDGE('',*,*,#1510,.F.);
#2035=ORIENTED_EDGE('',*,*,#1511,.F.);
#2036=ORIENTED_EDGE('',*,*,#1512,.F.);
#2037=ORIENTED_EDGE('',*,*,#1513,.F.);
#2038=ORIENTED_EDGE('',*,*,#1514,.F.);
#2039=ORIENTED_EDGE('',*,*,#1515,.F.);
#2040=ORIENTED_EDGE('',*,*,#1516,.F.);
#2041=ORIENTED_EDGE('',*,*,#1517,.F.);
#2042=ORIENTED_EDGE('',*,*,#1518,.F.);
#2043=ORIENTED_EDGE('',*,*,#1519,.F.);
#2044=ORIENTED_EDGE('',*,*,#1520,.F.);
#2045=ORIENTED_EDGE('',*,*,#1521,.F.);
#2046=ORIENTED_EDGE('',*,*,#1522,.F.);
#2047=ORIENTED_EDGE('',*,*,#1523,.F.);
#2048=ORIENTED_EDGE('',*,*,#1524,.F.);
#2049=ORIENTED_EDGE('',*,*,#1525,.F.);
#2050=ORIENTED_EDGE('',*,*,#1526,.F.);
#2051=ORIENTED_EDGE('',*,*,#1527,.F.);
#2052=ORIENTED_EDGE('',*,*,#1528,.F.);
#2053=ORIENTED_EDGE('',*,*,#1529,.F.);
#2054=ORIENTED_EDGE('',*,*,#1530,.F.);
#2055=ORIENTED_EDGE('',*,*,#1531,.F.);
#2056=ORIENTED_EDGE('',*,*,#1532,.F.);
#2057=ORIENTED_EDGE('',*,*,#1533,.F.);
#2058=ORIENTED_EDGE('',*,*,#1534,.F.);
#2059=ORIENTED_EDGE('',*,*,#1535,.T.);
#2060=ORIENTED_EDGE('',*,*,#1536,.T.);
#2061=ORIENTED_EDGE('',*,*,#1537,.T.);
#2062=ORIENTED_EDGE('',*,*,#1538,.F.);
#2063=ORIENTED_EDGE('',*,*,#1539,.T.);
#2064=ORIENTED_EDGE('',*,*,#1540,.T.);
#2065=ORIENTED_EDGE('',*,*,#1541,.T.);
#2066=ORIENTED_EDGE('',*,*,#1542,.F.);
#2067=ORIENTED_EDGE('',*,*,#1543,.T.);
#2068=ORIENTED_EDGE('',*,*,#1544,.T.);
#2069=ORIENTED_EDGE('',*,*,#1545,.T.);
#2070=ORIENTED_EDGE('',*,*,#1546,.F.);
#2071=ORIENTED_EDGE('',*,*,#1547,.T.);
#2072=ORIENTED_EDGE('',*,*,#1548,.T.);
#2073=ORIENTED_EDGE('',*,*,#1549,.T.);
#2074=ORIENTED_EDGE('',*,*,#1550,.F.);
#2075=ORIENTED_EDGE('',*,*,#1551,.T.);
#2076=ORIENTED_EDGE('',*,*,#1552,.T.);
#2077=ORIENTED_EDGE('',*,*,#1553,.T.);
#2078=ORIENTED_EDGE('',*,*,#1554,.F.);
#2079=ORIENTED_EDGE('',*,*,#1555,.T.);
#2080=ORIENTED_EDGE('',*,*,#1556,.T.);
#2081=ORIENTED_EDGE('',*,*,#1557,.T.);
#2082=ORIENTED_EDGE('',*,*,#1558,.F.);
#2083=ORIENTED_EDGE('',*,*,#1559,.T.);
#2084=ORIENTED_EDGE('',*,*,#1560,.T.);
#2085=ORIENTED_EDGE('',*,*,#1561,.T.);
#2086=ORIENTED_EDGE('',*,*,#1562,.F.);
#2087=ORIENTED_EDGE('',*,*,#1563,.T.);
#2088=ORIENTED_EDGE('',*,*,#1564,.T.);
#2089=ORIENTED_EDGE('',*,*,#1565,.T.);
#2090=ORIENTED_EDGE('',*,*,#1540,.F.);
#2091=ORIENTED_EDGE('',*,*,#1566,.F.);
#2092=ORIENTED_EDGE('',*,*,#1403,.F.);
#2093=ORIENTED_EDGE('',*,*,#1567,.T.);
#2094=ORIENTED_EDGE('',*,*,#1541,.F.);
#2095=ORIENTED_EDGE('',*,*,#1567,.F.);
#2096=ORIENTED_EDGE('',*,*,#1402,.F.);
#2097=ORIENTED_EDGE('',*,*,#1568,.T.);
#2098=ORIENTED_EDGE('',*,*,#1539,.F.);
#2099=ORIENTED_EDGE('',*,*,#1569,.T.);
#2100=ORIENTED_EDGE('',*,*,#1404,.F.);
#2101=ORIENTED_EDGE('',*,*,#1566,.T.);
#2102=ORIENTED_EDGE('',*,*,#1568,.F.);
#2103=ORIENTED_EDGE('',*,*,#1401,.F.);
#2104=ORIENTED_EDGE('',*,*,#1570,.F.);
#2105=ORIENTED_EDGE('',*,*,#1542,.T.);
#2106=ORIENTED_EDGE('',*,*,#1569,.F.);
#2107=ORIENTED_EDGE('',*,*,#1538,.T.);
#2108=ORIENTED_EDGE('',*,*,#1571,.F.);
#2109=ORIENTED_EDGE('',*,*,#1405,.F.);
#2110=ORIENTED_EDGE('',*,*,#1544,.F.);
#2111=ORIENTED_EDGE('',*,*,#1572,.F.);
#2112=ORIENTED_EDGE('',*,*,#1399,.F.);
#2113=ORIENTED_EDGE('',*,*,#1573,.T.);
#2114=ORIENTED_EDGE('',*,*,#1545,.F.);
#2115=ORIENTED_EDGE('',*,*,#1573,.F.);
#2116=ORIENTED_EDGE('',*,*,#1398,.F.);
#2117=ORIENTED_EDGE('',*,*,#1574,.T.);
#2118=ORIENTED_EDGE('',*,*,#1543,.F.);
#2119=ORIENTED_EDGE('',*,*,#1570,.T.);
#2120=ORIENTED_EDGE('',*,*,#1400,.F.);
#2121=ORIENTED_EDGE('',*,*,#1572,.T.);
#2122=ORIENTED_EDGE('',*,*,#1574,.F.);
#2123=ORIENTED_EDGE('',*,*,#1397,.F.);
#2124=ORIENTED_EDGE('',*,*,#1575,.F.);
#2125=ORIENTED_EDGE('',*,*,#1546,.T.);
#2126=ORIENTED_EDGE('',*,*,#1548,.F.);
#2127=ORIENTED_EDGE('',*,*,#1576,.F.);
#2128=ORIENTED_EDGE('',*,*,#1395,.F.);
#2129=ORIENTED_EDGE('',*,*,#1577,.T.);
#2130=ORIENTED_EDGE('',*,*,#1549,.F.);
#2131=ORIENTED_EDGE('',*,*,#1577,.F.);
#2132=ORIENTED_EDGE('',*,*,#1394,.F.);
#2133=ORIENTED_EDGE('',*,*,#1578,.T.);
#2134=ORIENTED_EDGE('',*,*,#1547,.F.);
#2135=ORIENTED_EDGE('',*,*,#1575,.T.);
#2136=ORIENTED_EDGE('',*,*,#1396,.F.);
#2137=ORIENTED_EDGE('',*,*,#1576,.T.);
#2138=ORIENTED_EDGE('',*,*,#1578,.F.);
#2139=ORIENTED_EDGE('',*,*,#1393,.F.);
#2140=ORIENTED_EDGE('',*,*,#1579,.F.);
#2141=ORIENTED_EDGE('',*,*,#1550,.T.);
#2142=ORIENTED_EDGE('',*,*,#1552,.F.);
#2143=ORIENTED_EDGE('',*,*,#1580,.F.);
#2144=ORIENTED_EDGE('',*,*,#1391,.F.);
#2145=ORIENTED_EDGE('',*,*,#1581,.T.);
#2146=ORIENTED_EDGE('',*,*,#1553,.F.);
#2147=ORIENTED_EDGE('',*,*,#1581,.F.);
#2148=ORIENTED_EDGE('',*,*,#1390,.F.);
#2149=ORIENTED_EDGE('',*,*,#1582,.T.);
#2150=ORIENTED_EDGE('',*,*,#1551,.F.);
#2151=ORIENTED_EDGE('',*,*,#1579,.T.);
#2152=ORIENTED_EDGE('',*,*,#1392,.F.);
#2153=ORIENTED_EDGE('',*,*,#1580,.T.);
#2154=ORIENTED_EDGE('',*,*,#1582,.F.);
#2155=ORIENTED_EDGE('',*,*,#1389,.F.);
#2156=ORIENTED_EDGE('',*,*,#1583,.F.);
#2157=ORIENTED_EDGE('',*,*,#1554,.T.);
#2158=ORIENTED_EDGE('',*,*,#1556,.F.);
#2159=ORIENTED_EDGE('',*,*,#1584,.F.);
#2160=ORIENTED_EDGE('',*,*,#1387,.F.);
#2161=ORIENTED_EDGE('',*,*,#1585,.T.);
#2162=ORIENTED_EDGE('',*,*,#1557,.F.);
#2163=ORIENTED_EDGE('',*,*,#1585,.F.);
#2164=ORIENTED_EDGE('',*,*,#1386,.F.);
#2165=ORIENTED_EDGE('',*,*,#1586,.T.);
#2166=ORIENTED_EDGE('',*,*,#1555,.F.);
#2167=ORIENTED_EDGE('',*,*,#1583,.T.);
#2168=ORIENTED_EDGE('',*,*,#1388,.F.);
#2169=ORIENTED_EDGE('',*,*,#1584,.T.);
#2170=ORIENTED_EDGE('',*,*,#1586,.F.);
#2171=ORIENTED_EDGE('',*,*,#1385,.F.);
#2172=ORIENTED_EDGE('',*,*,#1587,.F.);
#2173=ORIENTED_EDGE('',*,*,#1558,.T.);
#2174=ORIENTED_EDGE('',*,*,#1560,.F.);
#2175=ORIENTED_EDGE('',*,*,#1588,.F.);
#2176=ORIENTED_EDGE('',*,*,#1383,.F.);
#2177=ORIENTED_EDGE('',*,*,#1589,.T.);
#2178=ORIENTED_EDGE('',*,*,#1561,.F.);
#2179=ORIENTED_EDGE('',*,*,#1589,.F.);
#2180=ORIENTED_EDGE('',*,*,#1382,.F.);
#2181=ORIENTED_EDGE('',*,*,#1590,.T.);
#2182=ORIENTED_EDGE('',*,*,#1559,.F.);
#2183=ORIENTED_EDGE('',*,*,#1587,.T.);
#2184=ORIENTED_EDGE('',*,*,#1384,.F.);
#2185=ORIENTED_EDGE('',*,*,#1588,.T.);
#2186=ORIENTED_EDGE('',*,*,#1590,.F.);
#2187=ORIENTED_EDGE('',*,*,#1381,.F.);
#2188=ORIENTED_EDGE('',*,*,#1591,.F.);
#2189=ORIENTED_EDGE('',*,*,#1562,.T.);
#2190=ORIENTED_EDGE('',*,*,#1564,.F.);
#2191=ORIENTED_EDGE('',*,*,#1592,.F.);
#2192=ORIENTED_EDGE('',*,*,#1379,.F.);
#2193=ORIENTED_EDGE('',*,*,#1593,.T.);
#2194=ORIENTED_EDGE('',*,*,#1565,.F.);
#2195=ORIENTED_EDGE('',*,*,#1593,.F.);
#2196=ORIENTED_EDGE('',*,*,#1378,.F.);
#2197=ORIENTED_EDGE('',*,*,#1594,.T.);
#2198=ORIENTED_EDGE('',*,*,#1563,.F.);
#2199=ORIENTED_EDGE('',*,*,#1591,.T.);
#2200=ORIENTED_EDGE('',*,*,#1380,.F.);
#2201=ORIENTED_EDGE('',*,*,#1592,.T.);
#2202=ORIENTED_EDGE('',*,*,#1594,.F.);
#2203=ORIENTED_EDGE('',*,*,#1377,.F.);
#2204=ORIENTED_EDGE('',*,*,#1595,.F.);
#2205=ORIENTED_EDGE('',*,*,#1534,.T.);
#2206=ORIENTED_EDGE('',*,*,#1536,.F.);
#2207=ORIENTED_EDGE('',*,*,#1596,.F.);
#2208=ORIENTED_EDGE('',*,*,#1407,.F.);
#2209=ORIENTED_EDGE('',*,*,#1597,.T.);
#2210=ORIENTED_EDGE('',*,*,#1537,.F.);
#2211=ORIENTED_EDGE('',*,*,#1597,.F.);
#2212=ORIENTED_EDGE('',*,*,#1406,.F.);
#2213=ORIENTED_EDGE('',*,*,#1571,.T.);
#2214=ORIENTED_EDGE('',*,*,#1535,.F.);
#2215=ORIENTED_EDGE('',*,*,#1595,.T.);
#2216=ORIENTED_EDGE('',*,*,#1408,.F.);
#2217=ORIENTED_EDGE('',*,*,#1596,.T.);
#2218=ORIENTED_EDGE('',*,*,#1371,.F.);
#2219=ORIENTED_EDGE('',*,*,#1598,.T.);
#2220=ORIENTED_EDGE('',*,*,#1508,.T.);
#2221=ORIENTED_EDGE('',*,*,#1599,.F.);
#2222=ORIENTED_EDGE('',*,*,#1370,.F.);
#2223=ORIENTED_EDGE('',*,*,#1600,.T.);
#2224=ORIENTED_EDGE('',*,*,#1509,.T.);
#2225=ORIENTED_EDGE('',*,*,#1598,.F.);
#2226=ORIENTED_EDGE('',*,*,#1372,.F.);
#2227=ORIENTED_EDGE('',*,*,#1599,.T.);
#2228=ORIENTED_EDGE('',*,*,#1507,.T.);
#2229=ORIENTED_EDGE('',*,*,#1601,.T.);
#2230=ORIENTED_EDGE('',*,*,#1600,.F.);
#2231=ORIENTED_EDGE('',*,*,#1369,.F.);
#2232=ORIENTED_EDGE('',*,*,#1602,.F.);
#2233=ORIENTED_EDGE('',*,*,#1510,.T.);
#2234=ORIENTED_EDGE('',*,*,#1601,.F.);
#2235=ORIENTED_EDGE('',*,*,#1506,.T.);
#2236=ORIENTED_EDGE('',*,*,#1603,.F.);
#2237=ORIENTED_EDGE('',*,*,#1373,.F.);
#2238=ORIENTED_EDGE('',*,*,#1367,.F.);
#2239=ORIENTED_EDGE('',*,*,#1604,.T.);
#2240=ORIENTED_EDGE('',*,*,#1512,.T.);
#2241=ORIENTED_EDGE('',*,*,#1605,.F.);
#2242=ORIENTED_EDGE('',*,*,#1366,.F.);
#2243=ORIENTED_EDGE('',*,*,#1606,.T.);
#2244=ORIENTED_EDGE('',*,*,#1513,.T.);
#2245=ORIENTED_EDGE('',*,*,#1604,.F.);
#2246=ORIENTED_EDGE('',*,*,#1368,.F.);
#2247=ORIENTED_EDGE('',*,*,#1605,.T.);
#2248=ORIENTED_EDGE('',*,*,#1511,.T.);
#2249=ORIENTED_EDGE('',*,*,#1602,.T.);
#2250=ORIENTED_EDGE('',*,*,#1606,.F.);
#2251=ORIENTED_EDGE('',*,*,#1365,.F.);
#2252=ORIENTED_EDGE('',*,*,#1607,.F.);
#2253=ORIENTED_EDGE('',*,*,#1514,.T.);
#2254=ORIENTED_EDGE('',*,*,#1363,.F.);
#2255=ORIENTED_EDGE('',*,*,#1608,.T.);
#2256=ORIENTED_EDGE('',*,*,#1516,.T.);
#2257=ORIENTED_EDGE('',*,*,#1609,.F.);
#2258=ORIENTED_EDGE('',*,*,#1362,.F.);
#2259=ORIENTED_EDGE('',*,*,#1610,.T.);
#2260=ORIENTED_EDGE('',*,*,#1517,.T.);
#2261=ORIENTED_EDGE('',*,*,#1608,.F.);
#2262=ORIENTED_EDGE('',*,*,#1364,.F.);
#2263=ORIENTED_EDGE('',*,*,#1609,.T.);
#2264=ORIENTED_EDGE('',*,*,#1515,.T.);
#2265=ORIENTED_EDGE('',*,*,#1607,.T.);
#2266=ORIENTED_EDGE('',*,*,#1610,.F.);
#2267=ORIENTED_EDGE('',*,*,#1361,.F.);
#2268=ORIENTED_EDGE('',*,*,#1611,.F.);
#2269=ORIENTED_EDGE('',*,*,#1518,.T.);
#2270=ORIENTED_EDGE('',*,*,#1359,.F.);
#2271=ORIENTED_EDGE('',*,*,#1612,.T.);
#2272=ORIENTED_EDGE('',*,*,#1520,.T.);
#2273=ORIENTED_EDGE('',*,*,#1613,.F.);
#2274=ORIENTED_EDGE('',*,*,#1358,.F.);
#2275=ORIENTED_EDGE('',*,*,#1614,.T.);
#2276=ORIENTED_EDGE('',*,*,#1521,.T.);
#2277=ORIENTED_EDGE('',*,*,#1612,.F.);
#2278=ORIENTED_EDGE('',*,*,#1360,.F.);
#2279=ORIENTED_EDGE('',*,*,#1613,.T.);
#2280=ORIENTED_EDGE('',*,*,#1519,.T.);
#2281=ORIENTED_EDGE('',*,*,#1611,.T.);
#2282=ORIENTED_EDGE('',*,*,#1614,.F.);
#2283=ORIENTED_EDGE('',*,*,#1357,.F.);
#2284=ORIENTED_EDGE('',*,*,#1615,.F.);
#2285=ORIENTED_EDGE('',*,*,#1522,.T.);
#2286=ORIENTED_EDGE('',*,*,#1355,.F.);
#2287=ORIENTED_EDGE('',*,*,#1616,.T.);
#2288=ORIENTED_EDGE('',*,*,#1524,.T.);
#2289=ORIENTED_EDGE('',*,*,#1617,.F.);
#2290=ORIENTED_EDGE('',*,*,#1354,.F.);
#2291=ORIENTED_EDGE('',*,*,#1618,.T.);
#2292=ORIENTED_EDGE('',*,*,#1525,.T.);
#2293=ORIENTED_EDGE('',*,*,#1616,.F.);
#2294=ORIENTED_EDGE('',*,*,#1356,.F.);
#2295=ORIENTED_EDGE('',*,*,#1617,.T.);
#2296=ORIENTED_EDGE('',*,*,#1523,.T.);
#2297=ORIENTED_EDGE('',*,*,#1615,.T.);
#2298=ORIENTED_EDGE('',*,*,#1618,.F.);
#2299=ORIENTED_EDGE('',*,*,#1353,.F.);
#2300=ORIENTED_EDGE('',*,*,#1619,.F.);
#2301=ORIENTED_EDGE('',*,*,#1526,.T.);
#2302=ORIENTED_EDGE('',*,*,#1351,.F.);
#2303=ORIENTED_EDGE('',*,*,#1620,.T.);
#2304=ORIENTED_EDGE('',*,*,#1528,.T.);
#2305=ORIENTED_EDGE('',*,*,#1621,.F.);
#2306=ORIENTED_EDGE('',*,*,#1350,.F.);
#2307=ORIENTED_EDGE('',*,*,#1622,.T.);
#2308=ORIENTED_EDGE('',*,*,#1529,.T.);
#2309=ORIENTED_EDGE('',*,*,#1620,.F.);
#2310=ORIENTED_EDGE('',*,*,#1352,.F.);
#2311=ORIENTED_EDGE('',*,*,#1621,.T.);
#2312=ORIENTED_EDGE('',*,*,#1527,.T.);
#2313=ORIENTED_EDGE('',*,*,#1619,.T.);
#2314=ORIENTED_EDGE('',*,*,#1622,.F.);
#2315=ORIENTED_EDGE('',*,*,#1349,.F.);
#2316=ORIENTED_EDGE('',*,*,#1623,.F.);
#2317=ORIENTED_EDGE('',*,*,#1530,.T.);
#2318=ORIENTED_EDGE('',*,*,#1347,.F.);
#2319=ORIENTED_EDGE('',*,*,#1624,.T.);
#2320=ORIENTED_EDGE('',*,*,#1532,.T.);
#2321=ORIENTED_EDGE('',*,*,#1625,.F.);
#2322=ORIENTED_EDGE('',*,*,#1346,.F.);
#2323=ORIENTED_EDGE('',*,*,#1626,.T.);
#2324=ORIENTED_EDGE('',*,*,#1533,.T.);
#2325=ORIENTED_EDGE('',*,*,#1624,.F.);
#2326=ORIENTED_EDGE('',*,*,#1348,.F.);
#2327=ORIENTED_EDGE('',*,*,#1625,.T.);
#2328=ORIENTED_EDGE('',*,*,#1531,.T.);
#2329=ORIENTED_EDGE('',*,*,#1623,.T.);
#2330=ORIENTED_EDGE('',*,*,#1626,.F.);
#2331=ORIENTED_EDGE('',*,*,#1345,.F.);
#2332=ORIENTED_EDGE('',*,*,#1627,.F.);
#2333=ORIENTED_EDGE('',*,*,#1502,.T.);
#2334=ORIENTED_EDGE('',*,*,#1375,.F.);
#2335=ORIENTED_EDGE('',*,*,#1628,.T.);
#2336=ORIENTED_EDGE('',*,*,#1504,.T.);
#2337=ORIENTED_EDGE('',*,*,#1629,.F.);
#2338=ORIENTED_EDGE('',*,*,#1374,.F.);
#2339=ORIENTED_EDGE('',*,*,#1603,.T.);
#2340=ORIENTED_EDGE('',*,*,#1505,.T.);
#2341=ORIENTED_EDGE('',*,*,#1628,.F.);
#2342=ORIENTED_EDGE('',*,*,#1376,.F.);
#2343=ORIENTED_EDGE('',*,*,#1629,.T.);
#2344=ORIENTED_EDGE('',*,*,#1503,.T.);
#2345=ORIENTED_EDGE('',*,*,#1627,.T.);
#2346=ORIENTED_EDGE('',*,*,#1464,.T.);
#2347=ORIENTED_EDGE('',*,*,#1630,.F.);
#2348=ORIENTED_EDGE('',*,*,#1287,.T.);
#2349=ORIENTED_EDGE('',*,*,#1631,.T.);
#2350=ORIENTED_EDGE('',*,*,#1463,.T.);
#2351=ORIENTED_EDGE('',*,*,#1632,.F.);
#2352=ORIENTED_EDGE('',*,*,#1288,.T.);
#2353=ORIENTED_EDGE('',*,*,#1630,.T.);
#2354=ORIENTED_EDGE('',*,*,#1465,.T.);
#2355=ORIENTED_EDGE('',*,*,#1631,.F.);
#2356=ORIENTED_EDGE('',*,*,#1286,.T.);
#2357=ORIENTED_EDGE('',*,*,#1633,.F.);
#2358=ORIENTED_EDGE('',*,*,#1632,.T.);
#2359=ORIENTED_EDGE('',*,*,#1462,.F.);
#2360=ORIENTED_EDGE('',*,*,#1634,.T.);
#2361=ORIENTED_EDGE('',*,*,#1289,.T.);
#2362=ORIENTED_EDGE('',*,*,#1633,.T.);
#2363=ORIENTED_EDGE('',*,*,#1285,.T.);
#2364=ORIENTED_EDGE('',*,*,#1635,.T.);
#2365=ORIENTED_EDGE('',*,*,#1466,.F.);
#2366=ORIENTED_EDGE('',*,*,#1460,.T.);
#2367=ORIENTED_EDGE('',*,*,#1636,.F.);
#2368=ORIENTED_EDGE('',*,*,#1291,.T.);
#2369=ORIENTED_EDGE('',*,*,#1637,.T.);
#2370=ORIENTED_EDGE('',*,*,#1459,.T.);
#2371=ORIENTED_EDGE('',*,*,#1638,.F.);
#2372=ORIENTED_EDGE('',*,*,#1292,.T.);
#2373=ORIENTED_EDGE('',*,*,#1636,.T.);
#2374=ORIENTED_EDGE('',*,*,#1461,.T.);
#2375=ORIENTED_EDGE('',*,*,#1637,.F.);
#2376=ORIENTED_EDGE('',*,*,#1290,.T.);
#2377=ORIENTED_EDGE('',*,*,#1634,.F.);
#2378=ORIENTED_EDGE('',*,*,#1638,.T.);
#2379=ORIENTED_EDGE('',*,*,#1458,.F.);
#2380=ORIENTED_EDGE('',*,*,#1639,.T.);
#2381=ORIENTED_EDGE('',*,*,#1293,.T.);
#2382=ORIENTED_EDGE('',*,*,#1456,.T.);
#2383=ORIENTED_EDGE('',*,*,#1640,.F.);
#2384=ORIENTED_EDGE('',*,*,#1295,.T.);
#2385=ORIENTED_EDGE('',*,*,#1641,.T.);
#2386=ORIENTED_EDGE('',*,*,#1455,.T.);
#2387=ORIENTED_EDGE('',*,*,#1642,.F.);
#2388=ORIENTED_EDGE('',*,*,#1296,.T.);
#2389=ORIENTED_EDGE('',*,*,#1640,.T.);
#2390=ORIENTED_EDGE('',*,*,#1457,.T.);
#2391=ORIENTED_EDGE('',*,*,#1641,.F.);
#2392=ORIENTED_EDGE('',*,*,#1294,.T.);
#2393=ORIENTED_EDGE('',*,*,#1639,.F.);
#2394=ORIENTED_EDGE('',*,*,#1642,.T.);
#2395=ORIENTED_EDGE('',*,*,#1454,.F.);
#2396=ORIENTED_EDGE('',*,*,#1643,.T.);
#2397=ORIENTED_EDGE('',*,*,#1297,.T.);
#2398=ORIENTED_EDGE('',*,*,#1452,.T.);
#2399=ORIENTED_EDGE('',*,*,#1644,.F.);
#2400=ORIENTED_EDGE('',*,*,#1299,.T.);
#2401=ORIENTED_EDGE('',*,*,#1645,.T.);
#2402=ORIENTED_EDGE('',*,*,#1451,.T.);
#2403=ORIENTED_EDGE('',*,*,#1646,.F.);
#2404=ORIENTED_EDGE('',*,*,#1300,.T.);
#2405=ORIENTED_EDGE('',*,*,#1644,.T.);
#2406=ORIENTED_EDGE('',*,*,#1453,.T.);
#2407=ORIENTED_EDGE('',*,*,#1645,.F.);
#2408=ORIENTED_EDGE('',*,*,#1298,.T.);
#2409=ORIENTED_EDGE('',*,*,#1643,.F.);
#2410=ORIENTED_EDGE('',*,*,#1646,.T.);
#2411=ORIENTED_EDGE('',*,*,#1450,.F.);
#2412=ORIENTED_EDGE('',*,*,#1647,.T.);
#2413=ORIENTED_EDGE('',*,*,#1301,.T.);
#2414=ORIENTED_EDGE('',*,*,#1448,.T.);
#2415=ORIENTED_EDGE('',*,*,#1648,.F.);
#2416=ORIENTED_EDGE('',*,*,#1303,.T.);
#2417=ORIENTED_EDGE('',*,*,#1649,.T.);
#2418=ORIENTED_EDGE('',*,*,#1447,.T.);
#2419=ORIENTED_EDGE('',*,*,#1650,.F.);
#2420=ORIENTED_EDGE('',*,*,#1304,.T.);
#2421=ORIENTED_EDGE('',*,*,#1648,.T.);
#2422=ORIENTED_EDGE('',*,*,#1449,.T.);
#2423=ORIENTED_EDGE('',*,*,#1649,.F.);
#2424=ORIENTED_EDGE('',*,*,#1302,.T.);
#2425=ORIENTED_EDGE('',*,*,#1647,.F.);
#2426=ORIENTED_EDGE('',*,*,#1650,.T.);
#2427=ORIENTED_EDGE('',*,*,#1446,.F.);
#2428=ORIENTED_EDGE('',*,*,#1651,.T.);
#2429=ORIENTED_EDGE('',*,*,#1305,.T.);
#2430=ORIENTED_EDGE('',*,*,#1444,.T.);
#2431=ORIENTED_EDGE('',*,*,#1652,.F.);
#2432=ORIENTED_EDGE('',*,*,#1307,.T.);
#2433=ORIENTED_EDGE('',*,*,#1653,.T.);
#2434=ORIENTED_EDGE('',*,*,#1443,.T.);
#2435=ORIENTED_EDGE('',*,*,#1654,.F.);
#2436=ORIENTED_EDGE('',*,*,#1308,.T.);
#2437=ORIENTED_EDGE('',*,*,#1652,.T.);
#2438=ORIENTED_EDGE('',*,*,#1445,.T.);
#2439=ORIENTED_EDGE('',*,*,#1653,.F.);
#2440=ORIENTED_EDGE('',*,*,#1306,.T.);
#2441=ORIENTED_EDGE('',*,*,#1651,.F.);
#2442=ORIENTED_EDGE('',*,*,#1654,.T.);
#2443=ORIENTED_EDGE('',*,*,#1442,.F.);
#2444=ORIENTED_EDGE('',*,*,#1655,.T.);
#2445=ORIENTED_EDGE('',*,*,#1309,.T.);
#2446=ORIENTED_EDGE('',*,*,#1440,.T.);
#2447=ORIENTED_EDGE('',*,*,#1656,.F.);
#2448=ORIENTED_EDGE('',*,*,#1311,.T.);
#2449=ORIENTED_EDGE('',*,*,#1657,.T.);
#2450=ORIENTED_EDGE('',*,*,#1439,.T.);
#2451=ORIENTED_EDGE('',*,*,#1658,.F.);
#2452=ORIENTED_EDGE('',*,*,#1312,.T.);
#2453=ORIENTED_EDGE('',*,*,#1656,.T.);
#2454=ORIENTED_EDGE('',*,*,#1441,.T.);
#2455=ORIENTED_EDGE('',*,*,#1657,.F.);
#2456=ORIENTED_EDGE('',*,*,#1310,.T.);
#2457=ORIENTED_EDGE('',*,*,#1655,.F.);
#2458=ORIENTED_EDGE('',*,*,#1658,.T.);
#2459=ORIENTED_EDGE('',*,*,#1438,.F.);
#2460=ORIENTED_EDGE('',*,*,#1659,.T.);
#2461=ORIENTED_EDGE('',*,*,#1281,.T.);
#2462=ORIENTED_EDGE('',*,*,#1468,.T.);
#2463=ORIENTED_EDGE('',*,*,#1660,.F.);
#2464=ORIENTED_EDGE('',*,*,#1283,.T.);
#2465=ORIENTED_EDGE('',*,*,#1661,.T.);
#2466=ORIENTED_EDGE('',*,*,#1467,.T.);
#2467=ORIENTED_EDGE('',*,*,#1635,.F.);
#2468=ORIENTED_EDGE('',*,*,#1284,.T.);
#2469=ORIENTED_EDGE('',*,*,#1660,.T.);
#2470=ORIENTED_EDGE('',*,*,#1469,.T.);
#2471=ORIENTED_EDGE('',*,*,#1661,.F.);
#2472=ORIENTED_EDGE('',*,*,#1282,.T.);
#2473=ORIENTED_EDGE('',*,*,#1659,.F.);
#2474=ORIENTED_EDGE('',*,*,#1319,.T.);
#2475=ORIENTED_EDGE('',*,*,#1662,.T.);
#2476=ORIENTED_EDGE('',*,*,#1496,.F.);
#2477=ORIENTED_EDGE('',*,*,#1663,.F.);
#2478=ORIENTED_EDGE('',*,*,#1320,.T.);
#2479=ORIENTED_EDGE('',*,*,#1663,.T.);
#2480=ORIENTED_EDGE('',*,*,#1495,.F.);
#2481=ORIENTED_EDGE('',*,*,#1664,.F.);
#2482=ORIENTED_EDGE('',*,*,#1318,.T.);
#2483=ORIENTED_EDGE('',*,*,#1665,.F.);
#2484=ORIENTED_EDGE('',*,*,#1497,.F.);
#2485=ORIENTED_EDGE('',*,*,#1662,.F.);
#2486=ORIENTED_EDGE('',*,*,#1664,.T.);
#2487=ORIENTED_EDGE('',*,*,#1494,.F.);
#2488=ORIENTED_EDGE('',*,*,#1666,.T.);
#2489=ORIENTED_EDGE('',*,*,#1321,.T.);
#2490=ORIENTED_EDGE('',*,*,#1665,.T.);
#2491=ORIENTED_EDGE('',*,*,#1317,.T.);
#2492=ORIENTED_EDGE('',*,*,#1667,.T.);
#2493=ORIENTED_EDGE('',*,*,#1498,.F.);
#2494=ORIENTED_EDGE('',*,*,#1323,.T.);
#2495=ORIENTED_EDGE('',*,*,#1668,.T.);
#2496=ORIENTED_EDGE('',*,*,#1492,.F.);
#2497=ORIENTED_EDGE('',*,*,#1669,.F.);
#2498=ORIENTED_EDGE('',*,*,#1324,.T.);
#2499=ORIENTED_EDGE('',*,*,#1669,.T.);
#2500=ORIENTED_EDGE('',*,*,#1491,.F.);
#2501=ORIENTED_EDGE('',*,*,#1670,.F.);
#2502=ORIENTED_EDGE('',*,*,#1322,.T.);
#2503=ORIENTED_EDGE('',*,*,#1666,.F.);
#2504=ORIENTED_EDGE('',*,*,#1493,.F.);
#2505=ORIENTED_EDGE('',*,*,#1668,.F.);
#2506=ORIENTED_EDGE('',*,*,#1670,.T.);
#2507=ORIENTED_EDGE('',*,*,#1490,.F.);
#2508=ORIENTED_EDGE('',*,*,#1671,.T.);
#2509=ORIENTED_EDGE('',*,*,#1325,.T.);
#2510=ORIENTED_EDGE('',*,*,#1327,.T.);
#2511=ORIENTED_EDGE('',*,*,#1672,.T.);
#2512=ORIENTED_EDGE('',*,*,#1488,.F.);
#2513=ORIENTED_EDGE('',*,*,#1673,.F.);
#2514=ORIENTED_EDGE('',*,*,#1328,.T.);
#2515=ORIENTED_EDGE('',*,*,#1673,.T.);
#2516=ORIENTED_EDGE('',*,*,#1487,.F.);
#2517=ORIENTED_EDGE('',*,*,#1674,.F.);
#2518=ORIENTED_EDGE('',*,*,#1326,.T.);
#2519=ORIENTED_EDGE('',*,*,#1671,.F.);
#2520=ORIENTED_EDGE('',*,*,#1489,.F.);
#2521=ORIENTED_EDGE('',*,*,#1672,.F.);
#2522=ORIENTED_EDGE('',*,*,#1674,.T.);
#2523=ORIENTED_EDGE('',*,*,#1486,.F.);
#2524=ORIENTED_EDGE('',*,*,#1675,.T.);
#2525=ORIENTED_EDGE('',*,*,#1329,.T.);
#2526=ORIENTED_EDGE('',*,*,#1331,.T.);
#2527=ORIENTED_EDGE('',*,*,#1676,.T.);
#2528=ORIENTED_EDGE('',*,*,#1484,.F.);
#2529=ORIENTED_EDGE('',*,*,#1677,.F.);
#2530=ORIENTED_EDGE('',*,*,#1332,.T.);
#2531=ORIENTED_EDGE('',*,*,#1677,.T.);
#2532=ORIENTED_EDGE('',*,*,#1483,.F.);
#2533=ORIENTED_EDGE('',*,*,#1678,.F.);
#2534=ORIENTED_EDGE('',*,*,#1330,.T.);
#2535=ORIENTED_EDGE('',*,*,#1675,.F.);
#2536=ORIENTED_EDGE('',*,*,#1485,.F.);
#2537=ORIENTED_EDGE('',*,*,#1676,.F.);
#2538=ORIENTED_EDGE('',*,*,#1678,.T.);
#2539=ORIENTED_EDGE('',*,*,#1482,.F.);
#2540=ORIENTED_EDGE('',*,*,#1679,.T.);
#2541=ORIENTED_EDGE('',*,*,#1333,.T.);
#2542=ORIENTED_EDGE('',*,*,#1335,.T.);
#2543=ORIENTED_EDGE('',*,*,#1680,.T.);
#2544=ORIENTED_EDGE('',*,*,#1480,.F.);
#2545=ORIENTED_EDGE('',*,*,#1681,.F.);
#2546=ORIENTED_EDGE('',*,*,#1336,.T.);
#2547=ORIENTED_EDGE('',*,*,#1681,.T.);
#2548=ORIENTED_EDGE('',*,*,#1479,.F.);
#2549=ORIENTED_EDGE('',*,*,#1682,.F.);
#2550=ORIENTED_EDGE('',*,*,#1334,.T.);
#2551=ORIENTED_EDGE('',*,*,#1679,.F.);
#2552=ORIENTED_EDGE('',*,*,#1481,.F.);
#2553=ORIENTED_EDGE('',*,*,#1680,.F.);
#2554=ORIENTED_EDGE('',*,*,#1682,.T.);
#2555=ORIENTED_EDGE('',*,*,#1478,.F.);
#2556=ORIENTED_EDGE('',*,*,#1683,.T.);
#2557=ORIENTED_EDGE('',*,*,#1337,.T.);
#2558=ORIENTED_EDGE('',*,*,#1339,.T.);
#2559=ORIENTED_EDGE('',*,*,#1684,.T.);
#2560=ORIENTED_EDGE('',*,*,#1476,.F.);
#2561=ORIENTED_EDGE('',*,*,#1685,.F.);
#2562=ORIENTED_EDGE('',*,*,#1340,.T.);
#2563=ORIENTED_EDGE('',*,*,#1685,.T.);
#2564=ORIENTED_EDGE('',*,*,#1475,.F.);
#2565=ORIENTED_EDGE('',*,*,#1686,.F.);
#2566=ORIENTED_EDGE('',*,*,#1338,.T.);
#2567=ORIENTED_EDGE('',*,*,#1683,.F.);
#2568=ORIENTED_EDGE('',*,*,#1477,.F.);
#2569=ORIENTED_EDGE('',*,*,#1684,.F.);
#2570=ORIENTED_EDGE('',*,*,#1686,.T.);
#2571=ORIENTED_EDGE('',*,*,#1474,.F.);
#2572=ORIENTED_EDGE('',*,*,#1687,.T.);
#2573=ORIENTED_EDGE('',*,*,#1341,.T.);
#2574=ORIENTED_EDGE('',*,*,#1343,.T.);
#2575=ORIENTED_EDGE('',*,*,#1688,.T.);
#2576=ORIENTED_EDGE('',*,*,#1472,.F.);
#2577=ORIENTED_EDGE('',*,*,#1689,.F.);
#2578=ORIENTED_EDGE('',*,*,#1344,.T.);
#2579=ORIENTED_EDGE('',*,*,#1689,.T.);
#2580=ORIENTED_EDGE('',*,*,#1471,.F.);
#2581=ORIENTED_EDGE('',*,*,#1690,.F.);
#2582=ORIENTED_EDGE('',*,*,#1342,.T.);
#2583=ORIENTED_EDGE('',*,*,#1687,.F.);
#2584=ORIENTED_EDGE('',*,*,#1473,.F.);
#2585=ORIENTED_EDGE('',*,*,#1688,.F.);
#2586=ORIENTED_EDGE('',*,*,#1690,.T.);
#2587=ORIENTED_EDGE('',*,*,#1470,.F.);
#2588=ORIENTED_EDGE('',*,*,#1691,.T.);
#2589=ORIENTED_EDGE('',*,*,#1313,.T.);
#2590=ORIENTED_EDGE('',*,*,#1315,.T.);
#2591=ORIENTED_EDGE('',*,*,#1692,.T.);
#2592=ORIENTED_EDGE('',*,*,#1500,.F.);
#2593=ORIENTED_EDGE('',*,*,#1693,.F.);
#2594=ORIENTED_EDGE('',*,*,#1316,.T.);
#2595=ORIENTED_EDGE('',*,*,#1693,.T.);
#2596=ORIENTED_EDGE('',*,*,#1499,.F.);
#2597=ORIENTED_EDGE('',*,*,#1667,.F.);
#2598=ORIENTED_EDGE('',*,*,#1314,.T.);
#2599=ORIENTED_EDGE('',*,*,#1691,.F.);
#2600=ORIENTED_EDGE('',*,*,#1501,.F.);
#2601=ORIENTED_EDGE('',*,*,#1692,.F.);
#2602=EDGE_LOOP('',(#1694,#1695,#1696,#1697));
#2603=EDGE_LOOP('',(#1698,#1699,#1700,#1701));
#2604=EDGE_LOOP('',(#1702,#1703,#1704,#1705));
#2605=EDGE_LOOP('',(#1706,#1707,#1708,#1709));
#2606=EDGE_LOOP('',(#1710,#1711,#1712,#1713));
#2607=EDGE_LOOP('',(#1714,#1715,#1716,#1717));
#2608=EDGE_LOOP('',(#1718,#1719,#1720,#1721));
#2609=EDGE_LOOP('',(#1722,#1723,#1724,#1725));
#2610=EDGE_LOOP('',(#1726,#1727,#1728,#1729));
#2611=EDGE_LOOP('',(#1730,#1731,#1732,#1733));
#2612=EDGE_LOOP('',(#1734,#1735,#1736,#1737));
#2613=EDGE_LOOP('',(#1738,#1739,#1740,#1741));
#2614=EDGE_LOOP('',(#1742,#1743,#1744,#1745));
#2615=EDGE_LOOP('',(#1746,#1747,#1748,#1749));
#2616=EDGE_LOOP('',(#1750,#1751,#1752,#1753));
#2617=EDGE_LOOP('',(#1754,#1755,#1756,#1757,#1758,#1759,#1760,#1761,#1762,
#1763));
#2618=EDGE_LOOP('',(#1764,#1765,#1766,#1767,#1768,#1769,#1770,#1771,#1772,
#1773,#1774,#1775,#1776,#1777,#1778,#1779,#1780,#1781,#1782,#1783,#1784,
#1785,#1786,#1787,#1788,#1789,#1790,#1791,#1792,#1793,#1794,#1795));
#2619=EDGE_LOOP('',(#1796,#1797,#1798,#1799,#1800,#1801,#1802,#1803,#1804,
#1805,#1806,#1807,#1808,#1809,#1810,#1811,#1812,#1813,#1814,#1815,#1816,
#1817,#1818,#1819,#1820,#1821,#1822,#1823,#1824,#1825,#1826,#1827));
#2620=EDGE_LOOP('',(#1828,#1829,#1830,#1831,#1832,#1833,#1834,#1835,#1836,
#1837,#1838,#1839,#1840,#1841,#1842,#1843,#1844,#1845,#1846,#1847,#1848,
#1849,#1850,#1851,#1852,#1853,#1854,#1855,#1856,#1857,#1858,#1859));
#2621=EDGE_LOOP('',(#1860,#1861,#1862,#1863,#1864,#1865,#1866,#1867,#1868,
#1869,#1870,#1871,#1872,#1873,#1874,#1875,#1876,#1877,#1878,#1879,#1880,
#1881,#1882,#1883,#1884,#1885,#1886,#1887,#1888,#1889,#1890,#1891));
#2622=EDGE_LOOP('',(#1892,#1893,#1894,#1895));
#2623=EDGE_LOOP('',(#1896,#1897,#1898,#1899));
#2624=EDGE_LOOP('',(#1900,#1901,#1902,#1903));
#2625=EDGE_LOOP('',(#1904,#1905,#1906,#1907));
#2626=EDGE_LOOP('',(#1908,#1909,#1910,#1911));
#2627=EDGE_LOOP('',(#1912,#1913,#1914,#1915));
#2628=EDGE_LOOP('',(#1916,#1917,#1918,#1919));
#2629=EDGE_LOOP('',(#1920,#1921,#1922,#1923));
#2630=EDGE_LOOP('',(#1924,#1925,#1926,#1927));
#2631=EDGE_LOOP('',(#1928,#1929,#1930,#1931));
#2632=EDGE_LOOP('',(#1932,#1933,#1934,#1935));
#2633=EDGE_LOOP('',(#1936,#1937,#1938,#1939));
#2634=EDGE_LOOP('',(#1940,#1941,#1942,#1943));
#2635=EDGE_LOOP('',(#1944,#1945,#1946,#1947));
#2636=EDGE_LOOP('',(#1948,#1949,#1950,#1951));
#2637=EDGE_LOOP('',(#1952,#1953,#1954,#1955,#1956,#1957,#1958,#1959,#1960,
#1961));
#2638=EDGE_LOOP('',(#1962,#1963,#1964,#1965,#1966,#1967,#1968,#1969,#1970,
#1971,#1972,#1973,#1974,#1975,#1976,#1977,#1978,#1979,#1980,#1981,#1982,
#1983,#1984,#1985,#1986,#1987,#1988,#1989,#1990,#1991,#1992,#1993));
#2639=EDGE_LOOP('',(#1994,#1995,#1996,#1997,#1998,#1999,#2000,#2001,#2002,
#2003,#2004,#2005,#2006,#2007,#2008,#2009,#2010,#2011,#2012,#2013,#2014,
#2015,#2016,#2017,#2018,#2019,#2020,#2021,#2022,#2023,#2024,#2025));
#2640=EDGE_LOOP('',(#2026,#2027,#2028,#2029,#2030,#2031,#2032,#2033,#2034,
#2035,#2036,#2037,#2038,#2039,#2040,#2041,#2042,#2043,#2044,#2045,#2046,
#2047,#2048,#2049,#2050,#2051,#2052,#2053,#2054,#2055,#2056,#2057));
#2641=EDGE_LOOP('',(#2058,#2059,#2060,#2061,#2062,#2063,#2064,#2065,#2066,
#2067,#2068,#2069,#2070,#2071,#2072,#2073,#2074,#2075,#2076,#2077,#2078,
#2079,#2080,#2081,#2082,#2083,#2084,#2085,#2086,#2087,#2088,#2089));
#2642=EDGE_LOOP('',(#2090,#2091,#2092,#2093));
#2643=EDGE_LOOP('',(#2094,#2095,#2096,#2097));
#2644=EDGE_LOOP('',(#2098,#2099,#2100,#2101));
#2645=EDGE_LOOP('',(#2102,#2103,#2104,#2105));
#2646=EDGE_LOOP('',(#2106,#2107,#2108,#2109));
#2647=EDGE_LOOP('',(#2110,#2111,#2112,#2113));
#2648=EDGE_LOOP('',(#2114,#2115,#2116,#2117));
#2649=EDGE_LOOP('',(#2118,#2119,#2120,#2121));
#2650=EDGE_LOOP('',(#2122,#2123,#2124,#2125));
#2651=EDGE_LOOP('',(#2126,#2127,#2128,#2129));
#2652=EDGE_LOOP('',(#2130,#2131,#2132,#2133));
#2653=EDGE_LOOP('',(#2134,#2135,#2136,#2137));
#2654=EDGE_LOOP('',(#2138,#2139,#2140,#2141));
#2655=EDGE_LOOP('',(#2142,#2143,#2144,#2145));
#2656=EDGE_LOOP('',(#2146,#2147,#2148,#2149));
#2657=EDGE_LOOP('',(#2150,#2151,#2152,#2153));
#2658=EDGE_LOOP('',(#2154,#2155,#2156,#2157));
#2659=EDGE_LOOP('',(#2158,#2159,#2160,#2161));
#2660=EDGE_LOOP('',(#2162,#2163,#2164,#2165));
#2661=EDGE_LOOP('',(#2166,#2167,#2168,#2169));
#2662=EDGE_LOOP('',(#2170,#2171,#2172,#2173));
#2663=EDGE_LOOP('',(#2174,#2175,#2176,#2177));
#2664=EDGE_LOOP('',(#2178,#2179,#2180,#2181));
#2665=EDGE_LOOP('',(#2182,#2183,#2184,#2185));
#2666=EDGE_LOOP('',(#2186,#2187,#2188,#2189));
#2667=EDGE_LOOP('',(#2190,#2191,#2192,#2193));
#2668=EDGE_LOOP('',(#2194,#2195,#2196,#2197));
#2669=EDGE_LOOP('',(#2198,#2199,#2200,#2201));
#2670=EDGE_LOOP('',(#2202,#2203,#2204,#2205));
#2671=EDGE_LOOP('',(#2206,#2207,#2208,#2209));
#2672=EDGE_LOOP('',(#2210,#2211,#2212,#2213));
#2673=EDGE_LOOP('',(#2214,#2215,#2216,#2217));
#2674=EDGE_LOOP('',(#2218,#2219,#2220,#2221));
#2675=EDGE_LOOP('',(#2222,#2223,#2224,#2225));
#2676=EDGE_LOOP('',(#2226,#2227,#2228,#2229));
#2677=EDGE_LOOP('',(#2230,#2231,#2232,#2233));
#2678=EDGE_LOOP('',(#2234,#2235,#2236,#2237));
#2679=EDGE_LOOP('',(#2238,#2239,#2240,#2241));
#2680=EDGE_LOOP('',(#2242,#2243,#2244,#2245));
#2681=EDGE_LOOP('',(#2246,#2247,#2248,#2249));
#2682=EDGE_LOOP('',(#2250,#2251,#2252,#2253));
#2683=EDGE_LOOP('',(#2254,#2255,#2256,#2257));
#2684=EDGE_LOOP('',(#2258,#2259,#2260,#2261));
#2685=EDGE_LOOP('',(#2262,#2263,#2264,#2265));
#2686=EDGE_LOOP('',(#2266,#2267,#2268,#2269));
#2687=EDGE_LOOP('',(#2270,#2271,#2272,#2273));
#2688=EDGE_LOOP('',(#2274,#2275,#2276,#2277));
#2689=EDGE_LOOP('',(#2278,#2279,#2280,#2281));
#2690=EDGE_LOOP('',(#2282,#2283,#2284,#2285));
#2691=EDGE_LOOP('',(#2286,#2287,#2288,#2289));
#2692=EDGE_LOOP('',(#2290,#2291,#2292,#2293));
#2693=EDGE_LOOP('',(#2294,#2295,#2296,#2297));
#2694=EDGE_LOOP('',(#2298,#2299,#2300,#2301));
#2695=EDGE_LOOP('',(#2302,#2303,#2304,#2305));
#2696=EDGE_LOOP('',(#2306,#2307,#2308,#2309));
#2697=EDGE_LOOP('',(#2310,#2311,#2312,#2313));
#2698=EDGE_LOOP('',(#2314,#2315,#2316,#2317));
#2699=EDGE_LOOP('',(#2318,#2319,#2320,#2321));
#2700=EDGE_LOOP('',(#2322,#2323,#2324,#2325));
#2701=EDGE_LOOP('',(#2326,#2327,#2328,#2329));
#2702=EDGE_LOOP('',(#2330,#2331,#2332,#2333));
#2703=EDGE_LOOP('',(#2334,#2335,#2336,#2337));
#2704=EDGE_LOOP('',(#2338,#2339,#2340,#2341));
#2705=EDGE_LOOP('',(#2342,#2343,#2344,#2345));
#2706=EDGE_LOOP('',(#2346,#2347,#2348,#2349));
#2707=EDGE_LOOP('',(#2350,#2351,#2352,#2353));
#2708=EDGE_LOOP('',(#2354,#2355,#2356,#2357));
#2709=EDGE_LOOP('',(#2358,#2359,#2360,#2361));
#2710=EDGE_LOOP('',(#2362,#2363,#2364,#2365));
#2711=EDGE_LOOP('',(#2366,#2367,#2368,#2369));
#2712=EDGE_LOOP('',(#2370,#2371,#2372,#2373));
#2713=EDGE_LOOP('',(#2374,#2375,#2376,#2377));
#2714=EDGE_LOOP('',(#2378,#2379,#2380,#2381));
#2715=EDGE_LOOP('',(#2382,#2383,#2384,#2385));
#2716=EDGE_LOOP('',(#2386,#2387,#2388,#2389));
#2717=EDGE_LOOP('',(#2390,#2391,#2392,#2393));
#2718=EDGE_LOOP('',(#2394,#2395,#2396,#2397));
#2719=EDGE_LOOP('',(#2398,#2399,#2400,#2401));
#2720=EDGE_LOOP('',(#2402,#2403,#2404,#2405));
#2721=EDGE_LOOP('',(#2406,#2407,#2408,#2409));
#2722=EDGE_LOOP('',(#2410,#2411,#2412,#2413));
#2723=EDGE_LOOP('',(#2414,#2415,#2416,#2417));
#2724=EDGE_LOOP('',(#2418,#2419,#2420,#2421));
#2725=EDGE_LOOP('',(#2422,#2423,#2424,#2425));
#2726=EDGE_LOOP('',(#2426,#2427,#2428,#2429));
#2727=EDGE_LOOP('',(#2430,#2431,#2432,#2433));
#2728=EDGE_LOOP('',(#2434,#2435,#2436,#2437));
#2729=EDGE_LOOP('',(#2438,#2439,#2440,#2441));
#2730=EDGE_LOOP('',(#2442,#2443,#2444,#2445));
#2731=EDGE_LOOP('',(#2446,#2447,#2448,#2449));
#2732=EDGE_LOOP('',(#2450,#2451,#2452,#2453));
#2733=EDGE_LOOP('',(#2454,#2455,#2456,#2457));
#2734=EDGE_LOOP('',(#2458,#2459,#2460,#2461));
#2735=EDGE_LOOP('',(#2462,#2463,#2464,#2465));
#2736=EDGE_LOOP('',(#2466,#2467,#2468,#2469));
#2737=EDGE_LOOP('',(#2470,#2471,#2472,#2473));
#2738=EDGE_LOOP('',(#2474,#2475,#2476,#2477));
#2739=EDGE_LOOP('',(#2478,#2479,#2480,#2481));
#2740=EDGE_LOOP('',(#2482,#2483,#2484,#2485));
#2741=EDGE_LOOP('',(#2486,#2487,#2488,#2489));
#2742=EDGE_LOOP('',(#2490,#2491,#2492,#2493));
#2743=EDGE_LOOP('',(#2494,#2495,#2496,#2497));
#2744=EDGE_LOOP('',(#2498,#2499,#2500,#2501));
#2745=EDGE_LOOP('',(#2502,#2503,#2504,#2505));
#2746=EDGE_LOOP('',(#2506,#2507,#2508,#2509));
#2747=EDGE_LOOP('',(#2510,#2511,#2512,#2513));
#2748=EDGE_LOOP('',(#2514,#2515,#2516,#2517));
#2749=EDGE_LOOP('',(#2518,#2519,#2520,#2521));
#2750=EDGE_LOOP('',(#2522,#2523,#2524,#2525));
#2751=EDGE_LOOP('',(#2526,#2527,#2528,#2529));
#2752=EDGE_LOOP('',(#2530,#2531,#2532,#2533));
#2753=EDGE_LOOP('',(#2534,#2535,#2536,#2537));
#2754=EDGE_LOOP('',(#2538,#2539,#2540,#2541));
#2755=EDGE_LOOP('',(#2542,#2543,#2544,#2545));
#2756=EDGE_LOOP('',(#2546,#2547,#2548,#2549));
#2757=EDGE_LOOP('',(#2550,#2551,#2552,#2553));
#2758=EDGE_LOOP('',(#2554,#2555,#2556,#2557));
#2759=EDGE_LOOP('',(#2558,#2559,#2560,#2561));
#2760=EDGE_LOOP('',(#2562,#2563,#2564,#2565));
#2761=EDGE_LOOP('',(#2566,#2567,#2568,#2569));
#2762=EDGE_LOOP('',(#2570,#2571,#2572,#2573));
#2763=EDGE_LOOP('',(#2574,#2575,#2576,#2577));
#2764=EDGE_LOOP('',(#2578,#2579,#2580,#2581));
#2765=EDGE_LOOP('',(#2582,#2583,#2584,#2585));
#2766=EDGE_LOOP('',(#2586,#2587,#2588,#2589));
#2767=EDGE_LOOP('',(#2590,#2591,#2592,#2593));
#2768=EDGE_LOOP('',(#2594,#2595,#2596,#2597));
#2769=EDGE_LOOP('',(#2598,#2599,#2600,#2601));
#2770=FACE_BOUND('',#2602,.T.);
#2771=FACE_BOUND('',#2603,.T.);
#2772=FACE_BOUND('',#2604,.T.);
#2773=FACE_BOUND('',#2605,.T.);
#2774=FACE_BOUND('',#2606,.T.);
#2775=FACE_BOUND('',#2607,.T.);
#2776=FACE_BOUND('',#2608,.T.);
#2777=FACE_BOUND('',#2609,.T.);
#2778=FACE_BOUND('',#2610,.T.);
#2779=FACE_BOUND('',#2611,.T.);
#2780=FACE_BOUND('',#2612,.T.);
#2781=FACE_BOUND('',#2613,.T.);
#2782=FACE_BOUND('',#2614,.T.);
#2783=FACE_BOUND('',#2615,.T.);
#2784=FACE_BOUND('',#2616,.T.);
#2785=FACE_BOUND('',#2617,.T.);
#2786=FACE_BOUND('',#2618,.T.);
#2787=FACE_BOUND('',#2619,.T.);
#2788=FACE_BOUND('',#2620,.T.);
#2789=FACE_BOUND('',#2621,.T.);
#2790=FACE_BOUND('',#2622,.T.);
#2791=FACE_BOUND('',#2623,.T.);
#2792=FACE_BOUND('',#2624,.T.);
#2793=FACE_BOUND('',#2625,.T.);
#2794=FACE_BOUND('',#2626,.T.);
#2795=FACE_BOUND('',#2627,.T.);
#2796=FACE_BOUND('',#2628,.T.);
#2797=FACE_BOUND('',#2629,.T.);
#2798=FACE_BOUND('',#2630,.T.);
#2799=FACE_BOUND('',#2631,.T.);
#2800=FACE_BOUND('',#2632,.T.);
#2801=FACE_BOUND('',#2633,.T.);
#2802=FACE_BOUND('',#2634,.T.);
#2803=FACE_BOUND('',#2635,.T.);
#2804=FACE_BOUND('',#2636,.T.);
#2805=FACE_BOUND('',#2637,.T.);
#2806=FACE_BOUND('',#2638,.T.);
#2807=FACE_BOUND('',#2639,.T.);
#2808=FACE_BOUND('',#2640,.T.);
#2809=FACE_BOUND('',#2641,.T.);
#2810=FACE_BOUND('',#2642,.T.);
#2811=FACE_BOUND('',#2643,.T.);
#2812=FACE_BOUND('',#2644,.T.);
#2813=FACE_BOUND('',#2645,.T.);
#2814=FACE_BOUND('',#2646,.T.);
#2815=FACE_BOUND('',#2647,.T.);
#2816=FACE_BOUND('',#2648,.T.);
#2817=FACE_BOUND('',#2649,.T.);
#2818=FACE_BOUND('',#2650,.T.);
#2819=FACE_BOUND('',#2651,.T.);
#2820=FACE_BOUND('',#2652,.T.);
#2821=FACE_BOUND('',#2653,.T.);
#2822=FACE_BOUND('',#2654,.T.);
#2823=FACE_BOUND('',#2655,.T.);
#2824=FACE_BOUND('',#2656,.T.);
#2825=FACE_BOUND('',#2657,.T.);
#2826=FACE_BOUND('',#2658,.T.);
#2827=FACE_BOUND('',#2659,.T.);
#2828=FACE_BOUND('',#2660,.T.);
#2829=FACE_BOUND('',#2661,.T.);
#2830=FACE_BOUND('',#2662,.T.);
#2831=FACE_BOUND('',#2663,.T.);
#2832=FACE_BOUND('',#2664,.T.);
#2833=FACE_BOUND('',#2665,.T.);
#2834=FACE_BOUND('',#2666,.T.);
#2835=FACE_BOUND('',#2667,.T.);
#2836=FACE_BOUND('',#2668,.T.);
#2837=FACE_BOUND('',#2669,.T.);
#2838=FACE_BOUND('',#2670,.T.);
#2839=FACE_BOUND('',#2671,.T.);
#2840=FACE_BOUND('',#2672,.T.);
#2841=FACE_BOUND('',#2673,.T.);
#2842=FACE_BOUND('',#2674,.T.);
#2843=FACE_BOUND('',#2675,.T.);
#2844=FACE_BOUND('',#2676,.T.);
#2845=FACE_BOUND('',#2677,.T.);
#2846=FACE_BOUND('',#2678,.T.);
#2847=FACE_BOUND('',#2679,.T.);
#2848=FACE_BOUND('',#2680,.T.);
#2849=FACE_BOUND('',#2681,.T.);
#2850=FACE_BOUND('',#2682,.T.);
#2851=FACE_BOUND('',#2683,.T.);
#2852=FACE_BOUND('',#2684,.T.);
#2853=FACE_BOUND('',#2685,.T.);
#2854=FACE_BOUND('',#2686,.T.);
#2855=FACE_BOUND('',#2687,.T.);
#2856=FACE_BOUND('',#2688,.T.);
#2857=FACE_BOUND('',#2689,.T.);
#2858=FACE_BOUND('',#2690,.T.);
#2859=FACE_BOUND('',#2691,.T.);
#2860=FACE_BOUND('',#2692,.T.);
#2861=FACE_BOUND('',#2693,.T.);
#2862=FACE_BOUND('',#2694,.T.);
#2863=FACE_BOUND('',#2695,.T.);
#2864=FACE_BOUND('',#2696,.T.);
#2865=FACE_BOUND('',#2697,.T.);
#2866=FACE_BOUND('',#2698,.T.);
#2867=FACE_BOUND('',#2699,.T.);
#2868=FACE_BOUND('',#2700,.T.);
#2869=FACE_BOUND('',#2701,.T.);
#2870=FACE_BOUND('',#2702,.T.);
#2871=FACE_BOUND('',#2703,.T.);
#2872=FACE_BOUND('',#2704,.T.);
#2873=FACE_BOUND('',#2705,.T.);
#2874=FACE_BOUND('',#2706,.T.);
#2875=FACE_BOUND('',#2707,.T.);
#2876=FACE_BOUND('',#2708,.T.);
#2877=FACE_BOUND('',#2709,.T.);
#2878=FACE_BOUND('',#2710,.T.);
#2879=FACE_BOUND('',#2711,.T.);
#2880=FACE_BOUND('',#2712,.T.);
#2881=FACE_BOUND('',#2713,.T.);
#2882=FACE_BOUND('',#2714,.T.);
#2883=FACE_BOUND('',#2715,.T.);
#2884=FACE_BOUND('',#2716,.T.);
#2885=FACE_BOUND('',#2717,.T.);
#2886=FACE_BOUND('',#2718,.T.);
#2887=FACE_BOUND('',#2719,.T.);
#2888=FACE_BOUND('',#2720,.T.);
#2889=FACE_BOUND('',#2721,.T.);
#2890=FACE_BOUND('',#2722,.T.);
#2891=FACE_BOUND('',#2723,.T.);
#2892=FACE_BOUND('',#2724,.T.);
#2893=FACE_BOUND('',#2725,.T.);
#2894=FACE_BOUND('',#2726,.T.);
#2895=FACE_BOUND('',#2727,.T.);
#2896=FACE_BOUND('',#2728,.T.);
#2897=FACE_BOUND('',#2729,.T.);
#2898=FACE_BOUND('',#2730,.T.);
#2899=FACE_BOUND('',#2731,.T.);
#2900=FACE_BOUND('',#2732,.T.);
#2901=FACE_BOUND('',#2733,.T.);
#2902=FACE_BOUND('',#2734,.T.);
#2903=FACE_BOUND('',#2735,.T.);
#2904=FACE_BOUND('',#2736,.T.);
#2905=FACE_BOUND('',#2737,.T.);
#2906=FACE_BOUND('',#2738,.T.);
#2907=FACE_BOUND('',#2739,.T.);
#2908=FACE_BOUND('',#2740,.T.);
#2909=FACE_BOUND('',#2741,.T.);
#2910=FACE_BOUND('',#2742,.T.);
#2911=FACE_BOUND('',#2743,.T.);
#2912=FACE_BOUND('',#2744,.T.);
#2913=FACE_BOUND('',#2745,.T.);
#2914=FACE_BOUND('',#2746,.T.);
#2915=FACE_BOUND('',#2747,.T.);
#2916=FACE_BOUND('',#2748,.T.);
#2917=FACE_BOUND('',#2749,.T.);
#2918=FACE_BOUND('',#2750,.T.);
#2919=FACE_BOUND('',#2751,.T.);
#2920=FACE_BOUND('',#2752,.T.);
#2921=FACE_BOUND('',#2753,.T.);
#2922=FACE_BOUND('',#2754,.T.);
#2923=FACE_BOUND('',#2755,.T.);
#2924=FACE_BOUND('',#2756,.T.);
#2925=FACE_BOUND('',#2757,.T.);
#2926=FACE_BOUND('',#2758,.T.);
#2927=FACE_BOUND('',#2759,.T.);
#2928=FACE_BOUND('',#2760,.T.);
#2929=FACE_BOUND('',#2761,.T.);
#2930=FACE_BOUND('',#2762,.T.);
#2931=FACE_BOUND('',#2763,.T.);
#2932=FACE_BOUND('',#2764,.T.);
#2933=FACE_BOUND('',#2765,.T.);
#2934=FACE_BOUND('',#2766,.T.);
#2935=FACE_BOUND('',#2767,.T.);
#2936=FACE_BOUND('',#2768,.T.);
#2937=FACE_BOUND('',#2769,.T.);
#2938=ADVANCED_FACE('',(#2770),#5146,.T.);
#2939=ADVANCED_FACE('',(#2771),#5147,.T.);
#2940=ADVANCED_FACE('',(#2772),#316,.T.);
#2941=ADVANCED_FACE('',(#2773),#5148,.T.);
#2942=ADVANCED_FACE('',(#2774),#317,.T.);
#2943=ADVANCED_FACE('',(#2775),#5149,.T.);
#2944=ADVANCED_FACE('',(#2776),#318,.T.);
#2945=ADVANCED_FACE('',(#2777),#5150,.T.);
#2946=ADVANCED_FACE('',(#2778),#319,.T.);
#2947=ADVANCED_FACE('',(#2779),#5151,.T.);
#2948=ADVANCED_FACE('',(#2780),#5152,.F.);
#2949=ADVANCED_FACE('',(#2781),#104,.T.);
#2950=ADVANCED_FACE('',(#2782),#5153,.T.);
#2951=ADVANCED_FACE('',(#2783),#105,.T.);
#2952=ADVANCED_FACE('',(#2784),#5154,.T.);
#2953=ADVANCED_FACE('',(#2785,#2786,#2787,#2788,#2789),#5155,.F.);
#2954=ADVANCED_FACE('',(#2790),#5156,.T.);
#2955=ADVANCED_FACE('',(#2791),#320,.T.);
#2956=ADVANCED_FACE('',(#2792),#5157,.T.);
#2957=ADVANCED_FACE('',(#2793),#321,.T.);
#2958=ADVANCED_FACE('',(#2794),#5158,.T.);
#2959=ADVANCED_FACE('',(#2795),#5159,.T.);
#2960=ADVANCED_FACE('',(#2796),#322,.T.);
#2961=ADVANCED_FACE('',(#2797),#5160,.T.);
#2962=ADVANCED_FACE('',(#2798),#323,.T.);
#2963=ADVANCED_FACE('',(#2799),#5161,.T.);
#2964=ADVANCED_FACE('',(#2800),#5162,.F.);
#2965=ADVANCED_FACE('',(#2801),#106,.T.);
#2966=ADVANCED_FACE('',(#2802),#5163,.T.);
#2967=ADVANCED_FACE('',(#2803),#107,.T.);
#2968=ADVANCED_FACE('',(#2804),#5164,.T.);
#2969=ADVANCED_FACE('',(#2805,#2806,#2807,#2808,#2809),#5165,.T.);
#2970=ADVANCED_FACE('',(#2810),#108,.T.);
#2971=ADVANCED_FACE('',(#2811),#5166,.F.);
#2972=ADVANCED_FACE('',(#2812),#5167,.F.);
#2973=ADVANCED_FACE('',(#2813),#109,.F.);
#2974=ADVANCED_FACE('',(#2814),#110,.F.);
#2975=ADVANCED_FACE('',(#2815),#111,.T.);
#2976=ADVANCED_FACE('',(#2816),#5168,.F.);
#2977=ADVANCED_FACE('',(#2817),#5169,.F.);
#2978=ADVANCED_FACE('',(#2818),#112,.F.);
#2979=ADVANCED_FACE('',(#2819),#113,.T.);
#2980=ADVANCED_FACE('',(#2820),#5170,.F.);
#2981=ADVANCED_FACE('',(#2821),#5171,.F.);
#2982=ADVANCED_FACE('',(#2822),#114,.F.);
#2983=ADVANCED_FACE('',(#2823),#115,.T.);
#2984=ADVANCED_FACE('',(#2824),#5172,.F.);
#2985=ADVANCED_FACE('',(#2825),#5173,.F.);
#2986=ADVANCED_FACE('',(#2826),#116,.F.);
#2987=ADVANCED_FACE('',(#2827),#117,.T.);
#2988=ADVANCED_FACE('',(#2828),#5174,.F.);
#2989=ADVANCED_FACE('',(#2829),#5175,.F.);
#2990=ADVANCED_FACE('',(#2830),#118,.F.);
#2991=ADVANCED_FACE('',(#2831),#119,.T.);
#2992=ADVANCED_FACE('',(#2832),#5176,.F.);
#2993=ADVANCED_FACE('',(#2833),#5177,.F.);
#2994=ADVANCED_FACE('',(#2834),#120,.F.);
#2995=ADVANCED_FACE('',(#2835),#121,.T.);
#2996=ADVANCED_FACE('',(#2836),#5178,.F.);
#2997=ADVANCED_FACE('',(#2837),#5179,.F.);
#2998=ADVANCED_FACE('',(#2838),#122,.F.);
#2999=ADVANCED_FACE('',(#2839),#123,.T.);
#3000=ADVANCED_FACE('',(#2840),#5180,.F.);
#3001=ADVANCED_FACE('',(#2841),#5181,.F.);
#3002=ADVANCED_FACE('',(#2842),#124,.T.);
#3003=ADVANCED_FACE('',(#2843),#5182,.F.);
#3004=ADVANCED_FACE('',(#2844),#5183,.F.);
#3005=ADVANCED_FACE('',(#2845),#125,.F.);
#3006=ADVANCED_FACE('',(#2846),#126,.F.);
#3007=ADVANCED_FACE('',(#2847),#127,.T.);
#3008=ADVANCED_FACE('',(#2848),#5184,.F.);
#3009=ADVANCED_FACE('',(#2849),#5185,.F.);
#3010=ADVANCED_FACE('',(#2850),#128,.F.);
#3011=ADVANCED_FACE('',(#2851),#129,.T.);
#3012=ADVANCED_FACE('',(#2852),#5186,.F.);
#3013=ADVANCED_FACE('',(#2853),#5187,.F.);
#3014=ADVANCED_FACE('',(#2854),#130,.F.);
#3015=ADVANCED_FACE('',(#2855),#131,.T.);
#3016=ADVANCED_FACE('',(#2856),#5188,.F.);
#3017=ADVANCED_FACE('',(#2857),#5189,.F.);
#3018=ADVANCED_FACE('',(#2858),#132,.F.);
#3019=ADVANCED_FACE('',(#2859),#133,.T.);
#3020=ADVANCED_FACE('',(#2860),#5190,.F.);
#3021=ADVANCED_FACE('',(#2861),#5191,.F.);
#3022=ADVANCED_FACE('',(#2862),#134,.F.);
#3023=ADVANCED_FACE('',(#2863),#135,.T.);
#3024=ADVANCED_FACE('',(#2864),#5192,.F.);
#3025=ADVANCED_FACE('',(#2865),#5193,.F.);
#3026=ADVANCED_FACE('',(#2866),#136,.F.);
#3027=ADVANCED_FACE('',(#2867),#137,.T.);
#3028=ADVANCED_FACE('',(#2868),#5194,.F.);
#3029=ADVANCED_FACE('',(#2869),#5195,.F.);
#3030=ADVANCED_FACE('',(#2870),#138,.F.);
#3031=ADVANCED_FACE('',(#2871),#139,.T.);
#3032=ADVANCED_FACE('',(#2872),#5196,.F.);
#3033=ADVANCED_FACE('',(#2873),#5197,.F.);
#3034=ADVANCED_FACE('',(#2874),#140,.T.);
#3035=ADVANCED_FACE('',(#2875),#5198,.T.);
#3036=ADVANCED_FACE('',(#2876),#5199,.T.);
#3037=ADVANCED_FACE('',(#2877),#141,.F.);
#3038=ADVANCED_FACE('',(#2878),#142,.F.);
#3039=ADVANCED_FACE('',(#2879),#143,.T.);
#3040=ADVANCED_FACE('',(#2880),#5200,.T.);
#3041=ADVANCED_FACE('',(#2881),#5201,.T.);
#3042=ADVANCED_FACE('',(#2882),#144,.F.);
#3043=ADVANCED_FACE('',(#2883),#145,.T.);
#3044=ADVANCED_FACE('',(#2884),#5202,.T.);
#3045=ADVANCED_FACE('',(#2885),#5203,.T.);
#3046=ADVANCED_FACE('',(#2886),#146,.F.);
#3047=ADVANCED_FACE('',(#2887),#147,.T.);
#3048=ADVANCED_FACE('',(#2888),#5204,.T.);
#3049=ADVANCED_FACE('',(#2889),#5205,.T.);
#3050=ADVANCED_FACE('',(#2890),#148,.F.);
#3051=ADVANCED_FACE('',(#2891),#149,.T.);
#3052=ADVANCED_FACE('',(#2892),#5206,.T.);
#3053=ADVANCED_FACE('',(#2893),#5207,.T.);
#3054=ADVANCED_FACE('',(#2894),#150,.F.);
#3055=ADVANCED_FACE('',(#2895),#151,.T.);
#3056=ADVANCED_FACE('',(#2896),#5208,.T.);
#3057=ADVANCED_FACE('',(#2897),#5209,.T.);
#3058=ADVANCED_FACE('',(#2898),#152,.F.);
#3059=ADVANCED_FACE('',(#2899),#153,.T.);
#3060=ADVANCED_FACE('',(#2900),#5210,.T.);
#3061=ADVANCED_FACE('',(#2901),#5211,.T.);
#3062=ADVANCED_FACE('',(#2902),#154,.F.);
#3063=ADVANCED_FACE('',(#2903),#155,.T.);
#3064=ADVANCED_FACE('',(#2904),#5212,.T.);
#3065=ADVANCED_FACE('',(#2905),#5213,.T.);
#3066=ADVANCED_FACE('',(#2906),#156,.T.);
#3067=ADVANCED_FACE('',(#2907),#5214,.T.);
#3068=ADVANCED_FACE('',(#2908),#5215,.T.);
#3069=ADVANCED_FACE('',(#2909),#157,.F.);
#3070=ADVANCED_FACE('',(#2910),#158,.F.);
#3071=ADVANCED_FACE('',(#2911),#159,.T.);
#3072=ADVANCED_FACE('',(#2912),#5216,.T.);
#3073=ADVANCED_FACE('',(#2913),#5217,.T.);
#3074=ADVANCED_FACE('',(#2914),#160,.F.);
#3075=ADVANCED_FACE('',(#2915),#161,.T.);
#3076=ADVANCED_FACE('',(#2916),#5218,.T.);
#3077=ADVANCED_FACE('',(#2917),#5219,.T.);
#3078=ADVANCED_FACE('',(#2918),#162,.F.);
#3079=ADVANCED_FACE('',(#2919),#163,.T.);
#3080=ADVANCED_FACE('',(#2920),#5220,.T.);
#3081=ADVANCED_FACE('',(#2921),#5221,.T.);
#3082=ADVANCED_FACE('',(#2922),#164,.F.);
#3083=ADVANCED_FACE('',(#2923),#165,.T.);
#3084=ADVANCED_FACE('',(#2924),#5222,.T.);
#3085=ADVANCED_FACE('',(#2925),#5223,.T.);
#3086=ADVANCED_FACE('',(#2926),#166,.F.);
#3087=ADVANCED_FACE('',(#2927),#167,.T.);
#3088=ADVANCED_FACE('',(#2928),#5224,.T.);
#3089=ADVANCED_FACE('',(#2929),#5225,.T.);
#3090=ADVANCED_FACE('',(#2930),#168,.F.);
#3091=ADVANCED_FACE('',(#2931),#169,.T.);
#3092=ADVANCED_FACE('',(#2932),#5226,.T.);
#3093=ADVANCED_FACE('',(#2933),#5227,.T.);
#3094=ADVANCED_FACE('',(#2934),#170,.F.);
#3095=ADVANCED_FACE('',(#2935),#171,.T.);
#3096=ADVANCED_FACE('',(#2936),#5228,.T.);
#3097=ADVANCED_FACE('',(#2937),#5229,.T.);
#3098=AXIS2_PLACEMENT_3D('',#4236,#3402,$);
#3099=AXIS2_PLACEMENT_3D('',#4245,#3407,$);
#3100=AXIS2_PLACEMENT_3D('',#4251,#3411,#3412);
#3101=AXIS2_PLACEMENT_3D('',#4255,#3414,#3415);
#3102=AXIS2_PLACEMENT_3D('',#4256,#3416,#3417);
#3103=AXIS2_PLACEMENT_3D('',#4257,#3418,$);
#3104=AXIS2_PLACEMENT_3D('',#4263,#3422,#3423);
#3105=AXIS2_PLACEMENT_3D('',#4264,#3424,#3425);
#3106=AXIS2_PLACEMENT_3D('',#4268,#3427,#3428);
#3107=AXIS2_PLACEMENT_3D('',#4269,#3429,$);
#3108=AXIS2_PLACEMENT_3D('',#4275,#3433,#3434);
#3109=AXIS2_PLACEMENT_3D('',#4276,#3435,#3436);
#3110=AXIS2_PLACEMENT_3D('',#4280,#3438,#3439);
#3111=AXIS2_PLACEMENT_3D('',#4281,#3440,$);
#3112=AXIS2_PLACEMENT_3D('',#4287,#3444,#3445);
#3113=AXIS2_PLACEMENT_3D('',#4291,#3447,#3448);
#3114=AXIS2_PLACEMENT_3D('',#4292,#3449,#3450);
#3115=AXIS2_PLACEMENT_3D('',#4293,#3451,$);
#3116=AXIS2_PLACEMENT_3D('',#4296,#3454,$);
#3117=AXIS2_PLACEMENT_3D('',#4302,#3458,#3459);
#3118=AXIS2_PLACEMENT_3D('',#4305,#3461,#3462);
#3119=AXIS2_PLACEMENT_3D('',#4306,#3463,$);
#3120=AXIS2_PLACEMENT_3D('',#4310,#3466,#3467);
#3121=AXIS2_PLACEMENT_3D('',#4313,#3469,#3470);
#3122=AXIS2_PLACEMENT_3D('',#4314,#3471,$);
#3123=AXIS2_PLACEMENT_3D('',#4318,#3474,$);
#3124=AXIS2_PLACEMENT_3D('',#4319,#3475,#3476);
#3125=AXIS2_PLACEMENT_3D('',#4324,#3478,#3479);
#3126=AXIS2_PLACEMENT_3D('',#4328,#3481,#3482);
#3127=AXIS2_PLACEMENT_3D('',#4332,#3484,#3485);
#3128=AXIS2_PLACEMENT_3D('',#4336,#3487,#3488);
#3129=AXIS2_PLACEMENT_3D('',#4340,#3490,#3491);
#3130=AXIS2_PLACEMENT_3D('',#4344,#3493,#3494);
#3131=AXIS2_PLACEMENT_3D('',#4348,#3496,#3497);
#3132=AXIS2_PLACEMENT_3D('',#4352,#3499,#3500);
#3133=AXIS2_PLACEMENT_3D('',#4356,#3502,#3503);
#3134=AXIS2_PLACEMENT_3D('',#4360,#3505,#3506);
#3135=AXIS2_PLACEMENT_3D('',#4364,#3508,#3509);
#3136=AXIS2_PLACEMENT_3D('',#4368,#3511,#3512);
#3137=AXIS2_PLACEMENT_3D('',#4372,#3514,#3515);
#3138=AXIS2_PLACEMENT_3D('',#4376,#3517,#3518);
#3139=AXIS2_PLACEMENT_3D('',#4380,#3520,#3521);
#3140=AXIS2_PLACEMENT_3D('',#4383,#3523,#3524);
#3141=AXIS2_PLACEMENT_3D('',#4388,#3526,#3527);
#3142=AXIS2_PLACEMENT_3D('',#4392,#3529,#3530);
#3143=AXIS2_PLACEMENT_3D('',#4396,#3532,#3533);
#3144=AXIS2_PLACEMENT_3D('',#4400,#3535,#3536);
#3145=AXIS2_PLACEMENT_3D('',#4404,#3538,#3539);
#3146=AXIS2_PLACEMENT_3D('',#4408,#3541,#3542);
#3147=AXIS2_PLACEMENT_3D('',#4412,#3544,#3545);
#3148=AXIS2_PLACEMENT_3D('',#4416,#3547,#3548);
#3149=AXIS2_PLACEMENT_3D('',#4420,#3550,#3551);
#3150=AXIS2_PLACEMENT_3D('',#4424,#3553,#3554);
#3151=AXIS2_PLACEMENT_3D('',#4428,#3556,#3557);
#3152=AXIS2_PLACEMENT_3D('',#4432,#3559,#3560);
#3153=AXIS2_PLACEMENT_3D('',#4436,#3562,#3563);
#3154=AXIS2_PLACEMENT_3D('',#4440,#3565,#3566);
#3155=AXIS2_PLACEMENT_3D('',#4444,#3568,#3569);
#3156=AXIS2_PLACEMENT_3D('',#4447,#3571,#3572);
#3157=AXIS2_PLACEMENT_3D('',#4452,#3574,#3575);
#3158=AXIS2_PLACEMENT_3D('',#4456,#3577,#3578);
#3159=AXIS2_PLACEMENT_3D('',#4460,#3580,#3581);
#3160=AXIS2_PLACEMENT_3D('',#4464,#3583,#3584);
#3161=AXIS2_PLACEMENT_3D('',#4468,#3586,#3587);
#3162=AXIS2_PLACEMENT_3D('',#4472,#3589,#3590);
#3163=AXIS2_PLACEMENT_3D('',#4476,#3592,#3593);
#3164=AXIS2_PLACEMENT_3D('',#4480,#3595,#3596);
#3165=AXIS2_PLACEMENT_3D('',#4484,#3598,#3599);
#3166=AXIS2_PLACEMENT_3D('',#4488,#3601,#3602);
#3167=AXIS2_PLACEMENT_3D('',#4492,#3604,#3605);
#3168=AXIS2_PLACEMENT_3D('',#4496,#3607,#3608);
#3169=AXIS2_PLACEMENT_3D('',#4500,#3610,#3611);
#3170=AXIS2_PLACEMENT_3D('',#4504,#3613,#3614);
#3171=AXIS2_PLACEMENT_3D('',#4508,#3616,#3617);
#3172=AXIS2_PLACEMENT_3D('',#4511,#3619,#3620);
#3173=AXIS2_PLACEMENT_3D('',#4516,#3622,#3623);
#3174=AXIS2_PLACEMENT_3D('',#4520,#3625,#3626);
#3175=AXIS2_PLACEMENT_3D('',#4524,#3628,#3629);
#3176=AXIS2_PLACEMENT_3D('',#4528,#3631,#3632);
#3177=AXIS2_PLACEMENT_3D('',#4532,#3634,#3635);
#3178=AXIS2_PLACEMENT_3D('',#4536,#3637,#3638);
#3179=AXIS2_PLACEMENT_3D('',#4540,#3640,#3641);
#3180=AXIS2_PLACEMENT_3D('',#4544,#3643,#3644);
#3181=AXIS2_PLACEMENT_3D('',#4548,#3646,#3647);
#3182=AXIS2_PLACEMENT_3D('',#4552,#3649,#3650);
#3183=AXIS2_PLACEMENT_3D('',#4556,#3652,#3653);
#3184=AXIS2_PLACEMENT_3D('',#4560,#3655,#3656);
#3185=AXIS2_PLACEMENT_3D('',#4564,#3658,#3659);
#3186=AXIS2_PLACEMENT_3D('',#4568,#3661,#3662);
#3187=AXIS2_PLACEMENT_3D('',#4572,#3664,#3665);
#3188=AXIS2_PLACEMENT_3D('',#4575,#3667,$);
#3189=AXIS2_PLACEMENT_3D('',#4583,#3672,#3673);
#3190=AXIS2_PLACEMENT_3D('',#4587,#3675,#3676);
#3191=AXIS2_PLACEMENT_3D('',#4588,#3677,#3678);
#3192=AXIS2_PLACEMENT_3D('',#4589,#3679,$);
#3193=AXIS2_PLACEMENT_3D('',#4595,#3683,#3684);
#3194=AXIS2_PLACEMENT_3D('',#4596,#3685,#3686);
#3195=AXIS2_PLACEMENT_3D('',#4600,#3688,#3689);
#3196=AXIS2_PLACEMENT_3D('',#4601,#3690,$);
#3197=AXIS2_PLACEMENT_3D('',#4606,#3694,$);
#3198=AXIS2_PLACEMENT_3D('',#4610,#3697,#3698);
#3199=AXIS2_PLACEMENT_3D('',#4613,#3700,#3701);
#3200=AXIS2_PLACEMENT_3D('',#4614,#3702,$);
#3201=AXIS2_PLACEMENT_3D('',#4618,#3705,#3706);
#3202=AXIS2_PLACEMENT_3D('',#4621,#3708,#3709);
#3203=AXIS2_PLACEMENT_3D('',#4622,#3710,$);
#3204=AXIS2_PLACEMENT_3D('',#4624,#3712,$);
#3205=AXIS2_PLACEMENT_3D('',#4626,#3714,#3715);
#3206=AXIS2_PLACEMENT_3D('',#4628,#3717,$);
#3207=AXIS2_PLACEMENT_3D('',#4630,#3719,#3720);
#3208=AXIS2_PLACEMENT_3D('',#4632,#3722,$);
#3209=AXIS2_PLACEMENT_3D('',#4633,#3723,$);
#3210=AXIS2_PLACEMENT_3D('',#4634,#3724,#3725);
#3211=AXIS2_PLACEMENT_3D('',#4639,#3727,#3728);
#3212=AXIS2_PLACEMENT_3D('',#4643,#3730,#3731);
#3213=AXIS2_PLACEMENT_3D('',#4647,#3733,#3734);
#3214=AXIS2_PLACEMENT_3D('',#4651,#3736,#3737);
#3215=AXIS2_PLACEMENT_3D('',#4655,#3739,#3740);
#3216=AXIS2_PLACEMENT_3D('',#4659,#3742,#3743);
#3217=AXIS2_PLACEMENT_3D('',#4663,#3745,#3746);
#3218=AXIS2_PLACEMENT_3D('',#4667,#3748,#3749);
#3219=AXIS2_PLACEMENT_3D('',#4671,#3751,#3752);
#3220=AXIS2_PLACEMENT_3D('',#4675,#3754,#3755);
#3221=AXIS2_PLACEMENT_3D('',#4679,#3757,#3758);
#3222=AXIS2_PLACEMENT_3D('',#4683,#3760,#3761);
#3223=AXIS2_PLACEMENT_3D('',#4687,#3763,#3764);
#3224=AXIS2_PLACEMENT_3D('',#4691,#3766,#3767);
#3225=AXIS2_PLACEMENT_3D('',#4695,#3769,#3770);
#3226=AXIS2_PLACEMENT_3D('',#4698,#3772,#3773);
#3227=AXIS2_PLACEMENT_3D('',#4703,#3775,#3776);
#3228=AXIS2_PLACEMENT_3D('',#4707,#3778,#3779);
#3229=AXIS2_PLACEMENT_3D('',#4711,#3781,#3782);
#3230=AXIS2_PLACEMENT_3D('',#4715,#3784,#3785);
#3231=AXIS2_PLACEMENT_3D('',#4719,#3787,#3788);
#3232=AXIS2_PLACEMENT_3D('',#4723,#3790,#3791);
#3233=AXIS2_PLACEMENT_3D('',#4727,#3793,#3794);
#3234=AXIS2_PLACEMENT_3D('',#4731,#3796,#3797);
#3235=AXIS2_PLACEMENT_3D('',#4735,#3799,#3800);
#3236=AXIS2_PLACEMENT_3D('',#4739,#3802,#3803);
#3237=AXIS2_PLACEMENT_3D('',#4743,#3805,#3806);
#3238=AXIS2_PLACEMENT_3D('',#4747,#3808,#3809);
#3239=AXIS2_PLACEMENT_3D('',#4751,#3811,#3812);
#3240=AXIS2_PLACEMENT_3D('',#4755,#3814,#3815);
#3241=AXIS2_PLACEMENT_3D('',#4759,#3817,#3818);
#3242=AXIS2_PLACEMENT_3D('',#4762,#3820,#3821);
#3243=AXIS2_PLACEMENT_3D('',#4767,#3823,#3824);
#3244=AXIS2_PLACEMENT_3D('',#4771,#3826,#3827);
#3245=AXIS2_PLACEMENT_3D('',#4775,#3829,#3830);
#3246=AXIS2_PLACEMENT_3D('',#4779,#3832,#3833);
#3247=AXIS2_PLACEMENT_3D('',#4783,#3835,#3836);
#3248=AXIS2_PLACEMENT_3D('',#4787,#3838,#3839);
#3249=AXIS2_PLACEMENT_3D('',#4791,#3841,#3842);
#3250=AXIS2_PLACEMENT_3D('',#4795,#3844,#3845);
#3251=AXIS2_PLACEMENT_3D('',#4799,#3847,#3848);
#3252=AXIS2_PLACEMENT_3D('',#4803,#3850,#3851);
#3253=AXIS2_PLACEMENT_3D('',#4807,#3853,#3854);
#3254=AXIS2_PLACEMENT_3D('',#4811,#3856,#3857);
#3255=AXIS2_PLACEMENT_3D('',#4815,#3859,#3860);
#3256=AXIS2_PLACEMENT_3D('',#4819,#3862,#3863);
#3257=AXIS2_PLACEMENT_3D('',#4823,#3865,#3866);
#3258=AXIS2_PLACEMENT_3D('',#4826,#3868,#3869);
#3259=AXIS2_PLACEMENT_3D('',#4831,#3871,#3872);
#3260=AXIS2_PLACEMENT_3D('',#4835,#3874,#3875);
#3261=AXIS2_PLACEMENT_3D('',#4839,#3877,#3878);
#3262=AXIS2_PLACEMENT_3D('',#4843,#3880,#3881);
#3263=AXIS2_PLACEMENT_3D('',#4847,#3883,#3884);
#3264=AXIS2_PLACEMENT_3D('',#4851,#3886,#3887);
#3265=AXIS2_PLACEMENT_3D('',#4855,#3889,#3890);
#3266=AXIS2_PLACEMENT_3D('',#4859,#3892,#3893);
#3267=AXIS2_PLACEMENT_3D('',#4863,#3895,#3896);
#3268=AXIS2_PLACEMENT_3D('',#4867,#3898,#3899);
#3269=AXIS2_PLACEMENT_3D('',#4871,#3901,#3902);
#3270=AXIS2_PLACEMENT_3D('',#4875,#3904,#3905);
#3271=AXIS2_PLACEMENT_3D('',#4879,#3907,#3908);
#3272=AXIS2_PLACEMENT_3D('',#4883,#3910,#3911);
#3273=AXIS2_PLACEMENT_3D('',#4887,#3913,#3914);
#3274=AXIS2_PLACEMENT_3D('',#4890,#3916,#3917);
#3275=AXIS2_PLACEMENT_3D('',#4893,#3920,$);
#3276=AXIS2_PLACEMENT_3D('',#4895,#3922,$);
#3277=AXIS2_PLACEMENT_3D('',#4897,#3924,#3925);
#3278=AXIS2_PLACEMENT_3D('',#4899,#3927,#3928);
#3279=AXIS2_PLACEMENT_3D('',#4901,#3930,#3931);
#3280=AXIS2_PLACEMENT_3D('',#4904,#3934,$);
#3281=AXIS2_PLACEMENT_3D('',#4906,#3936,$);
#3282=AXIS2_PLACEMENT_3D('',#4907,#3937,#3938);
#3283=AXIS2_PLACEMENT_3D('',#4909,#3940,#3941);
#3284=AXIS2_PLACEMENT_3D('',#4912,#3944,$);
#3285=AXIS2_PLACEMENT_3D('',#4914,#3946,$);
#3286=AXIS2_PLACEMENT_3D('',#4915,#3947,#3948);
#3287=AXIS2_PLACEMENT_3D('',#4917,#3950,#3951);
#3288=AXIS2_PLACEMENT_3D('',#4920,#3954,$);
#3289=AXIS2_PLACEMENT_3D('',#4922,#3956,$);
#3290=AXIS2_PLACEMENT_3D('',#4923,#3957,#3958);
#3291=AXIS2_PLACEMENT_3D('',#4925,#3960,#3961);
#3292=AXIS2_PLACEMENT_3D('',#4928,#3964,$);
#3293=AXIS2_PLACEMENT_3D('',#4930,#3966,$);
#3294=AXIS2_PLACEMENT_3D('',#4931,#3967,#3968);
#3295=AXIS2_PLACEMENT_3D('',#4933,#3970,#3971);
#3296=AXIS2_PLACEMENT_3D('',#4936,#3974,$);
#3297=AXIS2_PLACEMENT_3D('',#4938,#3976,$);
#3298=AXIS2_PLACEMENT_3D('',#4939,#3977,#3978);
#3299=AXIS2_PLACEMENT_3D('',#4941,#3980,#3981);
#3300=AXIS2_PLACEMENT_3D('',#4944,#3984,$);
#3301=AXIS2_PLACEMENT_3D('',#4946,#3986,$);
#3302=AXIS2_PLACEMENT_3D('',#4947,#3987,#3988);
#3303=AXIS2_PLACEMENT_3D('',#4949,#3990,#3991);
#3304=AXIS2_PLACEMENT_3D('',#4952,#3994,$);
#3305=AXIS2_PLACEMENT_3D('',#4953,#3995,$);
#3306=AXIS2_PLACEMENT_3D('',#4954,#3996,#3997);
#3307=AXIS2_PLACEMENT_3D('',#4957,#4000,$);
#3308=AXIS2_PLACEMENT_3D('',#4959,#4002,$);
#3309=AXIS2_PLACEMENT_3D('',#4961,#4004,#4005);
#3310=AXIS2_PLACEMENT_3D('',#4963,#4007,#4008);
#3311=AXIS2_PLACEMENT_3D('',#4965,#4010,#4011);
#3312=AXIS2_PLACEMENT_3D('',#4968,#4014,$);
#3313=AXIS2_PLACEMENT_3D('',#4970,#4016,$);
#3314=AXIS2_PLACEMENT_3D('',#4971,#4017,#4018);
#3315=AXIS2_PLACEMENT_3D('',#4973,#4020,#4021);
#3316=AXIS2_PLACEMENT_3D('',#4976,#4024,$);
#3317=AXIS2_PLACEMENT_3D('',#4978,#4026,$);
#3318=AXIS2_PLACEMENT_3D('',#4979,#4027,#4028);
#3319=AXIS2_PLACEMENT_3D('',#4981,#4030,#4031);
#3320=AXIS2_PLACEMENT_3D('',#4984,#4034,$);
#3321=AXIS2_PLACEMENT_3D('',#4986,#4036,$);
#3322=AXIS2_PLACEMENT_3D('',#4987,#4037,#4038);
#3323=AXIS2_PLACEMENT_3D('',#4989,#4040,#4041);
#3324=AXIS2_PLACEMENT_3D('',#4992,#4044,$);
#3325=AXIS2_PLACEMENT_3D('',#4994,#4046,$);
#3326=AXIS2_PLACEMENT_3D('',#4995,#4047,#4048);
#3327=AXIS2_PLACEMENT_3D('',#4997,#4050,#4051);
#3328=AXIS2_PLACEMENT_3D('',#5000,#4054,$);
#3329=AXIS2_PLACEMENT_3D('',#5002,#4056,$);
#3330=AXIS2_PLACEMENT_3D('',#5003,#4057,#4058);
#3331=AXIS2_PLACEMENT_3D('',#5005,#4060,#4061);
#3332=AXIS2_PLACEMENT_3D('',#5008,#4064,$);
#3333=AXIS2_PLACEMENT_3D('',#5010,#4066,$);
#3334=AXIS2_PLACEMENT_3D('',#5011,#4067,#4068);
#3335=AXIS2_PLACEMENT_3D('',#5013,#4070,#4071);
#3336=AXIS2_PLACEMENT_3D('',#5016,#4074,$);
#3337=AXIS2_PLACEMENT_3D('',#5017,#4075,$);
#3338=AXIS2_PLACEMENT_3D('',#5018,#4076,#4077);
#3339=AXIS2_PLACEMENT_3D('',#5021,#4080,$);
#3340=AXIS2_PLACEMENT_3D('',#5023,#4082,$);
#3341=AXIS2_PLACEMENT_3D('',#5025,#4084,#4085);
#3342=AXIS2_PLACEMENT_3D('',#5027,#4087,#4088);
#3343=AXIS2_PLACEMENT_3D('',#5029,#4090,#4091);
#3344=AXIS2_PLACEMENT_3D('',#5032,#4094,$);
#3345=AXIS2_PLACEMENT_3D('',#5034,#4096,$);
#3346=AXIS2_PLACEMENT_3D('',#5035,#4097,#4098);
#3347=AXIS2_PLACEMENT_3D('',#5037,#4100,#4101);
#3348=AXIS2_PLACEMENT_3D('',#5040,#4104,$);
#3349=AXIS2_PLACEMENT_3D('',#5042,#4106,$);
#3350=AXIS2_PLACEMENT_3D('',#5043,#4107,#4108);
#3351=AXIS2_PLACEMENT_3D('',#5045,#4110,#4111);
#3352=AXIS2_PLACEMENT_3D('',#5048,#4114,$);
#3353=AXIS2_PLACEMENT_3D('',#5050,#4116,$);
#3354=AXIS2_PLACEMENT_3D('',#5051,#4117,#4118);
#3355=AXIS2_PLACEMENT_3D('',#5053,#4120,#4121);
#3356=AXIS2_PLACEMENT_3D('',#5056,#4124,$);
#3357=AXIS2_PLACEMENT_3D('',#5058,#4126,$);
#3358=AXIS2_PLACEMENT_3D('',#5059,#4127,#4128);
#3359=AXIS2_PLACEMENT_3D('',#5061,#4130,#4131);
#3360=AXIS2_PLACEMENT_3D('',#5064,#4134,$);
#3361=AXIS2_PLACEMENT_3D('',#5066,#4136,$);
#3362=AXIS2_PLACEMENT_3D('',#5067,#4137,#4138);
#3363=AXIS2_PLACEMENT_3D('',#5069,#4140,#4141);
#3364=AXIS2_PLACEMENT_3D('',#5072,#4144,$);
#3365=AXIS2_PLACEMENT_3D('',#5074,#4146,$);
#3366=AXIS2_PLACEMENT_3D('',#5075,#4147,#4148);
#3367=AXIS2_PLACEMENT_3D('',#5077,#4150,#4151);
#3368=AXIS2_PLACEMENT_3D('',#5080,#4154,$);
#3369=AXIS2_PLACEMENT_3D('',#5081,#4155,$);
#3370=AXIS2_PLACEMENT_3D('',#5082,#4156,#4157);
#3371=AXIS2_PLACEMENT_3D('',#5085,#4160,$);
#3372=AXIS2_PLACEMENT_3D('',#5087,#4162,$);
#3373=AXIS2_PLACEMENT_3D('',#5089,#4164,#4165);
#3374=AXIS2_PLACEMENT_3D('',#5091,#4167,#4168);
#3375=AXIS2_PLACEMENT_3D('',#5093,#4170,#4171);
#3376=AXIS2_PLACEMENT_3D('',#5096,#4174,$);
#3377=AXIS2_PLACEMENT_3D('',#5098,#4176,$);
#3378=AXIS2_PLACEMENT_3D('',#5099,#4177,#4178);
#3379=AXIS2_PLACEMENT_3D('',#5101,#4180,#4181);
#3380=AXIS2_PLACEMENT_3D('',#5104,#4184,$);
#3381=AXIS2_PLACEMENT_3D('',#5106,#4186,$);
#3382=AXIS2_PLACEMENT_3D('',#5107,#4187,#4188);
#3383=AXIS2_PLACEMENT_3D('',#5109,#4190,#4191);
#3384=AXIS2_PLACEMENT_3D('',#5112,#4194,$);
#3385=AXIS2_PLACEMENT_3D('',#5114,#4196,$);
#3386=AXIS2_PLACEMENT_3D('',#5115,#4197,#4198);
#3387=AXIS2_PLACEMENT_3D('',#5117,#4200,#4201);
#3388=AXIS2_PLACEMENT_3D('',#5120,#4204,$);
#3389=AXIS2_PLACEMENT_3D('',#5122,#4206,$);
#3390=AXIS2_PLACEMENT_3D('',#5123,#4207,#4208);
#3391=AXIS2_PLACEMENT_3D('',#5125,#4210,#4211);
#3392=AXIS2_PLACEMENT_3D('',#5128,#4214,$);
#3393=AXIS2_PLACEMENT_3D('',#5130,#4216,$);
#3394=AXIS2_PLACEMENT_3D('',#5131,#4217,#4218);
#3395=AXIS2_PLACEMENT_3D('',#5133,#4220,#4221);
#3396=AXIS2_PLACEMENT_3D('',#5136,#4224,$);
#3397=AXIS2_PLACEMENT_3D('',#5138,#4226,$);
#3398=AXIS2_PLACEMENT_3D('',#5139,#4227,#4228);
#3399=AXIS2_PLACEMENT_3D('',#5141,#4230,#4231);
#3400=AXIS2_PLACEMENT_3D('',#5144,#4234,$);
#3401=AXIS2_PLACEMENT_3D('',#5145,#4235,$);
#3402=DIRECTION('',(-0.707106781186543,-4.17633588643409E-16,-0.707106781186553));
#3403=DIRECTION('',(0.,1.,0.));
#3404=DIRECTION('',(0.707106781186547,0.,-0.707106781186547));
#3405=DIRECTION('',(0.,-1.,0.));
#3406=DIRECTION('',(-0.577350269189454,0.57735026918997,0.577350269189454));
#3407=DIRECTION('',(6.30822550817654E-13,0.707106781186549,-0.707106781186546));
#3408=DIRECTION('',(-1.,8.87752947126906E-13,0.));
#3409=DIRECTION('',(7.03401421490331E-13,0.707106781186547,0.707106781186547));
#3410=DIRECTION('',(1.,-8.86711032230346E-13,0.));
#3411=DIRECTION('',(0.,0.,1.));
#3412=DIRECTION('',(1.68546724632836E-14,9.27205849076301,0.));
#3413=DIRECTION('',(1.97215226305253E-31,-0.707106781186547,0.707106781186547));
#3414=DIRECTION('',(0.,0.,-1.));
#3415=DIRECTION('',(1.77635683940024E-14,9.772058490763,0.));
#3416=DIRECTION('',(0.,0.,1.));
#3417=DIRECTION('',(1.59457765325647E-14,8.77205849076301,0.));
#3418=DIRECTION('',(0.,-0.707106781186549,-0.707106781186546));
#3419=DIRECTION('',(1.,0.,0.));
#3420=DIRECTION('',(-1.97215226305253E-31,-0.707106781186547,0.707106781186547));
#3421=DIRECTION('',(-1.,0.,0.));
#3422=DIRECTION('',(0.,0.,1.));
#3423=DIRECTION('',(-1.68546724632836E-14,9.27205849076301,0.));
#3424=DIRECTION('',(0.,0.,1.));
#3425=DIRECTION('',(-1.59457765325647E-14,8.77205849076301,0.));
#3426=DIRECTION('',(1.97215226305253E-31,0.707106781186547,0.707106781186547));
#3427=DIRECTION('',(0.,0.,-1.));
#3428=DIRECTION('',(-1.77635683940024E-14,9.772058490763,0.));
#3429=DIRECTION('',(-6.30822550817654E-13,0.707106781186549,-0.707106781186546));
#3430=DIRECTION('',(1.,8.86711032230346E-13,0.));
#3431=DIRECTION('',(-1.,-8.99842967807731E-13,0.));
#3432=DIRECTION('',(0.577350269189434,0.577350269190009,0.577350269189434));
#3433=DIRECTION('',(0.,0.,1.));
#3434=DIRECTION('',(1.68546724632836E-14,9.27205849076238,0.));
#3435=DIRECTION('',(0.,0.,-1.));
#3436=DIRECTION('',(1.77635683940025E-14,9.77205849076238,0.));
#3437=DIRECTION('',(0.,-0.707106781186547,-0.707106781186547));
#3438=DIRECTION('',(0.,0.,1.));
#3439=DIRECTION('',(1.59457765325646E-14,8.77205849076238,0.));
#3440=DIRECTION('',(0.,0.707106781186549,-0.707106781186546));
#3441=DIRECTION('',(7.03401421490436E-14,-0.707106781186442,-0.707106781186653));
#3442=DIRECTION('',(-1.,-1.60052846919114E-15,0.));
#3443=DIRECTION('',(1.,0.,0.));
#3444=DIRECTION('',(0.,0.,1.));
#3445=DIRECTION('',(-1.68546724632836E-14,9.27205849076238,0.));
#3446=DIRECTION('',(-0.707106781186547,0.,-0.707106781186547));
#3447=DIRECTION('',(0.,0.,1.));
#3448=DIRECTION('',(-1.59457765325646E-14,8.77205849076238,0.));
#3449=DIRECTION('',(0.,0.,-1.));
#3450=DIRECTION('',(-1.77635683940025E-14,9.77205849076238,0.));
#3451=DIRECTION('',(0.707106781186543,-4.17633588643409E-16,-0.707106781186553));
#3452=DIRECTION('',(0.,1.,0.));
#3453=DIRECTION('',(0.,-1.,0.));
#3454=DIRECTION('',(-1.,5.90623085162059E-16,0.));
#3455=DIRECTION('',(0.,0.,1.));
#3456=DIRECTION('',(0.,1.,0.));
#3457=DIRECTION('',(0.,0.,1.));
#3458=DIRECTION('',(0.,0.,-1.));
#3459=DIRECTION('',(-1.77635683940025E-14,9.77205849076238,0.));
#3460=DIRECTION('',(0.,0.,1.));
#3461=DIRECTION('',(0.,0.,1.));
#3462=DIRECTION('',(-1.77635683940025E-14,9.77205849076238,0.));
#3463=DIRECTION('',(0.,1.,0.));
#3464=DIRECTION('',(0.,0.,1.));
#3465=DIRECTION('',(-1.,0.,0.));
#3466=DIRECTION('',(0.,0.,1.));
#3467=DIRECTION('',(1.77635683940025E-14,9.77205849076238,0.));
#3468=DIRECTION('',(0.,0.,1.));
#3469=DIRECTION('',(0.,0.,1.));
#3470=DIRECTION('',(1.77635683940025E-14,9.77205849076238,0.));
#3471=DIRECTION('',(-1.,-5.90623085162059E-16,0.));
#3472=DIRECTION('',(0.,0.,1.));
#3473=DIRECTION('',(0.,-1.,0.));
#3474=DIRECTION('',(0.,0.,1.));
#3475=DIRECTION('',(0.,0.,-1.));
#3476=DIRECTION('',(5.5720584907624,0.,0.));
#3477=DIRECTION('',(0.906307787036897,0.422618261740169,0.));
#3478=DIRECTION('',(0.,0.,1.));
#3479=DIRECTION('',(-0.253570957042992,0.543784672222945,0.));
#3480=DIRECTION('',(-0.906307787036925,-0.422618261740109,0.));
#3481=DIRECTION('',(0.,0.,-1.));
#3482=DIRECTION('',(5.5720584907624,0.,0.));
#3483=DIRECTION('',(0.342020143326217,0.939692620785709,0.));
#3484=DIRECTION('',(0.,0.,1.));
#3485=DIRECTION('',(-0.563815572471211,0.205212085997085,0.));
#3486=DIRECTION('',(-0.342020143326267,-0.939692620785691,0.));
#3487=DIRECTION('',(0.,0.,-1.));
#3488=DIRECTION('',(5.5720584907624,0.,0.));
#3489=DIRECTION('',(-0.422618261740179,0.906307787036892,0.));
#3490=DIRECTION('',(0.,0.,1.));
#3491=DIRECTION('',(-0.543784672222945,-0.253570957042992,0.));
#3492=DIRECTION('',(0.422618261740109,-0.906307787036925,0.));
#3493=DIRECTION('',(0.,0.,-1.));
#3494=DIRECTION('',(5.5720584907624,0.,0.));
#3495=DIRECTION('',(-0.939692620785709,0.342020143326217,0.));
#3496=DIRECTION('',(0.,0.,1.));
#3497=DIRECTION('',(-0.205212085997085,-0.563815572471211,0.));
#3498=DIRECTION('',(0.939692620785697,-0.342020143326249,0.));
#3499=DIRECTION('',(0.,0.,-1.));
#3500=DIRECTION('',(5.5720584907624,0.,0.));
#3501=DIRECTION('',(-0.906307787036897,-0.422618261740169,0.));
#3502=DIRECTION('',(0.,0.,1.));
#3503=DIRECTION('',(0.253570957042992,-0.543784672222945,0.));
#3504=DIRECTION('',(0.906307787036921,0.422618261740118,0.));
#3505=DIRECTION('',(0.,0.,-1.));
#3506=DIRECTION('',(5.5720584907624,0.,0.));
#3507=DIRECTION('',(-0.342020143326237,-0.939692620785701,0.));
#3508=DIRECTION('',(0.,0.,1.));
#3509=DIRECTION('',(0.563815572471211,-0.205212085997085,0.));
#3510=DIRECTION('',(0.342020143326311,0.939692620785675,0.));
#3511=DIRECTION('',(0.,0.,-1.));
#3512=DIRECTION('',(5.5720584907624,0.,0.));
#3513=DIRECTION('',(0.42261826174017,-0.906307787036897,0.));
#3514=DIRECTION('',(0.,0.,1.));
#3515=DIRECTION('',(0.543784672222945,0.253570957042992,0.));
#3516=DIRECTION('',(-0.422618261740115,0.906307787036922,0.));
#3517=DIRECTION('',(0.,0.,-1.));
#3518=DIRECTION('',(5.5720584907624,0.,0.));
#3519=DIRECTION('',(0.9396926207857,-0.34202014332624,0.));
#3520=DIRECTION('',(0.,0.,1.));
#3521=DIRECTION('',(0.205212085997086,0.563815572471211,0.));
#3522=DIRECTION('',(-0.939692620785691,0.342020143326267,0.));
#3523=DIRECTION('',(0.,0.,-1.));
#3524=DIRECTION('',(5.57205849076299,0.,0.));
#3525=DIRECTION('',(0.906307787036999,0.422618261739951,0.));
#3526=DIRECTION('',(0.,0.,1.));
#3527=DIRECTION('',(-0.253570957044396,0.543784672222003,0.));
#3528=DIRECTION('',(-0.906307787036106,-0.422618261741867,0.));
#3529=DIRECTION('',(0.,0.,-1.));
#3530=DIRECTION('',(5.57205849076299,0.,0.));
#3531=DIRECTION('',(0.342020143326469,0.939692620785617,0.));
#3532=DIRECTION('',(0.,0.,1.));
#3533=DIRECTION('',(-0.563815572471538,0.205212085995427,0.));
#3534=DIRECTION('',(-0.342020143324484,-0.93969262078634,0.));
#3535=DIRECTION('',(0.,0.,-1.));
#3536=DIRECTION('',(5.57205849076299,0.,0.));
#3537=DIRECTION('',(-0.422618261740004,0.906307787036974,0.));
#3538=DIRECTION('',(0.,0.,1.));
#3539=DIRECTION('',(-0.543784672222003,-0.253570957044396,0.));
#3540=DIRECTION('',(0.42261826174201,-0.906307787036039,0.));
#3541=DIRECTION('',(0.,0.,-1.));
#3542=DIRECTION('',(5.57205849076299,0.,0.));
#3543=DIRECTION('',(-0.939692620785657,0.342020143326359,0.));
#3544=DIRECTION('',(0.,0.,1.));
#3545=DIRECTION('',(-0.205212085995427,-0.563815572471538,0.));
#3546=DIRECTION('',(0.939692620786431,-0.342020143324232,0.));
#3547=DIRECTION('',(0.,0.,-1.));
#3548=DIRECTION('',(5.57205849076299,0.,0.));
#3549=DIRECTION('',(-0.906307787036998,-0.422618261739953,0.));
#3550=DIRECTION('',(0.,0.,1.));
#3551=DIRECTION('',(0.253570957044396,-0.543784672222003,0.));
#3552=DIRECTION('',(0.906307787036106,0.422618261741867,0.));
#3553=DIRECTION('',(0.,0.,-1.));
#3554=DIRECTION('',(5.57205849076299,0.,0.));
#3555=DIRECTION('',(-0.342020143326467,-0.939692620785618,0.));
#3556=DIRECTION('',(0.,0.,1.));
#3557=DIRECTION('',(0.563815572471538,-0.205212085995427,0.));
#3558=DIRECTION('',(0.342020143324465,0.939692620786346,0.));
#3559=DIRECTION('',(0.,0.,-1.));
#3560=DIRECTION('',(5.57205849076299,0.,0.));
#3561=DIRECTION('',(0.422618261740006,-0.906307787036973,0.));
#3562=DIRECTION('',(0.,0.,1.));
#3563=DIRECTION('',(0.543784672222003,0.253570957044396,0.));
#3564=DIRECTION('',(-0.422618261742019,0.906307787036035,0.));
#3565=DIRECTION('',(0.,0.,-1.));
#3566=DIRECTION('',(5.57205849076299,0.,0.));
#3567=DIRECTION('',(0.939692620785657,-0.342020143326359,0.));
#3568=DIRECTION('',(0.,0.,1.));
#3569=DIRECTION('',(0.205212085995428,0.563815572471538,0.));
#3570=DIRECTION('',(-0.939692620786418,0.34202014332427,0.));
#3571=DIRECTION('',(0.,0.,1.));
#3572=DIRECTION('',(-5.57205849076299,0.,0.));
#3573=DIRECTION('',(0.939692620786418,0.34202014332427,0.));
#3574=DIRECTION('',(0.,0.,-1.));
#3575=DIRECTION('',(-0.205212085995428,0.563815572471538,0.));
#3576=DIRECTION('',(-0.939692620785657,-0.342020143326359,0.));
#3577=DIRECTION('',(0.,0.,1.));
#3578=DIRECTION('',(-5.57205849076299,0.,0.));
#3579=DIRECTION('',(0.422618261742019,0.906307787036035,0.));
#3580=DIRECTION('',(0.,0.,-1.));
#3581=DIRECTION('',(-0.543784672222003,0.253570957044396,0.));
#3582=DIRECTION('',(-0.422618261740006,-0.906307787036973,0.));
#3583=DIRECTION('',(0.,0.,1.));
#3584=DIRECTION('',(-5.57205849076299,0.,0.));
#3585=DIRECTION('',(-0.342020143324465,0.939692620786346,0.));
#3586=DIRECTION('',(0.,0.,-1.));
#3587=DIRECTION('',(-0.563815572471538,-0.205212085995427,0.));
#3588=DIRECTION('',(0.342020143326467,-0.939692620785618,0.));
#3589=DIRECTION('',(0.,0.,1.));
#3590=DIRECTION('',(-5.57205849076299,0.,0.));
#3591=DIRECTION('',(-0.906307787036106,0.422618261741867,0.));
#3592=DIRECTION('',(0.,0.,-1.));
#3593=DIRECTION('',(-0.253570957044396,-0.543784672222003,0.));
#3594=DIRECTION('',(0.906307787036998,-0.422618261739953,0.));
#3595=DIRECTION('',(0.,0.,1.));
#3596=DIRECTION('',(-5.57205849076299,0.,0.));
#3597=DIRECTION('',(-0.939692620786431,-0.342020143324232,0.));
#3598=DIRECTION('',(0.,0.,-1.));
#3599=DIRECTION('',(0.205212085995427,-0.563815572471538,0.));
#3600=DIRECTION('',(0.939692620785657,0.342020143326359,0.));
#3601=DIRECTION('',(0.,0.,1.));
#3602=DIRECTION('',(-5.57205849076299,0.,0.));
#3603=DIRECTION('',(-0.42261826174201,-0.906307787036039,0.));
#3604=DIRECTION('',(0.,0.,-1.));
#3605=DIRECTION('',(0.543784672222003,-0.253570957044396,0.));
#3606=DIRECTION('',(0.422618261740004,0.906307787036974,0.));
#3607=DIRECTION('',(0.,0.,1.));
#3608=DIRECTION('',(-5.57205849076299,0.,0.));
#3609=DIRECTION('',(0.342020143324484,-0.93969262078634,0.));
#3610=DIRECTION('',(0.,0.,-1.));
#3611=DIRECTION('',(0.563815572471538,0.205212085995427,0.));
#3612=DIRECTION('',(-0.342020143326469,0.939692620785617,0.));
#3613=DIRECTION('',(0.,0.,1.));
#3614=DIRECTION('',(-5.57205849076299,0.,0.));
#3615=DIRECTION('',(0.906307787036106,-0.422618261741867,0.));
#3616=DIRECTION('',(0.,0.,-1.));
#3617=DIRECTION('',(0.253570957044396,0.543784672222003,0.));
#3618=DIRECTION('',(-0.906307787036999,0.422618261739951,0.));
#3619=DIRECTION('',(0.,0.,1.));
#3620=DIRECTION('',(-5.5720584907624,0.,0.));
#3621=DIRECTION('',(0.939692620785691,0.342020143326267,0.));
#3622=DIRECTION('',(0.,0.,-1.));
#3623=DIRECTION('',(-0.205212085997086,0.563815572471211,0.));
#3624=DIRECTION('',(-0.9396926207857,-0.34202014332624,0.));
#3625=DIRECTION('',(0.,0.,1.));
#3626=DIRECTION('',(-5.5720584907624,0.,0.));
#3627=DIRECTION('',(0.422618261740115,0.906307787036922,0.));
#3628=DIRECTION('',(0.,0.,-1.));
#3629=DIRECTION('',(-0.543784672222945,0.253570957042992,0.));
#3630=DIRECTION('',(-0.42261826174017,-0.906307787036897,0.));
#3631=DIRECTION('',(0.,0.,1.));
#3632=DIRECTION('',(-5.5720584907624,0.,0.));
#3633=DIRECTION('',(-0.342020143326311,0.939692620785675,0.));
#3634=DIRECTION('',(0.,0.,-1.));
#3635=DIRECTION('',(-0.563815572471211,-0.205212085997085,0.));
#3636=DIRECTION('',(0.342020143326237,-0.939692620785701,0.));
#3637=DIRECTION('',(0.,0.,1.));
#3638=DIRECTION('',(-5.5720584907624,0.,0.));
#3639=DIRECTION('',(-0.906307787036921,0.422618261740118,0.));
#3640=DIRECTION('',(0.,0.,-1.));
#3641=DIRECTION('',(-0.253570957042992,-0.543784672222945,0.));
#3642=DIRECTION('',(0.906307787036897,-0.422618261740169,0.));
#3643=DIRECTION('',(0.,0.,1.));
#3644=DIRECTION('',(-5.5720584907624,0.,0.));
#3645=DIRECTION('',(-0.939692620785697,-0.342020143326249,0.));
#3646=DIRECTION('',(0.,0.,-1.));
#3647=DIRECTION('',(0.205212085997085,-0.563815572471211,0.));
#3648=DIRECTION('',(0.939692620785709,0.342020143326217,0.));
#3649=DIRECTION('',(0.,0.,1.));
#3650=DIRECTION('',(-5.5720584907624,0.,0.));
#3651=DIRECTION('',(-0.422618261740109,-0.906307787036925,0.));
#3652=DIRECTION('',(0.,0.,-1.));
#3653=DIRECTION('',(0.543784672222945,-0.253570957042992,0.));
#3654=DIRECTION('',(0.422618261740179,0.906307787036892,0.));
#3655=DIRECTION('',(0.,0.,1.));
#3656=DIRECTION('',(-5.5720584907624,0.,0.));
#3657=DIRECTION('',(0.342020143326267,-0.939692620785691,0.));
#3658=DIRECTION('',(0.,0.,-1.));
#3659=DIRECTION('',(0.563815572471211,0.205212085997085,0.));
#3660=DIRECTION('',(-0.342020143326217,0.939692620785709,0.));
#3661=DIRECTION('',(0.,0.,1.));
#3662=DIRECTION('',(-5.5720584907624,0.,0.));
#3663=DIRECTION('',(0.906307787036925,-0.422618261740109,0.));
#3664=DIRECTION('',(0.,0.,-1.));
#3665=DIRECTION('',(0.253570957042992,0.543784672222945,0.));
#3666=DIRECTION('',(-0.906307787036897,0.422618261740169,0.));
#3667=DIRECTION('',(6.30822550817654E-13,0.707106781186549,0.707106781186546));
#3668=DIRECTION('',(-1.,8.86711032230346E-13,0.));
#3669=DIRECTION('',(-7.03401421490331E-13,-0.707106781186547,0.707106781186547));
#3670=DIRECTION('',(1.,-8.99842967807622E-13,0.));
#3671=DIRECTION('',(-0.577350269189434,0.577350269190009,-0.577350269189434));
#3672=DIRECTION('',(0.,0.,-1.));
#3673=DIRECTION('',(1.68546724632836E-14,9.27205849076301,0.));
#3674=DIRECTION('',(-1.97215226305253E-31,0.707106781186547,0.707106781186547));
#3675=DIRECTION('',(0.,0.,-1.));
#3676=DIRECTION('',(1.59457765325647E-14,8.77205849076301,0.));
#3677=DIRECTION('',(0.,0.,1.));
#3678=DIRECTION('',(1.77635683940024E-14,9.772058490763,0.));
#3679=DIRECTION('',(0.,-0.707106781186549,0.707106781186546));
#3680=DIRECTION('',(1.97215226305253E-31,0.707106781186547,0.707106781186547));
#3681=DIRECTION('',(-1.,0.,0.));
#3682=DIRECTION('',(1.,0.,0.));
#3683=DIRECTION('',(0.,0.,-1.));
#3684=DIRECTION('',(-1.68546724632836E-14,9.27205849076301,0.));
#3685=DIRECTION('',(0.,0.,1.));
#3686=DIRECTION('',(-1.77635683940024E-14,9.772058490763,0.));
#3687=DIRECTION('',(-1.97215226305253E-31,-0.707106781186547,0.707106781186547));
#3688=DIRECTION('',(0.,0.,-1.));
#3689=DIRECTION('',(-1.59457765325647E-14,8.77205849076301,0.));
#3690=DIRECTION('',(-6.30822550817654E-13,0.707106781186549,0.707106781186546));
#3691=DIRECTION('',(1.,8.87752947127013E-13,0.));
#3692=DIRECTION('',(-1.,-8.86711032230346E-13,0.));
#3693=DIRECTION('',(-0.577350269189454,-0.57735026918997,0.577350269189454));
#3694=DIRECTION('',(0.707106781186543,-4.17633588643409E-16,0.707106781186552));
#3695=DIRECTION('',(-0.707106781186547,0.,0.707106781186547));
#3696=DIRECTION('',(0.,-1.,0.));
#3697=DIRECTION('',(0.,0.,-1.));
#3698=DIRECTION('',(-1.68546724632836E-14,9.27205849076238,0.));
#3699=DIRECTION('',(0.,-0.707106781186547,0.707106781186547));
#3700=DIRECTION('',(0.,0.,-1.));
#3701=DIRECTION('',(-1.59457765325646E-14,8.77205849076238,0.));
#3702=DIRECTION('',(0.,0.707106781186549,0.707106781186546));
#3703=DIRECTION('',(0.,-0.707106781186442,0.707106781186653));
#3704=DIRECTION('',(1.,-1.60052846919114E-15,0.));
#3705=DIRECTION('',(0.,0.,-1.));
#3706=DIRECTION('',(1.68546724632836E-14,9.27205849076238,0.));
#3707=DIRECTION('',(0.707106781186547,0.,0.707106781186547));
#3708=DIRECTION('',(0.,0.,-1.));
#3709=DIRECTION('',(1.59457765325646E-14,8.77205849076238,0.));
#3710=DIRECTION('',(-0.707106781186543,-4.17633588643409E-16,0.707106781186552));
#3711=DIRECTION('',(0.,1.,0.));
#3712=DIRECTION('',(8.92117806817115E-13,-1.,0.));
#3713=DIRECTION('',(0.,0.,1.));
#3714=DIRECTION('',(0.,0.,-1.));
#3715=DIRECTION('',(-1.77635683940024E-14,9.772058490763,0.));
#3716=DIRECTION('',(0.,0.,1.));
#3717=DIRECTION('',(0.,-1.,0.));
#3718=DIRECTION('',(0.,0.,1.));
#3719=DIRECTION('',(0.,0.,1.));
#3720=DIRECTION('',(1.77635683940024E-14,9.772058490763,0.));
#3721=DIRECTION('',(0.,0.,1.));
#3722=DIRECTION('',(8.92117806817115E-13,1.,0.));
#3723=DIRECTION('',(0.,0.,1.));
#3724=DIRECTION('',(0.,0.,-1.));
#3725=DIRECTION('',(5.5720584907624,0.,0.));
#3726=DIRECTION('',(0.939692620785691,-0.342020143326267,0.));
#3727=DIRECTION('',(0.,0.,-1.));
#3728=DIRECTION('',(0.205212085997086,0.563815572471211,0.));
#3729=DIRECTION('',(-0.9396926207857,0.34202014332624,0.));
#3730=DIRECTION('',(0.,0.,-1.));
#3731=DIRECTION('',(5.5720584907624,0.,0.));
#3732=DIRECTION('',(0.422618261740115,-0.906307787036922,0.));
#3733=DIRECTION('',(0.,0.,-1.));
#3734=DIRECTION('',(0.543784672222945,0.253570957042992,0.));
#3735=DIRECTION('',(-0.42261826174017,0.906307787036897,0.));
#3736=DIRECTION('',(0.,0.,-1.));
#3737=DIRECTION('',(5.5720584907624,0.,0.));
#3738=DIRECTION('',(-0.342020143326311,-0.939692620785675,0.));
#3739=DIRECTION('',(0.,0.,-1.));
#3740=DIRECTION('',(0.563815572471211,-0.205212085997085,0.));
#3741=DIRECTION('',(0.342020143326237,0.939692620785701,0.));
#3742=DIRECTION('',(0.,0.,-1.));
#3743=DIRECTION('',(5.5720584907624,0.,0.));
#3744=DIRECTION('',(-0.906307787036921,-0.422618261740118,0.));
#3745=DIRECTION('',(0.,0.,-1.));
#3746=DIRECTION('',(0.253570957042992,-0.543784672222945,0.));
#3747=DIRECTION('',(0.906307787036897,0.422618261740169,0.));
#3748=DIRECTION('',(0.,0.,-1.));
#3749=DIRECTION('',(5.5720584907624,0.,0.));
#3750=DIRECTION('',(-0.939692620785697,0.342020143326249,0.));
#3751=DIRECTION('',(0.,0.,-1.));
#3752=DIRECTION('',(-0.205212085997085,-0.563815572471211,0.));
#3753=DIRECTION('',(0.939692620785709,-0.342020143326217,0.));
#3754=DIRECTION('',(0.,0.,-1.));
#3755=DIRECTION('',(5.5720584907624,0.,0.));
#3756=DIRECTION('',(-0.422618261740109,0.906307787036925,0.));
#3757=DIRECTION('',(0.,0.,-1.));
#3758=DIRECTION('',(-0.543784672222945,-0.253570957042992,0.));
#3759=DIRECTION('',(0.422618261740179,-0.906307787036892,0.));
#3760=DIRECTION('',(0.,0.,-1.));
#3761=DIRECTION('',(5.5720584907624,0.,0.));
#3762=DIRECTION('',(0.342020143326267,0.939692620785691,0.));
#3763=DIRECTION('',(0.,0.,-1.));
#3764=DIRECTION('',(-0.563815572471211,0.205212085997085,0.));
#3765=DIRECTION('',(-0.342020143326217,-0.939692620785709,0.));
#3766=DIRECTION('',(0.,0.,-1.));
#3767=DIRECTION('',(5.5720584907624,0.,0.));
#3768=DIRECTION('',(0.906307787036925,0.422618261740109,0.));
#3769=DIRECTION('',(0.,0.,-1.));
#3770=DIRECTION('',(-0.253570957042992,0.543784672222945,0.));
#3771=DIRECTION('',(-0.906307787036897,-0.422618261740169,0.));
#3772=DIRECTION('',(0.,0.,-1.));
#3773=DIRECTION('',(5.57205849076299,0.,0.));
#3774=DIRECTION('',(-0.939692620786418,0.34202014332427,0.));
#3775=DIRECTION('',(0.,0.,1.));
#3776=DIRECTION('',(0.205212085995428,0.563815572471538,0.));
#3777=DIRECTION('',(0.939692620785657,-0.342020143326359,0.));
#3778=DIRECTION('',(0.,0.,-1.));
#3779=DIRECTION('',(5.57205849076299,0.,0.));
#3780=DIRECTION('',(-0.422618261742019,0.906307787036035,0.));
#3781=DIRECTION('',(0.,0.,1.));
#3782=DIRECTION('',(0.543784672222003,0.253570957044396,0.));
#3783=DIRECTION('',(0.422618261740006,-0.906307787036973,0.));
#3784=DIRECTION('',(0.,0.,-1.));
#3785=DIRECTION('',(5.57205849076299,0.,0.));
#3786=DIRECTION('',(0.342020143324465,0.939692620786346,0.));
#3787=DIRECTION('',(0.,0.,1.));
#3788=DIRECTION('',(0.563815572471538,-0.205212085995427,0.));
#3789=DIRECTION('',(-0.342020143326467,-0.939692620785618,0.));
#3790=DIRECTION('',(0.,0.,-1.));
#3791=DIRECTION('',(5.57205849076299,0.,0.));
#3792=DIRECTION('',(0.906307787036106,0.422618261741867,0.));
#3793=DIRECTION('',(0.,0.,1.));
#3794=DIRECTION('',(0.253570957044396,-0.543784672222003,0.));
#3795=DIRECTION('',(-0.906307787036998,-0.422618261739953,0.));
#3796=DIRECTION('',(0.,0.,-1.));
#3797=DIRECTION('',(5.57205849076299,0.,0.));
#3798=DIRECTION('',(0.939692620786431,-0.342020143324232,0.));
#3799=DIRECTION('',(0.,0.,1.));
#3800=DIRECTION('',(-0.205212085995427,-0.563815572471538,0.));
#3801=DIRECTION('',(-0.939692620785657,0.342020143326359,0.));
#3802=DIRECTION('',(0.,0.,-1.));
#3803=DIRECTION('',(5.57205849076299,0.,0.));
#3804=DIRECTION('',(0.42261826174201,-0.906307787036039,0.));
#3805=DIRECTION('',(0.,0.,1.));
#3806=DIRECTION('',(-0.543784672222003,-0.253570957044396,0.));
#3807=DIRECTION('',(-0.422618261740004,0.906307787036974,0.));
#3808=DIRECTION('',(0.,0.,-1.));
#3809=DIRECTION('',(5.57205849076299,0.,0.));
#3810=DIRECTION('',(-0.342020143324484,-0.93969262078634,0.));
#3811=DIRECTION('',(0.,0.,1.));
#3812=DIRECTION('',(-0.563815572471538,0.205212085995427,0.));
#3813=DIRECTION('',(0.342020143326469,0.939692620785617,0.));
#3814=DIRECTION('',(0.,0.,-1.));
#3815=DIRECTION('',(5.57205849076299,0.,0.));
#3816=DIRECTION('',(-0.906307787036106,-0.422618261741867,0.));
#3817=DIRECTION('',(0.,0.,1.));
#3818=DIRECTION('',(-0.253570957044396,0.543784672222003,0.));
#3819=DIRECTION('',(0.906307787036999,0.422618261739951,0.));
#3820=DIRECTION('',(0.,0.,1.));
#3821=DIRECTION('',(-5.57205849076299,0.,0.));
#3822=DIRECTION('',(-0.906307787036999,0.422618261739951,0.));
#3823=DIRECTION('',(0.,0.,-1.));
#3824=DIRECTION('',(0.253570957044396,0.543784672222003,0.));
#3825=DIRECTION('',(0.906307787036106,-0.422618261741867,0.));
#3826=DIRECTION('',(0.,0.,1.));
#3827=DIRECTION('',(-5.57205849076299,0.,0.));
#3828=DIRECTION('',(-0.342020143326469,0.939692620785617,0.));
#3829=DIRECTION('',(0.,0.,-1.));
#3830=DIRECTION('',(0.563815572471538,0.205212085995427,0.));
#3831=DIRECTION('',(0.342020143324484,-0.93969262078634,0.));
#3832=DIRECTION('',(0.,0.,1.));
#3833=DIRECTION('',(-5.57205849076299,0.,0.));
#3834=DIRECTION('',(0.422618261740004,0.906307787036974,0.));
#3835=DIRECTION('',(0.,0.,-1.));
#3836=DIRECTION('',(0.543784672222003,-0.253570957044396,0.));
#3837=DIRECTION('',(-0.42261826174201,-0.906307787036039,0.));
#3838=DIRECTION('',(0.,0.,1.));
#3839=DIRECTION('',(-5.57205849076299,0.,0.));
#3840=DIRECTION('',(0.939692620785657,0.342020143326359,0.));
#3841=DIRECTION('',(0.,0.,-1.));
#3842=DIRECTION('',(0.205212085995427,-0.563815572471538,0.));
#3843=DIRECTION('',(-0.939692620786431,-0.342020143324232,0.));
#3844=DIRECTION('',(0.,0.,1.));
#3845=DIRECTION('',(-5.57205849076299,0.,0.));
#3846=DIRECTION('',(0.906307787036998,-0.422618261739953,0.));
#3847=DIRECTION('',(0.,0.,-1.));
#3848=DIRECTION('',(-0.253570957044396,-0.543784672222003,0.));
#3849=DIRECTION('',(-0.906307787036106,0.422618261741867,0.));
#3850=DIRECTION('',(0.,0.,1.));
#3851=DIRECTION('',(-5.57205849076299,0.,0.));
#3852=DIRECTION('',(0.342020143326467,-0.939692620785618,0.));
#3853=DIRECTION('',(0.,0.,-1.));
#3854=DIRECTION('',(-0.563815572471538,-0.205212085995427,0.));
#3855=DIRECTION('',(-0.342020143324465,0.939692620786346,0.));
#3856=DIRECTION('',(0.,0.,1.));
#3857=DIRECTION('',(-5.57205849076299,0.,0.));
#3858=DIRECTION('',(-0.422618261740006,-0.906307787036973,0.));
#3859=DIRECTION('',(0.,0.,-1.));
#3860=DIRECTION('',(-0.543784672222003,0.253570957044396,0.));
#3861=DIRECTION('',(0.422618261742019,0.906307787036035,0.));
#3862=DIRECTION('',(0.,0.,1.));
#3863=DIRECTION('',(-5.57205849076299,0.,0.));
#3864=DIRECTION('',(-0.939692620785657,-0.342020143326359,0.));
#3865=DIRECTION('',(0.,0.,-1.));
#3866=DIRECTION('',(-0.205212085995428,0.563815572471538,0.));
#3867=DIRECTION('',(0.939692620786418,0.34202014332427,0.));
#3868=DIRECTION('',(0.,0.,1.));
#3869=DIRECTION('',(-5.5720584907624,0.,0.));
#3870=DIRECTION('',(0.906307787036897,-0.422618261740169,0.));
#3871=DIRECTION('',(0.,0.,1.));
#3872=DIRECTION('',(0.253570957042992,0.543784672222945,0.));
#3873=DIRECTION('',(-0.906307787036925,0.422618261740109,0.));
#3874=DIRECTION('',(0.,0.,1.));
#3875=DIRECTION('',(-5.5720584907624,0.,0.));
#3876=DIRECTION('',(0.342020143326217,-0.939692620785709,0.));
#3877=DIRECTION('',(0.,0.,1.));
#3878=DIRECTION('',(0.563815572471211,0.205212085997085,0.));
#3879=DIRECTION('',(-0.342020143326267,0.939692620785691,0.));
#3880=DIRECTION('',(0.,0.,1.));
#3881=DIRECTION('',(-5.5720584907624,0.,0.));
#3882=DIRECTION('',(-0.422618261740179,-0.906307787036892,0.));
#3883=DIRECTION('',(0.,0.,1.));
#3884=DIRECTION('',(0.543784672222945,-0.253570957042992,0.));
#3885=DIRECTION('',(0.422618261740109,0.906307787036925,0.));
#3886=DIRECTION('',(0.,0.,1.));
#3887=DIRECTION('',(-5.5720584907624,0.,0.));
#3888=DIRECTION('',(-0.939692620785709,-0.342020143326217,0.));
#3889=DIRECTION('',(0.,0.,1.));
#3890=DIRECTION('',(0.205212085997085,-0.563815572471211,0.));
#3891=DIRECTION('',(0.939692620785697,0.342020143326249,0.));
#3892=DIRECTION('',(0.,0.,1.));
#3893=DIRECTION('',(-5.5720584907624,0.,0.));
#3894=DIRECTION('',(-0.906307787036897,0.422618261740169,0.));
#3895=DIRECTION('',(0.,0.,1.));
#3896=DIRECTION('',(-0.253570957042992,-0.543784672222945,0.));
#3897=DIRECTION('',(0.906307787036921,-0.422618261740118,0.));
#3898=DIRECTION('',(0.,0.,1.));
#3899=DIRECTION('',(-5.5720584907624,0.,0.));
#3900=DIRECTION('',(-0.342020143326237,0.939692620785701,0.));
#3901=DIRECTION('',(0.,0.,1.));
#3902=DIRECTION('',(-0.563815572471211,-0.205212085997085,0.));
#3903=DIRECTION('',(0.342020143326311,-0.939692620785675,0.));
#3904=DIRECTION('',(0.,0.,1.));
#3905=DIRECTION('',(-5.5720584907624,0.,0.));
#3906=DIRECTION('',(0.42261826174017,0.906307787036897,0.));
#3907=DIRECTION('',(0.,0.,1.));
#3908=DIRECTION('',(-0.543784672222945,0.253570957042992,0.));
#3909=DIRECTION('',(-0.422618261740115,-0.906307787036922,0.));
#3910=DIRECTION('',(0.,0.,1.));
#3911=DIRECTION('',(-5.5720584907624,0.,0.));
#3912=DIRECTION('',(0.9396926207857,0.34202014332624,0.));
#3913=DIRECTION('',(0.,0.,1.));
#3914=DIRECTION('',(-0.205212085997086,0.563815572471211,0.));
#3915=DIRECTION('',(-0.939692620785691,-0.342020143326267,0.));
#3916=DIRECTION('',(0.,0.,-1.));
#3917=DIRECTION('',(0.563815572471211,0.205212085997085,0.));
#3918=DIRECTION('',(0.,0.,1.));
#3919=DIRECTION('',(0.,0.,1.));
#3920=DIRECTION('',(-0.939692620785683,-0.342020143326289,0.));
#3921=DIRECTION('',(0.,0.,1.));
#3922=DIRECTION('',(0.939692620785778,0.342020143326027,0.));
#3923=DIRECTION('',(0.,0.,-1.));
#3924=DIRECTION('',(0.,0.,-1.));
#3925=DIRECTION('',(-5.5720584907624,0.,0.));
#3926=DIRECTION('',(0.,0.,-1.));
#3927=DIRECTION('',(0.,0.,-1.));
#3928=DIRECTION('',(-5.5720584907624,0.,0.));
#3929=DIRECTION('',(0.,0.,1.));
#3930=DIRECTION('',(0.,0.,-1.));
#3931=DIRECTION('',(0.543784672222945,-0.253570957042992,0.));
#3932=DIRECTION('',(0.,0.,1.));
#3933=DIRECTION('',(0.,0.,1.));
#3934=DIRECTION('',(-0.906307787036929,0.422618261740101,0.));
#3935=DIRECTION('',(0.,0.,1.));
#3936=DIRECTION('',(0.906307787036811,-0.422618261740354,0.));
#3937=DIRECTION('',(0.,0.,-1.));
#3938=DIRECTION('',(-5.5720584907624,0.,0.));
#3939=DIRECTION('',(0.,0.,-1.));
#3940=DIRECTION('',(0.,0.,-1.));
#3941=DIRECTION('',(0.205212085997085,-0.563815572471211,0.));
#3942=DIRECTION('',(0.,0.,1.));
#3943=DIRECTION('',(0.,0.,1.));
#3944=DIRECTION('',(-0.342020143326289,0.939692620785683,0.));
#3945=DIRECTION('',(0.,0.,1.));
#3946=DIRECTION('',(0.342020143326027,-0.939692620785778,0.));
#3947=DIRECTION('',(0.,0.,-1.));
#3948=DIRECTION('',(-5.5720584907624,0.,0.));
#3949=DIRECTION('',(0.,0.,-1.));
#3950=DIRECTION('',(0.,0.,-1.));
#3951=DIRECTION('',(-0.253570957042992,-0.543784672222945,0.));
#3952=DIRECTION('',(0.,0.,1.));
#3953=DIRECTION('',(0.,0.,1.));
#3954=DIRECTION('',(0.422618261740101,0.906307787036929,0.));
#3955=DIRECTION('',(0.,0.,1.));
#3956=DIRECTION('',(-0.422618261740354,-0.906307787036811,0.));
#3957=DIRECTION('',(0.,0.,-1.));
#3958=DIRECTION('',(-5.5720584907624,0.,0.));
#3959=DIRECTION('',(0.,0.,-1.));
#3960=DIRECTION('',(0.,0.,-1.));
#3961=DIRECTION('',(-0.563815572471211,-0.205212085997085,0.));
#3962=DIRECTION('',(0.,0.,1.));
#3963=DIRECTION('',(0.,0.,1.));
#3964=DIRECTION('',(0.939692620785683,0.342020143326289,0.));
#3965=DIRECTION('',(0.,0.,1.));
#3966=DIRECTION('',(-0.939692620785778,-0.342020143326027,0.));
#3967=DIRECTION('',(0.,0.,-1.));
#3968=DIRECTION('',(-5.5720584907624,0.,0.));
#3969=DIRECTION('',(0.,0.,-1.));
#3970=DIRECTION('',(0.,0.,-1.));
#3971=DIRECTION('',(-0.543784672222945,0.253570957042992,0.));
#3972=DIRECTION('',(0.,0.,1.));
#3973=DIRECTION('',(0.,0.,1.));
#3974=DIRECTION('',(0.906307787036929,-0.422618261740101,0.));
#3975=DIRECTION('',(0.,0.,1.));
#3976=DIRECTION('',(-0.906307787036811,0.422618261740354,0.));
#3977=DIRECTION('',(0.,0.,-1.));
#3978=DIRECTION('',(-5.5720584907624,0.,0.));
#3979=DIRECTION('',(0.,0.,-1.));
#3980=DIRECTION('',(0.,0.,-1.));
#3981=DIRECTION('',(-0.205212085997086,0.563815572471211,0.));
#3982=DIRECTION('',(0.,0.,1.));
#3983=DIRECTION('',(0.,0.,1.));
#3984=DIRECTION('',(0.342020143326289,-0.939692620785683,0.));
#3985=DIRECTION('',(0.,0.,1.));
#3986=DIRECTION('',(-0.342020143326027,0.939692620785778,0.));
#3987=DIRECTION('',(0.,0.,-1.));
#3988=DIRECTION('',(-5.5720584907624,0.,0.));
#3989=DIRECTION('',(0.,0.,-1.));
#3990=DIRECTION('',(0.,0.,-1.));
#3991=DIRECTION('',(0.253570957042992,0.543784672222945,0.));
#3992=DIRECTION('',(0.,0.,1.));
#3993=DIRECTION('',(0.,0.,1.));
#3994=DIRECTION('',(-0.422618261740101,-0.906307787036929,0.));
#3995=DIRECTION('',(0.422618261740354,0.906307787036811,0.));
#3996=DIRECTION('',(0.,0.,-1.));
#3997=DIRECTION('',(0.563815572471538,0.205212085995427,0.));
#3998=DIRECTION('',(0.,0.,1.));
#3999=DIRECTION('',(0.,0.,1.));
#4000=DIRECTION('',(-0.939692620786414,-0.34202014332428,0.));
#4001=DIRECTION('',(0.,0.,1.));
#4002=DIRECTION('',(0.939692620785634,0.342020143326422,0.));
#4003=DIRECTION('',(0.,0.,-1.));
#4004=DIRECTION('',(0.,0.,-1.));
#4005=DIRECTION('',(-5.57205849076299,0.,0.));
#4006=DIRECTION('',(0.,0.,-1.));
#4007=DIRECTION('',(0.,0.,-1.));
#4008=DIRECTION('',(-5.57205849076299,0.,0.));
#4009=DIRECTION('',(0.,0.,1.));
#4010=DIRECTION('',(0.,0.,-1.));
#4011=DIRECTION('',(0.543784672222003,-0.253570957044396,0.));
#4012=DIRECTION('',(0.,0.,1.));
#4013=DIRECTION('',(0.,0.,1.));
#4014=DIRECTION('',(-0.906307787036025,0.422618261742039,0.));
#4015=DIRECTION('',(0.,0.,1.));
#4016=DIRECTION('',(0.906307787036989,-0.422618261739973,0.));
#4017=DIRECTION('',(0.,0.,-1.));
#4018=DIRECTION('',(-5.57205849076299,0.,0.));
#4019=DIRECTION('',(0.,0.,-1.));
#4020=DIRECTION('',(0.,0.,-1.));
#4021=DIRECTION('',(0.205212085995427,-0.563815572471538,0.));
#4022=DIRECTION('',(0.,0.,1.));
#4023=DIRECTION('',(0.,0.,1.));
#4024=DIRECTION('',(-0.34202014332428,0.939692620786414,0.));
#4025=DIRECTION('',(0.,0.,1.));
#4026=DIRECTION('',(0.342020143326422,-0.939692620785634,0.));
#4027=DIRECTION('',(0.,0.,-1.));
#4028=DIRECTION('',(-5.57205849076299,0.,0.));
#4029=DIRECTION('',(0.,0.,-1.));
#4030=DIRECTION('',(0.,0.,-1.));
#4031=DIRECTION('',(-0.253570957044396,-0.543784672222003,0.));
#4032=DIRECTION('',(0.,0.,1.));
#4033=DIRECTION('',(0.,0.,1.));
#4034=DIRECTION('',(0.422618261742039,0.906307787036025,0.));
#4035=DIRECTION('',(0.,0.,1.));
#4036=DIRECTION('',(-0.422618261739973,-0.906307787036989,0.));
#4037=DIRECTION('',(0.,0.,-1.));
#4038=DIRECTION('',(-5.57205849076299,0.,0.));
#4039=DIRECTION('',(0.,0.,-1.));
#4040=DIRECTION('',(0.,0.,-1.));
#4041=DIRECTION('',(-0.563815572471538,-0.205212085995427,0.));
#4042=DIRECTION('',(0.,0.,1.));
#4043=DIRECTION('',(0.,0.,1.));
#4044=DIRECTION('',(0.939692620786414,0.34202014332428,0.));
#4045=DIRECTION('',(0.,0.,1.));
#4046=DIRECTION('',(-0.939692620785634,-0.342020143326422,0.));
#4047=DIRECTION('',(0.,0.,-1.));
#4048=DIRECTION('',(-5.57205849076299,0.,0.));
#4049=DIRECTION('',(0.,0.,-1.));
#4050=DIRECTION('',(0.,0.,-1.));
#4051=DIRECTION('',(-0.543784672222003,0.253570957044396,0.));
#4052=DIRECTION('',(0.,0.,1.));
#4053=DIRECTION('',(0.,0.,1.));
#4054=DIRECTION('',(0.906307787036025,-0.422618261742039,0.));
#4055=DIRECTION('',(0.,0.,1.));
#4056=DIRECTION('',(-0.906307787036989,0.422618261739973,0.));
#4057=DIRECTION('',(0.,0.,-1.));
#4058=DIRECTION('',(-5.57205849076299,0.,0.));
#4059=DIRECTION('',(0.,0.,-1.));
#4060=DIRECTION('',(0.,0.,-1.));
#4061=DIRECTION('',(-0.205212085995428,0.563815572471538,0.));
#4062=DIRECTION('',(0.,0.,1.));
#4063=DIRECTION('',(0.,0.,1.));
#4064=DIRECTION('',(0.34202014332428,-0.939692620786414,0.));
#4065=DIRECTION('',(0.,0.,1.));
#4066=DIRECTION('',(-0.342020143326422,0.939692620785634,0.));
#4067=DIRECTION('',(0.,0.,-1.));
#4068=DIRECTION('',(-5.57205849076299,0.,0.));
#4069=DIRECTION('',(0.,0.,-1.));
#4070=DIRECTION('',(0.,0.,-1.));
#4071=DIRECTION('',(0.253570957044396,0.543784672222003,0.));
#4072=DIRECTION('',(0.,0.,1.));
#4073=DIRECTION('',(0.,0.,1.));
#4074=DIRECTION('',(-0.422618261742039,-0.906307787036025,0.));
#4075=DIRECTION('',(0.422618261739973,0.906307787036989,0.));
#4076=DIRECTION('',(0.,0.,1.));
#4077=DIRECTION('',(-0.563815572471211,0.205212085997085,0.));
#4078=DIRECTION('',(0.,0.,1.));
#4079=DIRECTION('',(0.,0.,1.));
#4080=DIRECTION('',(-0.939692620785683,0.342020143326289,0.));
#4081=DIRECTION('',(0.,0.,1.));
#4082=DIRECTION('',(0.939692620785778,-0.342020143326027,0.));
#4083=DIRECTION('',(0.,0.,-1.));
#4084=DIRECTION('',(0.,0.,1.));
#4085=DIRECTION('',(5.5720584907624,0.,0.));
#4086=DIRECTION('',(0.,0.,-1.));
#4087=DIRECTION('',(0.,0.,1.));
#4088=DIRECTION('',(5.5720584907624,0.,0.));
#4089=DIRECTION('',(0.,0.,1.));
#4090=DIRECTION('',(0.,0.,1.));
#4091=DIRECTION('',(-0.543784672222945,-0.253570957042992,0.));
#4092=DIRECTION('',(0.,0.,1.));
#4093=DIRECTION('',(0.,0.,1.));
#4094=DIRECTION('',(-0.906307787036929,-0.422618261740101,0.));
#4095=DIRECTION('',(0.,0.,1.));
#4096=DIRECTION('',(0.906307787036811,0.422618261740354,0.));
#4097=DIRECTION('',(0.,0.,1.));
#4098=DIRECTION('',(5.5720584907624,0.,0.));
#4099=DIRECTION('',(0.,0.,-1.));
#4100=DIRECTION('',(0.,0.,1.));
#4101=DIRECTION('',(-0.205212085997085,-0.563815572471211,0.));
#4102=DIRECTION('',(0.,0.,1.));
#4103=DIRECTION('',(0.,0.,1.));
#4104=DIRECTION('',(-0.342020143326289,-0.939692620785683,0.));
#4105=DIRECTION('',(0.,0.,1.));
#4106=DIRECTION('',(0.342020143326027,0.939692620785778,0.));
#4107=DIRECTION('',(0.,0.,1.));
#4108=DIRECTION('',(5.5720584907624,0.,0.));
#4109=DIRECTION('',(0.,0.,-1.));
#4110=DIRECTION('',(0.,0.,1.));
#4111=DIRECTION('',(0.253570957042992,-0.543784672222945,0.));
#4112=DIRECTION('',(0.,0.,1.));
#4113=DIRECTION('',(0.,0.,1.));
#4114=DIRECTION('',(0.422618261740101,-0.906307787036929,0.));
#4115=DIRECTION('',(0.,0.,1.));
#4116=DIRECTION('',(-0.422618261740354,0.906307787036811,0.));
#4117=DIRECTION('',(0.,0.,1.));
#4118=DIRECTION('',(5.5720584907624,0.,0.));
#4119=DIRECTION('',(0.,0.,-1.));
#4120=DIRECTION('',(0.,0.,1.));
#4121=DIRECTION('',(0.563815572471211,-0.205212085997085,0.));
#4122=DIRECTION('',(0.,0.,1.));
#4123=DIRECTION('',(0.,0.,1.));
#4124=DIRECTION('',(0.939692620785683,-0.342020143326289,0.));
#4125=DIRECTION('',(0.,0.,1.));
#4126=DIRECTION('',(-0.939692620785778,0.342020143326027,0.));
#4127=DIRECTION('',(0.,0.,1.));
#4128=DIRECTION('',(5.5720584907624,0.,0.));
#4129=DIRECTION('',(0.,0.,-1.));
#4130=DIRECTION('',(0.,0.,1.));
#4131=DIRECTION('',(0.543784672222945,0.253570957042992,0.));
#4132=DIRECTION('',(0.,0.,1.));
#4133=DIRECTION('',(0.,0.,1.));
#4134=DIRECTION('',(0.906307787036929,0.422618261740101,0.));
#4135=DIRECTION('',(0.,0.,1.));
#4136=DIRECTION('',(-0.906307787036811,-0.422618261740354,0.));
#4137=DIRECTION('',(0.,0.,1.));
#4138=DIRECTION('',(5.5720584907624,0.,0.));
#4139=DIRECTION('',(0.,0.,-1.));
#4140=DIRECTION('',(0.,0.,1.));
#4141=DIRECTION('',(0.205212085997086,0.563815572471211,0.));
#4142=DIRECTION('',(0.,0.,1.));
#4143=DIRECTION('',(0.,0.,1.));
#4144=DIRECTION('',(0.342020143326289,0.939692620785683,0.));
#4145=DIRECTION('',(0.,0.,1.));
#4146=DIRECTION('',(-0.342020143326027,-0.939692620785778,0.));
#4147=DIRECTION('',(0.,0.,1.));
#4148=DIRECTION('',(5.5720584907624,0.,0.));
#4149=DIRECTION('',(0.,0.,-1.));
#4150=DIRECTION('',(0.,0.,1.));
#4151=DIRECTION('',(-0.253570957042992,0.543784672222945,0.));
#4152=DIRECTION('',(0.,0.,1.));
#4153=DIRECTION('',(0.,0.,1.));
#4154=DIRECTION('',(-0.422618261740101,0.906307787036929,0.));
#4155=DIRECTION('',(0.422618261740354,-0.906307787036811,0.));
#4156=DIRECTION('',(0.,0.,1.));
#4157=DIRECTION('',(-0.563815572471538,0.205212085995427,0.));
#4158=DIRECTION('',(0.,0.,1.));
#4159=DIRECTION('',(0.,0.,1.));
#4160=DIRECTION('',(-0.939692620786414,0.34202014332428,0.));
#4161=DIRECTION('',(0.,0.,1.));
#4162=DIRECTION('',(0.939692620785634,-0.342020143326422,0.));
#4163=DIRECTION('',(0.,0.,-1.));
#4164=DIRECTION('',(0.,0.,1.));
#4165=DIRECTION('',(5.57205849076299,0.,0.));
#4166=DIRECTION('',(0.,0.,-1.));
#4167=DIRECTION('',(0.,0.,1.));
#4168=DIRECTION('',(5.57205849076299,0.,0.));
#4169=DIRECTION('',(0.,0.,1.));
#4170=DIRECTION('',(0.,0.,1.));
#4171=DIRECTION('',(-0.543784672222003,-0.253570957044396,0.));
#4172=DIRECTION('',(0.,0.,1.));
#4173=DIRECTION('',(0.,0.,1.));
#4174=DIRECTION('',(-0.906307787036025,-0.422618261742039,0.));
#4175=DIRECTION('',(0.,0.,1.));
#4176=DIRECTION('',(0.906307787036989,0.422618261739973,0.));
#4177=DIRECTION('',(0.,0.,1.));
#4178=DIRECTION('',(5.57205849076299,0.,0.));
#4179=DIRECTION('',(0.,0.,-1.));
#4180=DIRECTION('',(0.,0.,1.));
#4181=DIRECTION('',(-0.205212085995427,-0.563815572471538,0.));
#4182=DIRECTION('',(0.,0.,1.));
#4183=DIRECTION('',(0.,0.,1.));
#4184=DIRECTION('',(-0.34202014332428,-0.939692620786414,0.));
#4185=DIRECTION('',(0.,0.,1.));
#4186=DIRECTION('',(0.342020143326422,0.939692620785634,0.));
#4187=DIRECTION('',(0.,0.,1.));
#4188=DIRECTION('',(5.57205849076299,0.,0.));
#4189=DIRECTION('',(0.,0.,-1.));
#4190=DIRECTION('',(0.,0.,1.));
#4191=DIRECTION('',(0.253570957044396,-0.543784672222003,0.));
#4192=DIRECTION('',(0.,0.,1.));
#4193=DIRECTION('',(0.,0.,1.));
#4194=DIRECTION('',(0.422618261742039,-0.906307787036025,0.));
#4195=DIRECTION('',(0.,0.,1.));
#4196=DIRECTION('',(-0.422618261739973,0.906307787036989,0.));
#4197=DIRECTION('',(0.,0.,1.));
#4198=DIRECTION('',(5.57205849076299,0.,0.));
#4199=DIRECTION('',(0.,0.,-1.));
#4200=DIRECTION('',(0.,0.,1.));
#4201=DIRECTION('',(0.563815572471538,-0.205212085995427,0.));
#4202=DIRECTION('',(0.,0.,1.));
#4203=DIRECTION('',(0.,0.,1.));
#4204=DIRECTION('',(0.939692620786414,-0.34202014332428,0.));
#4205=DIRECTION('',(0.,0.,1.));
#4206=DIRECTION('',(-0.939692620785634,0.342020143326422,0.));
#4207=DIRECTION('',(0.,0.,1.));
#4208=DIRECTION('',(5.57205849076299,0.,0.));
#4209=DIRECTION('',(0.,0.,-1.));
#4210=DIRECTION('',(0.,0.,1.));
#4211=DIRECTION('',(0.543784672222003,0.253570957044396,0.));
#4212=DIRECTION('',(0.,0.,1.));
#4213=DIRECTION('',(0.,0.,1.));
#4214=DIRECTION('',(0.906307787036025,0.422618261742039,0.));
#4215=DIRECTION('',(0.,0.,1.));
#4216=DIRECTION('',(-0.906307787036989,-0.422618261739973,0.));
#4217=DIRECTION('',(0.,0.,1.));
#4218=DIRECTION('',(5.57205849076299,0.,0.));
#4219=DIRECTION('',(0.,0.,-1.));
#4220=DIRECTION('',(0.,0.,1.));
#4221=DIRECTION('',(0.205212085995428,0.563815572471538,0.));
#4222=DIRECTION('',(0.,0.,1.));
#4223=DIRECTION('',(0.,0.,1.));
#4224=DIRECTION('',(0.34202014332428,0.939692620786414,0.));
#4225=DIRECTION('',(0.,0.,1.));
#4226=DIRECTION('',(-0.342020143326422,-0.939692620785634,0.));
#4227=DIRECTION('',(0.,0.,1.));
#4228=DIRECTION('',(5.57205849076299,0.,0.));
#4229=DIRECTION('',(0.,0.,-1.));
#4230=DIRECTION('',(0.,0.,1.));
#4231=DIRECTION('',(-0.253570957044396,0.543784672222003,0.));
#4232=DIRECTION('',(0.,0.,1.));
#4233=DIRECTION('',(0.,0.,1.));
#4234=DIRECTION('',(-0.422618261742039,0.906307787036025,0.));
#4235=DIRECTION('',(0.422618261739973,-0.906307787036989,0.));
#4236=CARTESIAN_POINT('',(-102.5,45.1139707546186,0.5));
#4237=CARTESIAN_POINT('',(-103.,-80.4558830184804,1.));
#4238=CARTESIAN_POINT('',(-103.,-80.4558830184804,1.00000000000002));
#4239=CARTESIAN_POINT('',(-103.,90.2279415092373,0.999999999999988));
#4240=CARTESIAN_POINT('',(-103.,90.2279415092373,1.));
#4241=CARTESIAN_POINT('',(-102.,90.2279415092373,-4.94049245958196E-15));
#4242=CARTESIAN_POINT('',(-102.,90.2279415092373,0.));
#4243=CARTESIAN_POINT('',(-102.,-81.4558830184813,2.04096150691637E-14));
#4244=CARTESIAN_POINT('',(-102.,-81.4558830184813,0.));
#4245=CARTESIAN_POINT('',(-81.5000000000363,-80.9558830184996,0.5));
#4246=CARTESIAN_POINT('',(-102.,-81.4558830184813,0.));
#4247=CARTESIAN_POINT('',(-110.227941509237,-81.455883018474,-5.74540415243519E-15));
#4248=CARTESIAN_POINT('',(-110.227941509238,-81.455883018474,0.));
#4249=CARTESIAN_POINT('',(-110.227941509237,-80.455883018474,0.999999999999995));
#4250=CARTESIAN_POINT('',(-110.227941509237,-80.455883018474,1.));
#4251=CARTESIAN_POINT('',(-110.227941509237,-90.227941509237,0.5));
#4252=CARTESIAN_POINT('',(-110.227941509237,-99.,0.));
#4253=CARTESIAN_POINT('',(-110.227941509237,-99.,-2.66453525910038E-15));
#4254=CARTESIAN_POINT('',(-110.227941509237,-100.,0.999999999999999));
#4255=CARTESIAN_POINT('',(-110.227941509237,-90.227941509237,1.));
#4256=CARTESIAN_POINT('',(-110.227941509237,-90.227941509237,0.));
#4257=CARTESIAN_POINT('',(-85.1139707546185,-99.5,0.5));
#4258=CARTESIAN_POINT('',(-110.227941509237,-99.,0.));
#4259=CARTESIAN_POINT('',(110.227941509237,-99.,1.27675647831893E-15));
#4260=CARTESIAN_POINT('',(110.227941509237,-99.,0.));
#4261=CARTESIAN_POINT('',(110.227941509237,-100.,0.999999999999998));
#4262=CARTESIAN_POINT('',(110.227941509237,-100.,1.));
#4263=CARTESIAN_POINT('',(110.227941509237,-90.227941509237,0.5));
#4264=CARTESIAN_POINT('',(110.227941509237,-90.227941509237,0.));
#4265=CARTESIAN_POINT('',(110.227941509237,-81.455883018474,9.79771819231701E-15));
#4266=CARTESIAN_POINT('',(110.227941509237,-81.455883018474,0.));
#4267=CARTESIAN_POINT('',(110.227941509237,-80.455883018474,1.00000000000001));
#4268=CARTESIAN_POINT('',(110.227941509237,-90.227941509237,1.));
#4269=CARTESIAN_POINT('',(21.5000000000363,-80.9558830185532,0.5));
#4270=CARTESIAN_POINT('',(103.,-80.4558830184804,1.));
#4271=CARTESIAN_POINT('',(103.,-80.4558830184804,1.00000000000002));
#4272=CARTESIAN_POINT('',(110.227941509237,-81.455883018474,0.));
#4273=CARTESIAN_POINT('',(102.,-81.4558830184814,1.4331144009341E-14));
#4274=CARTESIAN_POINT('',(102.,-81.4558830184814,0.));
#4275=CARTESIAN_POINT('',(-93.2279415092377,90.2279415092373,0.5));
#4276=CARTESIAN_POINT('',(-93.2279415092377,90.2279415092373,1.));
#4277=CARTESIAN_POINT('',(-93.2279415092376,99.9999999999998,0.999999999999926));
#4278=CARTESIAN_POINT('',(-93.2279415092376,99.9999999999997,1.));
#4279=CARTESIAN_POINT('',(-93.2279415092376,98.9999999999998,-7.51065876158918E-14));
#4280=CARTESIAN_POINT('',(-93.2279415092377,90.2279415092373,0.));
#4281=CARTESIAN_POINT('',(-30.,99.5,0.5));
#4282=CARTESIAN_POINT('',(93.2279415092376,99.9999999999997,1.));
#4283=CARTESIAN_POINT('',(93.2279415092376,99.9999999999998,0.999999999999926));
#4284=CARTESIAN_POINT('',(93.2279415092377,98.9999999999998,3.53606033343112E-14));
#4285=CARTESIAN_POINT('',(93.2279415092377,99.,0.));
#4286=CARTESIAN_POINT('',(-93.2279415092376,99.9999999999997,1.));
#4287=CARTESIAN_POINT('',(93.2279415092377,90.2279415092373,0.5));
#4288=CARTESIAN_POINT('',(103.,90.2279415092373,1.));
#4289=CARTESIAN_POINT('',(103.,90.2279415092373,0.999999999999989));
#4290=CARTESIAN_POINT('',(102.,90.2279415092373,-4.94049245958196E-15));
#4291=CARTESIAN_POINT('',(93.2279415092377,90.2279415092373,0.));
#4292=CARTESIAN_POINT('',(93.2279415092377,90.2279415092373,1.));
#4293=CARTESIAN_POINT('',(102.5,45.1139707546186,0.5));
#4294=CARTESIAN_POINT('',(102.,-81.4558830184814,0.));
#4295=CARTESIAN_POINT('',(103.,90.2279415092373,1.));
#4296=CARTESIAN_POINT('',(103.,90.2279415092373,0.));
#4297=CARTESIAN_POINT('',(103.,90.2279415092373,1.));
#4298=CARTESIAN_POINT('',(103.,90.2279415092373,14.));
#4299=CARTESIAN_POINT('',(103.,-80.4558830184804,14.));
#4300=CARTESIAN_POINT('',(103.,-80.4558830184804,14.));
#4301=CARTESIAN_POINT('',(103.,-80.4558830184804,1.));
#4302=CARTESIAN_POINT('',(93.2279415092377,90.2279415092373,0.));
#4303=CARTESIAN_POINT('',(93.2279415092376,99.9999999999997,1.));
#4304=CARTESIAN_POINT('',(93.2279415092376,99.9999999999998,14.0000000000001));
#4305=CARTESIAN_POINT('',(93.2279415092377,90.2279415092373,14.));
#4306=CARTESIAN_POINT('',(0.,100.,0.));
#4307=CARTESIAN_POINT('',(-93.2279415092376,99.9999999999997,1.));
#4308=CARTESIAN_POINT('',(-93.2279415092376,99.9999999999998,14.0000000000001));
#4309=CARTESIAN_POINT('',(93.2279415092376,99.9999999999997,14.));
#4310=CARTESIAN_POINT('',(-93.2279415092377,90.2279415092373,0.));
#4311=CARTESIAN_POINT('',(-103.,90.2279415092373,1.));
#4312=CARTESIAN_POINT('',(-103.,90.2279415092373,14.));
#4313=CARTESIAN_POINT('',(-93.2279415092377,90.2279415092373,14.));
#4314=CARTESIAN_POINT('',(-103.,90.2279415092373,0.));
#4315=CARTESIAN_POINT('',(-103.,-80.4558830184804,1.));
#4316=CARTESIAN_POINT('',(-103.,-80.4558830184804,14.));
#4317=CARTESIAN_POINT('',(-103.,90.2279415092373,14.));
#4318=CARTESIAN_POINT('',(-60.,-1.77635683940025E-14,0.));
#4319=CARTESIAN_POINT('',(-93.2279415092377,90.2279415092374,0.));
#4320=CARTESIAN_POINT('',(-91.2043519704968,95.4195617961204,0.));
#4321=CARTESIAN_POINT('',(-89.2879011652515,94.1679818532235,0.));
#4322=CARTESIAN_POINT('',(-94.5334151692255,93.8671941320736,0.));
#4323=CARTESIAN_POINT('',(-94.5334151692253,93.8671941320733,0.));
#4324=CARTESIAN_POINT('',(-94.7869861262684,94.4109788042966,0.));
#4325=CARTESIAN_POINT('',(-95.0405570833114,94.9547634765195,0.));
#4326=CARTESIAN_POINT('',(-93.2279415092376,95.7999999999997,0.));
#4327=CARTESIAN_POINT('',(-93.2279415092376,95.7999999999998,0.));
#4328=CARTESIAN_POINT('',(-93.2279415092377,90.2279415092374,0.));
#4329=CARTESIAN_POINT('',(-95.4680775342565,95.3298653046198,0.));
#4330=CARTESIAN_POINT('',(-96.7243909949339,91.878172439658,0.));
#4331=CARTESIAN_POINT('',(-96.7243909949335,91.8781724396579,0.));
#4332=CARTESIAN_POINT('',(-97.2882065674051,92.0833845256551,0.));
#4333=CARTESIAN_POINT('',(-97.8520221398763,92.2885966116522,0.));
#4334=CARTESIAN_POINT('',(-97.1679818532238,94.1679818532235,0.));
#4335=CARTESIAN_POINT('',(-97.1679818532238,94.1679818532235,0.));
#4336=CARTESIAN_POINT('',(-93.2279415092377,90.2279415092374,0.));
#4337=CARTESIAN_POINT('',(-98.4195617961207,92.2515310479782,0.));
#4338=CARTESIAN_POINT('',(-96.8671941320739,88.9224678492496,0.));
#4339=CARTESIAN_POINT('',(-96.8671941320736,88.9224678492498,0.));
#4340=CARTESIAN_POINT('',(-97.4109788042969,88.6688968922066,0.));
#4341=CARTESIAN_POINT('',(-97.9547634765198,88.4153259351636,0.));
#4342=CARTESIAN_POINT('',(-98.8,90.2279415092374,0.));
#4343=CARTESIAN_POINT('',(-98.8,90.2279415092374,0.));
#4344=CARTESIAN_POINT('',(-93.2279415092377,90.2279415092374,0.));
#4345=CARTESIAN_POINT('',(-98.3298653046201,87.9878054842185,0.));
#4346=CARTESIAN_POINT('',(-94.8781724396583,86.7314920235411,0.));
#4347=CARTESIAN_POINT('',(-94.8781724396582,86.7314920235414,0.));
#4348=CARTESIAN_POINT('',(-95.0833845256554,86.1676764510699,0.));
#4349=CARTESIAN_POINT('',(-95.2885966116525,85.6038608785987,0.));
#4350=CARTESIAN_POINT('',(-97.1679818532239,86.2879011652512,0.));
#4351=CARTESIAN_POINT('',(-97.1679818532238,86.2879011652512,0.));
#4352=CARTESIAN_POINT('',(-93.2279415092377,90.2279415092374,0.));
#4353=CARTESIAN_POINT('',(-95.2515310479785,85.0363212223543,0.));
#4354=CARTESIAN_POINT('',(-91.9224678492498,86.5886888864011,0.));
#4355=CARTESIAN_POINT('',(-91.92246784925,86.5886888864014,0.));
#4356=CARTESIAN_POINT('',(-91.6688968922068,86.0449042141781,0.));
#4357=CARTESIAN_POINT('',(-91.4153259351638,85.5011195419552,0.));
#4358=CARTESIAN_POINT('',(-93.2279415092377,84.655883018475,0.));
#4359=CARTESIAN_POINT('',(-93.2279415092377,84.655883018475,0.));
#4360=CARTESIAN_POINT('',(-93.2279415092377,90.2279415092374,0.));
#4361=CARTESIAN_POINT('',(-90.9878054842189,85.1260177138549,0.));
#4362=CARTESIAN_POINT('',(-89.7314920235414,88.5777105788167,0.));
#4363=CARTESIAN_POINT('',(-89.7314920235418,88.5777105788168,0.));
#4364=CARTESIAN_POINT('',(-89.1676764510702,88.3724984928196,0.));
#4365=CARTESIAN_POINT('',(-88.603860878599,88.1672864068225,0.));
#4366=CARTESIAN_POINT('',(-89.2879011652516,86.2879011652512,0.));
#4367=CARTESIAN_POINT('',(-89.2879011652516,86.2879011652512,0.));
#4368=CARTESIAN_POINT('',(-93.2279415092377,90.2279415092374,0.));
#4369=CARTESIAN_POINT('',(-88.0363212223546,88.2043519704965,0.));
#4370=CARTESIAN_POINT('',(-89.5886888864014,91.5334151692252,0.));
#4371=CARTESIAN_POINT('',(-89.5886888864017,91.533415169225,0.));
#4372=CARTESIAN_POINT('',(-89.0449042141784,91.7869861262681,0.));
#4373=CARTESIAN_POINT('',(-88.5011195419555,92.0405570833111,0.));
#4374=CARTESIAN_POINT('',(-87.6558830184753,90.2279415092373,0.));
#4375=CARTESIAN_POINT('',(-87.6558830184753,90.2279415092374,0.));
#4376=CARTESIAN_POINT('',(-93.2279415092377,90.2279415092374,0.));
#4377=CARTESIAN_POINT('',(-88.1260177138552,92.4680775342561,0.));
#4378=CARTESIAN_POINT('',(-91.577710578817,93.7243909949336,0.));
#4379=CARTESIAN_POINT('',(-91.5777105788171,93.7243909949332,0.));
#4380=CARTESIAN_POINT('',(-91.3724984928199,94.2882065674048,0.));
#4381=CARTESIAN_POINT('',(-91.1672864068228,94.852022139876,0.));
#4382=CARTESIAN_POINT('',(-89.2879011652515,94.1679818532235,0.));
#4383=CARTESIAN_POINT('',(-110.227941509237,-90.227941509237,0.));
#4384=CARTESIAN_POINT('',(-108.204351970492,-85.0363212223548,0.));
#4385=CARTESIAN_POINT('',(-106.287901165253,-86.2879011652479,0.));
#4386=CARTESIAN_POINT('',(-111.533415169223,-86.5886888864017,0.));
#4387=CARTESIAN_POINT('',(-111.533415169223,-86.5886888864018,0.));
#4388=CARTESIAN_POINT('',(-111.786986126268,-86.0449042141801,0.));
#4389=CARTESIAN_POINT('',(-112.040557083313,-85.5011195419583,0.));
#4390=CARTESIAN_POINT('',(-110.22794150924,-84.655883018474,0.));
#4391=CARTESIAN_POINT('',(-110.22794150924,-84.655883018474,0.));
#4392=CARTESIAN_POINT('',(-110.227941509237,-90.227941509237,0.));
#4393=CARTESIAN_POINT('',(-112.468077534252,-85.1260177138523,0.));
#4394=CARTESIAN_POINT('',(-113.724390994931,-88.5777105788157,0.));
#4395=CARTESIAN_POINT('',(-113.724390994931,-88.5777105788157,0.));
#4396=CARTESIAN_POINT('',(-114.288206567403,-88.3724984928212,0.));
#4397=CARTESIAN_POINT('',(-114.852022139875,-88.1672864068258,0.));
#4398=CARTESIAN_POINT('',(-114.167981853226,-86.2879011652529,0.));
#4399=CARTESIAN_POINT('',(-114.167981853226,-86.2879011652529,0.));
#4400=CARTESIAN_POINT('',(-110.227941509237,-90.227941509237,0.));
#4401=CARTESIAN_POINT('',(-115.419561796119,-88.2043519704922,0.));
#4402=CARTESIAN_POINT('',(-113.867194132072,-91.5334151692229,0.));
#4403=CARTESIAN_POINT('',(-113.867194132072,-91.533415169223,0.));
#4404=CARTESIAN_POINT('',(-114.410978804294,-91.7869861262682,0.));
#4405=CARTESIAN_POINT('',(-114.954763476516,-92.0405570833125,0.));
#4406=CARTESIAN_POINT('',(-115.8,-90.2279415092405,0.));
#4407=CARTESIAN_POINT('',(-115.8,-90.2279415092405,0.));
#4408=CARTESIAN_POINT('',(-110.227941509237,-90.227941509237,0.));
#4409=CARTESIAN_POINT('',(-115.329865304622,-92.4680775342523,0.));
#4410=CARTESIAN_POINT('',(-111.878172439658,-93.7243909949312,0.));
#4411=CARTESIAN_POINT('',(-111.878172439658,-93.7243909949313,0.));
#4412=CARTESIAN_POINT('',(-112.083384525653,-94.2882065674031,0.));
#4413=CARTESIAN_POINT('',(-112.288596611648,-94.8520221398747,0.));
#4414=CARTESIAN_POINT('',(-114.167981853221,-94.1679818532261,0.));
#4415=CARTESIAN_POINT('',(-114.167981853221,-94.1679818532261,0.));
#4416=CARTESIAN_POINT('',(-110.227941509237,-90.227941509237,0.));
#4417=CARTESIAN_POINT('',(-112.251531047982,-95.4195617961192,0.));
#4418=CARTESIAN_POINT('',(-108.922467849251,-93.8671941320723,0.));
#4419=CARTESIAN_POINT('',(-108.922467849251,-93.8671941320723,0.));
#4420=CARTESIAN_POINT('',(-108.668896892206,-94.4109788042939,0.));
#4421=CARTESIAN_POINT('',(-108.415325935161,-94.9547634765157,0.));
#4422=CARTESIAN_POINT('',(-110.227941509234,-95.8,0.));
#4423=CARTESIAN_POINT('',(-110.227941509234,-95.8,0.));
#4424=CARTESIAN_POINT('',(-110.227941509237,-90.227941509237,0.));
#4425=CARTESIAN_POINT('',(-107.987805484222,-95.3298653046218,0.));
#4426=CARTESIAN_POINT('',(-106.731492023543,-91.8781724396584,0.));
#4427=CARTESIAN_POINT('',(-106.731492023543,-91.8781724396584,0.));
#4428=CARTESIAN_POINT('',(-106.167676451071,-92.0833845256529,0.));
#4429=CARTESIAN_POINT('',(-105.603860878599,-92.2885966116482,0.));
#4430=CARTESIAN_POINT('',(-106.287901165248,-94.1679818532212,0.));
#4431=CARTESIAN_POINT('',(-106.287901165248,-94.1679818532212,0.));
#4432=CARTESIAN_POINT('',(-110.227941509237,-90.227941509237,0.));
#4433=CARTESIAN_POINT('',(-105.036321222355,-92.2515310479818,0.));
#4434=CARTESIAN_POINT('',(-106.588688886402,-88.9224678492511,0.));
#4435=CARTESIAN_POINT('',(-106.588688886402,-88.922467849251,0.));
#4436=CARTESIAN_POINT('',(-106.04490421418,-88.6688968922059,0.));
#4437=CARTESIAN_POINT('',(-105.501119541958,-88.4153259351615,0.));
#4438=CARTESIAN_POINT('',(-104.655883018474,-90.2279415092335,0.));
#4439=CARTESIAN_POINT('',(-104.655883018474,-90.2279415092353,0.));
#4440=CARTESIAN_POINT('',(-110.227941509237,-90.227941509237,0.));
#4441=CARTESIAN_POINT('',(-105.126017713852,-87.9878054842217,0.));
#4442=CARTESIAN_POINT('',(-108.577710578816,-86.7314920235428,0.));
#4443=CARTESIAN_POINT('',(-108.577710578816,-86.7314920235427,0.));
#4444=CARTESIAN_POINT('',(-108.372498492821,-86.1676764510709,0.));
#4445=CARTESIAN_POINT('',(-108.167286406826,-85.6038608785994,0.));
#4446=CARTESIAN_POINT('',(-106.287901165253,-86.287901165248,0.));
#4447=CARTESIAN_POINT('',(110.227941509237,-90.227941509237,0.));
#4448=CARTESIAN_POINT('',(108.204351970492,-85.0363212223548,0.));
#4449=CARTESIAN_POINT('',(106.287901165253,-86.2879011652479,0.));
#4450=CARTESIAN_POINT('',(106.287901165253,-86.287901165248,0.));
#4451=CARTESIAN_POINT('',(108.167286406826,-85.6038608785994,0.));
#4452=CARTESIAN_POINT('',(108.372498492821,-86.1676764510709,0.));
#4453=CARTESIAN_POINT('',(108.577710578816,-86.7314920235427,0.));
#4454=CARTESIAN_POINT('',(108.577710578816,-86.7314920235428,0.));
#4455=CARTESIAN_POINT('',(105.126017713852,-87.9878054842217,0.));
#4456=CARTESIAN_POINT('',(110.227941509237,-90.227941509237,0.));
#4457=CARTESIAN_POINT('',(104.655883018474,-90.2279415092353,0.));
#4458=CARTESIAN_POINT('',(104.655883018474,-90.2279415092335,0.));
#4459=CARTESIAN_POINT('',(105.501119541958,-88.4153259351615,0.));
#4460=CARTESIAN_POINT('',(106.04490421418,-88.6688968922059,0.));
#4461=CARTESIAN_POINT('',(106.588688886402,-88.922467849251,0.));
#4462=CARTESIAN_POINT('',(106.588688886402,-88.9224678492511,0.));
#4463=CARTESIAN_POINT('',(105.036321222355,-92.2515310479818,0.));
#4464=CARTESIAN_POINT('',(110.227941509237,-90.227941509237,0.));
#4465=CARTESIAN_POINT('',(106.287901165248,-94.1679818532212,0.));
#4466=CARTESIAN_POINT('',(106.287901165248,-94.1679818532212,0.));
#4467=CARTESIAN_POINT('',(105.603860878599,-92.2885966116482,0.));
#4468=CARTESIAN_POINT('',(106.167676451071,-92.0833845256529,0.));
#4469=CARTESIAN_POINT('',(106.731492023543,-91.8781724396584,0.));
#4470=CARTESIAN_POINT('',(106.731492023543,-91.8781724396584,0.));
#4471=CARTESIAN_POINT('',(107.987805484222,-95.3298653046218,0.));
#4472=CARTESIAN_POINT('',(110.227941509237,-90.227941509237,0.));
#4473=CARTESIAN_POINT('',(110.227941509234,-95.8,0.));
#4474=CARTESIAN_POINT('',(110.227941509234,-95.8,0.));
#4475=CARTESIAN_POINT('',(108.415325935161,-94.9547634765157,0.));
#4476=CARTESIAN_POINT('',(108.668896892206,-94.4109788042939,0.));
#4477=CARTESIAN_POINT('',(108.922467849251,-93.8671941320723,0.));
#4478=CARTESIAN_POINT('',(108.922467849251,-93.8671941320723,0.));
#4479=CARTESIAN_POINT('',(112.251531047982,-95.4195617961192,0.));
#4480=CARTESIAN_POINT('',(110.227941509237,-90.227941509237,0.));
#4481=CARTESIAN_POINT('',(114.167981853221,-94.1679818532261,0.));
#4482=CARTESIAN_POINT('',(114.167981853221,-94.1679818532261,0.));
#4483=CARTESIAN_POINT('',(112.288596611648,-94.8520221398747,0.));
#4484=CARTESIAN_POINT('',(112.083384525653,-94.2882065674031,0.));
#4485=CARTESIAN_POINT('',(111.878172439658,-93.7243909949313,0.));
#4486=CARTESIAN_POINT('',(111.878172439658,-93.7243909949312,0.));
#4487=CARTESIAN_POINT('',(115.329865304622,-92.4680775342523,0.));
#4488=CARTESIAN_POINT('',(110.227941509237,-90.227941509237,0.));
#4489=CARTESIAN_POINT('',(115.8,-90.2279415092405,0.));
#4490=CARTESIAN_POINT('',(115.8,-90.2279415092405,0.));
#4491=CARTESIAN_POINT('',(114.954763476516,-92.0405570833125,0.));
#4492=CARTESIAN_POINT('',(114.410978804294,-91.7869861262682,0.));
#4493=CARTESIAN_POINT('',(113.867194132072,-91.533415169223,0.));
#4494=CARTESIAN_POINT('',(113.867194132072,-91.5334151692229,0.));
#4495=CARTESIAN_POINT('',(115.419561796119,-88.2043519704922,0.));
#4496=CARTESIAN_POINT('',(110.227941509237,-90.227941509237,0.));
#4497=CARTESIAN_POINT('',(114.167981853226,-86.2879011652529,0.));
#4498=CARTESIAN_POINT('',(114.167981853226,-86.2879011652529,0.));
#4499=CARTESIAN_POINT('',(114.852022139875,-88.1672864068258,0.));
#4500=CARTESIAN_POINT('',(114.288206567403,-88.3724984928212,0.));
#4501=CARTESIAN_POINT('',(113.724390994931,-88.5777105788157,0.));
#4502=CARTESIAN_POINT('',(113.724390994931,-88.5777105788157,0.));
#4503=CARTESIAN_POINT('',(112.468077534252,-85.1260177138523,0.));
#4504=CARTESIAN_POINT('',(110.227941509237,-90.227941509237,0.));
#4505=CARTESIAN_POINT('',(110.22794150924,-84.655883018474,0.));
#4506=CARTESIAN_POINT('',(110.22794150924,-84.655883018474,0.));
#4507=CARTESIAN_POINT('',(112.040557083313,-85.5011195419583,0.));
#4508=CARTESIAN_POINT('',(111.786986126268,-86.0449042141801,0.));
#4509=CARTESIAN_POINT('',(111.533415169223,-86.5886888864018,0.));
#4510=CARTESIAN_POINT('',(111.533415169223,-86.5886888864017,0.));
#4511=CARTESIAN_POINT('',(93.2279415092377,90.2279415092374,0.));
#4512=CARTESIAN_POINT('',(91.2043519704968,95.4195617961204,0.));
#4513=CARTESIAN_POINT('',(89.2879011652515,94.1679818532235,0.));
#4514=CARTESIAN_POINT('',(89.2879011652515,94.1679818532235,0.));
#4515=CARTESIAN_POINT('',(91.1672864068228,94.852022139876,0.));
#4516=CARTESIAN_POINT('',(91.3724984928199,94.2882065674048,0.));
#4517=CARTESIAN_POINT('',(91.5777105788171,93.7243909949332,0.));
#4518=CARTESIAN_POINT('',(91.577710578817,93.7243909949336,0.));
#4519=CARTESIAN_POINT('',(88.1260177138552,92.4680775342561,0.));
#4520=CARTESIAN_POINT('',(93.2279415092377,90.2279415092374,0.));
#4521=CARTESIAN_POINT('',(87.6558830184753,90.2279415092374,0.));
#4522=CARTESIAN_POINT('',(87.6558830184753,90.2279415092373,0.));
#4523=CARTESIAN_POINT('',(88.5011195419555,92.0405570833111,0.));
#4524=CARTESIAN_POINT('',(89.0449042141784,91.7869861262681,0.));
#4525=CARTESIAN_POINT('',(89.5886888864017,91.533415169225,0.));
#4526=CARTESIAN_POINT('',(89.5886888864014,91.5334151692252,0.));
#4527=CARTESIAN_POINT('',(88.0363212223546,88.2043519704965,0.));
#4528=CARTESIAN_POINT('',(93.2279415092377,90.2279415092374,0.));
#4529=CARTESIAN_POINT('',(89.2879011652516,86.2879011652512,0.));
#4530=CARTESIAN_POINT('',(89.2879011652516,86.2879011652512,0.));
#4531=CARTESIAN_POINT('',(88.603860878599,88.1672864068225,0.));
#4532=CARTESIAN_POINT('',(89.1676764510702,88.3724984928196,0.));
#4533=CARTESIAN_POINT('',(89.7314920235418,88.5777105788168,0.));
#4534=CARTESIAN_POINT('',(89.7314920235414,88.5777105788167,0.));
#4535=CARTESIAN_POINT('',(90.9878054842189,85.1260177138549,0.));
#4536=CARTESIAN_POINT('',(93.2279415092377,90.2279415092374,0.));
#4537=CARTESIAN_POINT('',(93.2279415092377,84.655883018475,0.));
#4538=CARTESIAN_POINT('',(93.2279415092377,84.655883018475,0.));
#4539=CARTESIAN_POINT('',(91.4153259351638,85.5011195419552,0.));
#4540=CARTESIAN_POINT('',(91.6688968922068,86.0449042141781,0.));
#4541=CARTESIAN_POINT('',(91.92246784925,86.5886888864014,0.));
#4542=CARTESIAN_POINT('',(91.9224678492498,86.5886888864011,0.));
#4543=CARTESIAN_POINT('',(95.2515310479785,85.0363212223543,0.));
#4544=CARTESIAN_POINT('',(93.2279415092377,90.2279415092374,0.));
#4545=CARTESIAN_POINT('',(97.1679818532238,86.2879011652512,0.));
#4546=CARTESIAN_POINT('',(97.1679818532239,86.2879011652512,0.));
#4547=CARTESIAN_POINT('',(95.2885966116525,85.6038608785987,0.));
#4548=CARTESIAN_POINT('',(95.0833845256554,86.1676764510699,0.));
#4549=CARTESIAN_POINT('',(94.8781724396582,86.7314920235414,0.));
#4550=CARTESIAN_POINT('',(94.8781724396583,86.7314920235411,0.));
#4551=CARTESIAN_POINT('',(98.3298653046201,87.9878054842185,0.));
#4552=CARTESIAN_POINT('',(93.2279415092377,90.2279415092374,0.));
#4553=CARTESIAN_POINT('',(98.8,90.2279415092374,0.));
#4554=CARTESIAN_POINT('',(98.8,90.2279415092374,0.));
#4555=CARTESIAN_POINT('',(97.9547634765198,88.4153259351636,0.));
#4556=CARTESIAN_POINT('',(97.4109788042969,88.6688968922066,0.));
#4557=CARTESIAN_POINT('',(96.8671941320736,88.9224678492498,0.));
#4558=CARTESIAN_POINT('',(96.8671941320739,88.9224678492496,0.));
#4559=CARTESIAN_POINT('',(98.4195617961207,92.2515310479782,0.));
#4560=CARTESIAN_POINT('',(93.2279415092377,90.2279415092374,0.));
#4561=CARTESIAN_POINT('',(97.1679818532238,94.1679818532235,0.));
#4562=CARTESIAN_POINT('',(97.1679818532238,94.1679818532235,0.));
#4563=CARTESIAN_POINT('',(97.8520221398763,92.2885966116522,0.));
#4564=CARTESIAN_POINT('',(97.2882065674051,92.0833845256551,0.));
#4565=CARTESIAN_POINT('',(96.7243909949335,91.8781724396579,0.));
#4566=CARTESIAN_POINT('',(96.7243909949339,91.878172439658,0.));
#4567=CARTESIAN_POINT('',(95.4680775342565,95.3298653046198,0.));
#4568=CARTESIAN_POINT('',(93.2279415092377,90.2279415092374,0.));
#4569=CARTESIAN_POINT('',(93.2279415092376,95.7999999999998,0.));
#4570=CARTESIAN_POINT('',(93.2279415092376,95.7999999999997,0.));
#4571=CARTESIAN_POINT('',(95.0405570833114,94.9547634765195,0.));
#4572=CARTESIAN_POINT('',(94.7869861262684,94.4109788042966,0.));
#4573=CARTESIAN_POINT('',(94.5334151692253,93.8671941320733,0.));
#4574=CARTESIAN_POINT('',(94.5334151692255,93.8671941320736,0.));
#4575=CARTESIAN_POINT('',(-81.5000000000363,-80.9558830184996,14.5));
#4576=CARTESIAN_POINT('',(-103.,-80.4558830184804,14.));
#4577=CARTESIAN_POINT('',(-110.227941509237,-80.455883018474,14.));
#4578=CARTESIAN_POINT('',(-110.227941509237,-80.455883018474,14.));
#4579=CARTESIAN_POINT('',(-110.227941509237,-81.455883018474,15.));
#4580=CARTESIAN_POINT('',(-110.227941509238,-81.455883018474,15.));
#4581=CARTESIAN_POINT('',(-102.,-81.4558830184814,15.));
#4582=CARTESIAN_POINT('',(-102.,-81.4558830184814,15.));
#4583=CARTESIAN_POINT('',(-110.227941509237,-90.227941509237,14.5));
#4584=CARTESIAN_POINT('',(-110.227941509237,-100.,14.));
#4585=CARTESIAN_POINT('',(-110.227941509237,-100.,14.));
#4586=CARTESIAN_POINT('',(-110.227941509237,-99.,15.));
#4587=CARTESIAN_POINT('',(-110.227941509237,-90.227941509237,15.));
#4588=CARTESIAN_POINT('',(-110.227941509237,-90.227941509237,14.));
#4589=CARTESIAN_POINT('',(-85.1139707546185,-99.5,14.5));
#4590=CARTESIAN_POINT('',(110.227941509237,-100.,14.));
#4591=CARTESIAN_POINT('',(110.227941509237,-100.,14.));
#4592=CARTESIAN_POINT('',(110.227941509237,-99.,15.));
#4593=CARTESIAN_POINT('',(110.227941509237,-99.,15.));
#4594=CARTESIAN_POINT('',(-110.227941509237,-100.,14.));
#4595=CARTESIAN_POINT('',(110.227941509237,-90.227941509237,14.5));
#4596=CARTESIAN_POINT('',(110.227941509237,-90.227941509237,14.));
#4597=CARTESIAN_POINT('',(110.227941509237,-80.455883018474,14.));
#4598=CARTESIAN_POINT('',(110.227941509237,-80.455883018474,14.));
#4599=CARTESIAN_POINT('',(110.227941509237,-81.455883018474,15.));
#4600=CARTESIAN_POINT('',(110.227941509237,-90.227941509237,15.));
#4601=CARTESIAN_POINT('',(21.5000000000363,-80.9558830185532,14.5));
#4602=CARTESIAN_POINT('',(102.,-81.4558830184813,15.));
#4603=CARTESIAN_POINT('',(102.,-81.4558830184813,15.));
#4604=CARTESIAN_POINT('',(110.227941509237,-80.455883018474,14.));
#4605=CARTESIAN_POINT('',(103.,-80.4558830184804,14.));
#4606=CARTESIAN_POINT('',(102.5,45.1139707546186,14.5));
#4607=CARTESIAN_POINT('',(103.,90.2279415092373,14.));
#4608=CARTESIAN_POINT('',(102.,90.2279415092373,15.));
#4609=CARTESIAN_POINT('',(102.,90.2279415092373,15.));
#4610=CARTESIAN_POINT('',(93.2279415092377,90.2279415092373,14.5));
#4611=CARTESIAN_POINT('',(93.2279415092376,99.9999999999997,14.));
#4612=CARTESIAN_POINT('',(93.2279415092376,98.9999999999998,15.0000000000001));
#4613=CARTESIAN_POINT('',(93.2279415092377,90.2279415092373,15.));
#4614=CARTESIAN_POINT('',(-30.,99.5,14.5));
#4615=CARTESIAN_POINT('',(-93.2279415092376,99.9999999999997,14.));
#4616=CARTESIAN_POINT('',(-93.2279415092376,98.9999999999998,15.));
#4617=CARTESIAN_POINT('',(-93.2279415092376,99.,15.));
#4618=CARTESIAN_POINT('',(-93.2279415092377,90.2279415092373,14.5));
#4619=CARTESIAN_POINT('',(-103.,90.2279415092373,14.));
#4620=CARTESIAN_POINT('',(-102.,90.2279415092373,15.));
#4621=CARTESIAN_POINT('',(-93.2279415092377,90.2279415092373,15.));
#4622=CARTESIAN_POINT('',(-102.5,45.1139707546186,14.5));
#4623=CARTESIAN_POINT('',(-102.,-81.4558830184814,15.));
#4624=CARTESIAN_POINT('',(103.,-80.4558830184804,0.));
#4625=CARTESIAN_POINT('',(110.227941509237,-80.455883018474,1.));
#4626=CARTESIAN_POINT('',(110.227941509237,-90.227941509237,0.));
#4627=CARTESIAN_POINT('',(110.227941509237,-100.,1.));
#4628=CARTESIAN_POINT('',(-110.227941509237,-100.,0.));
#4629=CARTESIAN_POINT('',(-110.227941509237,-100.,1.));
#4630=CARTESIAN_POINT('',(-110.227941509237,-90.227941509237,0.));
#4631=CARTESIAN_POINT('',(-110.227941509237,-80.455883018474,1.));
#4632=CARTESIAN_POINT('',(-103.,-80.4558830184804,0.));
#4633=CARTESIAN_POINT('',(-60.,-1.77635683940025E-14,15.));
#4634=CARTESIAN_POINT('',(-93.2279415092377,90.2279415092374,15.));
#4635=CARTESIAN_POINT('',(-91.2043519704968,95.4195617961204,15.));
#4636=CARTESIAN_POINT('',(-89.2879011652515,94.1679818532235,15.));
#4637=CARTESIAN_POINT('',(-91.1672864068228,94.852022139876,15.));
#4638=CARTESIAN_POINT('',(-91.1672864068228,94.852022139876,15.));
#4639=CARTESIAN_POINT('',(-91.3724984928199,94.2882065674048,15.));
#4640=CARTESIAN_POINT('',(-91.5777105788171,93.7243909949332,15.));
#4641=CARTESIAN_POINT('',(-88.1260177138552,92.4680775342561,15.));
#4642=CARTESIAN_POINT('',(-88.1260177138552,92.4680775342561,15.));
#4643=CARTESIAN_POINT('',(-93.2279415092377,90.2279415092374,15.));
#4644=CARTESIAN_POINT('',(-87.6558830184753,90.2279415092374,15.));
#4645=CARTESIAN_POINT('',(-88.5011195419555,92.0405570833111,15.));
#4646=CARTESIAN_POINT('',(-88.5011195419555,92.0405570833111,15.));
#4647=CARTESIAN_POINT('',(-89.0449042141784,91.7869861262681,15.));
#4648=CARTESIAN_POINT('',(-89.5886888864017,91.533415169225,15.));
#4649=CARTESIAN_POINT('',(-88.0363212223546,88.2043519704965,15.));
#4650=CARTESIAN_POINT('',(-88.0363212223546,88.2043519704965,15.));
#4651=CARTESIAN_POINT('',(-93.2279415092377,90.2279415092374,15.));
#4652=CARTESIAN_POINT('',(-89.2879011652516,86.2879011652512,15.));
#4653=CARTESIAN_POINT('',(-88.603860878599,88.1672864068225,15.));
#4654=CARTESIAN_POINT('',(-88.603860878599,88.1672864068225,15.));
#4655=CARTESIAN_POINT('',(-89.1676764510702,88.3724984928196,15.));
#4656=CARTESIAN_POINT('',(-89.7314920235418,88.5777105788168,15.));
#4657=CARTESIAN_POINT('',(-90.9878054842189,85.1260177138549,15.));
#4658=CARTESIAN_POINT('',(-90.9878054842189,85.1260177138549,15.));
#4659=CARTESIAN_POINT('',(-93.2279415092377,90.2279415092374,15.));
#4660=CARTESIAN_POINT('',(-93.2279415092377,84.655883018475,15.));
#4661=CARTESIAN_POINT('',(-91.4153259351639,85.5011195419552,15.));
#4662=CARTESIAN_POINT('',(-91.4153259351638,85.5011195419552,15.));
#4663=CARTESIAN_POINT('',(-91.6688968922068,86.0449042141781,15.));
#4664=CARTESIAN_POINT('',(-91.92246784925,86.5886888864014,15.));
#4665=CARTESIAN_POINT('',(-95.2515310479785,85.0363212223543,15.));
#4666=CARTESIAN_POINT('',(-95.2515310479785,85.0363212223543,15.));
#4667=CARTESIAN_POINT('',(-93.2279415092377,90.2279415092374,15.));
#4668=CARTESIAN_POINT('',(-97.1679818532239,86.2879011652512,15.));
#4669=CARTESIAN_POINT('',(-95.2885966116525,85.6038608785987,15.));
#4670=CARTESIAN_POINT('',(-95.2885966116525,85.6038608785987,15.));
#4671=CARTESIAN_POINT('',(-95.0833845256554,86.1676764510699,15.));
#4672=CARTESIAN_POINT('',(-94.8781724396582,86.7314920235414,15.));
#4673=CARTESIAN_POINT('',(-98.3298653046201,87.9878054842185,15.));
#4674=CARTESIAN_POINT('',(-98.3298653046201,87.9878054842185,15.));
#4675=CARTESIAN_POINT('',(-93.2279415092377,90.2279415092374,15.));
#4676=CARTESIAN_POINT('',(-98.8,90.2279415092374,15.));
#4677=CARTESIAN_POINT('',(-97.9547634765198,88.4153259351636,15.));
#4678=CARTESIAN_POINT('',(-97.9547634765198,88.4153259351636,15.));
#4679=CARTESIAN_POINT('',(-97.4109788042969,88.6688968922066,15.));
#4680=CARTESIAN_POINT('',(-96.8671941320736,88.9224678492498,15.));
#4681=CARTESIAN_POINT('',(-98.4195617961207,92.2515310479782,15.));
#4682=CARTESIAN_POINT('',(-98.4195617961207,92.2515310479782,15.));
#4683=CARTESIAN_POINT('',(-93.2279415092377,90.2279415092374,15.));
#4684=CARTESIAN_POINT('',(-97.1679818532238,94.1679818532235,15.));
#4685=CARTESIAN_POINT('',(-97.8520221398763,92.2885966116522,15.));
#4686=CARTESIAN_POINT('',(-97.8520221398763,92.2885966116522,15.));
#4687=CARTESIAN_POINT('',(-97.2882065674051,92.0833845256551,15.));
#4688=CARTESIAN_POINT('',(-96.7243909949335,91.8781724396579,15.));
#4689=CARTESIAN_POINT('',(-95.4680775342565,95.3298653046198,15.));
#4690=CARTESIAN_POINT('',(-95.4680775342565,95.3298653046198,15.));
#4691=CARTESIAN_POINT('',(-93.2279415092377,90.2279415092374,15.));
#4692=CARTESIAN_POINT('',(-93.2279415092376,95.7999999999998,15.));
#4693=CARTESIAN_POINT('',(-95.0405570833114,94.9547634765195,15.));
#4694=CARTESIAN_POINT('',(-95.0405570833114,94.9547634765195,15.));
#4695=CARTESIAN_POINT('',(-94.7869861262684,94.4109788042966,15.));
#4696=CARTESIAN_POINT('',(-94.5334151692253,93.8671941320733,15.));
#4697=CARTESIAN_POINT('',(-91.2043519704968,95.4195617961204,15.));
#4698=CARTESIAN_POINT('',(-110.227941509237,-90.227941509237,15.));
#4699=CARTESIAN_POINT('',(-108.204351970492,-85.0363212223548,15.));
#4700=CARTESIAN_POINT('',(-106.287901165253,-86.2879011652479,15.));
#4701=CARTESIAN_POINT('',(-106.287901165253,-86.287901165248,15.));
#4702=CARTESIAN_POINT('',(-108.167286406826,-85.6038608785994,15.));
#4703=CARTESIAN_POINT('',(-108.372498492821,-86.1676764510709,15.));
#4704=CARTESIAN_POINT('',(-108.577710578816,-86.7314920235427,15.));
#4705=CARTESIAN_POINT('',(-108.577710578816,-86.7314920235428,15.));
#4706=CARTESIAN_POINT('',(-105.126017713852,-87.9878054842217,15.));
#4707=CARTESIAN_POINT('',(-110.227941509237,-90.227941509237,15.));
#4708=CARTESIAN_POINT('',(-104.655883018474,-90.2279415092353,15.));
#4709=CARTESIAN_POINT('',(-104.655883018474,-90.2279415092335,15.));
#4710=CARTESIAN_POINT('',(-105.501119541958,-88.4153259351615,15.));
#4711=CARTESIAN_POINT('',(-106.04490421418,-88.6688968922059,15.));
#4712=CARTESIAN_POINT('',(-106.588688886402,-88.922467849251,15.));
#4713=CARTESIAN_POINT('',(-106.588688886402,-88.9224678492511,15.));
#4714=CARTESIAN_POINT('',(-105.036321222355,-92.2515310479818,15.));
#4715=CARTESIAN_POINT('',(-110.227941509237,-90.227941509237,15.));
#4716=CARTESIAN_POINT('',(-106.287901165248,-94.1679818532212,15.));
#4717=CARTESIAN_POINT('',(-106.287901165248,-94.1679818532212,15.));
#4718=CARTESIAN_POINT('',(-105.603860878599,-92.2885966116482,15.));
#4719=CARTESIAN_POINT('',(-106.167676451071,-92.0833845256529,15.));
#4720=CARTESIAN_POINT('',(-106.731492023543,-91.8781724396584,15.));
#4721=CARTESIAN_POINT('',(-106.731492023543,-91.8781724396584,15.));
#4722=CARTESIAN_POINT('',(-107.987805484222,-95.3298653046218,15.));
#4723=CARTESIAN_POINT('',(-110.227941509237,-90.227941509237,15.));
#4724=CARTESIAN_POINT('',(-110.227941509234,-95.8,15.));
#4725=CARTESIAN_POINT('',(-110.227941509234,-95.8,15.));
#4726=CARTESIAN_POINT('',(-108.415325935161,-94.9547634765157,15.));
#4727=CARTESIAN_POINT('',(-108.668896892206,-94.4109788042939,15.));
#4728=CARTESIAN_POINT('',(-108.922467849251,-93.8671941320723,15.));
#4729=CARTESIAN_POINT('',(-108.922467849251,-93.8671941320723,15.));
#4730=CARTESIAN_POINT('',(-112.251531047982,-95.4195617961192,15.));
#4731=CARTESIAN_POINT('',(-110.227941509237,-90.227941509237,15.));
#4732=CARTESIAN_POINT('',(-114.167981853221,-94.1679818532261,15.));
#4733=CARTESIAN_POINT('',(-114.167981853221,-94.1679818532261,15.));
#4734=CARTESIAN_POINT('',(-112.288596611648,-94.8520221398747,15.));
#4735=CARTESIAN_POINT('',(-112.083384525653,-94.2882065674031,15.));
#4736=CARTESIAN_POINT('',(-111.878172439658,-93.7243909949313,15.));
#4737=CARTESIAN_POINT('',(-111.878172439658,-93.7243909949312,15.));
#4738=CARTESIAN_POINT('',(-115.329865304622,-92.4680775342523,15.));
#4739=CARTESIAN_POINT('',(-110.227941509237,-90.227941509237,15.));
#4740=CARTESIAN_POINT('',(-115.8,-90.2279415092405,15.));
#4741=CARTESIAN_POINT('',(-115.8,-90.2279415092405,15.));
#4742=CARTESIAN_POINT('',(-114.954763476516,-92.0405570833125,15.));
#4743=CARTESIAN_POINT('',(-114.410978804294,-91.7869861262682,15.));
#4744=CARTESIAN_POINT('',(-113.867194132072,-91.533415169223,15.));
#4745=CARTESIAN_POINT('',(-113.867194132072,-91.5334151692229,15.));
#4746=CARTESIAN_POINT('',(-115.419561796119,-88.2043519704922,15.));
#4747=CARTESIAN_POINT('',(-110.227941509237,-90.227941509237,15.));
#4748=CARTESIAN_POINT('',(-114.167981853226,-86.2879011652529,15.));
#4749=CARTESIAN_POINT('',(-114.167981853226,-86.2879011652529,15.));
#4750=CARTESIAN_POINT('',(-114.852022139875,-88.1672864068258,15.));
#4751=CARTESIAN_POINT('',(-114.288206567403,-88.3724984928212,15.));
#4752=CARTESIAN_POINT('',(-113.724390994931,-88.5777105788157,15.));
#4753=CARTESIAN_POINT('',(-113.724390994931,-88.5777105788157,15.));
#4754=CARTESIAN_POINT('',(-112.468077534252,-85.1260177138523,15.));
#4755=CARTESIAN_POINT('',(-110.227941509237,-90.227941509237,15.));
#4756=CARTESIAN_POINT('',(-110.22794150924,-84.655883018474,15.));
#4757=CARTESIAN_POINT('',(-110.22794150924,-84.655883018474,15.));
#4758=CARTESIAN_POINT('',(-112.040557083313,-85.5011195419583,15.));
#4759=CARTESIAN_POINT('',(-111.786986126268,-86.0449042141801,15.));
#4760=CARTESIAN_POINT('',(-111.533415169223,-86.5886888864018,15.));
#4761=CARTESIAN_POINT('',(-111.533415169223,-86.5886888864017,15.));
#4762=CARTESIAN_POINT('',(110.227941509237,-90.227941509237,15.));
#4763=CARTESIAN_POINT('',(108.204351970492,-85.0363212223548,15.));
#4764=CARTESIAN_POINT('',(106.287901165253,-86.2879011652479,15.));
#4765=CARTESIAN_POINT('',(111.533415169223,-86.5886888864017,15.));
#4766=CARTESIAN_POINT('',(111.533415169223,-86.5886888864018,15.));
#4767=CARTESIAN_POINT('',(111.786986126268,-86.0449042141801,15.));
#4768=CARTESIAN_POINT('',(112.040557083313,-85.5011195419583,15.));
#4769=CARTESIAN_POINT('',(110.22794150924,-84.655883018474,15.));
#4770=CARTESIAN_POINT('',(110.22794150924,-84.655883018474,15.));
#4771=CARTESIAN_POINT('',(110.227941509237,-90.227941509237,15.));
#4772=CARTESIAN_POINT('',(112.468077534252,-85.1260177138523,15.));
#4773=CARTESIAN_POINT('',(113.724390994931,-88.5777105788157,15.));
#4774=CARTESIAN_POINT('',(113.724390994931,-88.5777105788157,15.));
#4775=CARTESIAN_POINT('',(114.288206567403,-88.3724984928212,15.));
#4776=CARTESIAN_POINT('',(114.852022139875,-88.1672864068258,15.));
#4777=CARTESIAN_POINT('',(114.167981853226,-86.2879011652529,15.));
#4778=CARTESIAN_POINT('',(114.167981853226,-86.2879011652529,15.));
#4779=CARTESIAN_POINT('',(110.227941509237,-90.227941509237,15.));
#4780=CARTESIAN_POINT('',(115.419561796119,-88.2043519704922,15.));
#4781=CARTESIAN_POINT('',(113.867194132072,-91.5334151692229,15.));
#4782=CARTESIAN_POINT('',(113.867194132072,-91.533415169223,15.));
#4783=CARTESIAN_POINT('',(114.410978804294,-91.7869861262682,15.));
#4784=CARTESIAN_POINT('',(114.954763476516,-92.0405570833125,15.));
#4785=CARTESIAN_POINT('',(115.8,-90.2279415092405,15.));
#4786=CARTESIAN_POINT('',(115.8,-90.2279415092405,15.));
#4787=CARTESIAN_POINT('',(110.227941509237,-90.227941509237,15.));
#4788=CARTESIAN_POINT('',(115.329865304622,-92.4680775342523,15.));
#4789=CARTESIAN_POINT('',(111.878172439658,-93.7243909949312,15.));
#4790=CARTESIAN_POINT('',(111.878172439658,-93.7243909949313,15.));
#4791=CARTESIAN_POINT('',(112.083384525653,-94.2882065674031,15.));
#4792=CARTESIAN_POINT('',(112.288596611648,-94.8520221398747,15.));
#4793=CARTESIAN_POINT('',(114.167981853221,-94.1679818532261,15.));
#4794=CARTESIAN_POINT('',(114.167981853221,-94.1679818532261,15.));
#4795=CARTESIAN_POINT('',(110.227941509237,-90.227941509237,15.));
#4796=CARTESIAN_POINT('',(112.251531047982,-95.4195617961192,15.));
#4797=CARTESIAN_POINT('',(108.922467849251,-93.8671941320723,15.));
#4798=CARTESIAN_POINT('',(108.922467849251,-93.8671941320723,15.));
#4799=CARTESIAN_POINT('',(108.668896892206,-94.4109788042939,15.));
#4800=CARTESIAN_POINT('',(108.415325935161,-94.9547634765157,15.));
#4801=CARTESIAN_POINT('',(110.227941509234,-95.8,15.));
#4802=CARTESIAN_POINT('',(110.227941509234,-95.8,15.));
#4803=CARTESIAN_POINT('',(110.227941509237,-90.227941509237,15.));
#4804=CARTESIAN_POINT('',(107.987805484222,-95.3298653046218,15.));
#4805=CARTESIAN_POINT('',(106.731492023543,-91.8781724396584,15.));
#4806=CARTESIAN_POINT('',(106.731492023543,-91.8781724396584,15.));
#4807=CARTESIAN_POINT('',(106.167676451071,-92.0833845256529,15.));
#4808=CARTESIAN_POINT('',(105.603860878599,-92.2885966116482,15.));
#4809=CARTESIAN_POINT('',(106.287901165248,-94.1679818532212,15.));
#4810=CARTESIAN_POINT('',(106.287901165248,-94.1679818532212,15.));
#4811=CARTESIAN_POINT('',(110.227941509237,-90.227941509237,15.));
#4812=CARTESIAN_POINT('',(105.036321222355,-92.2515310479818,15.));
#4813=CARTESIAN_POINT('',(106.588688886402,-88.9224678492511,15.));
#4814=CARTESIAN_POINT('',(106.588688886402,-88.922467849251,15.));
#4815=CARTESIAN_POINT('',(106.04490421418,-88.6688968922059,15.));
#4816=CARTESIAN_POINT('',(105.501119541958,-88.4153259351615,15.));
#4817=CARTESIAN_POINT('',(104.655883018474,-90.2279415092335,15.));
#4818=CARTESIAN_POINT('',(104.655883018474,-90.2279415092353,15.));
#4819=CARTESIAN_POINT('',(110.227941509237,-90.227941509237,15.));
#4820=CARTESIAN_POINT('',(105.126017713852,-87.9878054842217,15.));
#4821=CARTESIAN_POINT('',(108.577710578816,-86.7314920235428,15.));
#4822=CARTESIAN_POINT('',(108.577710578816,-86.7314920235427,15.));
#4823=CARTESIAN_POINT('',(108.372498492821,-86.1676764510709,15.));
#4824=CARTESIAN_POINT('',(108.167286406826,-85.6038608785994,15.));
#4825=CARTESIAN_POINT('',(106.287901165253,-86.287901165248,15.));
#4826=CARTESIAN_POINT('',(93.2279415092377,90.2279415092374,15.));
#4827=CARTESIAN_POINT('',(91.2043519704968,95.4195617961204,15.));
#4828=CARTESIAN_POINT('',(89.2879011652515,94.1679818532235,15.));
#4829=CARTESIAN_POINT('',(91.2043519704968,95.4195617961204,15.));
#4830=CARTESIAN_POINT('',(94.5334151692253,93.8671941320733,15.));
#4831=CARTESIAN_POINT('',(94.7869861262684,94.4109788042966,15.));
#4832=CARTESIAN_POINT('',(95.0405570833114,94.9547634765195,15.));
#4833=CARTESIAN_POINT('',(95.0405570833114,94.9547634765195,15.));
#4834=CARTESIAN_POINT('',(93.2279415092376,95.7999999999998,15.));
#4835=CARTESIAN_POINT('',(93.2279415092377,90.2279415092374,15.));
#4836=CARTESIAN_POINT('',(95.4680775342565,95.3298653046198,15.));
#4837=CARTESIAN_POINT('',(95.4680775342565,95.3298653046198,15.));
#4838=CARTESIAN_POINT('',(96.7243909949335,91.8781724396579,15.));
#4839=CARTESIAN_POINT('',(97.2882065674051,92.0833845256551,15.));
#4840=CARTESIAN_POINT('',(97.8520221398763,92.2885966116522,15.));
#4841=CARTESIAN_POINT('',(97.8520221398763,92.2885966116522,15.));
#4842=CARTESIAN_POINT('',(97.1679818532238,94.1679818532235,15.));
#4843=CARTESIAN_POINT('',(93.2279415092377,90.2279415092374,15.));
#4844=CARTESIAN_POINT('',(98.4195617961207,92.2515310479782,15.));
#4845=CARTESIAN_POINT('',(98.4195617961207,92.2515310479782,15.));
#4846=CARTESIAN_POINT('',(96.8671941320736,88.9224678492498,15.));
#4847=CARTESIAN_POINT('',(97.4109788042969,88.6688968922066,15.));
#4848=CARTESIAN_POINT('',(97.9547634765198,88.4153259351636,15.));
#4849=CARTESIAN_POINT('',(97.9547634765198,88.4153259351636,15.));
#4850=CARTESIAN_POINT('',(98.8,90.2279415092374,15.));
#4851=CARTESIAN_POINT('',(93.2279415092377,90.2279415092374,15.));
#4852=CARTESIAN_POINT('',(98.3298653046201,87.9878054842185,15.));
#4853=CARTESIAN_POINT('',(98.3298653046201,87.9878054842185,15.));
#4854=CARTESIAN_POINT('',(94.8781724396582,86.7314920235414,15.));
#4855=CARTESIAN_POINT('',(95.0833845256554,86.1676764510699,15.));
#4856=CARTESIAN_POINT('',(95.2885966116525,85.6038608785987,15.));
#4857=CARTESIAN_POINT('',(95.2885966116525,85.6038608785987,15.));
#4858=CARTESIAN_POINT('',(97.1679818532238,86.2879011652512,15.));
#4859=CARTESIAN_POINT('',(93.2279415092377,90.2279415092374,15.));
#4860=CARTESIAN_POINT('',(95.2515310479785,85.0363212223543,15.));
#4861=CARTESIAN_POINT('',(95.2515310479785,85.0363212223543,15.));
#4862=CARTESIAN_POINT('',(91.92246784925,86.5886888864014,15.));
#4863=CARTESIAN_POINT('',(91.6688968922068,86.0449042141781,15.));
#4864=CARTESIAN_POINT('',(91.4153259351638,85.5011195419552,15.));
#4865=CARTESIAN_POINT('',(91.4153259351639,85.5011195419552,15.));
#4866=CARTESIAN_POINT('',(93.2279415092377,84.655883018475,15.));
#4867=CARTESIAN_POINT('',(93.2279415092377,90.2279415092374,15.));
#4868=CARTESIAN_POINT('',(90.9878054842189,85.1260177138549,15.));
#4869=CARTESIAN_POINT('',(90.9878054842189,85.1260177138549,15.));
#4870=CARTESIAN_POINT('',(89.7314920235418,88.5777105788168,15.));
#4871=CARTESIAN_POINT('',(89.1676764510702,88.3724984928196,15.));
#4872=CARTESIAN_POINT('',(88.603860878599,88.1672864068225,15.));
#4873=CARTESIAN_POINT('',(88.603860878599,88.1672864068225,15.));
#4874=CARTESIAN_POINT('',(89.2879011652516,86.2879011652512,15.));
#4875=CARTESIAN_POINT('',(93.2279415092377,90.2279415092374,15.));
#4876=CARTESIAN_POINT('',(88.0363212223546,88.2043519704965,15.));
#4877=CARTESIAN_POINT('',(88.0363212223546,88.2043519704965,15.));
#4878=CARTESIAN_POINT('',(89.5886888864017,91.533415169225,15.));
#4879=CARTESIAN_POINT('',(89.0449042141784,91.7869861262681,15.));
#4880=CARTESIAN_POINT('',(88.5011195419555,92.0405570833111,15.));
#4881=CARTESIAN_POINT('',(88.5011195419555,92.0405570833111,15.));
#4882=CARTESIAN_POINT('',(87.6558830184753,90.2279415092374,15.));
#4883=CARTESIAN_POINT('',(93.2279415092377,90.2279415092374,15.));
#4884=CARTESIAN_POINT('',(88.1260177138552,92.4680775342561,15.));
#4885=CARTESIAN_POINT('',(88.1260177138552,92.4680775342561,15.));
#4886=CARTESIAN_POINT('',(91.5777105788171,93.7243909949332,15.));
#4887=CARTESIAN_POINT('',(91.3724984928199,94.2882065674048,15.));
#4888=CARTESIAN_POINT('',(91.1672864068228,94.852022139876,15.));
#4889=CARTESIAN_POINT('',(91.1672864068228,94.852022139876,15.));
#4890=CARTESIAN_POINT('',(97.2882065674051,92.0833845256551,0.));
#4891=CARTESIAN_POINT('',(96.7243909949339,91.878172439658,0.));
#4892=CARTESIAN_POINT('',(97.8520221398763,92.2885966116522,0.));
#4893=CARTESIAN_POINT('',(97.1679818532238,94.1679818532235,0.));
#4894=CARTESIAN_POINT('',(97.1679818532238,94.1679818532235,0.));
#4895=CARTESIAN_POINT('',(96.7243909949332,91.8781724396577,0.));
#4896=CARTESIAN_POINT('',(95.4680775342565,95.3298653046198,15.));
#4897=CARTESIAN_POINT('',(93.2279415092377,90.2279415092374,0.));
#4898=CARTESIAN_POINT('',(98.4195617961207,92.2515310479782,15.));
#4899=CARTESIAN_POINT('',(93.2279415092377,90.2279415092374,0.));
#4900=CARTESIAN_POINT('',(93.2279415092376,95.7999999999997,0.));
#4901=CARTESIAN_POINT('',(97.4109788042969,88.6688968922066,0.));
#4902=CARTESIAN_POINT('',(96.8671941320739,88.9224678492496,0.));
#4903=CARTESIAN_POINT('',(97.9547634765198,88.4153259351636,0.));
#4904=CARTESIAN_POINT('',(98.8,90.2279415092374,0.));
#4905=CARTESIAN_POINT('',(98.8,90.2279415092374,0.));
#4906=CARTESIAN_POINT('',(96.8671941320732,88.9224678492499,0.));
#4907=CARTESIAN_POINT('',(93.2279415092377,90.2279415092374,0.));
#4908=CARTESIAN_POINT('',(98.3298653046201,87.9878054842185,15.));
#4909=CARTESIAN_POINT('',(95.0833845256554,86.1676764510699,0.));
#4910=CARTESIAN_POINT('',(94.8781724396583,86.7314920235411,0.));
#4911=CARTESIAN_POINT('',(95.2885966116525,85.6038608785987,0.));
#4912=CARTESIAN_POINT('',(97.1679818532239,86.2879011652512,0.));
#4913=CARTESIAN_POINT('',(97.1679818532239,86.2879011652512,0.));
#4914=CARTESIAN_POINT('',(94.878172439658,86.7314920235418,0.));
#4915=CARTESIAN_POINT('',(93.2279415092377,90.2279415092374,0.));
#4916=CARTESIAN_POINT('',(95.2515310479785,85.0363212223543,15.));
#4917=CARTESIAN_POINT('',(91.6688968922068,86.0449042141781,0.));
#4918=CARTESIAN_POINT('',(91.9224678492498,86.5886888864011,0.));
#4919=CARTESIAN_POINT('',(91.4153259351639,85.5011195419552,0.));
#4920=CARTESIAN_POINT('',(93.2279415092377,84.655883018475,0.));
#4921=CARTESIAN_POINT('',(93.2279415092377,84.655883018475,0.));
#4922=CARTESIAN_POINT('',(91.9224678492502,86.5886888864018,0.));
#4923=CARTESIAN_POINT('',(93.2279415092377,90.2279415092374,0.));
#4924=CARTESIAN_POINT('',(90.9878054842189,85.1260177138549,15.));
#4925=CARTESIAN_POINT('',(89.1676764510702,88.3724984928196,0.));
#4926=CARTESIAN_POINT('',(89.7314920235414,88.5777105788167,0.));
#4927=CARTESIAN_POINT('',(88.603860878599,88.1672864068225,0.));
#4928=CARTESIAN_POINT('',(89.2879011652516,86.2879011652512,0.));
#4929=CARTESIAN_POINT('',(89.2879011652516,86.2879011652512,0.));
#4930=CARTESIAN_POINT('',(89.7314920235422,88.577710578817,0.));
#4931=CARTESIAN_POINT('',(93.2279415092377,90.2279415092374,0.));
#4932=CARTESIAN_POINT('',(88.0363212223546,88.2043519704965,15.));
#4933=CARTESIAN_POINT('',(89.0449042141784,91.7869861262681,0.));
#4934=CARTESIAN_POINT('',(89.5886888864014,91.5334151692252,0.));
#4935=CARTESIAN_POINT('',(88.5011195419555,92.0405570833111,0.));
#4936=CARTESIAN_POINT('',(87.6558830184753,90.2279415092373,0.));
#4937=CARTESIAN_POINT('',(87.6558830184753,90.2279415092373,0.));
#4938=CARTESIAN_POINT('',(89.5886888864021,91.5334151692248,0.));
#4939=CARTESIAN_POINT('',(93.2279415092377,90.2279415092374,0.));
#4940=CARTESIAN_POINT('',(88.1260177138552,92.4680775342561,15.));
#4941=CARTESIAN_POINT('',(91.3724984928199,94.2882065674048,0.));
#4942=CARTESIAN_POINT('',(91.577710578817,93.7243909949336,0.));
#4943=CARTESIAN_POINT('',(91.1672864068228,94.852022139876,0.));
#4944=CARTESIAN_POINT('',(89.2879011652515,94.1679818532235,0.));
#4945=CARTESIAN_POINT('',(89.2879011652515,94.1679818532235,0.));
#4946=CARTESIAN_POINT('',(91.5777105788173,93.7243909949329,0.));
#4947=CARTESIAN_POINT('',(93.2279415092377,90.2279415092374,0.));
#4948=CARTESIAN_POINT('',(91.2043519704968,95.4195617961204,15.));
#4949=CARTESIAN_POINT('',(94.7869861262684,94.4109788042966,0.));
#4950=CARTESIAN_POINT('',(94.5334151692255,93.8671941320736,0.));
#4951=CARTESIAN_POINT('',(95.0405570833114,94.9547634765195,0.));
#4952=CARTESIAN_POINT('',(93.2279415092376,95.7999999999997,0.));
#4953=CARTESIAN_POINT('',(94.5334151692251,93.8671941320729,0.));
#4954=CARTESIAN_POINT('',(114.288206567403,-88.3724984928212,0.));
#4955=CARTESIAN_POINT('',(114.852022139875,-88.1672864068257,0.));
#4956=CARTESIAN_POINT('',(113.724390994931,-88.5777105788157,0.));
#4957=CARTESIAN_POINT('',(114.167981853226,-86.2879011652529,0.));
#4958=CARTESIAN_POINT('',(114.167981853226,-86.2879011652529,0.));
#4959=CARTESIAN_POINT('',(113.724390994931,-88.5777105788157,0.));
#4960=CARTESIAN_POINT('',(112.468077534252,-85.1260177138524,15.));
#4961=CARTESIAN_POINT('',(110.227941509237,-90.227941509237,0.));
#4962=CARTESIAN_POINT('',(115.419561796119,-88.2043519704922,15.));
#4963=CARTESIAN_POINT('',(110.227941509237,-90.227941509237,0.));
#4964=CARTESIAN_POINT('',(110.22794150924,-84.655883018474,0.));
#4965=CARTESIAN_POINT('',(114.410978804294,-91.7869861262682,0.));
#4966=CARTESIAN_POINT('',(114.954763476516,-92.0405570833125,0.));
#4967=CARTESIAN_POINT('',(113.867194132072,-91.5334151692229,0.));
#4968=CARTESIAN_POINT('',(115.8,-90.2279415092405,0.));
#4969=CARTESIAN_POINT('',(115.8,-90.2279415092405,0.));
#4970=CARTESIAN_POINT('',(113.867194132072,-91.5334151692229,0.));
#4971=CARTESIAN_POINT('',(110.227941509237,-90.227941509237,0.));
#4972=CARTESIAN_POINT('',(115.329865304622,-92.4680775342524,15.));
#4973=CARTESIAN_POINT('',(112.083384525653,-94.2882065674031,0.));
#4974=CARTESIAN_POINT('',(112.288596611648,-94.8520221398746,0.));
#4975=CARTESIAN_POINT('',(111.878172439658,-93.7243909949312,0.));
#4976=CARTESIAN_POINT('',(114.167981853221,-94.1679818532261,0.));
#4977=CARTESIAN_POINT('',(114.167981853221,-94.1679818532261,0.));
#4978=CARTESIAN_POINT('',(111.878172439658,-93.7243909949312,0.));
#4979=CARTESIAN_POINT('',(110.227941509237,-90.227941509237,0.));
#4980=CARTESIAN_POINT('',(112.251531047982,-95.4195617961192,15.));
#4981=CARTESIAN_POINT('',(108.668896892206,-94.4109788042939,0.));
#4982=CARTESIAN_POINT('',(108.415325935161,-94.9547634765159,0.));
#4983=CARTESIAN_POINT('',(108.922467849251,-93.8671941320723,0.));
#4984=CARTESIAN_POINT('',(110.227941509234,-95.8,0.));
#4985=CARTESIAN_POINT('',(110.227941509234,-95.8,0.));
#4986=CARTESIAN_POINT('',(108.922467849251,-93.8671941320723,0.));
#4987=CARTESIAN_POINT('',(110.227941509237,-90.227941509237,0.));
#4988=CARTESIAN_POINT('',(107.987805484222,-95.3298653046217,15.));
#4989=CARTESIAN_POINT('',(106.167676451071,-92.0833845256529,0.));
#4990=CARTESIAN_POINT('',(105.603860878599,-92.2885966116483,0.));
#4991=CARTESIAN_POINT('',(106.731492023543,-91.8781724396584,0.));
#4992=CARTESIAN_POINT('',(106.287901165248,-94.1679818532212,0.));
#4993=CARTESIAN_POINT('',(106.287901165248,-94.1679818532212,0.));
#4994=CARTESIAN_POINT('',(106.731492023543,-91.8781724396584,0.));
#4995=CARTESIAN_POINT('',(110.227941509237,-90.227941509237,0.));
#4996=CARTESIAN_POINT('',(105.036321222355,-92.2515310479818,15.));
#4997=CARTESIAN_POINT('',(106.04490421418,-88.6688968922059,0.));
#4998=CARTESIAN_POINT('',(105.501119541958,-88.4153259351615,0.));
#4999=CARTESIAN_POINT('',(106.588688886402,-88.9224678492511,0.));
#5000=CARTESIAN_POINT('',(104.655883018474,-90.2279415092335,0.));
#5001=CARTESIAN_POINT('',(104.655883018474,-90.2279415092335,0.));
#5002=CARTESIAN_POINT('',(106.588688886402,-88.9224678492511,0.));
#5003=CARTESIAN_POINT('',(110.227941509237,-90.227941509237,0.));
#5004=CARTESIAN_POINT('',(105.126017713852,-87.9878054842216,15.));
#5005=CARTESIAN_POINT('',(108.372498492821,-86.1676764510709,0.));
#5006=CARTESIAN_POINT('',(108.167286406826,-85.6038608785994,0.));
#5007=CARTESIAN_POINT('',(108.577710578816,-86.7314920235428,0.));
#5008=CARTESIAN_POINT('',(106.287901165253,-86.287901165248,0.));
#5009=CARTESIAN_POINT('',(106.287901165253,-86.287901165248,0.));
#5010=CARTESIAN_POINT('',(108.577710578816,-86.7314920235428,0.));
#5011=CARTESIAN_POINT('',(110.227941509237,-90.227941509237,0.));
#5012=CARTESIAN_POINT('',(108.204351970492,-85.0363212223548,15.));
#5013=CARTESIAN_POINT('',(111.786986126268,-86.0449042141801,0.));
#5014=CARTESIAN_POINT('',(112.040557083313,-85.5011195419581,0.));
#5015=CARTESIAN_POINT('',(111.533415169223,-86.5886888864017,0.));
#5016=CARTESIAN_POINT('',(110.22794150924,-84.655883018474,0.));
#5017=CARTESIAN_POINT('',(111.533415169223,-86.5886888864017,0.));
#5018=CARTESIAN_POINT('',(-97.2882065674051,92.0833845256551,0.));
#5019=CARTESIAN_POINT('',(-97.8520221398763,92.2885966116522,0.));
#5020=CARTESIAN_POINT('',(-96.7243909949339,91.878172439658,0.));
#5021=CARTESIAN_POINT('',(-97.1679818532238,94.1679818532235,0.));
#5022=CARTESIAN_POINT('',(-97.1679818532238,94.1679818532235,0.));
#5023=CARTESIAN_POINT('',(-96.7243909949332,91.8781724396577,0.));
#5024=CARTESIAN_POINT('',(-95.4680775342565,95.3298653046198,15.));
#5025=CARTESIAN_POINT('',(-93.2279415092377,90.2279415092374,0.));
#5026=CARTESIAN_POINT('',(-98.4195617961207,92.2515310479782,15.));
#5027=CARTESIAN_POINT('',(-93.2279415092377,90.2279415092374,0.));
#5028=CARTESIAN_POINT('',(-93.2279415092376,95.7999999999997,0.));
#5029=CARTESIAN_POINT('',(-97.4109788042969,88.6688968922066,0.));
#5030=CARTESIAN_POINT('',(-97.9547634765198,88.4153259351636,0.));
#5031=CARTESIAN_POINT('',(-96.8671941320739,88.9224678492496,0.));
#5032=CARTESIAN_POINT('',(-98.8,90.2279415092374,0.));
#5033=CARTESIAN_POINT('',(-98.8,90.2279415092374,0.));
#5034=CARTESIAN_POINT('',(-96.8671941320732,88.9224678492499,0.));
#5035=CARTESIAN_POINT('',(-93.2279415092377,90.2279415092374,0.));
#5036=CARTESIAN_POINT('',(-98.3298653046201,87.9878054842185,15.));
#5037=CARTESIAN_POINT('',(-95.0833845256554,86.1676764510699,0.));
#5038=CARTESIAN_POINT('',(-95.2885966116525,85.6038608785987,0.));
#5039=CARTESIAN_POINT('',(-94.8781724396583,86.7314920235411,0.));
#5040=CARTESIAN_POINT('',(-97.1679818532239,86.2879011652512,0.));
#5041=CARTESIAN_POINT('',(-97.1679818532239,86.2879011652512,0.));
#5042=CARTESIAN_POINT('',(-94.878172439658,86.7314920235418,0.));
#5043=CARTESIAN_POINT('',(-93.2279415092377,90.2279415092374,0.));
#5044=CARTESIAN_POINT('',(-95.2515310479785,85.0363212223543,15.));
#5045=CARTESIAN_POINT('',(-91.6688968922068,86.0449042141781,0.));
#5046=CARTESIAN_POINT('',(-91.4153259351639,85.5011195419552,0.));
#5047=CARTESIAN_POINT('',(-91.9224678492498,86.5886888864011,0.));
#5048=CARTESIAN_POINT('',(-93.2279415092377,84.655883018475,0.));
#5049=CARTESIAN_POINT('',(-93.2279415092377,84.655883018475,0.));
#5050=CARTESIAN_POINT('',(-91.9224678492502,86.5886888864018,0.));
#5051=CARTESIAN_POINT('',(-93.2279415092377,90.2279415092374,0.));
#5052=CARTESIAN_POINT('',(-90.9878054842189,85.1260177138549,15.));
#5053=CARTESIAN_POINT('',(-89.1676764510702,88.3724984928196,0.));
#5054=CARTESIAN_POINT('',(-88.603860878599,88.1672864068225,0.));
#5055=CARTESIAN_POINT('',(-89.7314920235414,88.5777105788167,0.));
#5056=CARTESIAN_POINT('',(-89.2879011652516,86.2879011652512,0.));
#5057=CARTESIAN_POINT('',(-89.2879011652516,86.2879011652512,0.));
#5058=CARTESIAN_POINT('',(-89.7314920235422,88.577710578817,0.));
#5059=CARTESIAN_POINT('',(-93.2279415092377,90.2279415092374,0.));
#5060=CARTESIAN_POINT('',(-88.0363212223546,88.2043519704965,15.));
#5061=CARTESIAN_POINT('',(-89.0449042141784,91.7869861262681,0.));
#5062=CARTESIAN_POINT('',(-88.5011195419555,92.0405570833111,0.));
#5063=CARTESIAN_POINT('',(-89.5886888864014,91.5334151692252,0.));
#5064=CARTESIAN_POINT('',(-87.6558830184753,90.2279415092373,0.));
#5065=CARTESIAN_POINT('',(-87.6558830184753,90.2279415092373,0.));
#5066=CARTESIAN_POINT('',(-89.5886888864021,91.5334151692248,0.));
#5067=CARTESIAN_POINT('',(-93.2279415092377,90.2279415092374,0.));
#5068=CARTESIAN_POINT('',(-88.1260177138552,92.4680775342561,15.));
#5069=CARTESIAN_POINT('',(-91.3724984928199,94.2882065674048,0.));
#5070=CARTESIAN_POINT('',(-91.1672864068228,94.852022139876,0.));
#5071=CARTESIAN_POINT('',(-91.577710578817,93.7243909949336,0.));
#5072=CARTESIAN_POINT('',(-89.2879011652515,94.1679818532235,0.));
#5073=CARTESIAN_POINT('',(-89.2879011652515,94.1679818532235,0.));
#5074=CARTESIAN_POINT('',(-91.5777105788173,93.7243909949329,0.));
#5075=CARTESIAN_POINT('',(-93.2279415092377,90.2279415092374,0.));
#5076=CARTESIAN_POINT('',(-91.2043519704968,95.4195617961204,15.));
#5077=CARTESIAN_POINT('',(-94.7869861262684,94.4109788042966,0.));
#5078=CARTESIAN_POINT('',(-95.0405570833114,94.9547634765195,0.));
#5079=CARTESIAN_POINT('',(-94.5334151692255,93.8671941320736,0.));
#5080=CARTESIAN_POINT('',(-93.2279415092376,95.7999999999997,0.));
#5081=CARTESIAN_POINT('',(-94.5334151692251,93.8671941320729,0.));
#5082=CARTESIAN_POINT('',(-114.288206567403,-88.3724984928212,0.));
#5083=CARTESIAN_POINT('',(-113.724390994931,-88.5777105788157,0.));
#5084=CARTESIAN_POINT('',(-114.852022139875,-88.1672864068257,0.));
#5085=CARTESIAN_POINT('',(-114.167981853226,-86.2879011652529,0.));
#5086=CARTESIAN_POINT('',(-114.167981853226,-86.2879011652529,0.));
#5087=CARTESIAN_POINT('',(-113.724390994931,-88.5777105788157,0.));
#5088=CARTESIAN_POINT('',(-112.468077534252,-85.1260177138524,15.));
#5089=CARTESIAN_POINT('',(-110.227941509237,-90.227941509237,0.));
#5090=CARTESIAN_POINT('',(-115.419561796119,-88.2043519704922,15.));
#5091=CARTESIAN_POINT('',(-110.227941509237,-90.227941509237,0.));
#5092=CARTESIAN_POINT('',(-110.22794150924,-84.655883018474,0.));
#5093=CARTESIAN_POINT('',(-114.410978804294,-91.7869861262682,0.));
#5094=CARTESIAN_POINT('',(-113.867194132072,-91.5334151692229,0.));
#5095=CARTESIAN_POINT('',(-114.954763476516,-92.0405570833125,0.));
#5096=CARTESIAN_POINT('',(-115.8,-90.2279415092405,0.));
#5097=CARTESIAN_POINT('',(-115.8,-90.2279415092405,0.));
#5098=CARTESIAN_POINT('',(-113.867194132072,-91.5334151692229,0.));
#5099=CARTESIAN_POINT('',(-110.227941509237,-90.227941509237,0.));
#5100=CARTESIAN_POINT('',(-115.329865304622,-92.4680775342524,15.));
#5101=CARTESIAN_POINT('',(-112.083384525653,-94.2882065674031,0.));
#5102=CARTESIAN_POINT('',(-111.878172439658,-93.7243909949312,0.));
#5103=CARTESIAN_POINT('',(-112.288596611648,-94.8520221398746,0.));
#5104=CARTESIAN_POINT('',(-114.167981853221,-94.1679818532261,0.));
#5105=CARTESIAN_POINT('',(-114.167981853221,-94.1679818532261,0.));
#5106=CARTESIAN_POINT('',(-111.878172439658,-93.7243909949312,0.));
#5107=CARTESIAN_POINT('',(-110.227941509237,-90.227941509237,0.));
#5108=CARTESIAN_POINT('',(-112.251531047982,-95.4195617961192,15.));
#5109=CARTESIAN_POINT('',(-108.668896892206,-94.4109788042939,0.));
#5110=CARTESIAN_POINT('',(-108.922467849251,-93.8671941320723,0.));
#5111=CARTESIAN_POINT('',(-108.415325935161,-94.9547634765159,0.));
#5112=CARTESIAN_POINT('',(-110.227941509234,-95.8,0.));
#5113=CARTESIAN_POINT('',(-110.227941509234,-95.8,0.));
#5114=CARTESIAN_POINT('',(-108.922467849251,-93.8671941320723,0.));
#5115=CARTESIAN_POINT('',(-110.227941509237,-90.227941509237,0.));
#5116=CARTESIAN_POINT('',(-107.987805484222,-95.3298653046217,15.));
#5117=CARTESIAN_POINT('',(-106.167676451071,-92.0833845256529,0.));
#5118=CARTESIAN_POINT('',(-106.731492023543,-91.8781724396584,0.));
#5119=CARTESIAN_POINT('',(-105.603860878599,-92.2885966116483,0.));
#5120=CARTESIAN_POINT('',(-106.287901165248,-94.1679818532212,0.));
#5121=CARTESIAN_POINT('',(-106.287901165248,-94.1679818532212,0.));
#5122=CARTESIAN_POINT('',(-106.731492023543,-91.8781724396584,0.));
#5123=CARTESIAN_POINT('',(-110.227941509237,-90.227941509237,0.));
#5124=CARTESIAN_POINT('',(-105.036321222355,-92.2515310479818,15.));
#5125=CARTESIAN_POINT('',(-106.04490421418,-88.6688968922059,0.));
#5126=CARTESIAN_POINT('',(-106.588688886402,-88.9224678492511,0.));
#5127=CARTESIAN_POINT('',(-105.501119541958,-88.4153259351615,0.));
#5128=CARTESIAN_POINT('',(-104.655883018474,-90.2279415092335,0.));
#5129=CARTESIAN_POINT('',(-104.655883018474,-90.2279415092335,0.));
#5130=CARTESIAN_POINT('',(-106.588688886402,-88.9224678492511,0.));
#5131=CARTESIAN_POINT('',(-110.227941509237,-90.227941509237,0.));
#5132=CARTESIAN_POINT('',(-105.126017713852,-87.9878054842216,15.));
#5133=CARTESIAN_POINT('',(-108.372498492821,-86.1676764510709,0.));
#5134=CARTESIAN_POINT('',(-108.577710578816,-86.7314920235428,0.));
#5135=CARTESIAN_POINT('',(-108.167286406826,-85.6038608785994,0.));
#5136=CARTESIAN_POINT('',(-106.287901165253,-86.287901165248,0.));
#5137=CARTESIAN_POINT('',(-106.287901165253,-86.287901165248,0.));
#5138=CARTESIAN_POINT('',(-108.577710578816,-86.7314920235428,0.));
#5139=CARTESIAN_POINT('',(-110.227941509237,-90.227941509237,0.));
#5140=CARTESIAN_POINT('',(-108.204351970492,-85.0363212223548,15.));
#5141=CARTESIAN_POINT('',(-111.786986126268,-86.0449042141801,0.));
#5142=CARTESIAN_POINT('',(-111.533415169223,-86.5886888864017,0.));
#5143=CARTESIAN_POINT('',(-112.040557083313,-85.5011195419581,0.));
#5144=CARTESIAN_POINT('',(-110.22794150924,-84.655883018474,0.));
#5145=CARTESIAN_POINT('',(-111.533415169223,-86.5886888864017,0.));
#5146=PLANE('',#3098);
#5147=PLANE('',#3099);
#5148=PLANE('',#3103);
#5149=PLANE('',#3107);
#5150=PLANE('',#3111);
#5151=PLANE('',#3115);
#5152=PLANE('',#3116);
#5153=PLANE('',#3119);
#5154=PLANE('',#3122);
#5155=PLANE('',#3123);
#5156=PLANE('',#3188);
#5157=PLANE('',#3192);
#5158=PLANE('',#3196);
#5159=PLANE('',#3197);
#5160=PLANE('',#3200);
#5161=PLANE('',#3203);
#5162=PLANE('',#3204);
#5163=PLANE('',#3206);
#5164=PLANE('',#3208);
#5165=PLANE('',#3209);
#5166=PLANE('',#3275);
#5167=PLANE('',#3276);
#5168=PLANE('',#3280);
#5169=PLANE('',#3281);
#5170=PLANE('',#3284);
#5171=PLANE('',#3285);
#5172=PLANE('',#3288);
#5173=PLANE('',#3289);
#5174=PLANE('',#3292);
#5175=PLANE('',#3293);
#5176=PLANE('',#3296);
#5177=PLANE('',#3297);
#5178=PLANE('',#3300);
#5179=PLANE('',#3301);
#5180=PLANE('',#3304);
#5181=PLANE('',#3305);
#5182=PLANE('',#3307);
#5183=PLANE('',#3308);
#5184=PLANE('',#3312);
#5185=PLANE('',#3313);
#5186=PLANE('',#3316);
#5187=PLANE('',#3317);
#5188=PLANE('',#3320);
#5189=PLANE('',#3321);
#5190=PLANE('',#3324);
#5191=PLANE('',#3325);
#5192=PLANE('',#3328);
#5193=PLANE('',#3329);
#5194=PLANE('',#3332);
#5195=PLANE('',#3333);
#5196=PLANE('',#3336);
#5197=PLANE('',#3337);
#5198=PLANE('',#3339);
#5199=PLANE('',#3340);
#5200=PLANE('',#3344);
#5201=PLANE('',#3345);
#5202=PLANE('',#3348);
#5203=PLANE('',#3349);
#5204=PLANE('',#3352);
#5205=PLANE('',#3353);
#5206=PLANE('',#3356);
#5207=PLANE('',#3357);
#5208=PLANE('',#3360);
#5209=PLANE('',#3361);
#5210=PLANE('',#3364);
#5211=PLANE('',#3365);
#5212=PLANE('',#3368);
#5213=PLANE('',#3369);
#5214=PLANE('',#3371);
#5215=PLANE('',#3372);
#5216=PLANE('',#3376);
#5217=PLANE('',#3377);
#5218=PLANE('',#3380);
#5219=PLANE('',#3381);
#5220=PLANE('',#3384);
#5221=PLANE('',#3385);
#5222=PLANE('',#3388);
#5223=PLANE('',#3389);
#5224=PLANE('',#3392);
#5225=PLANE('',#3393);
#5226=PLANE('',#3396);
#5227=PLANE('',#3397);
#5228=PLANE('',#3400);
#5229=PLANE('',#3401);
#5230=CLOSED_SHELL('',(#2938,#2939,#2940,#2941,#2942,#2943,#2944,#2945,
#2946,#2947,#2948,#2949,#2950,#2951,#2952,#2953,#2954,#2955,#2956,#2957,
#2958,#2959,#2960,#2961,#2962,#2963,#2964,#2965,#2966,#2967,#2968,#2969,
#2970,#2971,#2972,#2973,#2974,#2975,#2976,#2977,#2978,#2979,#2980,#2981,
#2982,#2983,#2984,#2985,#2986,#2987,#2988,#2989,#2990,#2991,#2992,#2993,
#2994,#2995,#2996,#2997,#2998,#2999,#3000,#3001,#3002,#3003,#3004,#3005,
#3006,#3007,#3008,#3009,#3010,#3011,#3012,#3013,#3014,#3015,#3016,#3017,
#3018,#3019,#3020,#3021,#3022,#3023,#3024,#3025,#3026,#3027,#3028,#3029,
#3030,#3031,#3032,#3033,#3034,#3035,#3036,#3037,#3038,#3039,#3040,#3041,
#3042,#3043,#3044,#3045,#3046,#3047,#3048,#3049,#3050,#3051,#3052,#3053,
#3054,#3055,#3056,#3057,#3058,#3059,#3060,#3061,#3062,#3063,#3064,#3065,
#3066,#3067,#3068,#3069,#3070,#3071,#3072,#3073,#3074,#3075,#3076,#3077,
#3078,#3079,#3080,#3081,#3082,#3083,#3084,#3085,#3086,#3087,#3088,#3089,
#3090,#3091,#3092,#3093,#3094,#3095,#3096,#3097));
#5231=MANIFOLD_SOLID_BREP('',#5230);
#5232=ADVANCED_BREP_SHAPE_REPRESENTATION('',(#5231),#103);
ENDSEC;
END-ISO-10303-21;
